{"type":"FeatureCollection","features":[{"type":"Feature","id":1,"geometry":{"type":"Polygon","coordinates":[[[-76.513570335836192,37.120704189668494],[-76.513483336132808,37.120747190624662],[-76.511134348403132,37.121826201663104],[-76.510063353813706,37.122263206566217],[-76.50937235843368,37.122383208481473],[-76.507955366448115,37.122983214771132],[-76.508456360469069,37.123623216986303],[-76.508951354522409,37.124246218699689],[-76.509882343967917,37.125442222454694],[-76.510279338663182,37.125942223219759],[-76.510329338932195,37.126006223589791],[-76.511239329369175,37.127165226657212],[-76.511368326784648,37.127333227162318],[-76.511573324335004,37.127600227406674],[-76.511713323259727,37.127775228742401],[-76.511796322268424,37.127880228450465],[-76.512578313769282,37.128867231678917],[-76.51308730762409,37.129541232863957],[-76.513756299681219,37.130398235605924],[-76.514137295029983,37.130877237015348],[-76.51462928865233,37.131508238823848],[-76.514977285479247,37.131945240393598],[-76.515391280051318,37.132479240930465],[-76.517311258547821,37.134950248012395],[-76.517372257479607,37.135028248000381],[-76.517790252853956,37.135565249377713],[-76.518842241188636,37.136856252759813],[-76.519309235048055,37.137455253984264],[-76.519906228939192,37.138208255841981],[-76.519935228589304,37.138267256488],[-76.519958227388329,37.13836025636391],[-76.519959227959802,37.13844025684503],[-76.519955227365543,37.138471256776931],[-76.520022227283675,37.138565256870535],[-76.52017822658496,37.138477256222302],[-76.520336225297214,37.138406256021383],[-76.520693223270641,37.138203254265434],[-76.521354220043733,37.137846250045136],[-76.521459219812741,37.137785249506756],[-76.521552219318096,37.137714249438666],[-76.521617219808149,37.137650248653436],[-76.522764213630438,37.137111244112617],[-76.522958211594457,37.137026242083337],[-76.523406210865019,37.136820239857833],[-76.523814208206701,37.136619238373235],[-76.524684202893241,37.136141233868592],[-76.525112202205776,37.135921231898443],[-76.525868197679443,37.135532227719814],[-76.526126196098019,37.135399226883266],[-76.526419194338274,37.135249225067113],[-76.526547193824385,37.135179224306306],[-76.52643619578663,37.135038223983166],[-76.526344197028692,37.134922223799173],[-76.52595520173152,37.134431222716977],[-76.525914201307756,37.13438022273845],[-76.525589204777276,37.133966221340422],[-76.524883212959324,37.133065219118507],[-76.524751214091907,37.132898219531583],[-76.524337219100317,37.132370217048738],[-76.523646226789694,37.131454215197955],[-76.523571227946661,37.131358214573211],[-76.522699237967799,37.130227212394615],[-76.522121245523337,37.129455210101035],[-76.522014245957095,37.129336209203679],[-76.521268253598791,37.128499208062195],[-76.520574261839187,37.127623205600521],[-76.519767270883577,37.126588202979249],[-76.519439275688626,37.126133201681348],[-76.519408275454396,37.126091200944416],[-76.518266288587284,37.124612197315642],[-76.518176289442096,37.124522196773782],[-76.517437297809636,37.123606194614432],[-76.516341310402211,37.122241190834025],[-76.516212312369149,37.122081190323314],[-76.514694329614926,37.120172184805867],[-76.513779334635146,37.120608189592843],[-76.513570335836192,37.120704189668494]]]},"properties":{"OBJECTID":1,"ADDRESS":"185 RICHNECK RD","PrecinctName":"Bland","Num":201,"TOTAL":1775,"BLACKNH":732,"WHITENH":630,"TOTALHISP":212,"ASIANNH":143,"TOTAL18":1459,"USCON":"C03","STSEN":"S024","STHOD":"H085","COUNCIL":"CENTRAL","POLLINGLOC":"GEORGE J. MCINTOSH ELEM SCH","GlobalID":"{31FACB69-2257-4498-B503-D8CEEB0F9971}"}},{"type":"Feature","id":2,"geometry":{"type":"Polygon","coordinates":[[[-76.494120556640539,37.091330069134749],[-76.4941595568785,37.091392069435472],[-76.495751542650041,37.093997084416095],[-76.49609354181699,37.093882084193851],[-76.496038542800932,37.093768084221544],[-76.495981543843499,37.093632083362202],[-76.495910544297885,37.093426081664632],[-76.495853544933624,37.093213080511561],[-76.495773546652046,37.092784079180518],[-76.495697548965666,37.092309076021401],[-76.495643550951755,37.091831074336525],[-76.495635551834624,37.09168507306358],[-76.495636552378073,37.091539072576182],[-76.495649552544521,37.091394072095895],[-76.495667553176276,37.091280071784091],[-76.495703553734131,37.09106007030887],[-76.495898556772659,37.090182066627499],[-76.495958558047008,37.08991806465913],[-76.49599255801094,37.089771064412012],[-76.496100559153163,37.089307063186503],[-76.496128559681495,37.089187062492392],[-76.496180559997399,37.088961060760468],[-76.496254561286776,37.088633059150176],[-76.496280561207328,37.088518059139211],[-76.496432563149042,37.087844056006595],[-76.496480564673817,37.087659055456101],[-76.496542564641828,37.087458053953547],[-76.496555565446329,37.087422053899822],[-76.496606566157652,37.087278052846756],[-76.496622566341458,37.087240053300448],[-76.49666256558362,37.087146053061986],[-76.496788566769169,37.086888051818832],[-76.496836566876866,37.086803051103225],[-76.496864566418878,37.086754051312091],[-76.496899567171781,37.086701051548104],[-76.497035567199106,37.086505050273935],[-76.49714656756781,37.086351048725355],[-76.49737056833564,37.086065047978863],[-76.497596568368706,37.085739047103544],[-76.497680569164828,37.08559504681029],[-76.497762569841129,37.08545404539089],[-76.497955570988935,37.085050044733222],[-76.497985570189527,37.084996043927951],[-76.498021570003857,37.08494404325922],[-76.498064569911037,37.084895043942311],[-76.498113570383737,37.084850042963922],[-76.498167570097877,37.084809043130157],[-76.498226570738979,37.084773043119775],[-76.498289570525387,37.084741043470025],[-76.498467570629387,37.084675043378461],[-76.498643570720006,37.084610042852788],[-76.498447572615632,37.084157039722861],[-76.4983315740606,37.08386203869],[-76.498170576370612,37.083370036758126],[-76.498098577094495,37.083134035108074],[-76.498084577590461,37.083086034717745],[-76.497906581335627,37.08223503087028],[-76.497811583132659,37.081802028825422],[-76.497766583817608,37.081624027567571],[-76.49770458377661,37.081412026327648],[-76.497574586691542,37.08103402405856],[-76.497457588080223,37.080745023045253],[-76.497253589278131,37.080311020040838],[-76.497117590740189,37.080055019041339],[-76.496776594371752,37.079486015668735],[-76.496545595952,37.07913701397284],[-76.496382597377888,37.078890012124802],[-76.49609660019776,37.078450010001013],[-76.49553960433731,37.077617004541317],[-76.495325606421517,37.07727500341695],[-76.495070609119367,37.076841000718133],[-76.495012609836834,37.076728000658107],[-76.494878611059605,37.076439998046517],[-76.494874610695589,37.076429998348296],[-76.4946876133383,37.075964996864236],[-76.494603614082735,37.075752995918613],[-76.494250619006834,37.074774989944906],[-76.494067621014622,37.074267987351618],[-76.494039622735443,37.074193986557951],[-76.493551627485942,37.072900979805276],[-76.493428630335018,37.072490978382504],[-76.493326631787923,37.072015975560504],[-76.493198634343358,37.071338972688331],[-76.493164635969677,37.071114971413174],[-76.493137637136016,37.07083397023024],[-76.493132638332071,37.070685969050302],[-76.493121642048408,37.069605963498752],[-76.493103642510604,37.069298962988086],[-76.49303964502505,37.06884196025235],[-76.492989646221204,37.068639959561068],[-76.492652650142176,37.067720955269117],[-76.492604650060727,37.067604954262414],[-76.492380653537481,37.06705795121556],[-76.492104656249694,37.066520948181847],[-76.491979656566031,37.066566949265948],[-76.491780656518102,37.066653948548165],[-76.49163865586992,37.066724948559759],[-76.491296656940534,37.066923949720582],[-76.49112365731024,37.067001950045558],[-76.490789657670234,37.06716795017045],[-76.490259658467352,37.067432950602964],[-76.489476658298258,37.067852952550709],[-76.489328658722727,37.067938953522855],[-76.488880660465298,37.067596950983194],[-76.487800666869205,37.066925946137914],[-76.488510666556792,37.066380945003509],[-76.489281666173525,37.065824943139397],[-76.488689670455614,37.065158939566182],[-76.489170671150177,37.064819938058328],[-76.488661674508265,37.064312934963588],[-76.489541674365967,37.06363893221814],[-76.489235677037186,37.063297931289334],[-76.489409676263136,37.06327093123258],[-76.4893616761087,37.063212930362859],[-76.488874679849118,37.062683927443253],[-76.488740681034926,37.062559926958286],[-76.488623680831509,37.062466926339575],[-76.488466681547379,37.062360925916138],[-76.488113683321444,37.062151924763484],[-76.487870685147513,37.062008923510476],[-76.487060688307608,37.061564921381461],[-76.487011688476315,37.061669922111101],[-76.487041688404048,37.061728922340173],[-76.487054688072988,37.061790922709349],[-76.487048688194136,37.061853922376024],[-76.487025687958578,37.061913922107607],[-76.486628686018648,37.062528924921914],[-76.486104684690829,37.063291928099076],[-76.485637684114607,37.063981930960324],[-76.484963681658741,37.064989935210939],[-76.484008678495414,37.066459940946217],[-76.483921677948345,37.066591942472172],[-76.483886678112441,37.066643941620818],[-76.482350673756855,37.068980951210705],[-76.48213767270849,37.069265952345795],[-76.481820672723529,37.069657954061981],[-76.481730672259928,37.069769953756939],[-76.481489672277846,37.070044955167006],[-76.481222671511645,37.070324956233591],[-76.481153672360364,37.070398956221993],[-76.481897664474928,37.071661963370715],[-76.483239652918471,37.073935974773697],[-76.483924646329882,37.075099980621843],[-76.484689639054437,37.076396987377436],[-76.484833638141012,37.076640988855246],[-76.485504630834001,37.077780994358982],[-76.486975618996809,37.080180007935525],[-76.488265607764973,37.082142019130394],[-76.488810602639731,37.082972022567688],[-76.489141601106169,37.083476026418339],[-76.48969759459554,37.084406031199613],[-76.489810595099087,37.084587032125235],[-76.489968593790948,37.084841033114785],[-76.490607587514845,37.085862039249307],[-76.49148657947859,37.08726504632051],[-76.492977566797194,37.089553058940147],[-76.493085566147187,37.089717060726514],[-76.493603561779665,37.090502064812341],[-76.494120556640539,37.091330069134749]]]},"properties":{"OBJECTID":2,"ADDRESS":"12742 NETTLES DR","PrecinctName":"Boulevard","Num":202,"TOTAL":3669,"BLACKNH":933,"WHITENH":2240,"TOTALHISP":297,"ASIANNH":90,"TOTAL18":2917,"USCON":"C03","STSEN":"S024","STHOD":"H070","COUNCIL":"CENTRAL","POLLINGLOC":"KNIGHTS OF COLUMBUS BLDG","GlobalID":"{CAD6F3C2-F600-428A-BC38-BC6E2F321159}"}},{"type":"Feature","id":3,"geometry":{"type":"Polygon","coordinates":[[[-76.438218686143216,37.02001454772094],[-76.438350106189901,37.019964635469364],[-76.442193438119759,37.018438735688321],[-76.442214785706994,37.018471097980033],[-76.442221981035658,37.018468725281693],[-76.442232980676977,37.018484725095739],[-76.442442978561587,37.018803726221861],[-76.442502974878224,37.019520729004725],[-76.442542973676197,37.019995731211822],[-76.442494973252849,37.020060730734244],[-76.442480973272225,37.020081731264995],[-76.44240997259098,37.020177731047212],[-76.442375973261449,37.020199731268875],[-76.442347972491532,37.020218731257785],[-76.44229497277675,37.020253730887326],[-76.442222973714223,37.020301731728452],[-76.442172972592317,37.020332731346336],[-76.442092973267705,37.020381732432583],[-76.441978973155059,37.020411732064474],[-76.441919973917919,37.020426732488481],[-76.441879973415567,37.020436731896936],[-76.441783973829786,37.020445733226069],[-76.441701974138311,37.02045573278938],[-76.441362974856006,37.020511732283033],[-76.441156975208344,37.020593733236183],[-76.440971974444338,37.020720734101772],[-76.440891974211851,37.020821733895232],[-76.440858912017703,37.020848758772487],[-76.440855469320041,37.020853085321981],[-76.440748110577957,37.021058705105432],[-76.440739974706148,37.021102735151544],[-76.440716973205511,37.0213217362802],[-76.440859973125441,37.021251735766114],[-76.441161973656548,37.021114734299488],[-76.441217973235837,37.02109073518244],[-76.441992971789261,37.020737733567969],[-76.442922970857154,37.020330731326744],[-76.44300897095286,37.02029773129582],[-76.443540969338954,37.020089731443221],[-76.44365997011235,37.02004373074729],[-76.444637968623979,37.019670728952676],[-76.444802968929309,37.019608728635475],[-76.445745967007852,37.019248727586053],[-76.446231966655148,37.019064726614019],[-76.446628966228133,37.018911726258956],[-76.447752964183579,37.018462724751799],[-76.448806962716759,37.018040722534359],[-76.44873796416887,37.017933722206344],[-76.447249978036282,37.015397712970447],[-76.44702198017302,37.015035711518998],[-76.446717982050643,37.014549709332144],[-76.446116988357716,37.013591705938218],[-76.445006998379299,37.01177369883127],[-76.442583020774578,37.007752684476436],[-76.44075303776826,37.00476567392171],[-76.440521039595978,37.004386672469245],[-76.439616046863534,37.003015667548567],[-76.439104052416837,37.00219066550239],[-76.438333060280087,37.000938660998237],[-76.437774064447126,37.000122658224605],[-76.43603306039175,36.997276659112622],[-76.435064056276673,36.995663661076989],[-76.432880065236958,36.996448661434847],[-76.43240506692571,36.996652661735283],[-76.432180068914121,36.996748662130095],[-76.431042074270565,36.997412662691765],[-76.430926075566731,36.997459661855814],[-76.428746084989243,36.998328663186392],[-76.428283086952391,36.998504663045722],[-76.428066085980262,36.99815266338684],[-76.427888085030588,36.997867663559951],[-76.427490084502139,36.997231664353073],[-76.42688808711047,36.997474664405765],[-76.426806086458114,36.997506664566124],[-76.42634208934065,36.997691665110288],[-76.425421093484104,36.998061665224952],[-76.425306094063572,36.998107664350229],[-76.424813095706043,36.998298665222116],[-76.424005099739844,36.998613665856517],[-76.423311102798621,36.998893665068081],[-76.421606110045488,36.999579665771222],[-76.419929115723235,37.000241667829336],[-76.419414116395387,37.000440668747281],[-76.418161117786028,37.000937670690092],[-76.417973119087648,37.001010671710176],[-76.41755611916561,37.001182671921725],[-76.416230120610976,37.001713674448538],[-76.415384122721449,37.002048676084883],[-76.415815118535633,37.002770677697193],[-76.416027115465212,37.003106678604588],[-76.416735109230331,37.004224682384425],[-76.416932107196303,37.004553683022969],[-76.416972107140722,37.004613683545195],[-76.417290104378665,37.005107684642951],[-76.41756810189014,37.005565686171728],[-76.417596101084499,37.005611686394928],[-76.41778909961829,37.005907687114956],[-76.418566092240084,37.007165690703452],[-76.418823090594728,37.007587692331896],[-76.418899089990362,37.00770369229825],[-76.419287085950387,37.00821369447975],[-76.419480084406146,37.008502695105307],[-76.420229077239441,37.009721699296172],[-76.420428075423231,37.010033699934723],[-76.420588074144632,37.01030370033606],[-76.420650073641212,37.010397700723452],[-76.421044070701114,37.011046702742661],[-76.421387066410375,37.01158270460008],[-76.421438067331238,37.011643705338273],[-76.421476066402462,37.011622704715847],[-76.421584066227979,37.011575704612014],[-76.421697066395154,37.011537704195497],[-76.422536065651727,37.011165703182158],[-76.422699064332463,37.011099701975503],[-76.423346064914966,37.010837701518867],[-76.424090063468,37.010543700350183],[-76.425946060884684,37.009807697324533],[-76.426525060660381,37.009583696605674],[-76.426918058558044,37.009431695477062],[-76.427747058208482,37.009100694481532],[-76.428038057860192,37.008977694125377],[-76.428614057187531,37.008734692595525],[-76.429224056451247,37.008492691215011],[-76.429753056035111,37.008283691084117],[-76.430603054488259,37.007958689272598],[-76.43071105459282,37.007935689758433],[-76.431179050247621,37.008626691687041],[-76.43144104763995,37.009049693381726],[-76.432615036225727,37.010956698867624],[-76.433754026580459,37.012798705783972],[-76.434296021278854,37.013661708099853],[-76.434834017296197,37.01452671148143],[-76.435359011674194,37.015374714835566],[-76.436379003176214,37.017028720388282],[-76.436942996962145,37.017940723601448],[-76.437567992086557,37.018949727604976],[-76.438008988084107,37.019668729525009],[-76.438111986375688,37.019860730685117],[-76.438117987497591,37.019869730132008],[-76.438218686143216,37.02001454772094]]]},"properties":{"OBJECTID":3,"ADDRESS":"5720 MARSHALL AVE","PrecinctName":"Briarfield","Num":302,"TOTAL":4877,"BLACKNH":2668,"WHITENH":1179,"TOTALHISP":748,"ASIANNH":61,"TOTAL18":3775,"USCON":"C03","STSEN":"S023","STHOD":"H085","COUNCIL":"SOUTH","POLLINGLOC":"AN ACHIEVABLE DREAM MID & HIGH SCH","GlobalID":"{520B654F-05EC-4279-B8F9-A8B040F48C50}"}},{"type":"Feature","id":4,"geometry":{"type":"Polygon","coordinates":[[[-76.440716973205511,37.0213217362802],[-76.440700972700398,37.021481736247551],[-76.440702973242068,37.021511735955791],[-76.440699972231613,37.021529736191177],[-76.440693972968702,37.021558736982449],[-76.440686972300384,37.021596737158319],[-76.440678972738041,37.02163773751122],[-76.440876969410411,37.022224739178732],[-76.442209951370273,37.025929753147224],[-76.442344244473418,37.02642452647774],[-76.44247911304079,37.026713318092575],[-76.442539489540692,37.026891147418624],[-76.442561842872564,37.026956980900543],[-76.442579413219306,37.02699791629211],[-76.442613945539151,37.027068757684937],[-76.442616614347457,37.02708459020559],[-76.442618755123263,37.027089578620185],[-76.442618218323503,37.027094106529688],[-76.442619772956249,37.027103329059358],[-76.442621127513064,37.027106431672813],[-76.442627970143349,37.027113463551807],[-76.442646416954119,37.02716127877212],[-76.442645844114921,37.027170150458332],[-76.442648578374971,37.027178201144721],[-76.442651230145955,37.027186267514651],[-76.442653807244184,37.02719435150744],[-76.44265630417398,37.027202448520391],[-76.442658718492211,37.027210565721433],[-76.442661053814604,37.027218694160439],[-76.442663308919506,37.027226837421409],[-76.442665482658839,37.027234996385616],[-76.442667576254181,37.02724316746913],[-76.442669588557337,37.027251351553147],[-76.442671520593905,37.027259552261],[-76.442673373732518,37.027267760603209],[-76.442675144479765,37.027275981025483],[-76.442676832811131,37.027284214428676],[-76.442678442219915,37.027292456367192],[-76.442679968162636,37.027300708564262],[-76.442681412910972,37.027308970158352],[-76.442682777588558,37.02731724116903],[-76.442684056577221,37.027325521498113],[-76.442685260063044,37.027333808619616],[-76.442686377908899,37.027342103257773],[-76.4426874135101,37.027350404570583],[-76.442688369113952,37.02735871259727],[-76.442689240372772,37.027367021853969],[-76.44269003148716,37.027375343229927],[-76.442690740503863,37.027383665875156],[-76.442691367349155,37.027391992492319],[-76.442695419968231,37.02740046730834],[-76.442689918654409,37.027506426959349],[-76.442697943585827,37.027551758942479],[-76.442631940453737,37.028303761464336],[-76.442595939095952,37.02871976354006],[-76.442613844184834,37.028880914118801],[-76.442614407674839,37.028882764480421],[-76.442684196525065,37.029031907525734],[-76.442688409149724,37.029038511272844],[-76.442692054288571,37.029044073080875],[-76.442781001240249,37.029153748171048],[-76.442784624252269,37.029157436627678],[-76.442791159950318,37.029163939457341],[-76.442797790626955,37.029170380853301],[-76.442802343082377,37.029174244185],[-76.442878936767983,37.029232765620655],[-76.442993936650993,37.029329766126587],[-76.443087935970695,37.029398766649692],[-76.443148934837197,37.029451766086162],[-76.44342893401226,37.02969376767043],[-76.443805931109694,37.030007768202097],[-76.443908930661337,37.030102769036951],[-76.443951930022621,37.030149768993404],[-76.443958929761806,37.030199769870784],[-76.443953930347561,37.030258770062822],[-76.443942930372742,37.030309769817208],[-76.443945929557017,37.030345769889784],[-76.4439359298093,37.030415769995905],[-76.443945894826243,37.03046959111601],[-76.444706706826111,37.031302617134202],[-76.444791237510842,37.031390075972624],[-76.44486335734814,37.031464692286619],[-76.444989555348741,37.031612499411992],[-76.445132506006829,37.031774334143023],[-76.44523532654739,37.031899754956051],[-76.445308216017963,37.031991685410667],[-76.445353562504764,37.032048205052241],[-76.445358987574011,37.032054969561955],[-76.445404336212817,37.032111495529428],[-76.445601936514393,37.032406150411425],[-76.445696499881436,37.032330878462687],[-76.445782047862622,37.032461490966142],[-76.445884050386567,37.032617116633581],[-76.445982702825646,37.032769936507698],[-76.446081352316554,37.032922755338475],[-76.446252454538694,37.033183982478448],[-76.446387812115475,37.033499528102539],[-76.446456678159151,37.033654767192175],[-76.446675214655244,37.034147395138589],[-76.447020174971016,37.034704293556281],[-76.447069167263678,37.034783384013629],[-76.447074170612922,37.034790704413822],[-76.447079187594539,37.034798019643524],[-76.447084218110945,37.034805333306352],[-76.447089260110019,37.034812638155863],[-76.447094311246687,37.034819937756517],[-76.447099373694954,37.034827234850184],[-76.447104453244677,37.034834523228525],[-76.447109539660005,37.034841807219749],[-76.447114639707777,37.034849086040445],[-76.447119751091634,37.03485636145323],[-76.447124875033154,37.034863629874145],[-76.447130010359658,37.034870893085362],[-76.44713515944089,37.034878146621587],[-76.447140318612242,37.034885401234789],[-76.44714548811821,37.034892647916031],[-76.447150672380388,37.034899889446308],[-76.44715586578009,37.034907125727749],[-76.447161074009344,37.034914354155546],[-76.447166292451016,37.034921579155835],[-76.447171524500689,37.034928799886501],[-76.44717676346491,37.034936014428233],[-76.447182019481744,37.034943222056405],[-76.447187283463478,37.034950426217854],[-76.447192564522254,37.034957622564875],[-76.447197847976156,37.034964813545415],[-76.447203150681261,37.034971999453447],[-76.447208462450618,37.034979182815249],[-76.447213787901347,37.034986359204702],[-76.447219124883773,37.034993524979043],[-76.44722447085708,37.035000690909868],[-76.447229828288755,37.035007848928316],[-76.447235199401845,37.035014999974408],[-76.447240584049709,37.035022149453582],[-76.447245976882499,37.035029287357851],[-76.447251382077425,37.035036425477479],[-76.447256802101933,37.035043555743428],[-76.447262232363286,37.03505068168095],[-76.447267671835561,37.035057799666824],[-76.447273123841072,37.03506491156169],[-76.447278588379859,37.035072017365501],[-76.447284063082165,37.035079121543589],[-76.447289549267339,37.035086216908319],[-76.447295049011657,37.03509330980522],[-76.44730055916402,37.035100392067392],[-76.4473060795777,37.035107469100161],[-76.447311613526153,37.035114544566014],[-76.447317157858194,37.035121610298063],[-76.447322716848689,37.035128674482642],[-76.447328282900429,37.035135727072863],[-76.447333861412133,37.035142776274746],[-76.447339455803871,37.035149820345232],[-76.447345056010832,37.035156857306134],[-76.44735066985038,37.035163889096509],[-76.447356295148367,37.035170912974401],[-76.447361932881833,37.035177934364896],[-76.44736758207371,37.035184947842843],[-76.447373241453633,37.035191958794179],[-76.447378911265986,37.035198958209826],[-76.44738459581022,37.035205953375403],[-76.447390289443206,37.035212945093804],[-76.44739599451016,37.035219929800625],[-76.447401705367952,37.035226908298831],[-76.447407437724507,37.035233881763652],[-76.447413177044538,37.035240847237546],[-76.447418927725252,37.03524780840258],[-76.447424690988115,37.035254761674757],[-76.447430465660531,37.035261708836209],[-76.447436249421685,37.035268652550513],[-76.447442044616892,37.035275589253281],[-76.447447853542386,37.03528251718172],[-76.447453672582668,37.035289445286288],[-76.447459499856791,37.035296360014151],[-76.44746534293769,37.035303272313286],[-76.447471197452572,37.035310177600863],[-76.447477058906514,37.035317075798453],[-76.447482933968601,37.035323969726321],[-76.447488822590003,37.035330861186317],[-76.447494718321508,37.035337739249968],[-76.447500628784965,37.035344613063572],[-76.447506548361631,37.035351482529002],[-76.447512479396764,37.03535834408202],[-76.447518420693228,37.035365200405558],[-76.447524375695707,37.035372048855805],[-76.447530340886203,37.035378894779377],[-76.447536316435901,37.035385731869923],[-76.44754230341961,37.035392561948839],[-76.447548304060376,37.035399385956246],[-76.447554310540895,37.035406201953208],[-76.447560331655623,37.035413017303576],[-76.447566363105082,37.035419824721828],[-76.447572406061823,37.035426622425767],[-76.447578461478642,37.035433416741263],[-76.447584524958259,37.035440203986411],[-76.44759060102011,37.035446983338581],[-76.447596688491515,37.035453756580033],[-76.447602786199909,37.035460525492951],[-76.447608895391241,37.035467285592439],[-76.447615017091451,37.035474040501697],[-76.447621145681865,37.035480790122755],[-76.447627289101973,37.035487531890027],[-76.447633442856869,37.035494265725134],[-76.447639606824254,37.035500996132654],[-76.447645781101969,37.035507719508963],[-76.448237000401363,37.036199339543479],[-76.448252924959732,37.036217658031106],[-76.448288366571688,37.036258427097962],[-76.448307010324811,37.03627987279998],[-76.448326723586462,37.036302551224431],[-76.448725978047193,37.036760662063024],[-76.448780207786939,37.036822888128562],[-76.448852160115521,37.03691409414845],[-76.448913060092181,37.037000929024252],[-76.448955161436842,37.037067584647545],[-76.448994139276095,37.037135453108007],[-76.449029934360439,37.037204438737412],[-76.449062500924768,37.037274446102103],[-76.44909179098039,37.037345378828199],[-76.449117768068731,37.037417129926681],[-76.449157661044595,37.037554568791862],[-76.449179974195957,37.037660993204582],[-76.449195117223468,37.037768222888495],[-76.449379948592366,37.038662001264903],[-76.449455686411099,37.039028250579769],[-76.4494623286501,37.039119275015892],[-76.44946501786454,37.039218716600125],[-76.449462557531248,37.039326458953703],[-76.449460701327567,37.039351968433728],[-76.449463879122504,37.039375805293524],[-76.449463879322209,37.039411805202832],[-76.449457878040874,37.039445806001311],[-76.449454877931501,37.039514806223281],[-76.449438877526063,37.039617807026943],[-76.44939887690964,37.039786806825276],[-76.449373878111231,37.039853807826681],[-76.449359877477022,37.03992180796385],[-76.449352341471126,37.039942531617839],[-76.449292406669898,37.040247928130569],[-76.449273239864766,37.040327280625135],[-76.449267300002262,37.040351875333279],[-76.44926398290032,37.040365615073092],[-76.449252707548851,37.04041229310166],[-76.449219062069091,37.040551593942411],[-76.449217100263525,37.040559758243312],[-76.449215185462577,37.040567930573502],[-76.449213318838986,37.040576109150784],[-76.449211500368378,37.04058429487602],[-76.449209732225071,37.040592490491122],[-76.449208225456218,37.040599671257837],[-76.449203874586672,37.040675810791164],[-76.449197875360341,37.040709810711306],[-76.449199873160239,37.040948811648654],[-76.449199873617204,37.04099081169462],[-76.449208873431715,37.04109681218749],[-76.449247872461797,37.041302812849771],[-76.449259872112648,37.041335813029022],[-76.449258824432846,37.041348372799945],[-76.449461769690274,37.041838781657013],[-76.449465102841572,37.041846685756134],[-76.449468414396421,37.041854598492328],[-76.449471698784464,37.041862517965896],[-76.449474962870809,37.041870439789747],[-76.449478201915937,37.041878372894686],[-76.449481417287885,37.041886308291232],[-76.449484608864495,37.041894250483857],[-76.449487776596996,37.041902201274389],[-76.449490922830634,37.041910157098414],[-76.449494037402062,37.041918119581531],[-76.449497132795614,37.041926084434593],[-76.449500206592646,37.041934057924664],[-76.449503253247258,37.041942037251282],[-76.449506274982625,37.041950023354431],[-76.449509276367451,37.041958013609765],[-76.449512250609772,37.04196600970154],[-76.449515203231115,37.041974015331355],[-76.449518128856511,37.041982021392272],[-76.449521030637698,37.041990036051111],[-76.449523912043816,37.041998055762974],[-76.449526765207992,37.042006080390905],[-76.449529596848862,37.042014110953232],[-76.449532402519864,37.042022145569845],[-76.449535183296049,37.042030186062142],[-76.449537942500044,37.042038234290573],[-76.449540679105695,37.0420462866321],[-76.449543384146651,37.042054342029147],[-76.449546072110806,37.042062405240642],[-76.449548731808505,37.042070474269124],[-76.449551367784096,37.042078547391014],[-76.449553980086193,37.042086622804604],[-76.449556567444574,37.042094705895657],[-76.449559131031862,37.042102794881998],[-76.449561670872527,37.042110888862652],[-76.449564185940304,37.042118984214497],[-76.449566677163745,37.042127088164285],[-76.449569144713749,37.04213519440578],[-76.449571584021683,37.042143305563343],[-76.449574002954478,37.042151421773994],[-76.449576394768982,37.042159542920281],[-76.44957876508451,37.042167669100046],[-76.449581108257306,37.042175801116443],[-76.44958342770785,37.042183937226213],[-76.449585722336622,37.042192076509068],[-76.449587993243057,37.042200219885359],[-76.449590239254448,37.042208369137327],[-76.449592459344672,37.042216520641851],[-76.449594656811996,37.04222467716032],[-76.449596828309254,37.042232837733124],[-76.449598971539885,37.042241004122957],[-76.449601101187227,37.042249173881466],[-76.449603200369111,37.042257347616008],[-76.449605271357612,37.042265524464902],[-76.449607322019688,37.042273704565062],[-76.449609347786719,37.042281890540941],[-76.449611346459761,37.042290080551616],[-76.449613321459196,37.042298272853934],[-76.449615272662996,37.042306471952479],[-76.449617199069337,37.042314673323119],[-76.449619101826485,37.04232287608454],[-76.449620976316965,37.042331084663012],[-76.449622827133766,37.042339295533118],[-76.449624657575313,37.042347511456384],[-76.449626459823364,37.042355730493945],[-76.449628235001867,37.042363952665355],[-76.449629989853776,37.042372178088115],[-76.449631716512258,37.042380406625185],[-76.44963341944819,37.042388639255698],[-76.449635098710502,37.042396874177982],[-76.449636753077556,37.042405114975928],[-76.449638380497106,37.042413354403315],[-76.449639987419118,37.042421603388334],[-76.449641566318519,37.042429849181303],[-76.449643121422213,37.042438101770529],[-76.44964464955379,37.04244635389005],[-76.449646156112848,37.042454613745804],[-76.449647635699861,37.042462873131797],[-76.449649091637568,37.04247113390867],[-76.449650522679988,37.042479400561277],[-76.449651926677163,37.042487669446814],[-76.44965330577898,37.042495944208191],[-76.449654661377934,37.042504214954924],[-76.449655993229882,37.042512490696062],[-76.449655634247989,37.04252635856939],[-76.449658674515703,37.04254000982975],[-76.449687932374218,37.042729138177855],[-76.449690865527771,37.042738818128306],[-76.44969166938273,37.042753300224589],[-76.449714501786161,37.042900889888912],[-76.449749490388569,37.043127087723491],[-76.449751603463795,37.043143338485741],[-76.449763345886637,37.043233146553483],[-76.450259862921655,37.043119820885295],[-76.450709862467136,37.042954819875646],[-76.451231861513321,37.042538819339633],[-76.451319861688106,37.042461817944059],[-76.451400860984876,37.042399818036671],[-76.45148686146382,37.042324817825161],[-76.452054862044861,37.041725815600515],[-76.452589863165855,37.04119181383566],[-76.452782863619802,37.041002813183987],[-76.452912863667308,37.040854812449489],[-76.453049864053284,37.040666811639163],[-76.453098863915898,37.040563810875184],[-76.453135864009894,37.040452811319746],[-76.453158864511607,37.040329810579287],[-76.453172866452832,37.03994080899502],[-76.453181866682783,37.03987880818795],[-76.453208867242594,37.039756808044629],[-76.453262866840134,37.03959580815598],[-76.453282867672115,37.039546807319866],[-76.453340867590029,37.039431806726263],[-76.453408868045258,37.039319806499066],[-76.45376786953517,37.03884880478595],[-76.454327869487926,37.038116802119788],[-76.454605870843196,37.037761800955721],[-76.454855870956663,37.037432799148036],[-76.455011871027139,37.03724479903628],[-76.455087871128256,37.037152798463858],[-76.45512787108693,37.037109798708769],[-76.455237872322115,37.037007797996182],[-76.455354872533945,37.036919797351658],[-76.455489872207863,37.0368367969579],[-76.455577871280227,37.036791797693155],[-76.455918871502888,37.036565796481682],[-76.456203871220836,37.036338796059013],[-76.456648871877675,37.03600679412552],[-76.45814187211873,37.034842789718965],[-76.458442871378139,37.034607789172497],[-76.458839872140445,37.034315787743637],[-76.458858871972652,37.034300788302374],[-76.458828872141325,37.03424978764162],[-76.458334876573602,37.033426784037921],[-76.458087878327262,37.03301378156376],[-76.457360885057454,37.031910777683002],[-76.45731888525647,37.03184277759015],[-76.456584892096984,37.03066977260179],[-76.45597189819938,37.029671768581622],[-76.455659900436189,37.029188766972027],[-76.454984906791523,37.028002761709011],[-76.453807917702207,37.026058754530133],[-76.453503920014128,37.025587752567752],[-76.453138924007234,37.025045749752294],[-76.453008924860043,37.024849748992061],[-76.452870925006749,37.024637748285322],[-76.452691927763837,37.024376747585514],[-76.45257092910829,37.024198746408977],[-76.452500928540971,37.024101746624858],[-76.452468929355433,37.024050745455042],[-76.452403929610725,37.02394674635363],[-76.452379929736637,37.023908745340051],[-76.451822935663017,37.023018742295442],[-76.451222941241284,37.021971737377044],[-76.450763944954389,37.02123273482902],[-76.449951952540516,37.019924729864016],[-76.449702955046348,37.019531728647692],[-76.448806962716759,37.018040722534359],[-76.447752964183579,37.018462724751799],[-76.446628966228133,37.018911726258956],[-76.446231966655148,37.019064726614019],[-76.445745967007852,37.019248727586053],[-76.444802968929309,37.019608728635475],[-76.444637968623979,37.019670728952676],[-76.44365997011235,37.02004373074729],[-76.443540969338954,37.020089731443221],[-76.44300897095286,37.02029773129582],[-76.442922970857154,37.020330731326744],[-76.441992971789261,37.020737733567969],[-76.441217973235837,37.02109073518244],[-76.441161973656548,37.021114734299488],[-76.440859973125441,37.021251735766114],[-76.440716973205511,37.0213217362802]]]},"properties":{"OBJECTID":4,"ADDRESS":"6160 JEFFERSON AVE","PrecinctName":"Carver","Num":303,"TOTAL":2922,"BLACKNH":1750,"WHITENH":822,"TOTALHISP":178,"ASIANNH":28,"TOTAL18":2234,"USCON":"C03","STSEN":"S023","STHOD":"H085","COUNCIL":"SOUTH","POLLINGLOC":"CARVER ELEM SCH","GlobalID":"{52F3607B-68D8-412C-95DD-BAB01346C87B}"}},{"type":"Feature","id":5,"geometry":{"type":"Polygon","coordinates":[[[-76.513487390038591,37.105957121095273],[-76.513559388766993,37.106057121763776],[-76.513778385354144,37.106362122233612],[-76.513898384879695,37.106528123321269],[-76.514399377673115,37.107166124825284],[-76.515296368336024,37.108289128549885],[-76.515519365357832,37.10858212881606],[-76.516389354206282,37.109788132774561],[-76.516977346813746,37.110633135334183],[-76.517661343725322,37.110377132431438],[-76.517834343408211,37.110303132271945],[-76.518000341205763,37.110221131279907],[-76.518160340871049,37.110131131040156],[-76.51884033728517,37.10970012731817],[-76.518927337050684,37.109653126248716],[-76.519018336819741,37.109611126106927],[-76.519113336627271,37.109574125982689],[-76.519175335500805,37.109554125073444],[-76.519402334592655,37.109496124356411],[-76.519679332633245,37.109424124123798],[-76.520912325181442,37.109110120130019],[-76.521554320470969,37.108938118195852],[-76.522625314461919,37.108660114514763],[-76.523830306850243,37.10830711041897],[-76.523921307229259,37.108276108836478],[-76.524105305209915,37.108205108746077],[-76.524029306609364,37.10810210860793],[-76.523926307757222,37.107979108186377],[-76.523567311526861,37.107585107464708],[-76.523485312268647,37.107510106391864],[-76.523395312553646,37.107408106711624],[-76.523320314372995,37.107299105723783],[-76.523073317534127,37.106807104117479],[-76.522995319217102,37.106640103888289],[-76.52319131732051,37.10662510382123],[-76.523343316766443,37.106602103706216],[-76.523492315537538,37.1065641030848],[-76.52440531014274,37.106243098886758],[-76.52497230718933,37.106035097058587],[-76.525123305428707,37.105962095895293],[-76.5252633055633,37.105876096385778],[-76.525390305022597,37.105780095214662],[-76.525455304152672,37.10572009445584],[-76.525551303872604,37.105613093369058],[-76.525632303695104,37.105499092846905],[-76.525697303544618,37.105377091939232],[-76.525720304223483,37.105297092323234],[-76.525767303608305,37.105094091295626],[-76.52581230572774,37.104765089170733],[-76.525827305501437,37.10455508883436],[-76.525854307348496,37.104014086080952],[-76.525883307953706,37.103648084000092],[-76.526029307314616,37.103659084608942],[-76.526794302457105,37.103670082311751],[-76.527128299191361,37.103669081537006],[-76.527503296077796,37.10383708241433],[-76.528043291358344,37.104089082170418],[-76.528472288014683,37.104316081611351],[-76.529020283236108,37.104606081688402],[-76.529819275249636,37.105059081742581],[-76.530738266947779,37.105582083003462],[-76.531116263812848,37.105814083360052],[-76.530809265316307,37.106040084604473],[-76.530660265116623,37.106155084851032],[-76.530264266966427,37.10650208784088],[-76.528559273375109,37.108188099147974],[-76.528470273772982,37.108292099409489],[-76.528405273601777,37.108392099979],[-76.528138274355001,37.10887210288098],[-76.528107273550958,37.108943102923085],[-76.527982274662605,37.109239105280814],[-76.527878273447755,37.10954810597719],[-76.527815272465077,37.109863107620853],[-76.527760272383532,37.110285110122788],[-76.527673270167853,37.111084113671339],[-76.52758026694832,37.111871117664279],[-76.527488265554084,37.112669121646583],[-76.527398263508104,37.113455125651008],[-76.527316261626595,37.114177128294052],[-76.527301261845736,37.114277129568748],[-76.529691244071486,37.114456124568754],[-76.530669236302529,37.114531122895563],[-76.531308231992398,37.114576121128714],[-76.531532230467832,37.114573121125801],[-76.531801228979887,37.114549119975813],[-76.531930227837464,37.114532120180165],[-76.532057227694523,37.114509119328901],[-76.532183225614119,37.114480118751565],[-76.532306225892555,37.114447118482502],[-76.532756223091198,37.114306116824359],[-76.533788216653704,37.113983113472173],[-76.535547205705001,37.113426106332561],[-76.536293201491745,37.113190103599933],[-76.537414194551133,37.112835099753006],[-76.538113190996867,37.112613097157102],[-76.540316177579186,37.111919089603525],[-76.542721162644668,37.111168080753529],[-76.545189147393117,37.110386072222283],[-76.545723143726889,37.110212070790034],[-76.545010156156891,37.107886061802162],[-76.544652163806575,37.106702057927457],[-76.5441681719727,37.105116052589629],[-76.54403017479774,37.104672051701812],[-76.543903177796039,37.104261049638524],[-76.543445185490881,37.102779044368923],[-76.543293187774054,37.102281042664096],[-76.54324018854669,37.102121042035286],[-76.543167189708555,37.101945041043471],[-76.543139189679124,37.101887041399827],[-76.542893193223193,37.101514040285863],[-76.542752195408298,37.101299039688413],[-76.542131203433158,37.100370036419996],[-76.541692207930879,37.099726035072663],[-76.540826218410544,37.098457031300924],[-76.540450223026994,37.097901029141525],[-76.540294224465626,37.097713029517259],[-76.540142226367522,37.097557028530957],[-76.539621231186075,37.097228028386574],[-76.539494232438912,37.097148028524813],[-76.539194235315961,37.096937028770938],[-76.53912423630328,37.096888028192616],[-76.538791238604347,37.096598027748414],[-76.538496242636043,37.096283026619659],[-76.538220246336579,37.095869025241079],[-76.538156247191779,37.095787024392315],[-76.537860250462899,37.095376023953008],[-76.537692251473686,37.095189023164245],[-76.537565253512597,37.09506802343406],[-76.537420254499494,37.094953022993352],[-76.537263256627142,37.094849022144047],[-76.536878259852486,37.094628021801853],[-76.536512262806554,37.094397022186797],[-76.536188266920163,37.094173022368558],[-76.534709280669247,37.093185020086217],[-76.534518282442093,37.093064020268926],[-76.534469282569106,37.093049020019905],[-76.53441628350383,37.093048020635102],[-76.534375283610942,37.093057020382886],[-76.534331283560689,37.093080021440002],[-76.534100284834366,37.09330502231893],[-76.534078284326469,37.09332402256365],[-76.53387528640404,37.093501023293911],[-76.533761285713467,37.093587023814614],[-76.533584287168566,37.09370002526741],[-76.533397288577575,37.093801025420341],[-76.533200288818065,37.09389002600922],[-76.532994290567203,37.09396602704571],[-76.532825291640989,37.094017027536161],[-76.532652292848709,37.094059028159457],[-76.532387293700864,37.09410202961034],[-76.532119296010833,37.094129029067396],[-76.531257302900869,37.094167031387975],[-76.530475308281453,37.094199033249843],[-76.530088310706134,37.094220034660076],[-76.529483314628166,37.094253035497431],[-76.529063318491737,37.094305035631187],[-76.528766319998638,37.094359037737846],[-76.528326322837927,37.094465037827128],[-76.52812732407007,37.094519038501147],[-76.527835325852379,37.094597039962466],[-76.527651327807774,37.094640039864032],[-76.527754325546937,37.094882041548274],[-76.527808324432812,37.095053041876255],[-76.527839323170042,37.095193042537943],[-76.527859323073358,37.095331042985322],[-76.527869322765497,37.095507043749663],[-76.527857321867685,37.095697044975886],[-76.527827322112486,37.095886046469467],[-76.527780320702362,37.096072046880089],[-76.527730320799378,37.096219047980057],[-76.527565320741815,37.09664804974858],[-76.52695631912232,37.098183057082991],[-76.526829320014272,37.098517059058217],[-76.526749318900386,37.098776060483125],[-76.526687318549449,37.099038062685359],[-76.526649318260198,37.099250062900218],[-76.526427314337425,37.100733070350927],[-76.52640431393219,37.101054071642011],[-76.52640431293959,37.10132107227669],[-76.526409311646532,37.101428073594498],[-76.525833317158259,37.101408075025823],[-76.525328320337223,37.101398075327964],[-76.525139321344582,37.10141007565926],[-76.524989322580879,37.101432076729331],[-76.524857323477463,37.101461076890814],[-76.524728324404308,37.101498076723445],[-76.52457332562814,37.101557077782388],[-76.524158328137659,37.101728079782873],[-76.523607331206875,37.101946081481913],[-76.523065333921224,37.102148083783007],[-76.52279133636975,37.102225084593172],[-76.522512337338341,37.102287085105033],[-76.522375338770473,37.102311085610985],[-76.52226733939132,37.102329085882026],[-76.520957348070198,37.102488089210318],[-76.520057354607644,37.102591092224493],[-76.51935435958903,37.102677093671062],[-76.518868363241538,37.102736094339299],[-76.517638370789655,37.102877097912142],[-76.514829389883687,37.103209105203661],[-76.513948395141242,37.10342710783717],[-76.513660397319057,37.103515109102055],[-76.513349398967051,37.103624110061467],[-76.513306398744348,37.10363911038371],[-76.51227340572315,37.104032114543948],[-76.51284639716917,37.104987117934208],[-76.512976396074762,37.105187118424894],[-76.513408390084436,37.105848120861786],[-76.513487390038591,37.105957121095273]]]},"properties":{"OBJECTID":5,"ADDRESS":"701 MENCHVILLE RD","PrecinctName":"Charles","Num":203,"TOTAL":5612,"BLACKNH":1174,"WHITENH":3347,"TOTALHISP":436,"ASIANNH":416,"TOTAL18":4386,"USCON":"C03","STSEN":"S024","STHOD":"H070","COUNCIL":"CENTRAL","POLLINGLOC":"B. C. CHARLES ELEM SCH","GlobalID":"{51D8EEA5-8AAD-4684-8734-54200B7B4E9E}"}},{"type":"Feature","id":6,"geometry":{"type":"Polygon","coordinates":[[[-76.400576141379844,36.991217678706533],[-76.400699140981999,36.991401678989554],[-76.400753391706431,36.991482559310988],[-76.401003434274685,36.991480486069023],[-76.401035445343197,36.991476843334254],[-76.401207792811206,36.991434886758476],[-76.401358744176491,36.991427664386379],[-76.401361554928087,36.991428982696036],[-76.401368139991632,36.991428678315508],[-76.401408139534595,36.991447678005223],[-76.401490139858979,36.991485677880533],[-76.401553139338361,36.991552678236815],[-76.401566139865253,36.991564677922078],[-76.401594139034458,36.991571677670571],[-76.401631138842376,36.991570678123949],[-76.401667138966715,36.991561677606342],[-76.401694138829953,36.991564677408611],[-76.401753138824603,36.991585677859518],[-76.40180887747772,36.99162405556882],[-76.401843538785869,36.991606640588444],[-76.401942488120639,36.991647328192087],[-76.401944138408425,36.99164567752667],[-76.401976138608958,36.991622677252273],[-76.402012138295547,36.991612677941553],[-76.402049137910709,36.991625677808585],[-76.402050065497576,36.991648855073251],[-76.402051287111462,36.991648806549399],[-76.402094646990122,36.991690788685723],[-76.402138006891946,36.9917327717069],[-76.402174824835626,36.991763648093091],[-76.402266337311204,36.991798246805232],[-76.402308936707342,36.991808995732924],[-76.402314137860586,36.991808677444091],[-76.4023811380914,36.991825677652699],[-76.402408138141524,36.991834678385949],[-76.40253313786971,36.991924677745338],[-76.402555137667406,36.991990678118007],[-76.402577137822803,36.992071676718723],[-76.402572138555186,36.99212567766785],[-76.402542139307911,36.992199677997746],[-76.402524139278569,36.992221677827374],[-76.402494138185588,36.992256677315495],[-76.402474139400567,36.992316677878271],[-76.402497139743602,36.992363677910177],[-76.4025391398675,36.992430677441973],[-76.402566139486495,36.9924636770916],[-76.402640802471566,36.992493173741806],[-76.402685944828917,36.992476062496948],[-76.402751213630054,36.992468983985994],[-76.402753431577779,36.992470611669859],[-76.402761138717935,36.992469677345561],[-76.402841139303206,36.992529677359592],[-76.402912139113397,36.992585677219203],[-76.402957139445533,36.992634677209274],[-76.402951139112204,36.992665677171253],[-76.403013139604212,36.992760676914884],[-76.403067138981399,36.992805676662918],[-76.403117139178079,36.992830677492009],[-76.403187139680298,36.992895676329582],[-76.403248139451563,36.992920676612634],[-76.403251139930873,36.992946676823621],[-76.403284139070919,36.992973676653364],[-76.403390139849293,36.992997676925143],[-76.403498138525663,36.993057676883296],[-76.403578138879809,36.993119676431952],[-76.403673139010067,36.993167675906371],[-76.403727139045017,36.993212676251282],[-76.403761138903775,36.993240677125968],[-76.403820139475158,36.993288676017293],[-76.403907306645692,36.993342165502376],[-76.404097092235148,36.993365253686385],[-76.404676135818207,36.993108675925058],[-76.404681135027417,36.993068675354586],[-76.404703135528024,36.993021676698987],[-76.405269131781907,36.992400676608689],[-76.405790128280387,36.991823675738132],[-76.406169124897843,36.991402675499714],[-76.40624612456601,36.991337675818578],[-76.4063241242402,36.991290675514932],[-76.406354124814868,36.991274676120675],[-76.407011121403173,36.99102067571431],[-76.408352114963449,36.990483674948962],[-76.411047104098671,36.989415674791111],[-76.412367097032359,36.988883674339036],[-76.413429093013207,36.988465673035329],[-76.414976085905465,36.987855673031511],[-76.41767507424359,36.986788671351022],[-76.417281072734724,36.986148671964386],[-76.416887071768855,36.985513672623775],[-76.416480071091954,36.984858672685824],[-76.416097068821145,36.984232673011107],[-76.415700068137255,36.983582673840893],[-76.412996079731599,36.984655675545866],[-76.41145508748555,36.985266674614863],[-76.409071097031386,36.986216676259467],[-76.40637610859649,36.987287676328968],[-76.405469113669852,36.987652677476724],[-76.403678121412213,36.988365678610464],[-76.400980133280569,36.989437678734014],[-76.401378134756541,36.990080678651516],[-76.401634135198307,36.990493678310322],[-76.401694135752493,36.990612678183126],[-76.401712135168921,36.990689678511799],[-76.401714136219098,36.990727678466968],[-76.400576141379844,36.991217678706533]]]},"properties":{"OBJECTID":6,"ADDRESS":"2705 CHESTNUT AVE","PrecinctName":"Chestnut","Num":304,"TOTAL":1698,"BLACKNH":null,"WHITENH":null,"TOTALHISP":null,"ASIANNH":null,"TOTAL18":1258,"USCON":"C03","STSEN":"S023","STHOD":"H085","COUNCIL":"SOUTH","POLLINGLOC":"DOCHIKI CLUB","GlobalID":"{618AF671-7329-4F1D-B319-CAA30FC0BB64}"}},{"type":"Feature","id":7,"geometry":{"type":"Polygon","coordinates":[[[-76.498643570720006,37.084610042852788],[-76.498702569176814,37.084740044027804],[-76.498859568107704,37.08504204490098],[-76.499024565434993,37.085341046621771],[-76.499199563755013,37.085637048917462],[-76.499669561651274,37.086321052297983],[-76.499994557833148,37.086776055694756],[-76.500042557645529,37.086843054860012],[-76.500758548389641,37.087839058441851],[-76.500966547806172,37.087758058564546],[-76.50108754579243,37.087725057369688],[-76.501121546526647,37.087717058161445],[-76.501282544374305,37.08769905810373],[-76.501363544521183,37.087699057552797],[-76.501444543574138,37.087705056974997],[-76.501524543062274,37.087716057003078],[-76.501914540182213,37.087800056867337],[-76.502122538339677,37.087846056384699],[-76.503158530488676,37.088079055910988],[-76.503808524412165,37.088225055465116],[-76.504073522173925,37.088285055517147],[-76.504268520168978,37.088330054957154],[-76.505536510428087,37.08861905386749],[-76.505944507077288,37.088714054286783],[-76.50605850596807,37.088741053438959],[-76.506157505601877,37.088757053224612],[-76.506258505049175,37.088765053361819],[-76.506359503956872,37.088765053349846],[-76.506629502338711,37.088748052816769],[-76.508300489811305,37.088594049325771],[-76.510381475778956,37.08839104473175],[-76.511750465484994,37.088259041294869],[-76.511968464735205,37.088239041183648],[-76.512692459743974,37.08813403851665],[-76.51286445855385,37.088104037798523],[-76.513035457629286,37.08806703751339],[-76.513202455724468,37.088022037980245],[-76.513367455739896,37.087971036943323],[-76.513528454714788,37.0879120357856],[-76.514802447131885,37.087358031273176],[-76.514942446567233,37.087292030857995],[-76.515084444903536,37.087232030632741],[-76.515231444112445,37.087177030227473],[-76.515380443806336,37.087127028659452],[-76.515532442606869,37.087083027872218],[-76.51568644151962,37.087045028154947],[-76.515860440419772,37.086996027432015],[-76.516193437966635,37.086894026831253],[-76.51644143619292,37.086808024889621],[-76.517076432802583,37.086537023499517],[-76.517171432134674,37.086492023528784],[-76.517271432538621,37.08645202338613],[-76.517382431144469,37.086418021673822],[-76.517480430035079,37.086394021995581],[-76.517588429621213,37.086375021519672],[-76.517674429103636,37.086364021293051],[-76.517760429204429,37.086361021047288],[-76.517847428171024,37.086365020896423],[-76.517932427550122,37.086377020425644],[-76.518015426895332,37.08639502052467],[-76.518384422848357,37.086511020837484],[-76.518536422830934,37.086556020649496],[-76.518882421768311,37.085876017155186],[-76.519382419047417,37.085748014996284],[-76.520131415332088,37.085092010992469],[-76.520288415222879,37.084976010449466],[-76.520449413792321,37.084901009884206],[-76.520880411722473,37.084703008319337],[-76.522938395512156,37.084864004849017],[-76.522963400655399,37.083575998706351],[-76.522982403151062,37.082647995603594],[-76.525982385951323,37.08134798447373],[-76.526994543446222,37.080692459959899],[-76.526940053973206,37.080639666312237],[-76.52694312291446,37.080631512188887],[-76.526945942470604,37.080623301613208],[-76.526948510486889,37.080615030943903],[-76.526950826493248,37.080606718199277],[-76.526952884914579,37.080598361483418],[-76.526954688912738,37.080589968960957],[-76.526956231788176,37.080581538717276],[-76.526957518810562,37.080573084360047],[-76.526958548902627,37.080564604068798],[-76.526959319509885,37.080556109517651],[-76.526959822738007,37.080547601475779],[-76.526960075288883,37.080539086532106],[-76.526960064723426,37.080530567182102],[-76.526959789682238,37.080522052416171],[-76.526959260238129,37.080513544205616],[-76.526958467207834,37.080505049607112],[-76.526957409325902,37.080496574007341],[-76.526956104512792,37.080488120410237],[-76.52695453458962,37.080479695721927],[-76.526952709535308,37.080471305517285],[-76.526950627030573,37.080462952461446],[-76.526948289183281,37.080454641997555],[-76.526945700303216,37.080446381408215],[-76.526942855869109,37.080438171518963],[-76.52693976689045,37.08043002152727],[-76.526936425402084,37.080421934905033],[-76.526932839157595,37.080413916288556],[-76.526929006891706,37.080405971064415],[-76.526826988581178,37.080242178335631],[-76.526822382993828,37.080234166979089],[-76.526817830749053,37.080226137588248],[-76.526813328403051,37.080218092809311],[-76.526808876096894,37.080210027236753],[-76.52680447603241,37.080201942710204],[-76.526800126944011,37.080193844616247],[-76.526795829066856,37.080185723945746],[-76.52679158108846,37.080177587887157],[-76.526787387553412,37.080169434714065],[-76.526783242863203,37.080161263431421],[-76.526779153693766,37.08015307685482],[-76.526775108800877,37.080144874796098],[-76.526771119499301,37.080136654740748],[-76.526767182368673,37.08012841843415],[-76.526763300735283,37.08012016773457],[-76.526759466728194,37.080111902510296],[-76.526755684915528,37.080103620133819],[-76.52675195867053,37.080095320661727],[-76.526748541058694,37.080087005628457],[-76.526745209491423,37.080078669503436],[-76.526741960642454,37.080070310428326],[-76.526738795495163,37.08006193382753],[-76.526735719836026,37.080053533488744],[-76.526732723451389,37.080045112846129],[-76.526729812970117,37.080036676517331],[-76.526726988509694,37.0800282199977],[-76.526724251194608,37.080019743306195],[-76.526721595261591,37.080011251754044],[-76.526719029706015,37.080002745491925],[-76.526716543424683,37.079994218926082],[-76.526714154361329,37.079985674159602],[-76.526711843118619,37.079977121683385],[-76.526709622394236,37.079968549091717],[-76.526707487408473,37.07995996712031],[-76.526705649549001,37.079951163896773],[-76.526703801405574,37.079942366810094],[-76.52670194539165,37.079933569591482],[-76.526700076915503,37.079924775769406],[-76.526698197172109,37.079915982659877],[-76.526696311759991,37.079907191257952],[-76.526694411777939,37.079898397809352],[-76.526692501582446,37.079889607794883],[-76.526690584546884,37.079880821271033],[-76.526688657368538,37.079872035478544],[-76.526686715549616,37.079863250342179],[-76.526684768109078,37.079854465111559],[-76.526682809354298,37.07984568239528],[-76.526680837012862,37.079836903056695],[-76.526678857948937,37.079828122704107],[-76.52667686869512,37.079819344884783],[-76.526675056119572,37.079810780029597],[-76.526672973703597,37.079802253016318],[-76.526670633627759,37.079793771259467],[-76.526668028981121,37.079785340952405],[-76.526665160935167,37.079776960312152],[-76.526662039257147,37.079768643021843],[-76.526658657224075,37.079760388067633],[-76.526655020270027,37.079752202750889],[-76.526651131650752,37.079744091632755],[-76.526646989936353,37.07973606640622],[-76.526642602084934,37.079728119076051],[-76.526637969969215,37.079720264094505],[-76.526633094643117,37.079712504183149],[-76.526627979338954,37.079704844803921],[-76.52662262848385,37.079697288734891],[-76.526617045239476,37.079689844140759],[-76.526611233049735,37.079682508375242],[-76.526605198426054,37.079675290560502],[-76.52659981744992,37.079667983648498],[-76.526594473933244,37.079660663843995],[-76.526589169376578,37.079653316751191],[-76.526583903333233,37.079645959487515],[-76.526578674890317,37.079638583925913],[-76.526573481751981,37.079631191830501],[-76.526568329634486,37.079623779691879],[-76.526563211650029,37.079616352802454],[-76.526558135763779,37.079608907690407],[-76.526553095229033,37.07960144424279],[-76.526548092083161,37.079593970605487],[-76.526543130964853,37.079586481448359],[-76.52653820423825,37.079578967630411],[-76.526533319398126,37.079571443698164],[-76.526528468785159,37.079563901411426],[-76.526523656779403,37.079556345350248],[-76.526518885676765,37.079548773750417],[-76.526514153275386,37.079541184772481],[-76.526509459504723,37.079533581119136],[-76.526504131074603,37.079526201175106],[-76.526498707066168,37.079518862892719],[-76.526493188439318,37.079511572597134],[-76.526487579832704,37.079504324958144],[-76.526481873163931,37.07949712795218],[-76.526476079818252,37.07948997636214],[-76.526470193002012,37.079482871876756],[-76.526464216041589,37.079475816354467],[-76.526458147789043,37.07946881067712],[-76.526451989345276,37.079461855764649],[-76.526445740710258,37.079454951616924],[-76.52643940853649,37.079448101950724],[-76.526432986195005,37.079441302148332],[-76.526426475840651,37.079434555851115],[-76.526419881971037,37.079427863134363],[-76.526413201118984,37.079421227545254],[-76.526406433425379,37.079414643678334],[-76.526399588845536,37.079408118009397],[-76.526392577148215,37.079401142491179],[-76.526385680851831,37.079394098603572],[-76.526378892108994,37.079386985313825],[-76.526372215370372,37.079379804499027],[-76.52636565623439,37.079372557154421],[-76.526359209079061,37.079365243185812],[-76.526352877207003,37.079357865352421],[-76.526346662843551,37.079350424592874],[-76.526340563669336,37.079342923572263],[-76.526334582003656,37.079335359625603],[-76.526328722226538,37.079327737332747],[-76.526322981058826,37.079320053033584],[-76.526317360514227,37.079312315774935],[-76.526311861858119,37.07930452017019],[-76.526306484996425,37.079296669822995],[-76.526301198539812,37.079288760602317],[-76.526296133883747,37.079280757755598],[-76.526291291964597,37.079272668509091],[-76.526286673836154,37.079264495584411],[-76.526282284019445,37.07925623815602],[-76.52627812672992,37.079247907110258],[-76.526274204239897,37.079239501583892],[-76.526270512940812,37.07923103052962],[-76.52626706068007,37.079222494980172],[-76.52626384509108,37.079213899402575],[-76.52626087277919,37.079205249315265],[-76.526258896621101,37.079196877295821],[-76.526256799610834,37.079188523981841],[-76.526254582849376,37.079180190293037],[-76.526252249615936,37.079171879889664],[-76.526249797755781,37.079163589130303],[-76.526247226003463,37.079155323401643],[-76.526244536631367,37.079147081840418],[-76.526241727484702,37.079138860805251],[-76.526238803879906,37.079130672102259],[-76.526235762702498,37.079122505764879],[-76.526232604841653,37.079114370821081],[-76.526229332569784,37.079106266407514],[-76.526225940382503,37.07909818792556],[-76.526222433643156,37.079090145379332],[-76.526218815795588,37.079082136122686],[-76.526215081288356,37.079074157358633],[-76.526211232158573,37.079066217233105],[-76.526207269671801,37.079058310359365],[-76.526203196006435,37.079050439477832],[-76.526198786413531,37.079042681941182],[-76.526194335990141,37.079034937239882],[-76.52618983998002,37.07902721520874],[-76.526185299836769,37.079019503253704],[-76.526180720994333,37.079011808676363],[-76.526176096659299,37.079004133165434],[-76.52617142814411,37.078996469532484],[-76.526166720812157,37.078988827781728],[-76.526161969276643,37.078981198809856],[-76.526157175645181,37.078973588059974],[-76.526152336497674,37.078965997277443],[-76.526147459869506,37.078958420287712],[-76.526142537748711,37.078950862364415],[-76.526137574632969,37.078943323582841],[-76.526132569491963,37.078935800320544],[-76.526127523285453,37.078928298902703],[-76.526121837990402,37.078920156762202],[-76.52611647909275,37.078911878584279],[-76.526111445468061,37.078903464350105],[-76.526106744516724,37.078894932209927],[-76.52610238298503,37.078886282276855],[-76.526098367266613,37.078877528177657],[-76.526094696001763,37.078868678902666],[-76.526091370220726,37.078859738074442],[-76.526088403133983,37.078850716729988],[-76.526080414949519,37.078837541849055],[-76.526070465671225,37.078826364760559],[-76.526060985580713,37.078814925139376],[-76.52605198444472,37.078803236668847],[-76.526047581745871,37.078797069151022],[-76.526046199208551,37.078795131606157],[-76.526043477557934,37.078791316730204],[-76.526035469182617,37.07877917440814],[-76.526027971240168,37.078766827027266],[-76.526020991271935,37.078754287332444],[-76.526014538061375,37.07874156358271],[-76.526008613245509,37.078728679239561],[-76.526003227879983,37.078715641698913],[-76.525998391660906,37.078702467346794],[-76.525994103063667,37.078689171479965],[-76.525990368411229,37.078675770428021],[-76.525987196416139,37.078662275152801],[-76.525984587755815,37.078648702790446],[-76.525982544278818,37.078635068694339],[-76.525981066709519,37.078621388198819],[-76.525980159192429,37.078607674893036],[-76.525979824677052,37.078593945050059],[-76.525980060538075,37.078580213046763],[-76.525980867452589,37.078566496019441],[-76.525982242818841,37.078552807444112],[-76.525984186189646,37.078539164438126],[-76.525986698312778,37.078525581434945],[-76.525989776586428,37.078512071910659],[-76.525993408265521,37.078498650072547],[-76.525997598454509,37.078485335834927],[-76.526002342326095,37.078472141735176],[-76.526007633952403,37.078459079390932],[-76.52601345721537,37.078446162953135],[-76.526023353758873,37.078426823531991],[-76.526032167754011,37.078415040576388],[-76.526040727128674,37.078403143394354],[-76.526049032960358,37.078391133806598],[-76.526052919295381,37.078385279120589],[-76.526057080775061,37.078379010836876],[-76.526064871579635,37.078366779008647],[-76.526072400782581,37.078354441850351],[-76.526079664916651,37.078342002909082],[-76.526086664988867,37.07832946670834],[-76.526093395236131,37.078316838559452],[-76.526099854557799,37.078304117542743],[-76.526106044991081,37.078291311804186],[-76.526111959766197,37.07827842213171],[-76.526117602044749,37.078265456690069],[-76.526122966275523,37.078252412682353],[-76.526128050021683,37.078239297278323],[-76.52613285536755,37.078226116822016],[-76.52613678576185,37.078214608957843],[-76.526137380111521,37.078212869474008],[-76.526141622894087,37.078199564224633],[-76.526145578069972,37.078186201880648],[-76.526149254469829,37.078172788899188],[-76.526152636305326,37.078159326818337],[-76.526155734679378,37.078145821232098],[-76.526158543899612,37.078132274748974],[-76.526161068346255,37.078118691948895],[-76.526163302326808,37.078105075440554],[-76.526165246824874,37.078091430648108],[-76.526166899450601,37.078077762939557],[-76.526168258025976,37.078064069574388],[-76.526169328874204,37.078050366882195],[-76.526169778800977,37.078042438390938],[-76.526170105460736,37.078036646641678],[-76.526170589681797,37.07802292240423],[-76.526170783903865,37.078009189702989],[-76.526170682270035,37.077995457452886],[-76.52617029033182,37.077981728450865],[-76.526169609119748,37.07796800631948],[-76.526168630669162,37.07795429453045],[-76.526167362662804,37.077940600422956],[-76.526165806225222,37.07792692401587],[-76.526163954398669,37.077913273304389],[-76.5261618139766,37.077899646599647],[-76.526159384771049,37.077886051109054],[-76.526156666570515,37.077872494940699],[-76.526153659469188,37.077858974490944],[-76.526150363279214,37.077845496967164],[-76.526146780131839,37.077832066911476],[-76.526142918904725,37.077818688979228],[-76.526138764957466,37.077805363826407],[-76.52613432817455,37.077792100631591],[-76.526125185800737,37.077771692332647],[-76.526071025759066,37.077677380415039],[-76.52597179496135,37.077538358234776],[-76.525924831460415,37.07736724636726],[-76.525912329304916,37.077220452409932],[-76.525911709148787,37.077213183773054],[-76.525967703462413,37.07703830265946],[-76.526014120524621,37.076967656127316],[-76.526033046944306,37.076899291656495],[-76.526025919621659,37.076778295815522],[-76.526057633723738,37.07661399570398],[-76.526105342910583,37.076493920442417],[-76.526157335819406,37.0763409479327],[-76.526160552746148,37.076333154127759],[-76.526171972492861,37.076305479669458],[-76.526163633272404,37.076231165784314],[-76.526134863796472,37.076151016120235],[-76.526135508952294,37.076126299502207],[-76.526136368994813,37.076093350317841],[-76.526165147320384,37.076041634038887],[-76.526167799243396,37.07594003418717],[-76.526168514866498,37.075912574261871],[-76.526187656958044,37.07583597451044],[-76.526202726932766,37.075784030354392],[-76.526207229073307,37.075742897910274],[-76.526211301171145,37.075718241410208],[-76.526213379685345,37.075638607679068],[-76.526178118084104,37.075544612390544],[-76.526181079322669,37.075522221198014],[-76.526198640355332,37.075502226939484],[-76.526213966302933,37.07548477568136],[-76.526184272046223,37.075440324017471],[-76.526200413690788,37.075347189041018],[-76.526199826896999,37.075270205568479],[-76.526199761089657,37.075261694300757],[-76.526199635197756,37.075245529907995],[-76.526203348554574,37.075234616875107],[-76.526207065988828,37.075223676871047],[-76.526228488202136,37.07519106767613],[-76.526239700907894,37.075155544744874],[-76.526233921930327,37.075114240951585],[-76.526250741093321,37.075060951598118],[-76.526294331245794,37.075032836375804],[-76.526318678648849,37.075019508316323],[-76.526329776600136,37.075000576564101],[-76.526333031692289,37.074995024049898],[-76.526353880402823,37.074984384561176],[-76.526327969379679,37.074926259450315],[-76.526333116410839,37.074860413079946],[-76.526347488502779,37.074820587039412],[-76.526383029380355,37.074787075993228],[-76.526480776849468,37.074720034596538],[-76.526540264559188,37.074723104123358],[-76.52655952721598,37.07472410007562],[-76.526546901570043,37.074649680159176],[-76.526559672128087,37.074508459684282],[-76.526513392241242,37.074499316671478],[-76.526549643448078,37.074158275325075],[-76.52660846657254,37.074162484665052],[-76.526608557460406,37.074159001724674],[-76.526608489576773,37.074155827076481],[-76.526606992452045,37.074087548527331],[-76.526571168974471,37.073904230455767],[-76.526567672916215,37.073886346692071],[-76.526568173423314,37.073867123833033],[-76.526574846634645,37.073787868997286],[-76.526578108695588,37.073749158314342],[-76.526584469800468,37.07374082951403],[-76.526587955540833,37.073736263284701],[-76.526602957162623,37.073716610958456],[-76.526868127517446,37.07367160399891],[-76.526837998100802,37.073643627447126],[-76.526801304788023,37.073604552179567],[-76.526763404623708,37.07348029374436],[-76.526723616457588,37.073363907253174],[-76.526713946402936,37.073273426843706],[-76.526737934907644,37.073273828654187],[-76.52673215573121,37.07323252758205],[-76.526696464830906,37.073155002973891],[-76.526690967785697,37.073120780102649],[-76.5266876170773,37.073099912737085],[-76.526662064713847,37.073028057732508],[-76.526635520581195,37.072862783387194],[-76.526654374857756,37.072797165707321],[-76.526642868640195,37.072733693818165],[-76.526637036751453,37.072673251642506],[-76.526662848768694,37.072462246679542],[-76.526693339702376,37.072223657087591],[-76.526623676162018,37.07200271569468],[-76.526617693728255,37.071837783054107],[-76.526648691288003,37.071700943598245],[-76.526733874660792,37.071589735612434],[-76.526767009077801,37.071502381379403],[-76.526821467593734,37.07148941428941],[-76.526853253469127,37.071481848422472],[-76.526776083878204,37.07141737042901],[-76.526815865899181,37.071160845337431],[-76.526817300930063,37.071151584080887],[-76.526894610941966,37.071141305268888],[-76.526927390572325,37.071136944862957],[-76.526857432030667,37.071058851732431],[-76.526885634817546,37.071029102295611],[-76.526853300868396,37.070954390137338],[-76.526861444147556,37.070905076173766],[-76.526887870260694,37.070887679172067],[-76.526910279348385,37.070872928726672],[-76.526881227940564,37.070803762333213],[-76.526921328031577,37.070746654615427],[-76.527005805467823,37.070721040125854],[-76.527024092662501,37.070715497806027],[-76.527007173108686,37.070674006551094],[-76.527001537758721,37.070660176207504],[-76.527141823210584,37.070670768159687],[-76.527213478625939,37.070634913522149],[-76.527231649121205,37.070625823464056],[-76.527214880707632,37.070585735406674],[-76.52708688501086,37.070279747707957],[-76.527075628860246,37.070252134138471],[-76.526582421016556,37.070048931310211],[-76.525582428127152,37.069948933668357],[-76.525502433103441,37.068972928688623],[-76.524856437751424,37.068838928668029],[-76.523476449534556,37.068518930155541],[-76.522390459159951,37.068028929391787],[-76.521784465637751,37.067578928005503],[-76.521014471713627,37.06742492859901],[-76.518979486777852,37.067431931162886],[-76.51819049202868,37.067638934057022],[-76.517781495211779,37.06772093527578],[-76.517318497450717,37.067852935903616],[-76.51587950692182,37.068464941563661],[-76.515792507393968,37.068527941626428],[-76.51531350997908,37.068874944385762],[-76.513711519852777,37.069222947672159],[-76.512508530073589,37.069211949702094],[-76.51112754088976,37.069106951241039],[-76.509882549422628,37.069106953271479],[-76.508454561377462,37.068781954157778],[-76.508566559083604,37.069105954615715],[-76.508620559341594,37.069259955648384],[-76.508831555001024,37.069819958265342],[-76.508898553362926,37.07000995919887],[-76.508990552407823,37.070312960318162],[-76.509235546429693,37.071242964368736],[-76.509323545233556,37.071602966012797],[-76.509338544162063,37.071739966750471],[-76.509338543182636,37.071848967079262],[-76.509293542502959,37.072138968567131],[-76.509196542298184,37.072558971026126],[-76.508997540795605,37.073347975102045],[-76.508836539899193,37.073930977926096],[-76.508551538112599,37.074916983411349],[-76.508162536461199,37.076254990080741],[-76.508114536621221,37.076455990720305],[-76.507835538447964,37.076432991011792],[-76.507606540199021,37.076424992265451],[-76.507147543693023,37.076427993335152],[-76.507072543720597,37.076424993216364],[-76.506883545593467,37.076407993205144],[-76.506709546993363,37.076382993342705],[-76.506623548251284,37.076365993310098],[-76.506015552733487,37.076216993097638],[-76.505868553717704,37.076191993788889],[-76.505720555068166,37.076179993247983],[-76.505570555650266,37.07618299346764],[-76.505236558089962,37.076223994344211],[-76.50510855953749,37.076244995293955],[-76.504984560234277,37.076273995393393],[-76.504834561149593,37.076321995497324],[-76.504691561436232,37.07638399599913],[-76.504603562709548,37.076430997180282],[-76.503647567788946,37.077005000962551],[-76.503341569710415,37.077195003108095],[-76.502740572917034,37.077618005801206],[-76.502540573529387,37.077746006918602],[-76.502054575950723,37.078033008832215],[-76.501988575774703,37.078069009291973],[-76.501522578399062,37.078335010536591],[-76.501319579295881,37.078435011696158],[-76.501056581023676,37.078547013124862],[-76.500693583377085,37.078694014078053],[-76.497117590740189,37.080055019041339],[-76.497253589278131,37.080311020040838],[-76.497457588080223,37.080745023045253],[-76.497574586691542,37.08103402405856],[-76.49770458377661,37.081412026327648],[-76.497766583817608,37.081624027567571],[-76.497811583132659,37.081802028825422],[-76.497906581335627,37.08223503087028],[-76.498084577590461,37.083086034717745],[-76.498098577094495,37.083134035108074],[-76.498170576370612,37.083370036758126],[-76.4983315740606,37.08386203869],[-76.498447572615632,37.084157039722861],[-76.498643570720006,37.084610042852788]]]},"properties":{"OBJECTID":7,"ADDRESS":"1711 WARWICK MOOSE LN","PrecinctName":"Deep Creek","Num":205,"TOTAL":3827,"BLACKNH":524,"WHITENH":2818,"TOTALHISP":214,"ASIANNH":132,"TOTAL18":3109,"USCON":"C03","STSEN":"S024","STHOD":"H070","COUNCIL":"CENTRAL","POLLINGLOC":"MOOSE LODGE","GlobalID":"{61C69F7B-D4BE-40F0-903F-5A685F714EBF}"}},{"type":"Feature","id":8,"geometry":{"type":"Polygon","coordinates":[[[-76.468497589932056,37.10106907583102],[-76.468680588468558,37.101344076768349],[-76.469177584288843,37.102047081180977],[-76.470241575901795,37.103367088218612],[-76.470546573934271,37.103714090170548],[-76.470732572838557,37.103913091470417],[-76.470774575715765,37.103131088199973],[-76.469233589938099,37.100628075185355],[-76.469408590191563,37.100548075222328],[-76.470016588583661,37.100340074698984],[-76.471008587269438,37.100020075225508],[-76.471264586878064,37.099892075087034],[-76.471664586641907,37.099604074499247],[-76.472048586579234,37.099300074612351],[-76.472288587050912,37.099092073505588],[-76.472544586901392,37.098964073367583],[-76.472912586483446,37.098868073907589],[-76.473408585885963,37.098756073765969],[-76.473466585846325,37.098744073443676],[-76.473875581843501,37.099399076732567],[-76.474869580355303,37.099009076899186],[-76.475757579280895,37.09862807712075],[-76.47531058350792,37.097902073335128],[-76.475163584863367,37.097679071262526],[-76.474930586626471,37.097301069374495],[-76.474714588888688,37.096918067566577],[-76.474668589713161,37.096794066646801],[-76.474639590236023,37.096677066445018],[-76.474620590219018,37.09651206536558],[-76.474624591203934,37.096374064790346],[-76.474646591546929,37.096236064473544],[-76.474713592315396,37.096016063323781],[-76.474798593024872,37.09580106290062],[-76.474832593152797,37.095670062049301],[-76.477151586913138,37.095809065273563],[-76.477657584731773,37.095844067403497],[-76.478021584344503,37.095851067358353],[-76.478207583629469,37.095831067437985],[-76.478327582683391,37.095806068096685],[-76.47847458285608,37.0957620679592],[-76.478587582672489,37.095718067462485],[-76.479229581580768,37.095471068265248],[-76.479743581306309,37.095258067802995],[-76.481253579213018,37.094656066391138],[-76.481955578238555,37.094379066324542],[-76.48266257758317,37.094105066232409],[-76.482863577095117,37.094050066280232],[-76.483038576530376,37.094019067308857],[-76.483144577765529,37.094008066104919],[-76.483582575486338,37.093991067132421],[-76.483920575136551,37.093980067993762],[-76.484129574311211,37.093942068229516],[-76.48439457450344,37.093828067237816],[-76.484651574428355,37.093679067684199],[-76.484763574105969,37.093681067286532],[-76.484927573189992,37.093684067921551],[-76.485169571831733,37.094012069543794],[-76.485200570853877,37.094112070760822],[-76.485468568345752,37.094547072656958],[-76.485581567968907,37.094730072903602],[-76.485812565102648,37.095104075642446],[-76.48588856457765,37.095225075992488],[-76.485929564347757,37.095291077240688],[-76.485987563885615,37.095353077000297],[-76.486028564311979,37.095442078011757],[-76.486042563573633,37.095473077432324],[-76.486116562103476,37.095594078568205],[-76.486250562308726,37.09581307961637],[-76.486286562304457,37.095664079119594],[-76.486303562618886,37.095579079022627],[-76.48633456263174,37.095529078355931],[-76.486421562529202,37.095469077448357],[-76.486596561964177,37.095388078060139],[-76.486807562258363,37.095303077931604],[-76.486956561977877,37.095216077143817],[-76.487111562063859,37.095112078014836],[-76.487171562069889,37.095050077639399],[-76.487199561637283,37.095003077351819],[-76.486849565335788,37.094447074752971],[-76.486773566277577,37.094326073230711],[-76.487037565272203,37.094211073106997],[-76.48719256526212,37.094148072965716],[-76.487341565762449,37.094088073368077],[-76.488524564654455,37.093608072110733],[-76.490368561449273,37.092892071629123],[-76.49222055846144,37.09213407147481],[-76.493097558419862,37.091779070785599],[-76.494120556640539,37.091330069134749],[-76.493603561779665,37.090502064812341],[-76.493085566147187,37.089717060726514],[-76.492977566797194,37.089553058940147],[-76.49148657947859,37.08726504632051],[-76.490607587514845,37.085862039249307],[-76.489968593790948,37.084841033114785],[-76.489810595099087,37.084587032125235],[-76.48969759459554,37.084406031199613],[-76.489141601106169,37.083476026418339],[-76.488810602639731,37.082972022567688],[-76.488265607764973,37.082142019130394],[-76.486975618996809,37.080180007935525],[-76.485504630834001,37.077780994358982],[-76.484833638141012,37.076640988855246],[-76.484689639054437,37.076396987377436],[-76.483924646329882,37.075099980621843],[-76.483239652918471,37.073935974773697],[-76.481897664474928,37.071661963370715],[-76.481153672360364,37.070398956221993],[-76.480991671375691,37.070556956679724],[-76.48096267137106,37.070584957478118],[-76.480761671963961,37.070765957761282],[-76.480330671811004,37.071127959382594],[-76.480041671402091,37.071350959771372],[-76.479677671494301,37.071604961027852],[-76.479451670510684,37.071780961522464],[-76.479131671096283,37.072004961119077],[-76.478823670985363,37.072201962154558],[-76.478326671365949,37.072486963681165],[-76.478044671528139,37.072638963564849],[-76.477772672363557,37.072772963883821],[-76.477195671975096,37.073026964464155],[-76.476673673229655,37.073239965075352],[-76.475575674392786,37.073674965729943],[-76.474944675452505,37.073925966994786],[-76.474760675385483,37.07399996638965],[-76.474035676349757,37.074287966380687],[-76.472840677489927,37.074764967772509],[-76.470882680142182,37.075556968804776],[-76.470008681895976,37.075910969054341],[-76.469492682241068,37.076112969989225],[-76.468644682931455,37.076444970087913],[-76.467285684440327,37.076986971724736],[-76.464890687233293,37.077941972974173],[-76.464321688604699,37.07817097336774],[-76.463954688616965,37.07833597353536],[-76.463788689326151,37.078417973541363],[-76.463659689018471,37.078481973594975],[-76.463615688503779,37.078503973123254],[-76.463181690165968,37.078745974408712],[-76.463107689186131,37.07878997453318],[-76.462876689088262,37.078929975103328],[-76.46251868954441,37.079161975790342],[-76.462340689340081,37.079284976470461],[-76.462105689138568,37.079465976012898],[-76.461825690210617,37.079688976871935],[-76.461524690002989,37.079955977637049],[-76.461274689566736,37.080208977693509],[-76.460945688854693,37.080544978953377],[-76.460704688419327,37.080832980552884],[-76.460473688503299,37.081135980675199],[-76.460240687345006,37.081475982845141],[-76.460078686609776,37.081733983303735],[-76.459944685958263,37.081976983742017],[-76.459793684950029,37.08228098492485],[-76.459690685292287,37.082511986407951],[-76.459630684731778,37.082651986988438],[-76.459485682936005,37.083047987818233],[-76.459450683013785,37.083175988522008],[-76.459325680998134,37.083626989973766],[-76.459261681198498,37.083935991117194],[-76.459213679548498,37.084253992369263],[-76.459189678740003,37.084496993959696],[-76.459185676423161,37.085053995785671],[-76.459184670812107,37.086597001172144],[-76.459170666312005,37.087499005292585],[-76.459170666576227,37.087662006664246],[-76.459168662481915,37.088924011850764],[-76.459172660219906,37.08922401216163],[-76.459390658906443,37.0894440136233],[-76.460168654086701,37.090229018000898],[-76.461199646329518,37.09128302423747],[-76.461852642850758,37.091967027344175],[-76.462935635985488,37.093102033668366],[-76.464623622600655,37.095087044490221],[-76.465863613016722,37.096818053412868],[-76.465936612515861,37.096920054223034],[-76.467160601485674,37.098888065140933],[-76.468285591939448,37.100751074639618],[-76.468497589932056,37.10106907583102]]]},"properties":{"OBJECTID":8,"ADDRESS":"11541 JEFFERSON AVE","PrecinctName":"Deer Park","Num":219,"TOTAL":8958,"BLACKNH":3784,"WHITENH":3126,"TOTALHISP":1264,"ASIANNH":505,"TOTAL18":7240,"USCON":"C03","STSEN":"S023","STHOD":"H085","COUNCIL":"CENTRAL","POLLINGLOC":"DEER PARK ELEM SCH","GlobalID":"{C3400871-4CE1-4244-8C25-F965F92BCB79}"}},{"type":"Feature","id":9,"geometry":{"type":"Polygon","coordinates":[[[-76.526547193824385,37.135179224306306],[-76.527120187811718,37.135903226616747],[-76.530058154475711,37.139677235384369],[-76.530698146762788,37.140498236675427],[-76.530815148765171,37.139740233261904],[-76.531702145162242,37.139093227999602],[-76.532192143081701,37.138737225543295],[-76.532846140304386,37.138165220832448],[-76.533678136112499,37.137637216448411],[-76.53407113480668,37.137220214662158],[-76.534687134007342,37.136570209595959],[-76.535939127384836,37.135713201707397],[-76.536271125788971,37.135494200641098],[-76.537390120408162,37.13476019426556],[-76.540318108110824,37.132668178545792],[-76.540527106924259,37.132520176532722],[-76.541151103994608,37.132076173494696],[-76.541322103566344,37.131954172277936],[-76.541910101316788,37.131500168554091],[-76.54263909713741,37.131177166337565],[-76.543091094730983,37.131115164412186],[-76.544550080660358,37.131842163913753],[-76.545232079096849,37.131111158560223],[-76.545407078935682,37.130925157014495],[-76.546156076185611,37.129987151352168],[-76.546251075373831,37.129886150351545],[-76.546383075227141,37.129748150188057],[-76.549513052990761,37.129966143474739],[-76.549999049939743,37.13000014164858],[-76.550343046537023,37.130024141330964],[-76.551445043082254,37.128834134000591],[-76.551766042879436,37.128249130585623],[-76.551805043109397,37.128142130086296],[-76.551823043329065,37.128063129355453],[-76.551835044067218,37.127944128939944],[-76.551806044580886,37.12757112716524],[-76.551784045544196,37.127374126130462],[-76.551698049332785,37.126584124313204],[-76.551619052098786,37.125788120884437],[-76.551582053621459,37.125381119493206],[-76.551543055360085,37.124963117995499],[-76.550614061656262,37.125002120864352],[-76.550387063379574,37.125003120686685],[-76.550161065002769,37.124996121343656],[-76.550042064992454,37.124988121656905],[-76.549936066524253,37.12498012239616],[-76.54936806981982,37.124959123483499],[-76.549203071688652,37.124960123860433],[-76.549038072887157,37.124967123053274],[-76.548428076261828,37.12501012535278],[-76.547887080498654,37.125039126999759],[-76.546562088768894,37.12513013032693],[-76.546179091731645,37.125177131715652],[-76.545800093787378,37.125238133178115],[-76.545575095746472,37.125281134119405],[-76.545406096153499,37.125318134749548],[-76.545532098915345,37.124473130961526],[-76.545686101153066,37.123532126668515],[-76.545801101889211,37.12286112302408],[-76.545849103053129,37.122675122133053],[-76.545870101504775,37.122612122215799],[-76.545901102690664,37.122551121344209],[-76.545941102591527,37.122493121339694],[-76.54598910176523,37.122439121394784],[-76.546393100980836,37.12202711819441],[-76.546988097676504,37.121441113673448],[-76.547677095891487,37.120771109737738],[-76.547779094923328,37.120698108947494],[-76.547884094552288,37.120648108497896],[-76.547857094917148,37.120534108242786],[-76.547857095525757,37.120505107979184],[-76.547863095255224,37.1204791083468],[-76.547882095351824,37.120446108172423],[-76.547943095762264,37.120369107038705],[-76.548042095099163,37.120287106438361],[-76.548320093995471,37.119909104983762],[-76.548434094210023,37.119881104226515],[-76.548429093829853,37.119832104218091],[-76.548286098335836,37.11872110008651],[-76.548275099080598,37.118578099551911],[-76.548271099331103,37.118545098873305],[-76.547847102022061,37.11869510118737],[-76.547771100957874,37.118786101617232],[-76.547438102933697,37.118922102569357],[-76.546984106854964,37.118983104339577],[-76.546575109117356,37.118983105455584],[-76.546150112459344,37.119013105699864],[-76.545969112870765,37.119165107015043],[-76.546166111130901,37.119271107149167],[-76.546393110501171,37.119301107040634],[-76.546711107040068,37.119271105865863],[-76.54700410573254,37.119257105108424],[-76.547393102906284,37.119195104140076],[-76.54772610070782,37.119195103385529],[-76.547892098471081,37.119377104081742],[-76.547908097769763,37.119619104383922],[-76.547680098726858,37.119695105571196],[-76.547499100187551,37.119665105792762],[-76.547241102030398,37.11958910587957],[-76.547084102905472,37.119681106618877],[-76.546953103923897,37.119907108110496],[-76.546862104000297,37.12011910890061],[-76.546741103956492,37.120270109980417],[-76.546529105900746,37.120361111295772],[-76.546393106244039,37.120331111024278],[-76.546378106027959,37.120225110906013],[-76.546378106591405,37.119998109959099],[-76.54628710876807,37.119816109002933],[-76.546120110421839,37.119816109126106],[-76.545992110334893,37.119912110464902],[-76.545787111423806,37.12018011236097],[-76.545560111807561,37.120361113330659],[-76.545241114788325,37.120270113134652],[-76.545151115069203,37.120180113794831],[-76.545166116323557,37.119937111956119],[-76.545272117356973,37.119392109215703],[-76.545211118153006,37.119149108942359],[-76.545060120779183,37.119013108607412],[-76.544969120245895,37.118998108768942],[-76.544742122556499,37.119059109716567],[-76.544545123164852,37.119195110388524],[-76.544393122390261,37.119422111842063],[-76.544333123942195,37.119589112932026],[-76.544242123206004,37.11974011348461],[-76.543999124723413,37.119786113999893],[-76.543787126404965,37.119725114794939],[-76.543712127556333,37.11969511507553],[-76.543742127360233,37.119528113983783],[-76.543863126829294,37.119422113395743],[-76.543954126684596,37.119240111914827],[-76.543995127662839,37.119116111475805],[-76.543893128060716,37.118907111339432],[-76.543787129225237,37.118756111143611],[-76.543560131274361,37.118725111170392],[-76.543242132988524,37.118831112443694],[-76.543075134384694,37.119013113641735],[-76.543075134044102,37.119240113889155],[-76.543104132094484,37.119462115590956],[-76.543212131483941,37.119665115099558],[-76.543181130118768,37.119786115901121],[-76.54313613119507,37.119831117251195],[-76.542984131863903,37.119740115848558],[-76.542894132765554,37.119695116767204],[-76.542742134905566,37.119619117246863],[-76.542621135425819,37.119483116970954],[-76.542469136230579,37.119316116139927],[-76.542318138515441,37.119134115125533],[-76.542121140454796,37.119074115458531],[-76.54197014116157,37.119240116859281],[-76.541818142095963,37.119392117756043],[-76.541697142387747,37.119346117883588],[-76.541742143664138,37.119180117207939],[-76.541712143672967,37.119043116541221],[-76.541530144975511,37.118968116799515],[-76.541394145417144,37.118968116854639],[-76.541152147768983,37.118953118021622],[-76.541121147896746,37.118831117174842],[-76.5411671489356,37.118650115796434],[-76.541015150178708,37.118513115572554],[-76.540818151977263,37.118528116510888],[-76.540636152478953,37.118528116370591],[-76.540606153576903,37.118392115838141],[-76.540667153751301,37.118150115884163],[-76.540727154151597,37.117938114480268],[-76.540727154801274,37.117741113959553],[-76.540576157088793,37.117544112870512],[-76.540381159251197,37.117314111675903],[-76.540167160847489,37.117271113008819],[-76.540000160859051,37.117301113229246],[-76.539682163381983,37.117362114546964],[-76.539516164795046,37.11734711514115],[-76.539470164930393,37.117241113916577],[-76.539591164924374,37.117150113544412],[-76.539773163473313,37.117104112815873],[-76.539894163210235,37.116983112254459],[-76.539758163464896,37.116923111487623],[-76.539455166756852,37.116832112530666],[-76.53950016777506,37.116589110642565],[-76.539834165976387,37.116325109475532],[-76.539845166326089,37.116184108615265],[-76.539875165810287,37.116055108175502],[-76.539875166838272,37.115965107632611],[-76.539784167226827,37.115866107639789],[-76.539663168251138,37.115851107691228],[-76.539542169150209,37.115881108800963],[-76.539413169525744,37.115987108934043],[-76.539285170701078,37.116002109236547],[-76.539088171425178,37.115949109206184],[-76.538785174980347,37.115821109920958],[-76.538565177167399,37.115646109833968],[-76.538300179056534,37.115578109512093],[-76.538035181392047,37.115556110243169],[-76.537209187302281,37.115404111166328],[-76.536596191367806,37.115328112743015],[-76.535763198147691,37.115237114221486],[-76.535263201248625,37.115268115360621],[-76.534967203079702,37.115374116681565],[-76.534430206524888,37.115783119386649],[-76.533990207567243,37.11618412239909],[-76.531680219293861,37.117685134123924],[-76.530784220409046,37.119243143019709],[-76.530509220649236,37.119748146872944],[-76.530388219954261,37.119968147377797],[-76.529812222988966,37.120264149512245],[-76.529482225470232,37.120348151557252],[-76.528454231431752,37.120418153285065],[-76.526759243430746,37.12053515826463],[-76.526302245802739,37.120712159377767],[-76.526176247413915,37.120614159854199],[-76.526130247768023,37.120686161101602],[-76.526057248322985,37.120776160875153],[-76.526011248192177,37.12082516164191],[-76.525942247661888,37.120885162541718],[-76.525867247835095,37.120941162086226],[-76.525786248008671,37.120991162056633],[-76.525566249874117,37.121114163402027],[-76.525340251151064,37.121231164787588],[-76.525110253073464,37.121342165454195],[-76.524875254159952,37.121446167076328],[-76.523894259443153,37.121851170801698],[-76.523286262282724,37.122096173603559],[-76.522671266141941,37.122344176266608],[-76.522293267100309,37.122511178478675],[-76.521974269766361,37.122647179406975],[-76.521658271343398,37.122789181145414],[-76.521346273033174,37.122935181595686],[-76.520403278055909,37.12339718675414],[-76.519571282366726,37.123821190748515],[-76.518176289442096,37.124522196773782],[-76.518266288587284,37.124612197315642],[-76.519408275454396,37.126091200944416],[-76.519439275688626,37.126133201681348],[-76.519767270883577,37.126588202979249],[-76.520574261839187,37.127623205600521],[-76.521268253598791,37.128499208062195],[-76.522014245957095,37.129336209203679],[-76.522121245523337,37.129455210101035],[-76.522699237967799,37.130227212394615],[-76.523571227946661,37.131358214573211],[-76.523646226789694,37.131454215197955],[-76.524337219100317,37.132370217048738],[-76.524751214091907,37.132898219531583],[-76.524883212959324,37.133065219118507],[-76.525589204777276,37.133966221340422],[-76.525914201307756,37.13438022273845],[-76.52595520173152,37.134431222716977],[-76.526344197028692,37.134922223799173],[-76.52643619578663,37.135038223983166],[-76.526547193824385,37.135179224306306]]]},"properties":{"OBJECTID":9,"ADDRESS":"14302 OLD COURTHOUSE WAY","PrecinctName":"Denbigh","Num":101,"TOTAL":7175,"BLACKNH":3484,"WHITENH":1626,"TOTALHISP":1375,"ASIANNH":404,"TOTAL18":5462,"USCON":"C03","STSEN":"S024","STHOD":"H070","COUNCIL":"NORTH","POLLINGLOC":"COURTHOUSE WAY COMMUNITY CTR","GlobalID":"{4DFA6DDD-B25D-4401-BCD6-769BCB6EC79A}"}},{"type":"Feature","id":10,"geometry":{"type":"Polygon","coordinates":[[[-76.435064056276673,36.995663661076989],[-76.435832052825475,36.995363660174405],[-76.436414050282494,36.995302659946766],[-76.436590049553459,36.995221660340704],[-76.437787044264113,36.994745660745536],[-76.438464042091439,36.99446865991375],[-76.438860042121021,36.995102658650673],[-76.439254043556318,36.995738658817899],[-76.439656044848846,36.996377658404221],[-76.440056047192627,36.997025658192626],[-76.440448048372346,36.997660658109332],[-76.440845048351363,36.9983076577929],[-76.441240050347488,36.998954657093144],[-76.441486051737769,36.999347656857339],[-76.441629052297657,36.999587656022335],[-76.441673051534792,36.999670656365439],[-76.441928051584583,37.000273656995695],[-76.442122049525054,37.000726658509706],[-76.44221604856223,37.000962658975567],[-76.442488044696788,37.001641661348202],[-76.44276304124169,37.002333663950964],[-76.443036037024996,37.003013666573558],[-76.443075037535493,37.003105667417017],[-76.443172036293547,37.003302668380634],[-76.443251035148265,37.003440669065043],[-76.443327034876489,37.003550668828176],[-76.443400034990034,37.00364566935923],[-76.44398002993448,37.004402671645863],[-76.44467002420042,37.005300675247796],[-76.445312018195224,37.006136677676217],[-76.44535501868981,37.006200678296885],[-76.445530017362856,37.0064646790428],[-76.445709014636236,37.006802679967855],[-76.445797014812953,37.00700068148489],[-76.445848013794929,37.007130680769727],[-76.446112014063061,37.006986680555201],[-76.446135013565481,37.006980680678737],[-76.446213013295576,37.00697468066739],[-76.446264012598078,37.006981680724856],[-76.446312013302304,37.006996680914611],[-76.44635601278128,37.007020681346283],[-76.447125007428284,37.007646682941768],[-76.44728500655188,37.007772682629472],[-76.447709004551342,37.008103683792889],[-76.44816600112371,37.008457685518756],[-76.44846199998247,37.008680686749209],[-76.448826000022947,37.008559685849136],[-76.449011029276619,37.00849759915566],[-76.448843010344262,37.008345224434777],[-76.44874765824153,37.008255007949884],[-76.448643187786885,37.007922691392338],[-76.448602825381641,37.007648971695907],[-76.448690157216205,37.006315299110696],[-76.448837159192394,37.004070294949344],[-76.448829567525621,37.003941168897754],[-76.448828983435959,37.003931246799759],[-76.448595658790865,37.003505680560401],[-76.448409012866236,37.003202120292968],[-76.447902898180487,37.0023789595813],[-76.447798759718466,37.002209583809623],[-76.44776969531965,37.002145049236283],[-76.447761133918604,37.002126040521155],[-76.447763737851446,37.002120440000596],[-76.447862614443977,37.001907478301888],[-76.44788731165049,37.001888246449695],[-76.447951215561957,37.001838490597933],[-76.447978360498411,37.001827666646953],[-76.448100783758022,37.001778864371261],[-76.448871868105812,37.001471460678843],[-76.449054769603791,37.001398547267911],[-76.449068530447661,37.001393061838179],[-76.449070965082697,37.001392087567602],[-76.449074199670704,37.001392405322989],[-76.449130526548302,37.001397914306509],[-76.449201636638364,37.001418313058309],[-76.449259708167418,37.001406090786297],[-76.449285723336303,37.001400618774859],[-76.449346711518402,37.001353783060097],[-76.449408607452227,37.00127343638561],[-76.44942344750018,37.001267437033952],[-76.450819911166562,37.000702559576524],[-76.452710197944668,36.999937887017438],[-76.452723437735386,36.99993253273518],[-76.45278325718634,36.999928785527018],[-76.452798392128486,36.999920086940747],[-76.452821027791742,36.999907076202859],[-76.452831786353173,36.999900890087069],[-76.452833557925274,36.999891227157541],[-76.452838789478122,36.999862695696422],[-76.452827886399305,36.999824185311851],[-76.452768714213946,36.999803996505285],[-76.452527887443978,36.999369909163711],[-76.452523511418818,36.999362020345487],[-76.452523136945274,36.999362321182062],[-76.452492611383747,36.999387018167333],[-76.45249243142392,36.999386982588582],[-76.452444324323665,36.999377128734103],[-76.452431298384639,36.999352179658572],[-76.452021267821294,36.999512214434709],[-76.45181966326885,36.99959089225343],[-76.451387096355262,36.998963087338318],[-76.451403878769156,36.998936192818618],[-76.451245753751351,36.998676797695872],[-76.451141251396038,36.99850537148955],[-76.451132796465473,36.998491501612506],[-76.451130583317024,36.998487866793802],[-76.451270875018309,36.998431584294927],[-76.451383292253624,36.998386484946529],[-76.451718524455586,36.99825199385922],[-76.450677051706634,36.996738507575209],[-76.450074230882265,36.995862449129703],[-76.450057320897855,36.995859695742681],[-76.450052389362625,36.995858895084019],[-76.44996589138627,36.995844822872897],[-76.449569600110081,36.995986728243416],[-76.447941240521203,36.993400350446734],[-76.447775317213356,36.993128471415737],[-76.447021357910089,36.991893029536769],[-76.446981601490364,36.991827885669757],[-76.447087805545891,36.991792535432239],[-76.447089762899154,36.991796017153739],[-76.447123539094193,36.991856117384643],[-76.447141357809542,36.99185047228282],[-76.447247687426028,36.99181678884193],[-76.447211950422698,36.991753206868317],[-76.447220984705709,36.991749298589845],[-76.447424931600111,36.991661054407949],[-76.447424359510109,36.991660148510491],[-76.447411255376878,36.991639354368502],[-76.447194742682868,36.991730014790271],[-76.447145053908955,36.991657679978779],[-76.44712609922891,36.991630085079237],[-76.446938849455876,36.991712598311203],[-76.446929316236719,36.991716798004639],[-76.446910557893702,36.991684989189018],[-76.446880404029343,36.991678740546952],[-76.44687856031365,36.991675502359982],[-76.446851743579629,36.991628310601037],[-76.446693128866173,36.991349237730894],[-76.446652228418429,36.991332603895586],[-76.446643004288262,36.991315087893824],[-76.446649173846652,36.991309212548444],[-76.446658613079606,36.991300231504219],[-76.446656419838988,36.991296623979558],[-76.446614131186877,36.991227012978932],[-76.446600519350426,36.991204607322935],[-76.446430558732786,36.99092484214043],[-76.446401770581474,36.990913573380872],[-76.446387394757167,36.990893572623399],[-76.446398099936474,36.990889410553521],[-76.446870626541568,36.990705744962469],[-76.446865758469912,36.990696442157599],[-76.446835877601785,36.990639319286004],[-76.446360993950094,36.990821908872917],[-76.446359539212025,36.990819617549086],[-76.446350280022912,36.990805056359264],[-76.44631520892581,36.990749903198221],[-76.446321262180348,36.990747569856204],[-76.446433123880027,36.990704459404412],[-76.446563252988526,36.990654309204238],[-76.446576324612693,36.990649270865212],[-76.446768244747005,36.990575313108693],[-76.446756217229066,36.990551168514003],[-76.446321351201462,36.990715906908335],[-76.446284467723288,36.990649155381981],[-76.446255955646933,36.99059755073133],[-76.446099024909287,36.990313512108663],[-76.446662366772813,36.990108232402093],[-76.446552978459593,36.989922765654761],[-76.445971384258485,36.990142064511105],[-76.445055942012118,36.9886977545614],[-76.446581760818503,36.988070459642344],[-76.446523418570123,36.987980531914403],[-76.444518761479159,36.988758171557812],[-76.444499916071308,36.98876548199766],[-76.444272351674499,36.988384759877],[-76.444267491762929,36.988382251301168],[-76.44422841668684,36.988362069304351],[-76.444214297148065,36.988335812119757],[-76.443990172566757,36.987919081988537],[-76.443965855150637,36.987892843968424],[-76.443897206909355,36.987865130971485],[-76.443816465141495,36.987864420371714],[-76.443455596935053,36.987987179218095],[-76.443002736222894,36.988113903527363],[-76.442416182729886,36.987130900273215],[-76.442348852244407,36.987018055574062],[-76.442346360087654,36.987013883010675],[-76.442306551577488,36.987016933665089],[-76.442072951824869,36.987070964944252],[-76.441983042008943,36.987109265320925],[-76.441979958101413,36.987110578695088],[-76.441963209337686,36.987105736745114],[-76.441884269260726,36.987082914303791],[-76.441883348522353,36.987082644925579],[-76.44186659926757,36.987055538358042],[-76.441731946779086,36.986837587203439],[-76.441731139674729,36.986836278778291],[-76.441760392898075,36.986763053784387],[-76.441590501739938,36.986474930564135],[-76.441584661983029,36.986465034575126],[-76.441544464934097,36.986466764034283],[-76.441543329950406,36.986466812679119],[-76.441525428357508,36.986436641212769],[-76.441360101182823,36.986158037077807],[-76.441368487588491,36.986153522140839],[-76.441381447645696,36.986146538269274],[-76.441382330495301,36.98611406084941],[-76.441416134320534,36.986098735731233],[-76.441465927881609,36.986076155250743],[-76.44144622663292,36.986044036061031],[-76.441241452624041,36.985710194122213],[-76.441178066080624,36.985692212151342],[-76.441009549429666,36.985415565218538],[-76.441027815123419,36.985374019076815],[-76.441026726898173,36.985365695198588],[-76.441022740016564,36.985335219134761],[-76.441022655679546,36.985334560590879],[-76.440987678293013,36.985274583445353],[-76.440990147400825,36.985268896010957],[-76.441033257101182,36.985169600305341],[-76.441035873662599,36.985163572044527],[-76.440971425539061,36.985046136881031],[-76.440973028454508,36.985045488935782],[-76.443550509941304,36.984004526045375],[-76.443445626646778,36.983800184387889],[-76.441076974027752,36.984746700640613],[-76.439630957445743,36.985324498179871],[-76.439316881636714,36.984819557526293],[-76.439497071913891,36.984751119823933],[-76.439495004056724,36.984747465679227],[-76.43936944544312,36.984525409376644],[-76.43917674555648,36.984601388206499],[-76.438860084396126,36.984096879529702],[-76.438861979323434,36.984096111444046],[-76.439263956938731,36.983932368894799],[-76.439331375664452,36.983904906373844],[-76.439688929628858,36.98375926177944],[-76.439754672371024,36.983732479018322],[-76.442398647496375,36.982655417281883],[-76.44228290783316,36.982463541971512],[-76.43973097678824,36.983474514056738],[-76.439557479088478,36.983543242321161],[-76.439379790142809,36.98361363108679],[-76.438718873570025,36.98387544690074],[-76.438593879532988,36.983671666809727],[-76.43827769714666,36.983156169484289],[-76.438243193521487,36.983099416603196],[-76.438503714630428,36.982996667567711],[-76.438274390690083,36.982641372705288],[-76.44119618991742,36.981447685710386],[-76.441077235196815,36.981230975347145],[-76.440562625406017,36.981430160138224],[-76.440510895509064,36.981364864656065],[-76.440345346260457,36.981428184548989],[-76.440314023183959,36.981390035494258],[-76.440101545439887,36.981497206931351],[-76.440033155052859,36.981388695582524],[-76.438996541509553,36.981796222542116],[-76.439066242875484,36.981917413929253],[-76.439064069921102,36.981918244746815],[-76.43814990039337,36.982267881618604],[-76.438185491824271,36.982303561609079],[-76.437840307766947,36.982430894276881],[-76.437757981637134,36.982297631088407],[-76.437615670262176,36.982067262664906],[-76.437306603487741,36.981566956497446],[-76.437163003575449,36.981334499032727],[-76.437164851183454,36.981333775211993],[-76.438455388763415,36.980827254880801],[-76.438586047253807,36.980775973764366],[-76.440163220497809,36.980156920059834],[-76.440058005329448,36.97996522662919],[-76.438666700800397,36.980510397117399],[-76.437065632655944,36.981137736092997],[-76.43696368203851,36.98099095346879],[-76.436957651968783,36.980982266179467],[-76.436716497704481,36.980635055492733],[-76.436673513735954,36.980573166328838],[-76.436621652090338,36.980591487555536],[-76.436579651386808,36.980518789736564],[-76.436569328387975,36.980500916501143],[-76.436519146277831,36.980422668998294],[-76.436451579330921,36.980317309224837],[-76.436296697512262,36.980075804372724],[-76.43629625127079,36.980075977712474],[-76.43627632682616,36.980083809586212],[-76.436275873748883,36.980083986411316],[-76.436095937259708,36.980154702965997],[-76.436063581451762,36.980085453177935],[-76.436047366117265,36.980052202601108],[-76.435948948685862,36.979893881805005],[-76.435891440695471,36.979814100317675],[-76.435846663335639,36.979751977467451],[-76.435537288574324,36.979293250853289],[-76.435452267589795,36.979146154580008],[-76.435383686310303,36.97902407110152],[-76.435154135299641,36.978651910766231],[-76.435160672009999,36.978644390328654],[-76.435166181227885,36.978636358830329],[-76.435170596614952,36.978627900733485],[-76.435173869357442,36.978619117031663],[-76.435175960894881,36.978610103490503],[-76.4351768538301,36.9786009625563],[-76.435176531864229,36.978591797595854],[-76.435175003451292,36.978582710607739],[-76.435172280364881,36.978573805451489],[-76.435168399205054,36.978565181915528],[-76.435163398866649,36.978556938026017],[-76.435160785071403,36.97855358427298],[-76.435157337481215,36.978549166738659],[-76.435150284728351,36.978541949494492],[-76.43514164866302,36.978536930745072],[-76.435133492428861,36.978531412968017],[-76.435125840427901,36.978525448868773],[-76.43511874596976,36.978519061015106],[-76.435112236340714,36.978512278728459],[-76.43510634863857,36.978505142318532],[-76.43510111107598,36.978497688333853],[-76.435096551988451,36.978489948818307],[-76.435092698220117,36.978481969309591],[-76.435089562213847,36.97847378788201],[-76.435087166322262,36.978465449994474],[-76.435085520717891,36.978456994582686],[-76.43508463320461,36.97844846504745],[-76.435084507021074,36.978439907413481],[-76.435085147750044,36.978431364141187],[-76.435086547425712,36.978422880157304],[-76.435088700401948,36.97841449772519],[-76.435091100633315,36.978409325661552],[-76.435092633013952,36.978406028453861],[-76.435095170554987,36.978397221034392],[-76.435096261811282,36.978388223287411],[-76.435095894698392,36.97837919002955],[-76.435094069729431,36.978370267285015],[-76.435090826424002,36.978361612578816],[-76.435086692473675,36.97835422663492],[-76.435086210407235,36.97835336551627],[-76.435080304286132,36.978345669055876],[-76.43506029289874,36.978326086157928],[-76.434961059630808,36.978197968098684],[-76.434925585880748,36.97811767782553],[-76.434886308618147,36.978051054334244],[-76.434715673301156,36.977778827368233],[-76.434700432495319,36.977709878505529],[-76.434609716199873,36.977395098257325],[-76.434574980374023,36.977301081849149],[-76.434506786543025,36.977110156530209],[-76.434483822951336,36.976989043691688],[-76.4344297812505,36.97684186315044],[-76.435548145821912,36.976398666087356],[-76.434253445073324,36.974522305354149],[-76.43417891585203,36.974551840149104],[-76.433816196723598,36.974695580419095],[-76.433498524281717,36.974821470476464],[-76.43341841859565,36.974707373650105],[-76.433416208640708,36.974703801615462],[-76.433230531189494,36.974377335438298],[-76.433029221192712,36.974078869899373],[-76.43549961891199,36.973138730376604],[-76.434587422715083,36.971809527879564],[-76.433932453877006,36.97084197956454],[-76.430347901569021,36.967449285489799],[-76.431142945523177,36.966795686845273],[-76.428809179402023,36.965249116304989],[-76.42831581997747,36.964938397480424],[-76.422845487446665,36.96149283570081],[-76.422905315699879,36.96143345154902],[-76.422084929954252,36.960888738853875],[-76.416750639266866,36.960286134679883],[-76.416247001742605,36.963407635354017],[-76.416194179577602,36.963400803962813],[-76.4158126480623,36.963351463451147],[-76.415878078319608,36.963157305461131],[-76.415621197005336,36.963103820229755],[-76.414565496017445,36.962884011147835],[-76.412594996143511,36.962569397701856],[-76.412143273003139,36.962524049775972],[-76.412140657656906,36.962523702306946],[-76.412302001570737,36.96285768142392],[-76.412547002312877,36.963363681121692],[-76.413785007964421,36.965880679816166],[-76.413935008808807,36.966134679893415],[-76.414101008790865,36.966381679783439],[-76.414378009606239,36.966747679506284],[-76.414648010424386,36.967076679038236],[-76.415149009675559,36.967599678846931],[-76.415458010947944,36.96791167892497],[-76.415789010593741,36.968264678413824],[-76.416030011740347,36.968540677855444],[-76.416265012060549,36.96884467766759],[-76.417904014493487,36.971114677301841],[-76.418962018053676,36.97258067629555],[-76.419011016807488,36.972625675042337],[-76.419098017708976,36.972768675538028],[-76.420162020326444,36.974231674631362],[-76.420391020437009,36.974518674758443],[-76.42149502205902,36.975772673738682],[-76.421765021390783,36.976113673101231],[-76.421836021460862,36.97621267320249],[-76.42193202168707,36.976347673318777],[-76.422180022560056,36.976739672532041],[-76.422315023476685,36.976974672604335],[-76.422473024554591,36.977277673171088],[-76.422798025006273,36.977955672234067],[-76.422917026324228,36.978203671969624],[-76.422976026120224,36.978326671928841],[-76.423155027066713,36.978691672574968],[-76.423413028694512,36.979215671532948],[-76.423508028919116,36.979387672076882],[-76.42357002914585,36.979500671197961],[-76.423710027881583,36.979438671498123],[-76.423774028151087,36.979414671819271],[-76.423893027734337,36.979373671902572],[-76.42407702675419,36.979324671171305],[-76.424346026398894,36.979273671743968],[-76.424458024938133,36.979248670769863],[-76.424550024894316,36.979223671124537],[-76.424603025700549,36.979292671049912],[-76.425329027464926,36.980334670971281],[-76.425563027415578,36.980648670297143],[-76.425877027953575,36.981093670193452],[-76.426292029263848,36.981738670154876],[-76.426638029961538,36.982289669555229],[-76.427153031853464,36.983165668393589],[-76.427193031966937,36.98323766837342],[-76.42744703315644,36.983697668333257],[-76.427479032760644,36.983748667774542],[-76.427879034109054,36.984248667949061],[-76.427976034312223,36.984410667958521],[-76.428129033982799,36.984634667768574],[-76.428399036142991,36.985035667604052],[-76.428727036724297,36.985463667717966],[-76.428762036342633,36.985509666729911],[-76.428825036432343,36.985632667159152],[-76.429207038112793,36.986384666707323],[-76.429443039512464,36.986747666601964],[-76.429997040562682,36.987585665467854],[-76.430771042129408,36.988758664727555],[-76.431627044339635,36.99014566491558],[-76.432332048032393,36.991305663210746],[-76.433129049993994,36.99257866265333],[-76.433337050542221,36.992911662509293],[-76.433543051049014,36.993232662593975],[-76.433965052944188,36.993886662596019],[-76.434215053706552,36.994293661762974],[-76.434753055577403,36.995189661160708],[-76.435064056276673,36.995663661076989]]]},"properties":{"OBJECTID":10,"ADDRESS":"2400 WASHINGTON AVE","PrecinctName":"Downtown","Num":305,"TOTAL":3646,"BLACKNH":1679,"WHITENH":1179,"TOTALHISP":507,"ASIANNH":137,"TOTAL18":3291,"USCON":"C03","STSEN":"S023","STHOD":"H085","COUNCIL":"SOUTH","POLLINGLOC":"CITY COUNCIL LOBBY","GlobalID":"{DAF885D2-7EC7-4497-8B59-F9CD7C365D69}"}},{"type":"Feature","id":11,"geometry":{"type":"Polygon","coordinates":[[[-76.515111135943343,37.173187432178423],[-76.51507613610309,37.173342432641697],[-76.515065136080807,37.173397433481611],[-76.515017134622525,37.173702434533354],[-76.514951132290932,37.174410438956436],[-76.514889131959521,37.174747440420148],[-76.514811131019314,37.175236443318603],[-76.514786130657185,37.17540544334868],[-76.514775129124786,37.175563444183709],[-76.514782128735533,37.175721445081656],[-76.514813128347512,37.175909445913327],[-76.514859127460014,37.176062447338644],[-76.514907126976155,37.176183446473701],[-76.514970126206364,37.176307446932483],[-76.515064124285033,37.176457447830806],[-76.515173122794934,37.176600448215986],[-76.515271122079341,37.176709448365074],[-76.515780116250454,37.177365450010882],[-76.516164112817137,37.177950451047508],[-76.51622111166526,37.178022451937714],[-76.51623911109607,37.178044450741886],[-76.516359110295738,37.17827345243257],[-76.516362529830332,37.178280019133318],[-76.516817564208338,37.178610853267692],[-76.516828406231014,37.178639654572237],[-76.51683510613185,37.178644452160341],[-76.516898388212326,37.1788109382125],[-76.517219576810845,37.178706459468657],[-76.517435737906865,37.178636144590719],[-76.521737750942762,37.177236620067276],[-76.521925208407026,37.177178767640171],[-76.522114407700244,37.177126894413149],[-76.522305158160137,37.177081052660554],[-76.522497267561306,37.1770412885786],[-76.522690542308894,37.177007642238834],[-76.522884787633657,37.176980147547766],[-76.523079807788321,37.176958832212691],[-76.523275406244736,37.176943717713755],[-76.524325158286175,37.176878090298821],[-76.524406048089674,37.176873032965318],[-76.524569388313466,37.176863603148767],[-76.524732866003419,37.176856970273477],[-76.524659617513905,37.176426799370063],[-76.524708163302748,37.176421368844416],[-76.52491268830822,37.176398492057572],[-76.524991224105676,37.176389706800556],[-76.524993093746701,37.17639220856482],[-76.525000060721226,37.176391413976958],[-76.525171300139164,37.176621056763906],[-76.525507522045032,37.176622611923769],[-76.525843640839824,37.176631082124416],[-76.526179514317647,37.176646463782255],[-76.526182309937511,37.176649609225095],[-76.526190456079007,37.176658774740943],[-76.526205051599987,37.176659411888274],[-76.526281050570049,37.176745411891226],[-76.526574049036725,37.177075412289149],[-76.526841045581833,37.177375412580851],[-76.530286009476626,37.181251419015879],[-76.530346008894043,37.181318419187477],[-76.530388008872393,37.181349418389324],[-76.530629006129558,37.18163541986732],[-76.532799984499221,37.184071422152506],[-76.533010981368207,37.18431742328368],[-76.53339997750318,37.184755423756876],[-76.534001972430985,37.185434425271524],[-76.534385967454497,37.185860425547638],[-76.534642964666659,37.18615342548604],[-76.535288958525612,37.186880426725438],[-76.53746893599677,37.189332429122452],[-76.538014930936711,37.189946430085662],[-76.539565915763561,37.191686431703388],[-76.539705914642724,37.19184843196895],[-76.540142909129443,37.192339433171448],[-76.545105860548702,37.197904439096703],[-76.546434846060649,37.199414439847843],[-76.548120830047694,37.201311441938628],[-76.552321788973799,37.206035444847721],[-76.553783773875494,37.207668446463288],[-76.554372769682573,37.208341445933719],[-76.555258759834913,37.209337447418946],[-76.55575975513915,37.20990044790981],[-76.556108751240274,37.210292447623665],[-76.55654974801358,37.210787448133011],[-76.556740745682632,37.211002448218274],[-76.557031743061259,37.211330448475692],[-76.557828735940831,37.212226448605662],[-76.558866725733836,37.213393449366606],[-76.560371710196819,37.215089449989691],[-76.560586708100047,37.215324450653505],[-76.5607637062338,37.215524450583878],[-76.56183269679623,37.216732450782928],[-76.562131402790754,37.217070753085267],[-76.562140468983614,37.217080940466857],[-76.56233234151361,37.21729654449225],[-76.562531448161053,37.217520261338663],[-76.562679933393824,37.217687105868947],[-76.562798240861355,37.217820036111121],[-76.563098567462205,37.218157485407538],[-76.56316501215656,37.2182321432294],[-76.563210071858592,37.218282770615168],[-76.563458050020202,37.218561398211889],[-76.563605886634093,37.218727502602583],[-76.563609851972998,37.218731957820289],[-76.56375827961412,37.218898727837058],[-76.56392744615674,37.219088798087625],[-76.56413304702248,37.219319801786263],[-76.564148474826041,37.219337135985008],[-76.564148514248046,37.219337180794611],[-76.564189153048105,37.21938284038665],[-76.564195928186024,37.219390452903674],[-76.564316497398394,37.219525923268328],[-76.564484025766816,37.21971415060235],[-76.564603221440947,37.219848068645497],[-76.564776561383042,37.220042825100677],[-76.565107299912597,37.220414416982344],[-76.565132147835698,37.220442336939001],[-76.565206510116397,37.220525882899366],[-76.565222665253785,37.220497452456598],[-76.565635664254316,37.219986448365013],[-76.565735663092482,37.219882447775184],[-76.566433662082417,37.218981440796512],[-76.567086661439063,37.218141435815731],[-76.567435659569512,37.217697432229798],[-76.567614659738908,37.217680431327587],[-76.567691597434674,37.217668042490061],[-76.567722573062312,37.217628725207369],[-76.568963336183984,37.217427007070654],[-76.569178651725878,37.216971422124701],[-76.569390651453844,37.216520419702668],[-76.569858651942781,37.215521413831446],[-76.569938651705201,37.21535241365968],[-76.569998652276183,37.215220413284726],[-76.57089264640183,37.215339409544825],[-76.571124594262628,37.215365791399215],[-76.571423198464615,37.215399009297649],[-76.571576642399535,37.215415407575236],[-76.57191786885501,37.215451821549856],[-76.572523827525629,37.21551576816988],[-76.572539576812659,37.21551742321617],[-76.573595629045911,37.215628400588685],[-76.574000626392333,37.215671399270242],[-76.574098236449927,37.215681892869036],[-76.574671568561428,37.215742388558873],[-76.574703923275891,37.215622893738797],[-76.574945624183471,37.214414390727995],[-76.574979624723298,37.214245388865479],[-76.574998624755196,37.213943388280789],[-76.575045626607903,37.213654386613861],[-76.575131626586568,37.213274385234733],[-76.575192626606182,37.212990384071851],[-76.575248627035919,37.212998384005971],[-76.575376626024337,37.213016383213755],[-76.57586362207887,37.213100381862318],[-76.576261620091074,37.213153380370933],[-76.576758616999896,37.213217379203478],[-76.577000615493077,37.213229377401866],[-76.577119614019125,37.213225377301626],[-76.57722961443649,37.213206376419677],[-76.577599612287429,37.213130374690834],[-76.577913610640707,37.213095373409011],[-76.578142609062638,37.213070372507659],[-76.578584606923954,37.213095370841877],[-76.578861604052705,37.213100370402778],[-76.579071603204923,37.213114368975972],[-76.579223602391124,37.213120369073437],[-76.57931360116217,37.213118368919908],[-76.579487601363738,37.213121368459142],[-76.579596599788275,37.21314136663964],[-76.579843598497533,37.213130366538529],[-76.580235596427443,37.213093365185983],[-76.580460594621655,37.21306136385985],[-76.580801593599389,37.213017362028822],[-76.581370590301944,37.212934359582356],[-76.581577588358996,37.212921359193679],[-76.581722587934905,37.212913358021879],[-76.58216158412354,37.212930356560349],[-76.58307057907777,37.212980353383777],[-76.583070621790128,37.212980357682532],[-76.583070919029552,37.212976418486498],[-76.583074274729768,37.212931961220178],[-76.583076992614309,37.212895935030978],[-76.583094081909792,37.212669527658647],[-76.583131539016819,37.212672821743695],[-76.583129580575104,37.212501351118966],[-76.585379565117307,37.212745342907112],[-76.587308552787874,37.212924336605987],[-76.587931550563866,37.212940333771144],[-76.589131541293909,37.213016329466562],[-76.589188541311373,37.21302032913065],[-76.590037536102443,37.213095326414752],[-76.590877530262631,37.213169323889339],[-76.591262012069436,37.213203064796389],[-76.591266576578249,37.213188734294036],[-76.591331802945035,37.212983943980753],[-76.5913325287096,37.212976320945501],[-76.591359529910534,37.2127753207239],[-76.591344531924761,37.212121317979879],[-76.591368532179203,37.21179431667499],[-76.591494533328671,37.211180314128178],[-76.591504532620405,37.21113531338758],[-76.591520533711957,37.211062313975312],[-76.591599534034771,37.210818313248673],[-76.591639534069088,37.210700312281077],[-76.591411534963243,37.210611312328801],[-76.590873538903693,37.210384314218629],[-76.589960545183828,37.210044316134173],[-76.589125551554687,37.209694318321631],[-76.588085558576921,37.209208320626637],[-76.587544563137257,37.208938322082162],[-76.586469571924468,37.208344323971744],[-76.58553957944865,37.207780325332877],[-76.584969583179742,37.207419325450616],[-76.58433458861002,37.206991327081688],[-76.583320597421746,37.20622632843866],[-76.582816601347531,37.205830328985726],[-76.582168606950518,37.205277329643231],[-76.581389613378988,37.204550330027729],[-76.580750620026365,37.203907330198732],[-76.579724630233557,37.202753329365784],[-76.578032646018087,37.200624327904634],[-76.577306654244879,37.199667326532953],[-76.577088656059786,37.199394326868912],[-76.575610670007705,37.197534325721691],[-76.573620690305361,37.195005323241944],[-76.573369693545359,37.194687323158952],[-76.573132695530077,37.194374323385524],[-76.572748700356996,37.193868322454541],[-76.572641700060643,37.193735322041896],[-76.572088706408707,37.193000321442689],[-76.571617711120268,37.192432321290426],[-76.570947717538544,37.191602320419797],[-76.56928673525799,37.189463318574326],[-76.567468753217369,37.187159315512822],[-76.567200755936852,37.186818315549928],[-76.566842760130626,37.186378314513071],[-76.566389764574097,37.185823313657799],[-76.565544773462989,37.184706312779994],[-76.563978789814627,37.182688311448061],[-76.563847790016069,37.182503310473471],[-76.563548794063209,37.182147309919706],[-76.563182797128562,37.181679309217905],[-76.562797801286933,37.181190308879565],[-76.561922810722763,37.180148307296847],[-76.561626813343764,37.179768307816168],[-76.561163818599454,37.17917430663941],[-76.560230827690674,37.177990304835156],[-76.557389857323741,37.174465300526492],[-76.556678865086369,37.173539299165732],[-76.55662986532343,37.17347329868317],[-76.555705874355212,37.172310297204596],[-76.554892884183602,37.171264295462663],[-76.553877894464748,37.169931293415424],[-76.553681896605823,37.169648293268878],[-76.550141934283914,37.165197286197014],[-76.54917094451865,37.164015283670679],[-76.549110945020544,37.163938284092112],[-76.548395952839357,37.16303128305092],[-76.547342963982047,37.161695280844256],[-76.547014967145159,37.161283279754009],[-76.546947968204037,37.161195279011778],[-76.546029979346159,37.159994277492324],[-76.545182988469023,37.158947275312542],[-76.545332985718844,37.159313276419176],[-76.545387984319831,37.159658277416426],[-76.545343983513533,37.160100279546299],[-76.545166983283906,37.160490281721074],[-76.544947983782606,37.160746283703809],[-76.544760984078408,37.160889284584869],[-76.54433598676485,37.161112287330504],[-76.543982988455497,37.16127328799287],[-76.543603989823893,37.161457290152491],[-76.543017992120326,37.16175729353494],[-76.542683994623744,37.161922294653237],[-76.541898998323305,37.16232529945605],[-76.540733004737504,37.162892305277374],[-76.539621008859598,37.163466311672039],[-76.538943012538539,37.163806314438922],[-76.53758801991782,37.164478321668092],[-76.537022022038315,37.16478032497394],[-76.535835027670799,37.165363331440581],[-76.535564029005556,37.165521333080804],[-76.534609034100981,37.165991338158015],[-76.533882037795749,37.166352341870514],[-76.533036041613016,37.166773345779077],[-76.531498049310599,37.167568354945139],[-76.530375054484836,37.168037360788702],[-76.529989056292081,37.168199361277978],[-76.527564069539054,37.169008373108241],[-76.520947105469716,37.171200404750998],[-76.52037810765475,37.171443406666555],[-76.515111135943343,37.173187432178423]]]},"properties":{"OBJECTID":11,"ADDRESS":"13460 WOODSIDE LN","PrecinctName":"Greenwood","Num":110,"TOTAL":6750,"BLACKNH":3102,"WHITENH":2043,"TOTALHISP":854,"ASIANNH":437,"TOTAL18":4912,"USCON":"C03","STSEN":"S024","STHOD":"H070","COUNCIL":"NORTH","POLLINGLOC":"GREENWOOD ELEM SCH","GlobalID":"{62B8AFF7-6F26-4BAE-A389-68401C2F9F23}"}},{"type":"Feature","id":12,"geometry":{"type":"Polygon","coordinates":[[[-76.508454561377462,37.068781954157778],[-76.509882549422628,37.069106953271479],[-76.51112754088976,37.069106951241039],[-76.512508530073589,37.069211949702094],[-76.513711519852777,37.069222947672159],[-76.51531350997908,37.068874944385762],[-76.515792507393968,37.068527941626428],[-76.51587950692182,37.068464941563661],[-76.517318497450717,37.067852935903616],[-76.517781495211779,37.06772093527578],[-76.51819049202868,37.067638934057022],[-76.518979486777852,37.067431931162886],[-76.521014471713627,37.06742492859901],[-76.521784465637751,37.067578928005503],[-76.522390459159951,37.068028929391787],[-76.523476449534556,37.068518930155541],[-76.524856437751424,37.068838928668029],[-76.525502433103441,37.068972928688623],[-76.525582428127152,37.069948933668357],[-76.526582421016556,37.070048931310211],[-76.527075628860246,37.070252134138471],[-76.527064332439735,37.070224426157047],[-76.526886074192177,37.070092319813952],[-76.526793860878684,37.069816058711758],[-76.526786887409358,37.069557706712629],[-76.526791173923087,37.069524812203824],[-76.526814181479139,37.069299928704481],[-76.526908862293851,37.069057633668699],[-76.526913366334512,37.06904610204073],[-76.527021172420632,37.068987466756383],[-76.527302883121493,37.068964717275549],[-76.527623721292017,37.068887673013279],[-76.527820048586307,37.068852500279533],[-76.52790190227789,37.068812245451639],[-76.527917287023641,37.068804678740413],[-76.527872175957768,37.068694035845482],[-76.527845560242213,37.068531506828641],[-76.527855280178855,37.068421781875827],[-76.52783308001392,37.068352730403667],[-76.527841580383765,37.068289687298041],[-76.527754923061465,37.068194831929716],[-76.527710382161786,37.0680622191624],[-76.527615518577633,37.067887560411229],[-76.527587327058001,37.067785442256231],[-76.527578121251807,37.067744080227207],[-76.527492965460141,37.067591560548031],[-76.527444070993724,37.067494589162521],[-76.527358987423867,37.067339321587767],[-76.527323012023913,37.06727278650893],[-76.527288254302192,37.067159570435564],[-76.527243217890316,37.067046181308733],[-76.527235085651228,37.066963629333415],[-76.527235669392851,37.066955177611611],[-76.527236195869335,37.066946722226838],[-76.527236659365514,37.066938266688581],[-76.527237062176809,37.066929809232732],[-76.527237402101903,37.066921348019775],[-76.527237684691329,37.066912885846577],[-76.527237905448303,37.066904422637876],[-76.527238064349334,37.066895959294499],[-76.52723816144136,37.06688749401475],[-76.52723820115088,37.066879029576562],[-76.527238174507588,37.066870564928472],[-76.527238093877926,37.066862100277561],[-76.527237947996312,37.066853636336447],[-76.527237743654936,37.066845171416304],[-76.527237473944126,37.066836711710515],[-76.527237149193311,37.066828249280363],[-76.527236760244293,37.066819790281627],[-76.527236312788673,37.066811332105637],[-76.527235802212076,37.066802879181701],[-76.527235231021479,37.066794421637418],[-76.527234601065842,37.066785974825976],[-76.527233909231015,37.066777528780797],[-76.527233156594264,37.066769085322633],[-76.527232344232772,37.066760646272066],[-76.527231467649784,37.066752211553784],[-76.527230535909496,37.066743778615681],[-76.52722969536876,37.066735385059914],[-76.527228799717776,37.066726991482533],[-76.52722784642603,37.066718608656785],[-76.527226838024134,37.066710225809395],[-76.527225774371018,37.066701848345858],[-76.527224652117567,37.066693475308725],[-76.52722347793862,37.066685109513791],[-76.527222246354043,37.066676745461287],[-76.527220956051679,37.066668390339849],[-76.527219613894431,37.066660039757785],[-76.527218213160353,37.066651692701235],[-76.527216758275912,37.066643351948258],[-76.527215246945786,37.066635019262996],[-76.527213674766941,37.06662669096653],[-76.527212058461785,37.066618372746738],[-76.527210379036134,37.066610059778967],[-76.527208645460149,37.066601753114718],[-76.527206856492228,37.066593457239819],[-76.527205012296861,37.066585165847776],[-76.527203112756538,37.066576883443226],[-76.527201155575881,37.066568611790281],[-76.527199145416233,37.066560344657887],[-76.527197080989012,37.066552088333658],[-76.527194958944918,37.066543841860117],[-76.527192783804438,37.06653560441169],[-76.527190554466827,37.066527375068596],[-76.527188266388265,37.066519155557451],[-76.527185926314061,37.066510945991091],[-76.527183530777606,37.066502749916786],[-76.527181081161615,37.066494557443249],[-76.52717857601283,37.066486381164452],[-76.527176015495868,37.06647821477403],[-76.52717339965767,37.066470056470109],[-76.527170732830697,37.066461912634423],[-76.527168010611987,37.066453779588016],[-76.527165232954673,37.066445659132668],[-76.527162399929153,37.066437548565652],[-76.527159515891427,37.06642945336781],[-76.527156576438543,37.066421369860052],[-76.527153581594121,37.066413297141601],[-76.527150534660265,37.06640523797158],[-76.527147436784674,37.066397191467921],[-76.527144276631262,37.066389161046004],[-76.527141067855112,37.066381140625353],[-76.527137803546424,37.066373136399477],[-76.527134488272637,37.066365145740868],[-76.527131119761762,37.066357169512727],[-76.527127698060895,37.066349205913305],[-76.52710412491794,37.065675754209629],[-76.527089306538656,37.065323865293855],[-76.527083323594056,37.065158933492008],[-76.527215980850698,37.064935886358512],[-76.52747043938723,37.064511586525171],[-76.527197950416365,37.064575702968753],[-76.527050629625293,37.064309504950039],[-76.527065911555525,37.06424932446081],[-76.527095974051491,37.064148180927077],[-76.527095955552866,37.064139706498871],[-76.527095875271115,37.064131229233197],[-76.52709573306521,37.064122754535596],[-76.527095529029197,37.064114278802364],[-76.527095266465139,37.06410580479276],[-76.527094942000474,37.064097332450316],[-76.527094560132056,37.064088861850315],[-76.527094115238839,37.064080392898596],[-76.527093609498877,37.064071928335657],[-76.527093041905346,37.064063463637957],[-76.527092415736945,37.064055002465757],[-76.527088342728121,37.064046487166799],[-76.527089300652847,37.064021189914449],[-76.52708837261666,37.064012746218829],[-76.527087382609579,37.064004306893125],[-76.527086330561175,37.063995874640028],[-76.527085219985054,37.06398744411058],[-76.527084048491773,37.063979020672534],[-76.52708281840026,37.063970601660905],[-76.52708152511984,37.063962190603917],[-76.527080174388928,37.063953783091222],[-76.527078762717437,37.063945383570911],[-76.527077287951073,37.063936988401629],[-76.527075754445619,37.063928603064205],[-76.527074163466224,37.063920222171923],[-76.527072510375163,37.063911851055011],[-76.527070798592078,37.063903487968069],[-76.527069024791373,37.063895131052845],[-76.527067192298603,37.063886782167671],[-76.527065301137355,37.063878440411528],[-76.527059640018663,37.063870230193302],[-76.527051688331554,37.063863341685831],[-76.527041905549297,37.06385818276636],[-76.527030862916135,37.063855058632456],[-76.527019211551334,37.063854144228401],[-76.527007623569062,37.063855499482635],[-76.526996941430824,37.063850757222745],[-76.526992140848733,37.063843446501849],[-76.526979042997297,37.063829776857816],[-76.526965904778137,37.063816059667957],[-76.526959330084665,37.063809199626967],[-76.52695276639912,37.063802348783071],[-76.526947449735246,37.063796800490188],[-76.526942869556109,37.063787594398264],[-76.5269345744925,37.063781021898464],[-76.526929514827017,37.063773382363259],[-76.526924739427258,37.06376562410999],[-76.526920255974318,37.063757754477834],[-76.526916061937825,37.063749784240102],[-76.526912168465401,37.063741717188819],[-76.526908573144127,37.063733559592805],[-76.526905284661765,37.063725323314671],[-76.526902299575212,37.063717011000598],[-76.526902885597835,37.063707566973726],[-76.526898875363145,37.063699664708437],[-76.526894884283337,37.063691804224163],[-76.526890918915512,37.063683992841156],[-76.526892069695663,37.063674585313855],[-76.526890970497519,37.06366597831564],[-76.526890191271207,37.063657349637971],[-76.526889735177519,37.06364870744558],[-76.526889597508188,37.063640059771409],[-76.526889784937666,37.063631409431153],[-76.526890284723791,37.063622770632399],[-76.526887081920734,37.063614526775602],[-76.526883430559892,37.063606405193603],[-76.526879340382976,37.063598420470413],[-76.526874816752439,37.063590582610281],[-76.526869871399654,37.063582916145037],[-76.526864509757715,37.063575428376076],[-76.526858742621812,37.063568136609142],[-76.526852585448509,37.063561051918747],[-76.526846045636958,37.063554192454994],[-76.526839139861849,37.063547565707673],[-76.526831877723694,37.063541191666324],[-76.526824272665735,37.063535072358697],[-76.52681634086882,37.063529234193815],[-76.526808098118522,37.063523675633391],[-76.526799558582496,37.063518414039663],[-76.526790741277665,37.063513453336299],[-76.526781661495846,37.063508810904267],[-76.526772333780798,37.063504489691219],[-76.52676033538792,37.063502523927077],[-76.52675302021882,37.063496846606419],[-76.526753333081601,37.063488174031932],[-76.526752769600947,37.063479510210811],[-76.526751331645301,37.063470912858129],[-76.526749033566659,37.063462435391706],[-76.526745884002153,37.06345413473862],[-76.52674190514935,37.063446065349318],[-76.526737127051661,37.063438282706947],[-76.526731580010775,37.063430832384547],[-76.526725295194254,37.063423769884039],[-76.526718321102052,37.063417132971537],[-76.526710700213812,37.063410974634607],[-76.526702359560417,37.063405203519658],[-76.526693472483274,37.063399986568889],[-76.526684097882011,37.063395350906987],[-76.526674288870552,37.063391329870825],[-76.526664111140406,37.063387948896114],[-76.526653630523867,37.063385228013317],[-76.526642912806395,37.063383189054498],[-76.526632026421211,37.063381838574003],[-76.526621039613545,37.063381190333466],[-76.526610019856946,37.063381244561938],[-76.526599048044716,37.063382004417321],[-76.526588180620166,37.063383461832139],[-76.526577494261957,37.063385609078011],[-76.526567057873379,37.063388434691028],[-76.52655693279435,37.063391915363553],[-76.526406309812543,37.063383897352352],[-76.526395596293284,37.063382344247579],[-76.526384914170066,37.063380665484402],[-76.526374258875677,37.063378863690275],[-76.526363645047951,37.063376938209132],[-76.526353064653193,37.063374895215524],[-76.526342521416538,37.063372721252271],[-76.526332016086101,37.063370430752812],[-76.526321555595047,37.063368016622988],[-76.526311142191702,37.063365478900316],[-76.52630077006728,37.063362824698075],[-76.526290451705179,37.06336004971881],[-76.526280181437627,37.063357155670253],[-76.526269894397544,37.063356886856994],[-76.526259582695943,37.063351227793255],[-76.526249240637753,37.063348197342414],[-76.526238960093778,37.063345050751103],[-76.526228734224901,37.063341791509892],[-76.526218565420663,37.063338414251064],[-76.526208457989625,37.063334926257227],[-76.526198408582928,37.06333132657106],[-76.526188427318033,37.063327615362034],[-76.526178509815949,37.063323788050354],[-76.526168661462378,37.063319853739216],[-76.526158880126644,37.063315807886489],[-76.526149171359023,37.063311653289105],[-76.526139536283765,37.063307389965892],[-76.526129977055149,37.063303021558333],[-76.526120498287511,37.063298543637053],[-76.52611108862159,37.063293960518358],[-76.526101765997112,37.063289274305504],[-76.526092525964458,37.063284483121336],[-76.526083370771943,37.063279587003528],[-76.526072471475743,37.063278085735625],[-76.526061621759723,37.063276365377845],[-76.526040075530375,37.063273518486362],[-76.526029436368475,37.063269935941456],[-76.52601884825259,37.063267370929225],[-76.526008345432189,37.06326459734013],[-76.525998090777776,37.063261105959349],[-76.525988005835018,37.063257317285419],[-76.525978101822261,37.063253232407646],[-76.525968388668886,37.063248858703091],[-76.525958887593262,37.063244201935206],[-76.525949602904006,37.063239269386713],[-76.525940551299101,37.06323406764664],[-76.525931743879255,37.063228602309046],[-76.525923196241806,37.063222879043145],[-76.525914912624813,37.063216907834551],[-76.525906911927535,37.063210697111764],[-76.525896576077798,37.063208636543486],[-76.52588634267741,37.063206270344416],[-76.525876228471617,37.063203603301822],[-76.5258644863803,37.063202851299401],[-76.525855632590307,37.063198344173138],[-76.525846725452539,37.063193812718019],[-76.525837780658435,37.063189258999643],[-76.525828747084063,37.063184659628355],[-76.525819192147154,37.063180774369279],[-76.52580974512702,37.063176934180994],[-76.525791004720091,37.063169314060964],[-76.525784390610298,37.063161341974563],[-76.525776421605258,37.063155684277163],[-76.525768710600261,37.06314979385872],[-76.525761280944067,37.063143681025167],[-76.525754138163492,37.063137349474303],[-76.525747290922766,37.06313081196987],[-76.52574075139951,37.063124075926424],[-76.525734524979356,37.063117150447447],[-76.525725737281221,37.063108431693323],[-76.525717962549777,37.063099123334979],[-76.525711256400783,37.063089292100436],[-76.525708060503547,37.063081177211714],[-76.525704368317292,37.063073203622011],[-76.525700190684105,37.063065386835333],[-76.525695532731049,37.063057745865031],[-76.525690414340573,37.063050294563979],[-76.525684840545665,37.06304305554918],[-76.525678825466727,37.06303604798493],[-76.525672388962519,37.063029286624818],[-76.525665541851509,37.06302278787377],[-76.525658302821356,37.063016568268587],[-76.525650690559459,37.063010644345951],[-76.525642722770371,37.063005027218267],[-76.525634418212206,37.062999730719589],[-76.525625795595815,37.062994770485766],[-76.525616875951272,37.062990159487576],[-76.52560768717089,37.06298590630422],[-76.525524031631278,37.062907585284293],[-76.525413753331392,37.062798594256726],[-76.525409316866487,37.062790483798999],[-76.525403982622379,37.062782729630875],[-76.52539779848658,37.062775392942733],[-76.525390808997699,37.062768533967606],[-76.525383075650709,37.062762209617567],[-76.525374662306376,37.062756472337682],[-76.525365636456812,37.062751364719617],[-76.525356071120569,37.062746933052786],[-76.525346049716021,37.062743212985367],[-76.525335644631411,37.062740231868872],[-76.525324945164613,37.062738015535501],[-76.525312711779719,37.062738250287325],[-76.525291976034751,37.062736114457543],[-76.525289528227134,37.062726831380786],[-76.525284904011684,37.062719839000906],[-76.525280928180081,37.062711833602002],[-76.525276660804948,37.062703924262024],[-76.525272102751842,37.062696120909862],[-76.525267261819351,37.062688426380177],[-76.525262142292547,37.062680848856566],[-76.525256749674583,37.062673392937739],[-76.525251082535704,37.062666070316823],[-76.52524515438931,37.062658880318928],[-76.525238962657909,37.06265183551924],[-76.525232516287673,37.062644937870289],[-76.525225821859081,37.062638193791535],[-76.525218881338134,37.062631614131618],[-76.525211706037069,37.062625196376253],[-76.525204296797739,37.062618951355191],[-76.525196663667089,37.062612881940737],[-76.525188808799328,37.062606991774281],[-76.525180744160366,37.062601296378638],[-76.52517247558265,37.062595787739767],[-76.525164010700138,37.062590474998736],[-76.525155351572863,37.062585365400466],[-76.525146511620164,37.062580461873949],[-76.525137491919196,37.062575766239767],[-76.525128308019944,37.062571285969049],[-76.525116256440072,37.062565075771232],[-76.525103825047765,37.06255937024725],[-76.525091047355815,37.062554178070584],[-76.525051077293597,37.062509552780455],[-76.525306643531081,37.062436916104694],[-76.525037056674336,37.062127458467153],[-76.525015625298877,37.062043820710393],[-76.524928172443722,37.061702565557994],[-76.524819217727199,37.061280418525861],[-76.524295613363179,37.060722198649266],[-76.523935682888578,37.060853516912474],[-76.523891425909838,37.060841789233919],[-76.523750154676918,37.060869637274799],[-76.52357372137476,37.060668881436882],[-76.523444325178545,37.060504621002465],[-76.523390528695771,37.060333392035076],[-76.523264485602496,37.060171942059014],[-76.523254493737596,37.060160782877318],[-76.523070976705512,37.060100014381639],[-76.522864348458157,37.059874018612845],[-76.522853717205322,37.059887581548246],[-76.522778456031091,37.059797055896304],[-76.522879899072336,37.059742301520487],[-76.522632323843979,37.059428177231503],[-76.522347398513631,37.059162899141384],[-76.522275959448137,37.059209728698811],[-76.522237647261505,37.059195934344245],[-76.522224085715038,37.059190212227804],[-76.522192746505439,37.059208916367773],[-76.522185673668545,37.059211418614595],[-76.522143826970179,37.059226220276962],[-76.522140848421827,37.059227275267958],[-76.522135761180181,37.059225580098143],[-76.522064273232104,37.059201763905676],[-76.52198453060268,37.059175200646152],[-76.521957700643256,37.059147947762639],[-76.52193778228002,37.059127713192055],[-76.521862833791928,37.059109971281913],[-76.521787044501579,37.058993316073582],[-76.521687199714009,37.058879003966744],[-76.521674787414668,37.058829345918397],[-76.521497912006311,37.058776925331195],[-76.521355587933371,37.058714097022467],[-76.521208902833735,37.058686907948477],[-76.521250183588137,37.058550241555558],[-76.521245198837036,37.058478730650698],[-76.521235135585854,37.058470319989965],[-76.520958153407008,37.0581827057132],[-76.520701151378532,37.057917403198928],[-76.520633559006328,37.057852867201952],[-76.520276444029449,37.057511921340655],[-76.520245170747032,37.057437584520365],[-76.520205446074883,37.057343149676498],[-76.520148373361991,37.057166369544071],[-76.519903841684496,37.057079842759173],[-76.519850674882974,37.057015764217986],[-76.519840683891886,37.057004606544723],[-76.519581849795117,37.056678833122476],[-76.519558684544293,37.056516359704553],[-76.519469527903865,37.056517606798927],[-76.519353637627887,37.056361815650504],[-76.519363037986025,37.056348281897606],[-76.519399191914616,37.05629621448319],[-76.519417753102957,37.056269489045874],[-76.519404623681808,37.056247291557341],[-76.519376635123081,37.056281797216002],[-76.519333121408252,37.05633543532187],[-76.519289690017033,37.056316785035911],[-76.519252361849368,37.056302421267887],[-76.519113181631624,37.056250633596328],[-76.519068692394995,37.056183536114126],[-76.519117352609243,37.056091363423214],[-76.519042560514109,37.056126057934087],[-76.518951478282446,37.056169715045762],[-76.518869948751203,37.056114674115129],[-76.518765463291757,37.056046984609424],[-76.518805668197487,37.055951508002288],[-76.518785542912966,37.055934686258411],[-76.518687955685976,37.055996227543936],[-76.518657839641847,37.055968251608761],[-76.518631076774611,37.055943076572866],[-76.518607669255175,37.055920705179147],[-76.518557426999436,37.055875904718526],[-76.518603334621986,37.055824477526365],[-76.51857678749991,37.05579106901039],[-76.518434013102379,37.055876575579106],[-76.518298477356893,37.055816604830618],[-76.518290860832209,37.055714829338136],[-76.518230457865656,37.055753969166936],[-76.518179281113689,37.055787126275476],[-76.518107619051847,37.055774931598158],[-76.518027909116427,37.055677438209997],[-76.518043080112818,37.055490884731306],[-76.518023027071791,37.055471316865813],[-76.517973045620721,37.055547398287565],[-76.517951157728618,37.055690081791667],[-76.517948244792635,37.055709063988601],[-76.517939720385783,37.055708259869789],[-76.517842249626213,37.055699038555808],[-76.517756811216486,37.05568935991122],[-76.517737909608286,37.055625855253155],[-76.517650600231974,37.055687571375586],[-76.517484517128622,37.055616095804758],[-76.517548374725621,37.055402889876092],[-76.517528897588406,37.055361354004958],[-76.51750900659674,37.055387526798349],[-76.517464996514832,37.055445440718437],[-76.517419204894694,37.055623238000145],[-76.517406742770987,37.055622802891257],[-76.517114420666843,37.055612611743818],[-76.517081815096219,37.055548878051709],[-76.517032552543441,37.055597498275915],[-76.517013982180984,37.055652129647783],[-76.517004979367755,37.055651301182451],[-76.516757524718514,37.055628580119311],[-76.516710710997103,37.055583836579785],[-76.516685934965238,37.055613641289497],[-76.516526346338665,37.05555600701932],[-76.516421071669896,37.055518520411553],[-76.516395317827659,37.055454901913762],[-76.516388400999205,37.05548014927092],[-76.516334668167985,37.055676402011706],[-76.516318098802003,37.055680183354738],[-76.516289839378899,37.05568663577877],[-76.516127730122975,37.055725113299687],[-76.516060297447595,37.055742647221031],[-76.516048351922834,37.055745753818222],[-76.515962986863954,37.055733327000986],[-76.515891253181707,37.055723876963853],[-76.515689829899074,37.05569301151521],[-76.515331308399183,37.055640267219104],[-76.515032616711579,37.055528092622396],[-76.514845763558327,37.055464504834319],[-76.514817922249193,37.055480518777223],[-76.514674599790624,37.055456126187032],[-76.514860214607168,37.055044428102441],[-76.514541473980799,37.05491268384182],[-76.514019184898601,37.054700584827565],[-76.513809424250951,37.054623040682124],[-76.513713663829549,37.054587639964929],[-76.513079041439752,37.054353029069937],[-76.512747084014649,37.054228578326324],[-76.511848197284579,37.053837044935648],[-76.511700119467704,37.054155302110246],[-76.511643677463042,37.054276608889026],[-76.511633861262695,37.054297705165567],[-76.511188436581875,37.054161065596254],[-76.510743486498754,37.054024569327865],[-76.51058955456034,37.053960715911096],[-76.510325289271819,37.053877260489955],[-76.509846836189325,37.053693355246274],[-76.509796311588474,37.053659535878339],[-76.509760681970022,37.053711129813266],[-76.509689381122811,37.053685200020759],[-76.509559548836179,37.053669269808431],[-76.50946769868365,37.053642992581366],[-76.509427092199942,37.053623075816141],[-76.50939712512448,37.053589602828268],[-76.509395731088048,37.053587879386647],[-76.509277616174401,37.053441980832162],[-76.509205770529874,37.05345919918534],[-76.509162896946293,37.053470054547851],[-76.509149081678814,37.053470928728871],[-76.509089038425358,37.053444288450898],[-76.509051775410512,37.053425779143438],[-76.509013614418464,37.053420879819349],[-76.508763616064996,37.053245879314993],[-76.508734224977914,37.0532272371101],[-76.508700825058114,37.053217947659441],[-76.508613265874885,37.053158775807084],[-76.508508938296288,37.053085584299751],[-76.508468115476759,37.053073905158861],[-76.508360868234107,37.052981434588169],[-76.50835731418853,37.052976246003418],[-76.508292620704836,37.052931878016885],[-76.507982625093064,37.052548875914312],[-76.504406636825749,37.056714901343994],[-76.504330637241935,37.056677901680175],[-76.504159639582667,37.056610900743756],[-76.503753643723329,37.056461900653062],[-76.503636644462333,37.056434900620808],[-76.50351564563681,37.056421901311403],[-76.503393645897035,37.056423901732238],[-76.502966649401344,37.056468902635629],[-76.502531651766589,37.056520902924206],[-76.502282654520386,37.056573903411483],[-76.501977655314917,37.056653904070856],[-76.501716657694757,37.056733905125121],[-76.501771657118596,37.056845904747668],[-76.501781656291755,37.056907905582953],[-76.5017726569139,37.056969905859077],[-76.501745655818198,37.057028906681204],[-76.501145658605139,37.057811910824476],[-76.500818660779615,37.057666910098],[-76.500462663806559,37.057465910357251],[-76.499526671025038,37.056885907456468],[-76.499248672975398,37.056721906799389],[-76.498616672108398,37.057376909220523],[-76.498220672484422,37.057784911518439],[-76.497808672085171,37.058209913341706],[-76.496991670534172,37.059046915918401],[-76.496435670223903,37.059597918675593],[-76.496231670107349,37.059799919354319],[-76.495741670006325,37.060247921750822],[-76.495751669673822,37.060271921851808],[-76.495809668897607,37.060332922184948],[-76.495876668589233,37.060386921898008],[-76.496281667000105,37.060744924798584],[-76.496862662150619,37.061241926758747],[-76.497387659195482,37.061683929679177],[-76.497447659431074,37.061718929556569],[-76.497531659398774,37.061750929592378],[-76.497621658354433,37.061769930024198],[-76.49767665822651,37.061773930505808],[-76.497749658217884,37.061764929945689],[-76.497912658691732,37.061725929498188],[-76.498306657193524,37.061586928877112],[-76.498449656413214,37.06155692989126],[-76.498572656364161,37.061546929972785],[-76.49867165642803,37.061549929174255],[-76.498762655683848,37.061571929991018],[-76.49884665596224,37.06160593001109],[-76.498921654781597,37.061652930837077],[-76.499002654838321,37.061720931499451],[-76.499443653106951,37.062087933263598],[-76.500038648213675,37.062625935903192],[-76.500660641379682,37.063206938180024],[-76.500935638763693,37.063497939280282],[-76.501531631224637,37.064132941170548],[-76.501765628247426,37.064382942232534],[-76.50214162383142,37.064779943061524],[-76.502266622513559,37.064877944134359],[-76.502391622315429,37.064955943995372],[-76.502611618898214,37.065072943875442],[-76.503066615537875,37.065316945343298],[-76.503199613297483,37.06540794527875],[-76.503321612665871,37.065509945751622],[-76.503428611921976,37.065620945646096],[-76.503503610821213,37.065715946408019],[-76.503572609358017,37.065836946606233],[-76.503641608737112,37.065992947543343],[-76.503950601970118,37.066918951135818],[-76.504697597616726,37.066757949432294],[-76.505132594263131,37.066658948276526],[-76.505447592653056,37.066581947287446],[-76.505558591269761,37.06654794717862],[-76.505737590783923,37.066478947412868],[-76.50590158968474,37.066400945282346],[-76.506172588482855,37.066257945055369],[-76.507411581051329,37.065570940400697],[-76.50752958102693,37.065519939148523],[-76.507655579785492,37.065482938891222],[-76.507667579435136,37.065600939122191],[-76.507764576979724,37.066016941779544],[-76.507979571630401,37.066977945541616],[-76.508131567682327,37.067642949209365],[-76.508197567332857,37.067913950165291],[-76.508274565250275,37.068232951735347],[-76.508377562917815,37.0685579530236],[-76.508454561377462,37.068781954157778]]]},"properties":{"OBJECTID":12,"ADDRESS":"501 BLOUNT POINT RD","PrecinctName":"Hidenwood","Num":208,"TOTAL":2081,"BLACKNH":131,"WHITENH":1730,"TOTALHISP":96,"ASIANNH":57,"TOTAL18":1725,"USCON":"C03","STSEN":"S024","STHOD":"H070","COUNCIL":"CENTRAL","POLLINGLOC":"HIDENWOOD ELEM SCH","GlobalID":"{F1996CA7-0F3C-46B4-98D5-006EB13B2F36}"}},{"type":"Feature","id":13,"geometry":{"type":"Polygon","coordinates":[[[-76.458858871972652,37.034300788302374],[-76.459784863075797,37.035802794430147],[-76.460302858997835,37.036598796915563],[-76.461016852252214,37.037822802901729],[-76.461660847127263,37.038895807412274],[-76.462225840887072,37.039792810908807],[-76.463685828316187,37.042163821933904],[-76.467428793671814,37.048167849086937],[-76.468174787590996,37.049441854754022],[-76.470363768315991,37.052948870545357],[-76.470437769316078,37.052343867912334],[-76.470487771215119,37.052031866283627],[-76.470356772340992,37.05171886498708],[-76.469531780203837,37.050413859521811],[-76.469285782043855,37.049996857675211],[-76.468598788579442,37.048832852676654],[-76.468032794271053,37.047923847974594],[-76.467790795618541,37.047537846001767],[-76.467671797697506,37.047289844560709],[-76.467638798994656,37.047013844166841],[-76.467607799855372,37.046569841874074],[-76.467613800464704,37.046378841485115],[-76.4677448024906,37.045945839126226],[-76.468026802886598,37.045641838652287],[-76.468155803238886,37.045385837430466],[-76.468214803497759,37.045217836683449],[-76.468260804157154,37.045049836031026],[-76.468232805368572,37.04475383426054],[-76.468165807001043,37.044520833487724],[-76.468117806409253,37.044398833085104],[-76.468695807351494,37.043959830641015],[-76.468767806879626,37.043909831597297],[-76.468821806419555,37.043871831374261],[-76.469042806438722,37.043735830279054],[-76.469227806756919,37.043636830023786],[-76.469277807371554,37.043597830462282],[-76.469355807407794,37.04351882993371],[-76.469399806520897,37.043538830180651],[-76.469493806749114,37.043562830188492],[-76.46957480615886,37.043566830003705],[-76.4696568064724,37.043556829646242],[-76.46971780644644,37.0435388302161],[-76.469787805734342,37.043503830142136],[-76.469865805602254,37.043427828885179],[-76.470641806683332,37.042559826590285],[-76.471199807291882,37.041944823144867],[-76.471209807359685,37.041917823272364],[-76.471396807808489,37.041689822600681],[-76.471476808639252,37.041592822428193],[-76.471331808638936,37.041491821348338],[-76.472242810410634,37.040606817774147],[-76.474348810957864,37.038595810363958],[-76.475064812172278,37.037954807713255],[-76.475206811957605,37.03784780676903],[-76.475360812328702,37.037751806260715],[-76.475525811794057,37.037667805612266],[-76.47570981133012,37.037592805738704],[-76.475845811269977,37.03752480655816],[-76.476052810653258,37.037394805406947],[-76.47640481134701,37.037124804366137],[-76.476487810798247,37.037061803477314],[-76.476601811509425,37.036966802996034],[-76.476732811330095,37.03683980286624],[-76.476824811169365,37.036734802482009],[-76.476913812080753,37.036605801467573],[-76.476986812655397,37.036470801165429],[-76.477042812353417,37.036329801537683],[-76.47705681249785,37.036258800688763],[-76.47940980809949,37.035636798240446],[-76.479656806868988,37.035785798310137],[-76.480149728041454,37.035095609949856],[-76.480035144982153,37.035050825010856],[-76.47943384474091,37.035416002073951],[-76.478646802587463,37.03508441114883],[-76.478248741980593,37.034932817613971],[-76.478334688184759,37.034794182071828],[-76.477934405838198,37.034641708353419],[-76.477853008200526,37.034610090794814],[-76.47756130621049,37.034497938285035],[-76.477364553742987,37.034423131190088],[-76.477198336560434,37.034359837320466],[-76.476927263039116,37.034245289498983],[-76.476842584567393,37.034208121291719],[-76.476648571682034,37.034136822934457],[-76.476489672721414,37.034078431724915],[-76.476302265050649,37.034010552362908],[-76.476282648191017,37.034003444433317],[-76.476129985309427,37.033945876473254],[-76.475770303700742,37.033813318399154],[-76.475475472064332,37.033690121490459],[-76.475316180698371,37.033624194973811],[-76.47516709142144,37.033561191833215],[-76.474987102960213,37.033500404260813],[-76.474854625299088,37.033456914356584],[-76.47454952574698,37.033333538458081],[-76.474268842909453,37.03319409488244],[-76.473946324779035,37.033081403898677],[-76.473506355725576,37.032876031724392],[-76.473484922739516,37.032908628685355],[-76.473385346620788,37.032870922993261],[-76.473157923657354,37.03276416244433],[-76.473146004942706,37.032758567339584],[-76.473080969931118,37.032728039304999],[-76.473073790652407,37.032736095208797],[-76.473023287134154,37.032707761478832],[-76.472678819122848,37.032528434578559],[-76.472717733965766,37.032485183211413],[-76.472394514556854,37.032281516074491],[-76.472306719914272,37.032356846307536],[-76.472144181037649,37.03228796352213],[-76.47196817468253,37.032210593294586],[-76.471924193535202,37.032190563563404],[-76.471727869945269,37.032104583243388],[-76.471606041127046,37.032050170571509],[-76.471474345473155,37.031981155770509],[-76.471298521621634,37.031892962768325],[-76.471241105002036,37.031861750175516],[-76.471011294614485,37.03174240953075],[-76.470778058884321,37.031623006680661],[-76.470551601407635,37.031506466535355],[-76.470550716542419,37.031506009633127],[-76.470580827397441,37.031471262602246],[-76.470243217418925,37.031283204617097],[-76.470203475160176,37.031329065571278],[-76.470203212302039,37.03132893214994],[-76.47020003890168,37.03132733076469],[-76.470081709760677,37.031267597715178],[-76.469851903005903,37.031148254808556],[-76.469625521009945,37.031028964196402],[-76.469399067085874,37.030912421835382],[-76.469172981216786,37.03078215010067],[-76.469122343591778,37.030753804225178],[-76.468953599798013,37.030657487154286],[-76.468835420090301,37.030592261826072],[-76.468730867829322,37.030530019642107],[-76.468687226779593,37.030496299821486],[-76.468639940770046,37.030470758797968],[-76.468605912285511,37.030461930831542],[-76.468569048676869,37.030431074245321],[-76.468522130245844,37.030391803336983],[-76.468471640481255,37.030357968858098],[-76.468444388374564,37.030352000507925],[-76.468381082575064,37.030284974392579],[-76.468337221753572,37.030259492352052],[-76.468303267131432,37.03024791833478],[-76.46836333456605,37.030180274049933],[-76.468239117297514,37.030084724313674],[-76.468169036880681,37.030014833921882],[-76.468071703444238,37.029938978636181],[-76.467957098018019,37.02986832051387],[-76.467926716078622,37.029851312677415],[-76.467886723074898,37.029809413806987],[-76.4677730768027,37.029703057081946],[-76.467699014484865,37.029781448423179],[-76.467607867862554,37.029730424671222],[-76.467533330799398,37.029698918257061],[-76.467482914673624,37.029662333767988],[-76.467412171472191,37.029617156592749],[-76.467347908242587,37.029585827439789],[-76.467310971757826,37.029557718224162],[-76.467431180960958,37.029419684667594],[-76.467391262224012,37.02937503966546],[-76.467304721462909,37.02928014030433],[-76.467278059910512,37.029252206683481],[-76.467251103276524,37.029235257809198],[-76.467207317214758,37.029207029384651],[-76.467116466687983,37.029145022301108],[-76.467076105628607,37.029116852969118],[-76.46703574347562,37.029088683603845],[-76.466972367325042,37.029024402711215],[-76.466921953019224,37.028987818901747],[-76.466895142999391,37.028965378001004],[-76.466824769746822,37.028906469757572],[-76.466771224724113,37.028858842863364],[-76.466757820319231,37.028847622406275],[-76.466606650953707,37.028735121952423],[-76.466452426148919,37.028608832331216],[-76.466375203800766,37.028549806398175],[-76.466297980401009,37.028490782196826],[-76.466136833166857,37.028367116190097],[-76.466056480499589,37.028297049711902],[-76.465989311889885,37.028246439829346],[-76.465925641017037,37.028193139499123],[-76.465902109847036,37.028176252194491],[-76.465868156556226,37.028164676574491],[-76.465824445449726,37.028133701673298],[-76.465680571546955,37.028004842613896],[-76.465519573896941,37.027875688341886],[-76.465375110316515,37.027768796604825],[-76.465217172709117,37.027653430077855],[-76.465106290273624,37.027571843569433],[-76.464982155224448,37.027473545332818],[-76.464898822944107,37.027386940387089],[-76.464834083713185,37.027330659217334],[-76.464811768367511,37.027311259981673],[-76.46476256896679,37.02727744254954],[-76.46473864973747,37.027261001660356],[-76.464680566317838,37.027221080052165],[-76.464636928956708,37.027187359629679],[-76.464603342273222,37.027162052878289],[-76.464546601165964,37.027106127949708],[-76.464462604973832,37.027044236348047],[-76.464397607567122,37.02704036521871],[-76.464361854272454,37.026968318773953],[-76.46430109435174,37.026934301237382],[-76.464260809370643,37.026903385879208],[-76.464217320182271,37.026864171576591],[-76.464166687035075,37.026835823569471],[-76.464109426054918,37.026799116496989],[-76.464076432902814,37.026751846448612],[-76.464025799883501,37.026723498380889],[-76.464019245889901,37.026712394271883],[-76.463992660267152,37.026681716647126],[-76.463948729124979,37.026658978932588],[-76.463871509595606,37.026599951336607],[-76.463811045757069,37.026554949702643],[-76.463757356532184,37.026512812457192],[-76.463704185830508,37.026451450776833],[-76.463650718308855,37.026401080104158],[-76.463586608386834,37.026364253392153],[-76.463549600897963,37.026338891658895],[-76.463485711590678,37.026293829692392],[-76.463435744242545,37.02624076772269],[-76.463355097332169,37.026181683183758],[-76.463274532469015,37.026119847359404],[-76.463231118081282,37.026077889433893],[-76.463217714718098,37.026066667672438],[-76.463150106496656,37.026032531933431],[-76.463076460843368,37.025968070249597],[-76.462945482709557,37.025869650464529],[-76.462797822580939,37.025754455696237],[-76.462683968781775,37.02565633555615],[-76.462472642101758,37.025869709117771],[-76.462435117739986,37.025863565152797],[-76.462397966441316,37.025843692333829],[-76.462351199721056,37.025798926103796],[-76.462257080415355,37.025731364069181],[-76.46220361561052,37.025680988254159],[-76.462183731590216,37.025655918887473],[-76.462140467147904,37.025608466857257],[-76.462117529314909,37.025569608412326],[-76.462060860722318,37.025510935345871],[-76.462027500783535,37.025477393641175],[-76.461961003085449,37.025402064215044],[-76.461924217437456,37.025368461368558],[-76.461884156165738,37.025329306415891],[-76.461860848671051,37.025304180423269],[-76.46182093546382,37.025259530826339],[-76.461774689417311,37.025195543586719],[-76.461715041575488,37.025120335316501],[-76.461685324155454,37.025078612152335],[-76.461645266531534,37.025039457176462],[-76.461548907644868,37.024927899916364],[-76.461409285538394,37.024768890276896],[-76.461395956654485,37.024754922348116],[-76.461356191895902,37.024704783376123],[-76.461296543781771,37.024629573071437],[-76.46123667483954,37.024562605139444],[-76.461186635102948,37.02451228815368],[-76.461100403657909,37.024406399483404],[-76.461040313169036,37.024347666627264],[-76.460987514953629,37.024272576602414],[-76.46092794259107,37.024194622872592],[-76.460887882456106,37.024155467579689],[-76.460811555843449,37.024063486460527],[-76.460745281402225,37.023979921149376],[-76.460725695439109,37.023943867716795],[-76.460632911966883,37.02382687711124],[-76.460587408981141,37.023735429827546],[-76.460571469800655,37.023691198722474],[-76.460494922038265,37.023607454373867],[-76.4604452546034,37.023543407294333],[-76.460402287359585,37.023484971666534],[-76.460348896019639,37.023431848988608],[-76.460296324547528,37.023348520831846],[-76.460256413221757,37.023303873404636],[-76.460193194588911,37.023234096917307],[-76.460137122459614,37.023153457969521],[-76.460077328756739,37.023083738060926],[-76.460024459452356,37.023011394480406],[-76.459964962002672,37.022930693380523],[-76.45987181194252,37.022827431085446],[-76.459835321255412,37.022782842788516],[-76.4598055396213,37.022743865241956],[-76.459738824333044,37.02267677603529],[-76.459702115057368,37.022640425632282],[-76.459672108063813,37.022609685870329],[-76.459619390927955,37.022531850247333],[-76.459586325150482,37.022487320330825],[-76.459549987373919,37.022437240105027],[-76.459477532975342,37.022328841723322],[-76.459467703484592,37.022312187880338],[-76.459358615590389,37.022164693898468],[-76.459348638024636,37.02215353286396],[-76.459253026746396,37.022014513225677],[-76.459249750303343,37.0220089610375],[-76.459213635140614,37.021950642830639],[-76.45914073725443,37.021858723596161],[-76.459080576323473,37.021802732991659],[-76.4590277818278,37.021727642081416],[-76.458932171676935,37.021588622180467],[-76.458927514923531,37.021580527743126],[-76.45892296824799,37.021572394654648],[-76.458918529378948,37.021564223776792],[-76.458914200660658,37.021556011545108],[-76.458909982997952,37.02154776608711],[-76.458905875388751,37.02153948287885],[-76.458901882205666,37.021531166502811],[-76.458897995681085,37.021522813218965],[-76.458894223436815,37.021514432172751],[-76.458890565788664,37.021506011652448],[-76.458887017877942,37.021497565093654],[-76.458883586567367,37.021489088108815],[-76.458880267362716,37.021480580620036],[-76.458883919742235,37.021471651417357],[-76.45888697447802,37.021462583863304],[-76.458889438876113,37.021453398815169],[-76.45889128868636,37.021444120188271],[-76.458892527625522,37.021434776889528],[-76.458893150494973,37.021425394967281],[-76.458893154367559,37.021415999607967],[-76.458892391659589,37.02140651975165],[-76.458907252013233,37.021392008288046],[-76.458918056212383,37.021386851661916],[-76.458924290345109,37.021380555833339],[-76.458932158629793,37.021371601485399],[-76.458938243731154,37.021363454451603],[-76.458949443199714,37.021365022261989],[-76.458960811246399,37.021365007561172],[-76.458972003970686,37.021363407991458],[-76.458982678139975,37.021360279793328],[-76.458992514388939,37.021355711167438],[-76.459001211116473,37.021349840195519],[-76.45900850487898,37.02134284888465],[-76.459011662980743,37.021338450187926],[-76.459014176445791,37.021334947048381],[-76.459018046183573,37.021326376733064],[-76.459006529286796,37.021325784068502],[-76.458994987789751,37.021325853451167],[-76.458983480188977,37.021326583191346],[-76.458972075044187,37.021327973576447],[-76.458960813191254,37.021330010893401],[-76.458949763335781,37.021332690024202],[-76.458938984363058,37.021335994864735],[-76.458798726302831,37.021328068336999],[-76.458681532856517,37.021227135352312],[-76.458666410144346,37.021152697539854],[-76.458597237940452,37.021049851775317],[-76.458579797489548,37.020934164205819],[-76.458406166101696,37.020766318312646],[-76.458303467063118,37.020509044342447],[-76.458287088703017,37.020481290532814],[-76.458302045114138,37.020434844107278],[-76.458227224727352,37.02041431563692],[-76.458196996947947,37.020391813372015],[-76.458121270135621,37.020277862830532],[-76.458061555681653,37.020205399556481],[-76.458025367076402,37.020149826919926],[-76.457999082621299,37.020108162301277],[-76.457952695808743,37.020049668187859],[-76.457926336254943,37.020010747689732],[-76.457919931910808,37.019994152223127],[-76.457928871396646,37.019974200510546],[-76.457946695456528,37.019962949305793],[-76.457965635705676,37.019950989189844],[-76.457999951187617,37.01994883813822],[-76.458081920900682,37.01995850090379],[-76.458106111155843,37.019950678792611],[-76.458127105918706,37.019934560416893],[-76.458141174306547,37.019921067332142],[-76.458035384851854,37.019905496917865],[-76.45794901035292,37.019934313756274],[-76.457933031503146,37.019937459794861],[-76.45791603767519,37.019939021717427],[-76.457898953945744,37.019938291806895],[-76.457874209182506,37.019933755179011],[-76.45786538654518,37.019928091407685],[-76.457857286010608,37.019922035467488],[-76.457850310815203,37.019915140085601],[-76.457844599142589,37.019907532943911],[-76.457840263851054,37.019899363818183],[-76.457807574106184,37.019841105467279],[-76.457732885906083,37.019688711258958],[-76.457713302488372,37.019652657319284],[-76.457712639896599,37.019652343878889],[-76.45768817186422,37.019640847459748],[-76.45757369618606,37.019587049365924],[-76.457537664731447,37.019570115567099],[-76.457506928906412,37.019555670273256],[-76.457501339606068,37.019546196786706],[-76.457432673121559,37.019429849066931],[-76.457301933071975,37.019507727226923],[-76.455917932542235,37.020611732512045],[-76.455603931882123,37.021019733520255],[-76.455472929711206,37.021716736629628],[-76.455180928320033,37.022348738827489],[-76.453951926866083,37.023374743856394],[-76.453839927504958,37.023469743887389],[-76.45340592783792,37.023766745164195],[-76.452979928315983,37.023925745671605],[-76.452468929355433,37.024050745455042],[-76.452500928540971,37.024101746624858],[-76.45257092910829,37.024198746408977],[-76.452691927763837,37.024376747585514],[-76.452870925006749,37.024637748285322],[-76.453008924860043,37.024849748992061],[-76.453138924007234,37.025045749752294],[-76.453503920014128,37.025587752567752],[-76.453807917702207,37.026058754530133],[-76.454984906791523,37.028002761709011],[-76.455659900436189,37.029188766972027],[-76.45597189819938,37.029671768581622],[-76.456584892096984,37.03066977260179],[-76.45731888525647,37.03184277759015],[-76.457360885057454,37.031910777683002],[-76.458087878327262,37.03301378156376],[-76.458334876573602,37.033426784037921],[-76.458828872141325,37.03424978764162],[-76.458858871972652,37.034300788302374]]]},"properties":{"OBJECTID":13,"ADDRESS":"110 MAIN ST","PrecinctName":"Hilton","Num":321,"TOTAL":3334,"BLACKNH":251,"WHITENH":2557,"TOTALHISP":255,"ASIANNH":105,"TOTAL18":2533,"USCON":"C03","STSEN":"S024","STHOD":"H085","COUNCIL":"SOUTH","POLLINGLOC":"MAIN STREET LIBRARY","GlobalID":"{589A8536-E39E-4E83-A5AB-D50DEE139AE0}"}},{"type":"Feature","id":15,"geometry":{"type":"Polygon","coordinates":[[[-76.427490084502139,36.997231664353073],[-76.427888085030588,36.997867663559951],[-76.428066085980262,36.99815266338684],[-76.428283086952391,36.998504663045722],[-76.428746084989243,36.998328663186392],[-76.430926075566731,36.997459661855814],[-76.431042074270565,36.997412662691765],[-76.432180068914121,36.996748662130095],[-76.43240506692571,36.996652661735283],[-76.432880065236958,36.996448661434847],[-76.435064056276673,36.995663661076989],[-76.434753055577403,36.995189661160708],[-76.434215053706552,36.994293661762974],[-76.433965052944188,36.993886662596019],[-76.433543051049014,36.993232662593975],[-76.433337050542221,36.992911662509293],[-76.433129049993994,36.99257866265333],[-76.432332048032393,36.991305663210746],[-76.431627044339635,36.99014566491558],[-76.430771042129408,36.988758664727555],[-76.429997040562682,36.987585665467854],[-76.429443039512464,36.986747666601964],[-76.429207038112793,36.986384666707323],[-76.428825036432343,36.985632667159152],[-76.428762036342633,36.985509666729911],[-76.428727036724297,36.985463667717966],[-76.428399036142991,36.985035667604052],[-76.428129033982799,36.984634667768574],[-76.427976034312223,36.984410667958521],[-76.427879034109054,36.984248667949061],[-76.427479032760644,36.983748667774542],[-76.42744703315644,36.983697668333257],[-76.427193031966937,36.98323766837342],[-76.427153031853464,36.983165668393589],[-76.426638029961538,36.982289669555229],[-76.426292029263848,36.981738670154876],[-76.425880031473554,36.981899670133053],[-76.425677031834425,36.981979669954953],[-76.425423033643668,36.982079670273848],[-76.425277033074593,36.982136670197633],[-76.425053035108036,36.982224670246445],[-76.425010035103881,36.98224166993041],[-76.425128035525915,36.982347669950158],[-76.425177035442132,36.982381669706122],[-76.425517035972575,36.982814669829565],[-76.425059038448666,36.983090669867202],[-76.422679049143653,36.984000670870174],[-76.419978061596026,36.985077671862562],[-76.417281072734724,36.986148671964386],[-76.41767507424359,36.986788671351022],[-76.41806207495614,36.987421671842426],[-76.418457076295994,36.988065670812219],[-76.418853077961458,36.988706671049229],[-76.419148079078994,36.989183670046891],[-76.419650080100013,36.989979670048776],[-76.419894080917231,36.990365669923015],[-76.420058082026216,36.990633669670139],[-76.42057808276374,36.991483669503573],[-76.42124208568832,36.992548668203632],[-76.421504084014217,36.992447668352575],[-76.422511078978232,36.992045667742964],[-76.423193076211788,36.991773668143281],[-76.423958072243963,36.991468667548382],[-76.424335073928134,36.992107667024236],[-76.424737076150791,36.992749666749752],[-76.424920075115651,36.993031666619864],[-76.425131077545871,36.993379666875782],[-76.425530077457054,36.994039666125687],[-76.425916079734108,36.994673665742532],[-76.426313080338488,36.995307664883875],[-76.426353080424249,36.995371664791534],[-76.426546081124968,36.995675665636739],[-76.426647080516673,36.995844664521051],[-76.426715082082538,36.995958665023309],[-76.426954082460412,36.996360665113698],[-76.42709708379077,36.996602664032125],[-76.427490084502139,36.997231664353073]]]},"properties":{"OBJECTID":15,"ADDRESS":"3301 MARSHALL AVE","PrecinctName":"Jefferson","Num":308,"TOTAL":1744,"BLACKNH":1551,"WHITENH":60,"TOTALHISP":52,"ASIANNH":2,"TOTAL18":1254,"USCON":"C03","STSEN":"S023","STHOD":"H085","COUNCIL":"SOUTH","POLLINGLOC":"MARSHALL COURTS RECREATION CTR","GlobalID":"{36F728F2-FC5C-4E77-A4C2-860C6BBFF4CB}"}},{"type":"Feature","id":16,"geometry":{"type":"Polygon","coordinates":[[[-76.514694329614926,37.120172184805867],[-76.516212312369149,37.122081190323314],[-76.516341310402211,37.122241190834025],[-76.517437297809636,37.123606194614432],[-76.518176289442096,37.124522196773782],[-76.519571282366726,37.123821190748515],[-76.520403278055909,37.12339718675414],[-76.521346273033174,37.122935181595686],[-76.521658271343398,37.122789181145414],[-76.521974269766361,37.122647179406975],[-76.522293267100309,37.122511178478675],[-76.522671266141941,37.122344176266608],[-76.523286262282724,37.122096173603559],[-76.523894259443153,37.121851170801698],[-76.524875254159952,37.121446167076328],[-76.525110253073464,37.121342165454195],[-76.525340251151064,37.121231164787588],[-76.525566249874117,37.121114163402027],[-76.525786248008671,37.120991162056633],[-76.525867247835095,37.120941162086226],[-76.525942247661888,37.120885162541718],[-76.526011248192177,37.12082516164191],[-76.526057248322985,37.120776160875153],[-76.526130247768023,37.120686161101602],[-76.526176247413915,37.120614159854199],[-76.526302245802739,37.120712159377767],[-76.526759243430746,37.12053515826463],[-76.528454231431752,37.120418153285065],[-76.529482225470232,37.120348151557252],[-76.529812222988966,37.120264149512245],[-76.530388219954261,37.119968147377797],[-76.530509220649236,37.119748146872944],[-76.530784220409046,37.119243143019709],[-76.531680219293861,37.117685134123924],[-76.533990207567243,37.11618412239909],[-76.534430206524888,37.115783119386649],[-76.534967203079702,37.115374116681565],[-76.535263201248625,37.115268115360621],[-76.535763198147691,37.115237114221486],[-76.536596191367806,37.115328112743015],[-76.537209187302281,37.115404111166328],[-76.538035181392047,37.115556110243169],[-76.538300179056534,37.115578109512093],[-76.538565177167399,37.115646109833968],[-76.538785174980347,37.115821109920958],[-76.539088171425178,37.115949109206184],[-76.539285170701078,37.116002109236547],[-76.539413169525744,37.115987108934043],[-76.539542169150209,37.115881108800963],[-76.539663168251138,37.115851107691228],[-76.539784167226827,37.115866107639789],[-76.539875166838272,37.115965107632611],[-76.539875165810287,37.116055108175502],[-76.539845166326089,37.116184108615265],[-76.539834165976387,37.116325109475532],[-76.53950016777506,37.116589110642565],[-76.539455166756852,37.116832112530666],[-76.539758163464896,37.116923111487623],[-76.539894163210235,37.116983112254459],[-76.539773163473313,37.117104112815873],[-76.539591164924374,37.117150113544412],[-76.539470164930393,37.117241113916577],[-76.539516164795046,37.11734711514115],[-76.539682163381983,37.117362114546964],[-76.540000160859051,37.117301113229246],[-76.540167160847489,37.117271113008819],[-76.540381159251197,37.117314111675903],[-76.540576157088793,37.117544112870512],[-76.540727154801274,37.117741113959553],[-76.540727154151597,37.117938114480268],[-76.540667153751301,37.118150115884163],[-76.540606153576903,37.118392115838141],[-76.540636152478953,37.118528116370591],[-76.540818151977263,37.118528116510888],[-76.541015150178708,37.118513115572554],[-76.5411671489356,37.118650115796434],[-76.541121147896746,37.118831117174842],[-76.541152147768983,37.118953118021622],[-76.541394145417144,37.118968116854639],[-76.541530144975511,37.118968116799515],[-76.541712143672967,37.119043116541221],[-76.541742143664138,37.119180117207939],[-76.541697142387747,37.119346117883588],[-76.541818142095963,37.119392117756043],[-76.54197014116157,37.119240116859281],[-76.542121140454796,37.119074115458531],[-76.542318138515441,37.119134115125533],[-76.542469136230579,37.119316116139927],[-76.542621135425819,37.119483116970954],[-76.542742134905566,37.119619117246863],[-76.542894132765554,37.119695116767204],[-76.542984131863903,37.119740115848558],[-76.54313613119507,37.119831117251195],[-76.543181130118768,37.119786115901121],[-76.543212131483941,37.119665115099558],[-76.543104132094484,37.119462115590956],[-76.543075134044102,37.119240113889155],[-76.543075134384694,37.119013113641735],[-76.543242132988524,37.118831112443694],[-76.543560131274361,37.118725111170392],[-76.543787129225237,37.118756111143611],[-76.543893128060716,37.118907111339432],[-76.543995127662839,37.119116111475805],[-76.543954126684596,37.119240111914827],[-76.543863126829294,37.119422113395743],[-76.543742127360233,37.119528113983783],[-76.543712127556333,37.11969511507553],[-76.543787126404965,37.119725114794939],[-76.543999124723413,37.119786113999893],[-76.544242123206004,37.11974011348461],[-76.544333123942195,37.119589112932026],[-76.544393122390261,37.119422111842063],[-76.544545123164852,37.119195110388524],[-76.544742122556499,37.119059109716567],[-76.544969120245895,37.118998108768942],[-76.545060120779183,37.119013108607412],[-76.545211118153006,37.119149108942359],[-76.545272117356973,37.119392109215703],[-76.545166116323557,37.119937111956119],[-76.545151115069203,37.120180113794831],[-76.545241114788325,37.120270113134652],[-76.545560111807561,37.120361113330659],[-76.545787111423806,37.12018011236097],[-76.545992110334893,37.119912110464902],[-76.546120110421839,37.119816109126106],[-76.54628710876807,37.119816109002933],[-76.546378106591405,37.119998109959099],[-76.546378106027959,37.120225110906013],[-76.546393106244039,37.120331111024278],[-76.546529105900746,37.120361111295772],[-76.546741103956492,37.120270109980417],[-76.546862104000297,37.12011910890061],[-76.546953103923897,37.119907108110496],[-76.547084102905472,37.119681106618877],[-76.547241102030398,37.11958910587957],[-76.547499100187551,37.119665105792762],[-76.547680098726858,37.119695105571196],[-76.547908097769763,37.119619104383922],[-76.547892098471081,37.119377104081742],[-76.54772610070782,37.119195103385529],[-76.547393102906284,37.119195104140076],[-76.54700410573254,37.119257105108424],[-76.546711107040068,37.119271105865863],[-76.546393110501171,37.119301107040634],[-76.546166111130901,37.119271107149167],[-76.545969112870765,37.119165107015043],[-76.546150112459344,37.119013105699864],[-76.546575109117356,37.118983105455584],[-76.546984106854964,37.118983104339577],[-76.547438102933697,37.118922102569357],[-76.547771100957874,37.118786101617232],[-76.547847102022061,37.11869510118737],[-76.548271099331103,37.118545098873305],[-76.54825610003428,37.118436098599474],[-76.548229100093053,37.118295098107559],[-76.548195100987257,37.118155097530988],[-76.547994104919283,37.117468095221767],[-76.54791810563934,37.117233094054221],[-76.547140118290685,37.114811086755807],[-76.546896123890562,37.114021083590785],[-76.546737126213074,37.113503081721589],[-76.546451130772468,37.112576078336275],[-76.545723143726889,37.110212070790034],[-76.545189147393117,37.110386072222283],[-76.542721162644668,37.111168080753529],[-76.540316177579186,37.111919089603525],[-76.538113190996867,37.112613097157102],[-76.537414194551133,37.112835099753006],[-76.536293201491745,37.113190103599933],[-76.535547205705001,37.113426106332561],[-76.533788216653704,37.113983113472173],[-76.532756223091198,37.114306116824359],[-76.532306225892555,37.114447118482502],[-76.532183225614119,37.114480118751565],[-76.532057227694523,37.114509119328901],[-76.531930227837464,37.114532120180165],[-76.531801228979887,37.114549119975813],[-76.531532230467832,37.114573121125801],[-76.531308231992398,37.114576121128714],[-76.530669236302529,37.114531122895563],[-76.529691244071486,37.114456124568754],[-76.527301261845736,37.114277129568748],[-76.527316261626595,37.114177128294052],[-76.527398263508104,37.113455125651008],[-76.527488265554084,37.112669121646583],[-76.52758026694832,37.111871117664279],[-76.527673270167853,37.111084113671339],[-76.527760272383532,37.110285110122788],[-76.527815272465077,37.109863107620853],[-76.527878273447755,37.10954810597719],[-76.527982274662605,37.109239105280814],[-76.528107273550958,37.108943102923085],[-76.528138274355001,37.10887210288098],[-76.528405273601777,37.108392099979],[-76.528470273772982,37.108292099409489],[-76.528559273375109,37.108188099147974],[-76.530264266966427,37.10650208784088],[-76.530660265116623,37.106155084851032],[-76.530809265316307,37.106040084604473],[-76.531116263812848,37.105814083360052],[-76.530738266947779,37.105582083003462],[-76.529819275249636,37.105059081742581],[-76.529020283236108,37.104606081688402],[-76.528472288014683,37.104316081611351],[-76.528043291358344,37.104089082170418],[-76.527503296077796,37.10383708241433],[-76.527128299191361,37.103669081537006],[-76.526794302457105,37.103670082311751],[-76.526029307314616,37.103659084608942],[-76.525883307953706,37.103648084000092],[-76.525854307348496,37.104014086080952],[-76.525827305501437,37.10455508883436],[-76.52581230572774,37.104765089170733],[-76.525767303608305,37.105094091295626],[-76.525720304223483,37.105297092323234],[-76.525697303544618,37.105377091939232],[-76.525632303695104,37.105499092846905],[-76.525551303872604,37.105613093369058],[-76.525455304152672,37.10572009445584],[-76.525390305022597,37.105780095214662],[-76.5252633055633,37.105876096385778],[-76.525123305428707,37.105962095895293],[-76.52497230718933,37.106035097058587],[-76.52440531014274,37.106243098886758],[-76.523492315537538,37.1065641030848],[-76.523343316766443,37.106602103706216],[-76.52319131732051,37.10662510382123],[-76.522995319217102,37.106640103888289],[-76.523073317534127,37.106807104117479],[-76.523320314372995,37.107299105723783],[-76.523395312553646,37.107408106711624],[-76.523485312268647,37.107510106391864],[-76.523567311526861,37.107585107464708],[-76.523926307757222,37.107979108186377],[-76.524029306609364,37.10810210860793],[-76.524105305209915,37.108205108746077],[-76.523921307229259,37.108276108836478],[-76.523830306850243,37.10830711041897],[-76.522625314461919,37.108660114514763],[-76.521554320470969,37.108938118195852],[-76.520912325181442,37.109110120130019],[-76.519679332633245,37.109424124123798],[-76.519402334592655,37.109496124356411],[-76.519175335500805,37.109554125073444],[-76.519113336627271,37.109574125982689],[-76.519018336819741,37.109611126106927],[-76.518927337050684,37.109653126248716],[-76.51884033728517,37.10970012731817],[-76.518160340871049,37.110131131040156],[-76.518000341205763,37.110221131279907],[-76.517834343408211,37.110303132271945],[-76.517661343725322,37.110377132431438],[-76.516977346813746,37.110633135334183],[-76.516389354206282,37.109788132774561],[-76.515519365357832,37.10858212881606],[-76.515296368336024,37.108289128549885],[-76.514399377673115,37.107166124825284],[-76.513898384879695,37.106528123321269],[-76.513778385354144,37.106362122233612],[-76.513559388766993,37.106057121763776],[-76.513487390038591,37.105957121095273],[-76.513398388597807,37.106197122475173],[-76.513330388647418,37.10654012437989],[-76.513269388345776,37.10657812377476],[-76.513107389352811,37.106682125177883],[-76.513022390232607,37.106737125979926],[-76.513005387880369,37.107196127991472],[-76.51300338903809,37.107269128342494],[-76.512748388935478,37.10761113049071],[-76.511134396742676,37.108481137632765],[-76.510563399514297,37.108815140230163],[-76.50727141687382,37.110745157322654],[-76.507948408296485,37.111581159503913],[-76.508755398395238,37.112590162783036],[-76.510504378333138,37.114830169253871],[-76.510847374203536,37.115268170982418],[-76.511433368117679,37.116016173864487],[-76.514694329614926,37.120172184805867]]]},"properties":{"OBJECTID":16,"ADDRESS":"80 MENCHVILLE RD","PrecinctName":"Jenkins","Num":220,"TOTAL":6815,"BLACKNH":3133,"WHITENH":2443,"TOTALHISP":619,"ASIANNH":307,"TOTAL18":5145,"USCON":"C03","STSEN":"S024","STHOD":"H070","COUNCIL":"CENTRAL","POLLINGLOC":"JENKINS ELEM SCH","GlobalID":"{764016C1-D823-460E-826F-4A3BF100EB41}"}},{"type":"Feature","id":17,"geometry":{"type":"Polygon","coordinates":[[[-76.562491830081498,37.172650276651602],[-76.561082839761497,37.172748281240679],[-76.560196844584723,37.172809284766174],[-76.5596908479517,37.17286828694651],[-76.559186850304258,37.172941288112249],[-76.558795853141149,37.173007290413828],[-76.558314856022619,37.173104291966411],[-76.557838858553325,37.173214293940035],[-76.557203862138081,37.173389296308223],[-76.556678865086369,37.173539299165732],[-76.557389857323741,37.174465300526492],[-76.560230827690674,37.177990304835156],[-76.561163818599454,37.17917430663941],[-76.561626813343764,37.179768307816168],[-76.561922810722763,37.180148307296847],[-76.562797801286933,37.181190308879565],[-76.563182797128562,37.181679309217905],[-76.563548794063209,37.182147309919706],[-76.563847790016069,37.182503310473471],[-76.563978789814627,37.182688311448061],[-76.565544773462989,37.184706312779994],[-76.566389764574097,37.185823313657799],[-76.566842760130626,37.186378314513071],[-76.567200755936852,37.186818315549928],[-76.567468753217369,37.187159315512822],[-76.56928673525799,37.189463318574326],[-76.570947717538544,37.191602320419797],[-76.571617711120268,37.192432321290426],[-76.572088706408707,37.193000321442689],[-76.572641700060643,37.193735322041896],[-76.572748700356996,37.193868322454541],[-76.573132695530077,37.194374323385524],[-76.573369693545359,37.194687323158952],[-76.573620690305361,37.195005323241944],[-76.575610670007705,37.197534325721691],[-76.577088656059786,37.199394326868912],[-76.577306654244879,37.199667326532953],[-76.578032646018087,37.200624327904634],[-76.579724630233557,37.202753329365784],[-76.580750620026365,37.203907330198732],[-76.581389613378988,37.204550330027729],[-76.582168606950518,37.205277329643231],[-76.582816601347531,37.205830328985726],[-76.583320597421746,37.20622632843866],[-76.58433458861002,37.206991327081688],[-76.584969583179742,37.207419325450616],[-76.58553957944865,37.207780325332877],[-76.586469571924468,37.208344323971744],[-76.587544563137257,37.208938322082162],[-76.588085558576921,37.209208320626637],[-76.589125551554687,37.209694318321631],[-76.589960545183828,37.210044316134173],[-76.590873538903693,37.210384314218629],[-76.591411534963243,37.210611312328801],[-76.591639534069088,37.210700312281077],[-76.591693533503516,37.210539311168773],[-76.591714255366554,37.210488703825973],[-76.591459988520242,37.209408274796317],[-76.591426110506347,37.209253888731702],[-76.591279059440453,37.208676346873986],[-76.590554183133676,37.205829203413494],[-76.590500554079682,37.205749298615906],[-76.590454554937097,37.205713298911725],[-76.590096559020012,37.205193299639532],[-76.58955756399682,37.20450529849758],[-76.589384948017241,37.204323373200296],[-76.588022415423566,37.203258149539074],[-76.587191583865504,37.202676301230873],[-76.586474590039799,37.201916301276064],[-76.585479600210277,37.200824300817821],[-76.585437600624815,37.200715301189824],[-76.585399600472385,37.200595301337124],[-76.585367601251761,37.200473300625035],[-76.585344602261017,37.200396300201184],[-76.58531060213042,37.200280300215042],[-76.58528860168434,37.200185300172691],[-76.585266602753819,37.200062298998915],[-76.585255602905164,37.200009299782337],[-76.585239603398421,37.199910298934576],[-76.585219604659656,37.199820298333599],[-76.585192603974789,37.199747298645754],[-76.585178604937113,37.199655298081737],[-76.58517360507058,37.199627297827668],[-76.584814608477075,37.198891296804163],[-76.584695609756679,37.198668296421985],[-76.584665610514676,37.198611296226645],[-76.584585611788469,37.198460296078196],[-76.584435613917066,37.198051295860544],[-76.584283616093884,37.197647293920653],[-76.58338362930067,37.195147288989034],[-76.583146065549727,37.195099635257222],[-76.583092184048027,37.195114015253047],[-76.582815281558112,37.195200174043698],[-76.582804591995881,37.195200005795421],[-76.58279390738025,37.19519968711154],[-76.582783228883116,37.195199216208671],[-76.582772565445183,37.195198595935814],[-76.582761914882823,37.195197823553627],[-76.582751286205294,37.195196899208597],[-76.582740682745438,37.19519582475737],[-76.582730095471078,37.195194600954466],[-76.582719540194262,37.195193226254268],[-76.582709020293478,37.195191700711661],[-76.582698533424931,37.195190027893673],[-76.582595132033177,37.195179982209559],[-76.582481950670442,37.195130538196501],[-76.582412351226282,37.195055371991593],[-76.582404238858501,37.19493829367768],[-76.582180637439592,37.194884291763792],[-76.582138637570282,37.194805291883227],[-76.582156638837276,37.194583291873272],[-76.582474637827588,37.194156288510946],[-76.582703638248674,37.193747285511748],[-76.58270863752162,37.193646285582744],[-76.582760638140272,37.193571285293437],[-76.582791637170502,37.193577284953953],[-76.582863636838653,37.193582285102735],[-76.582937636649476,37.193577284571596],[-76.583044635468809,37.193529284258119],[-76.583227634458893,37.193452282812238],[-76.583301635033138,37.193406283423556],[-76.583337634692512,37.193358282433294],[-76.583372635333689,37.193285282433138],[-76.583383634784212,37.193222281758011],[-76.583362635064134,37.193164281764872],[-76.583330636168213,37.193101281239272],[-76.583305635351891,37.193061281647445],[-76.583256635885178,37.193012281367061],[-76.583188636949544,37.192970281901985],[-76.582835638926881,37.192874282925295],[-76.58281263890909,37.192907283033549],[-76.582823638492144,37.192954283598631],[-76.582826637997002,37.193007282947669],[-76.582746638965318,37.193028283824013],[-76.582687638990322,37.192996284038941],[-76.582700639995522,37.192953283952569],[-76.582699640460561,37.192909283096498],[-76.582599640455598,37.192863283493196],[-76.582491641456272,37.192849283818703],[-76.582378642428111,37.192830283570451],[-76.582264643433177,37.192814284472803],[-76.582134644397073,37.192806284634671],[-76.582009644375148,37.192812285382175],[-76.581915645765989,37.192845285929387],[-76.581770645439647,37.192940287038589],[-76.581759646287097,37.192946286574831],[-76.581421648065813,37.192944288085648],[-76.581237755429072,37.192908714027958],[-76.58123055495173,37.192913122317883],[-76.581222261032877,37.192918177077544],[-76.581213952771023,37.192923219886701],[-76.581205632464204,37.192928248980138],[-76.581197297860157,37.192933264321212],[-76.581188950153759,37.192938263225493],[-76.58118058920752,37.192943251098512],[-76.581172215158929,37.192948222534724],[-76.581163826858955,37.192953178416715],[-76.581155425364955,37.192958121465587],[-76.581147015227316,37.192963049952752],[-76.581138586265055,37.192967965515201],[-76.581130148682021,37.19297286561499],[-76.581121694526644,37.192977752826671],[-76.581113229544016,37.19298262273729],[-76.581104751298781,37.192987482517545],[-76.581096259974032,37.192992324959967],[-76.581087755569854,37.192997150064699],[-76.581079237834302,37.193001967741779],[-76.581070709317288,37.193006766315882],[-76.58106216760639,37.193011552056845],[-76.581053612770219,37.193016322261855],[-76.581045044785867,37.193021077831872],[-76.581036463630454,37.193025819667824],[-76.581027871556316,37.193030547806273],[-76.581019267505866,37.193035259526212],[-76.581010649158273,37.193039957493703],[-76.581002021040931,37.193044640881176],[-76.580993376374167,37.193049310479559],[-76.580984717478955,37.193053963622802],[-76.580976056628131,37.193058605016823],[-76.580967378216286,37.193063228098978],[-76.580958686610515,37.193067838347929],[-76.580949981948237,37.193072430358164],[-76.580941267355882,37.193077014094676],[-76.580932538557988,37.19308158047513],[-76.580923797760974,37.193086131337921],[-76.580915046091036,37.193090666701394],[-76.580906281250066,37.19309518833068],[-76.580897510063522,37.193099693633066],[-76.580888718949282,37.193104185091343],[-76.580879916916231,37.19310866285214],[-76.580871105182155,37.193113123330086],[-76.580862284758666,37.193117571048035],[-76.580853446705518,37.193122003156724],[-76.580844601157779,37.193126419821041],[-76.58083574356516,37.19313082276949],[-76.580826872916049,37.19313520747923],[-76.580817991325375,37.19313957939233],[-76.580809096563655,37.193143937571271],[-76.580800192100966,37.193148278467326],[-76.580776374650611,37.193139647948037],[-76.580749124632959,37.193130967907955],[-76.580738229588349,37.193128523979382],[-76.580727251739376,37.193126323853377],[-76.580716206920343,37.193124365083484],[-76.580705097383344,37.193122647706382],[-76.580693933194652,37.193121174589542],[-76.580682722214092,37.193119946762167],[-76.580671473542168,37.193118960767066],[-76.580660198233829,37.193118224895585],[-76.58064889633475,37.193117737345958],[-76.58063758827528,37.193117492141425],[-76.580626273849205,37.193117497390155],[-76.580614963260189,37.193117750554343],[-76.580603666666107,37.193118250897882],[-76.580592390823526,37.193118998530636],[-76.580581140305583,37.193119990823142],[-76.580570010400365,37.193118941857364],[-76.580558933716432,37.193117571996453],[-76.580547922664167,37.193115880541093],[-76.580536996273153,37.193113872307165],[-76.580526170309213,37.19311154755114],[-76.580515454747314,37.193108912744336],[-76.580504867605299,37.193105968179843],[-76.580494417777942,37.193102718508769],[-76.580484124340458,37.19309916674537],[-76.580473999497201,37.19309532029839],[-76.580464049890338,37.193091183782386],[-76.580454301329141,37.193086761222425],[-76.580444753630488,37.19308205982577],[-76.580320266695821,37.19298113837133],[-76.580233117567943,37.192897307838074],[-76.580272437531917,37.192721973760648],[-76.58010865667012,37.192690291485356],[-76.579985658084752,37.192667292170412],[-76.580003657915313,37.192619292223512],[-76.580042657424656,37.19248329150426],[-76.580065658086568,37.192477290902389],[-76.580102657514161,37.192287290314361],[-76.580232658262915,37.191730287742146],[-76.580256659604643,37.191491287135264],[-76.580266660360053,37.191429287102565],[-76.580285659875628,37.191399285871803],[-76.580281660059498,37.191347286795818],[-76.580254660479724,37.191193286145221],[-76.580249660705348,37.19110028563405],[-76.580241660780828,37.191067285521463],[-76.580208662041059,37.19099828595936],[-76.580160661151311,37.190957285077815],[-76.580151661755835,37.190949284844898],[-76.580158661251346,37.190903285223847],[-76.580183662630049,37.190747285163035],[-76.577997676259926,37.190484291371334],[-76.577971676818336,37.190462291063248],[-76.577951676679163,37.190342290428092],[-76.577907678477544,37.190263290578685],[-76.577922677939597,37.190210290373571],[-76.577926678090847,37.190165290203495],[-76.577963677758817,37.190070289574685],[-76.577980678034848,37.189963289707116],[-76.57801567846289,37.189884289520641],[-76.578054678605241,37.189789289000494],[-76.578066678945504,37.189721288456354],[-76.578044679382657,37.189584287604177],[-76.578038679398148,37.189458287087433],[-76.578037679732191,37.189388287554799],[-76.578057679893618,37.189311287251108],[-76.578053679561535,37.189269286944771],[-76.578131679436098,37.189075285941342],[-76.578275679339825,37.188851284211133],[-76.578531678501591,37.188723282609146],[-76.578995675533832,37.188611281134087],[-76.579571671970669,37.188691279672192],[-76.579987669499388,37.188595276942912],[-76.579966670193627,37.188413277020473],[-76.579959670703573,37.188356277423509],[-76.579984670508139,37.188319276228732],[-76.580008670875955,37.188256276430423],[-76.580000670249987,37.188209275660761],[-76.579999670873747,37.188176275855803],[-76.579956670676168,37.188129276119454],[-76.579918671278648,37.188094275471855],[-76.579866671627855,37.188066275331806],[-76.57978367303356,37.188034276440391],[-76.579698673183131,37.188010276302123],[-76.579621673054632,37.187982276586979],[-76.579533674764193,37.187975276301366],[-76.579458674979932,37.187939276751351],[-76.579395675911016,37.187891276242503],[-76.57881967921297,37.187715277778473],[-76.578503681071496,37.187715278957597],[-76.578407682516882,37.187671280339927],[-76.578304682889041,37.187627280288261],[-76.578249683159655,37.187599279230177],[-76.578201684770193,37.187586279657658],[-76.578180684362309,37.187512279820602],[-76.578129684283596,37.18748527938159],[-76.578080684901721,37.187426279704823],[-76.578060686008683,37.187406279743634],[-76.578060685855903,37.187344279188402],[-76.578038685895862,37.187254279585652],[-76.578027685724251,37.187190279260101],[-76.577990686309221,37.187134278901283],[-76.577983687517687,37.187075279202062],[-76.577985687069599,37.187033278366556],[-76.577983687565947,37.186996278537627],[-76.577983688094207,37.186928279011362],[-76.577998687928883,37.18686527809443],[-76.578037686815037,37.186815277100251],[-76.578271686280004,37.18658027552857],[-76.578353686674262,37.186465275300286],[-76.578627685172194,37.186307273506472],[-76.579459679761072,37.185972269761436],[-76.580259676970783,37.18560426537352],[-76.58046367509283,37.185520264568844],[-76.581075672318775,37.185268261930517],[-76.581064673850065,37.185085261238484],[-76.581061673474224,37.1850522604419],[-76.581088673190692,37.185017260866637],[-76.581113673389552,37.184957260378283],[-76.581146672548769,37.184897260178005],[-76.581149673561981,37.184809260319746],[-76.581143674003329,37.184732260327095],[-76.581131673626501,37.184641259473345],[-76.58111867430155,37.184564259208599],[-76.581111674596315,37.184494259476764],[-76.581076674326013,37.184471259021628],[-76.581040675109847,37.184462258245873],[-76.581034675351646,37.184432258626863],[-76.581036675319325,37.184399258932132],[-76.581019675328847,37.184384258112196],[-76.580955675519803,37.184388259067426],[-76.580932676213109,37.18438725861742],[-76.580917675870552,37.184336259496362],[-76.580944676580444,37.184342258680296],[-76.580977676304784,37.184338259189893],[-76.581008675459032,37.184309258761537],[-76.581020675901712,37.184262258859583],[-76.581041676257129,37.184146257572152],[-76.581057676681482,37.184006257476156],[-76.581070676450679,37.183769256978067],[-76.581083677118428,37.183679255738028],[-76.58114967735186,37.183504255150105],[-76.581169677194396,37.183454255145193],[-76.581245677052266,37.1832872538236],[-76.581299677499558,37.183125253786386],[-76.581291677584517,37.182983252778982],[-76.58128667816257,37.182926252409807],[-76.581277678138321,37.182879252575262],[-76.581240678213035,37.182809252589031],[-76.581235679266769,37.182728251810978],[-76.581232679589789,37.182649251957471],[-76.581218679264069,37.1825612514005],[-76.581226678850712,37.182513251777841],[-76.581265679431468,37.182482250761758],[-76.581699677968174,37.182132248457158],[-76.582149996529196,37.182019665906289],[-76.58219271223237,37.181990140001794],[-76.58223791754493,37.181997684882148],[-76.582403673620291,37.18195624546474],[-76.583059669676942,37.182052243314402],[-76.583619664661242,37.182356243119813],[-76.584227659171304,37.182788242619999],[-76.584579658066218,37.182580240263093],[-76.584275662609798,37.181732238451765],[-76.584355663613195,37.18106023552064],[-76.584400663667907,37.181000235522859],[-76.584515663543016,37.180852233636045],[-76.584545806648478,37.180833779711683],[-76.58455250692694,37.180729090315523],[-76.585015489598163,37.180546214690239],[-76.585299660510486,37.180372229962003],[-76.585864644342237,37.180210802161064],[-76.586002134996789,37.180156493904803],[-76.586033942486864,37.180162430221053],[-76.586083655250803,37.180148226582403],[-76.58699564899176,37.180212223332632],[-76.587923642432926,37.180516221041628],[-76.589123633838852,37.180964219746862],[-76.590307624814059,37.181508217054756],[-76.590947620492742,37.18146021444155],[-76.591971616131346,37.180596208326847],[-76.592691613159943,37.179972203529523],[-76.593283610206015,37.17957220021971],[-76.594323605451692,37.179044194534974],[-76.594947602540373,37.178676191796761],[-76.595411599932092,37.178420189066806],[-76.595443599874102,37.178420189182908],[-76.597883584678385,37.178248181111918],[-76.598525582296062,37.177558176491779],[-76.598589582885253,37.177543175857735],[-76.598661581729914,37.177505176196746],[-76.598742581386986,37.177438174866772],[-76.598814581086174,37.177386174561171],[-76.59888958055879,37.177353173877187],[-76.598963579502851,37.177312174340777],[-76.599035580178139,37.177277173063651],[-76.599166579627152,37.177199172902263],[-76.599221579169964,37.177155173167733],[-76.599367579071455,37.177027171399935],[-76.599392578630557,37.176988171728453],[-76.59944057811289,37.176943170463993],[-76.599454578098189,37.176874170961156],[-76.59948757821067,37.176811170035194],[-76.599502578466854,37.17676517031687],[-76.599504578600957,37.176751170423863],[-76.599503578152124,37.176702170351568],[-76.59949657808157,37.176655170025604],[-76.599483578515049,37.17659816973363],[-76.599461578693237,37.176552169753748],[-76.599686938048549,37.176311062926104],[-76.598965064705808,37.175963241618284],[-76.598964986870186,37.17596320160888],[-76.598965001174307,37.175963170294359],[-76.59944008265424,37.175530949201217],[-76.599444877675808,37.175529058036446],[-76.599386582259569,37.17553816647672],[-76.599259583515988,37.175508167163706],[-76.599144584459168,37.175467167078992],[-76.599081584907225,37.175355166841285],[-76.599119584540801,37.17525416725104],[-76.599195584015831,37.175152166574037],[-76.599284584196894,37.175030164870293],[-76.599348584983275,37.174898165282279],[-76.599335584756545,37.17474516451265],[-76.599195586003418,37.174745164964229],[-76.599093587053488,37.17471516444386],[-76.599042587060737,37.174674165205502],[-76.598991587096933,37.174725165578529],[-76.598991587367166,37.174776165732389],[-76.598877587487564,37.174918166785538],[-76.598724587556262,37.175040167916357],[-76.59859658921026,37.175000168218389],[-76.598405590633135,37.175000168678487],[-76.598316590607141,37.174888168023266],[-76.598252591946903,37.174786168091956],[-76.598163592757103,37.174715167717082],[-76.598087592985976,37.174715168327324],[-76.598036594290434,37.174725168826448],[-76.598087592826019,37.174877169044478],[-76.598087592403232,37.175101169204659],[-76.598048592646336,37.175193170149804],[-76.597985591862496,37.175233170222299],[-76.59788359239505,37.175248170754791],[-76.597811593672844,37.175185170929353],[-76.597682595066019,37.174956170682023],[-76.597665594572064,37.174879170096084],[-76.597559596756355,37.174862170607511],[-76.597368597554706,37.17496517103649],[-76.597271597603637,37.17488617092414],[-76.597186598754377,37.174731170466444],[-76.597116599578015,37.17451317132906],[-76.597039600980168,37.17444317028685],[-76.596910602177971,37.174392171316903],[-76.596828601607086,37.174462171841796],[-76.596784601562604,37.174558171857392],[-76.596693602806525,37.174593171697403],[-76.596596602756478,37.174586172953454],[-76.596367605716409,37.174502172753307],[-76.596238606277623,37.174427173582309],[-76.596059607285952,37.174378173445085],[-76.595927607855742,37.174415174326818],[-76.595833609016196,37.174394175036625],[-76.595813608614137,37.174380174310862],[-76.595700609607391,37.174283174614892],[-76.595660609621248,37.174212174554761],[-76.595571610703544,37.174101174881557],[-76.595412612398789,37.174101175072785],[-76.595243614105556,37.174021175841581],[-76.595153614428,37.173926175540444],[-76.595113614184285,37.173847175456366],[-76.595014615363411,37.173791174418042],[-76.594944615849585,37.173855175597438],[-76.594864615966003,37.17388617597198],[-76.594566617791671,37.173878176529961],[-76.594407619489971,37.173767177396414],[-76.594397620264672,37.173680176914459],[-76.594287620354422,37.173617176622109],[-76.593999621801828,37.173807178714675],[-76.593840622717678,37.1737831791012],[-76.593690624743516,37.173767179427841],[-76.592108635287047,37.173299182973565],[-76.590556644922287,37.173442188074738],[-76.589442650161388,37.174135194264927],[-76.589187652273594,37.174101194960592],[-76.58836765923634,37.173826197124114],[-76.585193682624265,37.172784203105358],[-76.577788737804767,37.170357218170594],[-76.577461739814936,37.170128219105173],[-76.577605740685001,37.169857217830092],[-76.577905739242468,37.169617215505134],[-76.578153738364094,37.16943021474237],[-76.578467736859579,37.169180212165841],[-76.578728735770696,37.169076210913317],[-76.57879373557148,37.168701209659986],[-76.578963735999523,37.168419207279797],[-76.57909473569174,37.168159207329175],[-76.579198735906317,37.1679302055406],[-76.579263734980827,37.167763204741028],[-76.579407734347427,37.167690203156077],[-76.57959073371714,37.167586202802141],[-76.579721733477328,37.167503202108378],[-76.579851732493424,37.167513202655215],[-76.579956731487158,37.167524201270787],[-76.580112731182794,37.167492200980199],[-76.580204730344121,37.1674822004464],[-76.580465728545974,37.167555199852011],[-76.580596726691994,37.167565199608894],[-76.580752725762139,37.167555198957871],[-76.580922725928389,37.167534198498807],[-76.581066724237388,37.167513197541503],[-76.581210723083487,37.167482197506388],[-76.581366722381105,37.167419196592029],[-76.582072717642689,37.16739919391113],[-76.582202717771054,37.167378193820525],[-76.582307716175748,37.167346193397748],[-76.584489704577621,37.166656184364882],[-76.584479705561932,37.166636184621211],[-76.58465970344119,37.166564183982132],[-76.584821702743412,37.166464182527378],[-76.585036702238426,37.166192181139571],[-76.585234701424824,37.16599117920331],[-76.585432700258195,37.165834178790242],[-76.585612699490184,37.165719178051297],[-76.585845698700439,37.165605176764657],[-76.586043697479553,37.165504175163662],[-76.586259696921658,37.16539017485546],[-76.586439696013244,37.165261173162278],[-76.586547694916234,37.16516117218373],[-76.586600694610823,37.165003171535538],[-76.586097699004739,37.164889173324603],[-76.585144706107229,37.164688176210575],[-76.584443710326497,37.164516176228631],[-76.583562717273793,37.164316179408225],[-76.582897722371271,37.164144179959401],[-76.582088728516382,37.163886182290156],[-76.581872729435446,37.163843182871922],[-76.581567732077247,37.163757182594587],[-76.581297733700467,37.163671183887892],[-76.580974736015847,37.163671185125139],[-76.580668738109978,37.163686185563598],[-76.580493739123227,37.163798186795432],[-76.579070745889169,37.164649194625291],[-76.578220749916099,37.165068197703782],[-76.577210755870368,37.165480202191468],[-76.576690757082801,37.166095206850024],[-76.57644775756718,37.166476209611588],[-76.575951758052469,37.167358214352902],[-76.575868758828932,37.167486213913342],[-76.575701758894795,37.167717215444171],[-76.575549759135896,37.167895216774909],[-76.575334759967589,37.168109217840573],[-76.575211760971143,37.168247219419854],[-76.574605761849668,37.169092224062389],[-76.574571762194353,37.169136224482195],[-76.573839764036563,37.170074230746508],[-76.573740764992692,37.170212231558352],[-76.573602765379079,37.170377232645471],[-76.573450766077983,37.170534234023044],[-76.573284766285653,37.170681234757915],[-76.573105766476914,37.170819235343181],[-76.572880767938955,37.170967236681314],[-76.572671768186439,37.171083238148626],[-76.572457769360952,37.171184238497872],[-76.571906771863297,37.171470241750278],[-76.571684773565906,37.171717242716788],[-76.571599773520518,37.171767244090738],[-76.571511773398754,37.171815244166197],[-76.571291775731723,37.171916245339624],[-76.571098775290167,37.17198624686192],[-76.570960776821337,37.172027246184207],[-76.570899778036249,37.172043247122552],[-76.570695778163497,37.17208624749383],[-76.570421780791207,37.172112248945183],[-76.570245781053629,37.172124249618093],[-76.569950783006149,37.172144250856668],[-76.567778797550872,37.17229425832123],[-76.566990802182247,37.172349260323799],[-76.566331805334187,37.172390262693611],[-76.563954820161939,37.17255127129399],[-76.563723822554707,37.172566272226362],[-76.563476824020199,37.172582272771685],[-76.562491830081498,37.172650276651602]]]},"properties":{"OBJECTID":17,"ADDRESS":"17346 WARWICK BLVD","PrecinctName":"Katherine Johnson","Num":108,"TOTAL":2022,"BLACKNH":859,"WHITENH":823,"TOTALHISP":197,"ASIANNH":63,"TOTAL18":1521,"USCON":"C03","STSEN":"S024","STHOD":"H069","COUNCIL":"NORTH","POLLINGLOC":"KATHERINE JOHNSON ELEM SCH","GlobalID":"{A0CC31CA-7735-4546-8CA9-8DE6A07218FD}"}},{"type":"Feature","id":18,"geometry":{"type":"Polygon","coordinates":[[[-76.500311327607534,37.147504353544576],[-76.500403327858976,37.147522353383351],[-76.500820325011375,37.147604353429358],[-76.501008323071588,37.147650352417308],[-76.501583318802872,37.147784351911291],[-76.501664318782844,37.147803352273002],[-76.502283313383629,37.147956350764908],[-76.502924308467882,37.148093349854754],[-76.503951300994913,37.148307347988904],[-76.504549296654233,37.148431346244855],[-76.504992292379342,37.148523345852702],[-76.505290291199771,37.14858534562422],[-76.506164284021679,37.148768343317833],[-76.506354283240867,37.14880734270568],[-76.507104277958973,37.148963341189344],[-76.507445274513017,37.149034341446516],[-76.507629273711842,37.149073341031794],[-76.508143270092546,37.149179339302385],[-76.508388267316775,37.149232338617388],[-76.508766264886049,37.149281338847608],[-76.508933263306432,37.149286338635932],[-76.509101262381407,37.149277337049675],[-76.509266261008307,37.149255336399158],[-76.509365260515892,37.149234335992801],[-76.509500261009492,37.149198336102828],[-76.509630259026522,37.149154335454249],[-76.509996257445493,37.148996333352343],[-76.510224256575469,37.148912332681071],[-76.510290255881841,37.14890233218572],[-76.510344256342236,37.148904332016663],[-76.510408254204762,37.148921332390081],[-76.510515253700902,37.1489753321489],[-76.510646252379189,37.149043331949535],[-76.5125142477916,37.146945316536438],[-76.513087246906935,37.14630231241506],[-76.514783242085258,37.144400298443877],[-76.51559923990628,37.14348529134373],[-76.51661023669962,37.142350283616963],[-76.517621233415554,37.141208276209454],[-76.519289228864878,37.139339262948937],[-76.519614228831159,37.138934260673452],[-76.519757227386975,37.138779259062957],[-76.519917226895259,37.138635258396867],[-76.520022227283675,37.138565256870535],[-76.519955227365543,37.138471256776931],[-76.519959227959802,37.13844025684503],[-76.519958227388329,37.13836025636391],[-76.519935228589304,37.138267256488],[-76.519906228939192,37.138208255841981],[-76.519309235048055,37.137455253984264],[-76.518842241188636,37.136856252759813],[-76.517790252853956,37.135565249377713],[-76.517372257479607,37.135028248000381],[-76.517311258547821,37.134950248012395],[-76.515391280051318,37.132479240930465],[-76.514977285479247,37.131945240393598],[-76.51462928865233,37.131508238823848],[-76.514137295029983,37.130877237015348],[-76.513756299681219,37.130398235605924],[-76.51308730762409,37.129541232863957],[-76.512578313769282,37.128867231678917],[-76.511796322268424,37.127880228450465],[-76.511713323259727,37.127775228742401],[-76.511573324335004,37.127600227406674],[-76.511368326784648,37.127333227162318],[-76.511239329369175,37.127165226657212],[-76.510329338932195,37.126006223589791],[-76.510279338663182,37.125942223219759],[-76.509882343967917,37.125442222454694],[-76.508951354522409,37.124246218699689],[-76.508456360469069,37.123623216986303],[-76.507955366448115,37.122983214771132],[-76.50937235843368,37.122383208481473],[-76.510063353813706,37.122263206566217],[-76.511134348403132,37.121826201663104],[-76.513483336132808,37.120747190624662],[-76.513570335836192,37.120704189668494],[-76.513208339172039,37.12043719016247],[-76.512877342936392,37.120203189817637],[-76.512447346371502,37.119912189826969],[-76.512038349851707,37.119655189111434],[-76.511619354693821,37.119409189097865],[-76.510769361658973,37.118947188383203],[-76.510425364802742,37.118773188792396],[-76.509987369200886,37.118567189389502],[-76.509335374389707,37.118282189164965],[-76.50895137761681,37.118127188864328],[-76.508462381628888,37.117943188456699],[-76.507967386375313,37.11777218964491],[-76.507667388195074,37.117676190107751],[-76.507048393954932,37.117500190243753],[-76.506268399249208,37.117294191395096],[-76.505954401931376,37.117216192275905],[-76.505134408772676,37.117042193428823],[-76.504446413724807,37.116912193803486],[-76.503800418398129,37.11680219482718],[-76.503334422369562,37.11673919553256],[-76.502964425053662,37.116669196123489],[-76.502719427367467,37.116623196476226],[-76.501471437658509,37.116389198010253],[-76.497269457566247,37.115629192366562],[-76.495775462724239,37.115359188337713],[-76.492821472584041,37.11481118012572],[-76.491064478184967,37.114486176103711],[-76.488664486657626,37.114029168962432],[-76.487865488485852,37.113855166635211],[-76.487205491850602,37.113695164509373],[-76.487135491987743,37.113676164330073],[-76.486269495295559,37.113441161177263],[-76.485468497914169,37.113212159580861],[-76.484860500005723,37.113025156268755],[-76.484184502923966,37.112802155289089],[-76.483515505548496,37.112566152396866],[-76.482852509204363,37.112315150421502],[-76.482726508931293,37.112264149500369],[-76.481757512774578,37.111872145616559],[-76.480704517899014,37.111400142771878],[-76.480470518654485,37.111295141274617],[-76.479124524511406,37.110633136017604],[-76.477908529980297,37.109958130663713],[-76.476880536495855,37.109328125268156],[-76.476226538891169,37.108901122305973],[-76.475906538389893,37.109313124357037],[-76.474916536921839,37.110581128613475],[-76.47472853555081,37.110822128512638],[-76.473782534390566,37.112015132270528],[-76.47337153401476,37.112465133577103],[-76.473268533355821,37.11257213404798],[-76.473000532243688,37.11284113475616],[-76.47268353293984,37.11313513543314],[-76.472179531418391,37.113593136322535],[-76.471788531901851,37.113901136828275],[-76.471497531538134,37.114112137009613],[-76.471266531849409,37.114266138092532],[-76.471090532441011,37.114384137949514],[-76.471058531199517,37.114402137913828],[-76.470996532436914,37.114441138551918],[-76.470986531628284,37.114447137686128],[-76.471031531938493,37.11449813838594],[-76.471045531581495,37.114513138491674],[-76.471192531463558,37.114680138993918],[-76.471882525847107,37.11546014441172],[-76.472093524800201,37.115699145414091],[-76.472615519989247,37.116291149003224],[-76.472708520318008,37.116395149304104],[-76.472830519338558,37.116532150739665],[-76.473000517915224,37.116750151584235],[-76.476793491592815,37.121024177728067],[-76.480191468350995,37.124853201949314],[-76.480856463677895,37.125583207253399],[-76.481211461354221,37.125985209700993],[-76.481306459876222,37.126090210398125],[-76.481479458564678,37.126285211883854],[-76.481712457724541,37.126548212729908],[-76.481997455606944,37.126869215175198],[-76.482295453475103,37.127204216919793],[-76.482528451484797,37.127467218725918],[-76.483637444345362,37.128715227668081],[-76.48481643635823,37.130044236269086],[-76.485352432352471,37.130650239662252],[-76.485410431110836,37.1307142399924],[-76.485672429784827,37.131010241196421],[-76.486848421877909,37.1323362511407],[-76.488139413990766,37.133791260440645],[-76.488202412445389,37.133861260853948],[-76.490922393431617,37.136926281335732],[-76.492607382455077,37.138825294505871],[-76.494663368566108,37.141142310552276],[-76.496649355039324,37.143381326929955],[-76.496671354881897,37.143404326376839],[-76.496687354065301,37.143423326582862],[-76.500178329524971,37.147354353881376],[-76.500292327824368,37.147484353991608],[-76.500311327607534,37.147504353544576]]]},"properties":{"OBJECTID":18,"ADDRESS":"1501 KILN CREEK PKY","PrecinctName":"Kiln Creek","Num":218,"TOTAL":6945,"BLACKNH":1849,"WHITENH":3471,"TOTALHISP":769,"ASIANNH":592,"TOTAL18":5681,"USCON":"C03","STSEN":"S023","STHOD":"H085","COUNCIL":"CENTRAL","POLLINGLOC":"KILN CREEK ELEM SCH","GlobalID":"{9AF14AF8-EB22-433A-8C17-272B31DF535A}"}},{"type":"Feature","id":19,"geometry":{"type":"Polygon","coordinates":[[[-76.557698974614226,37.136839150118632],[-76.557718974656339,37.136983150946911],[-76.557842972631036,37.137124150955096],[-76.55844096667164,37.13764815134509],[-76.55891896293916,37.138078151681007],[-76.558942962139767,37.138117152016129],[-76.559203957918044,37.138724153736995],[-76.559374956481108,37.138953154033729],[-76.559585954097045,37.139235154208606],[-76.56007894970621,37.139674154204108],[-76.560287946784058,37.139859154966061],[-76.560708943807214,37.140098155220706],[-76.561290938339312,37.140450154833559],[-76.561889933379589,37.140927154111203],[-76.561972931851415,37.140993154694684],[-76.5626159268718,37.141457154592437],[-76.563096922886686,37.141649153911061],[-76.563787914435522,37.14260215678344],[-76.56418291026057,37.143348158522734],[-76.564682904885103,37.143648157855793],[-76.564852903917895,37.143772157482914],[-76.564861903391019,37.143706157264148],[-76.564888903776989,37.143631157368389],[-76.564954904570158,37.143492156497416],[-76.565020903960502,37.143448155745553],[-76.565195903028751,37.143352154931399],[-76.565387902219996,37.143300154611751],[-76.565841898587891,37.143217153076854],[-76.566090897321118,37.143150152486179],[-76.566229896781422,37.143107151725737],[-76.566785893496601,37.142878148229478],[-76.56684889362181,37.142821148400216],[-76.567101891829182,37.142593147087531],[-76.567171892943776,37.142496146089435],[-76.567289891793195,37.142332145291725],[-76.567366892142601,37.14221514468867],[-76.567442891397704,37.142098143855414],[-76.567551891630757,37.141885143328267],[-76.5675678913138,37.141816142773749],[-76.567731891995919,37.141291139771099],[-76.567796891640711,37.141195139828085],[-76.567834892567276,37.141052139263486],[-76.567894892936337,37.140878138569327],[-76.567899891682089,37.14086813858178],[-76.567962891634266,37.140759137951441],[-76.567959892377971,37.140682138015343],[-76.567951893261281,37.140573136783793],[-76.567967892897329,37.140478136508399],[-76.567973892916328,37.140452136002565],[-76.567978892669331,37.140407136925795],[-76.568016892695596,37.14018013555804],[-76.568011893631933,37.14016113546392],[-76.568041893344599,37.139989134349825],[-76.568053894527367,37.139750133474479],[-76.56808989506402,37.139469132451453],[-76.568101895494237,37.139426132670273],[-76.568125895779019,37.13935913150187],[-76.568172894712703,37.139268131574141],[-76.568250894029887,37.139197130896619],[-76.568346894217484,37.13916313030321],[-76.568489892774991,37.13912012943296],[-76.568657892754302,37.13911512910947],[-76.568860889997794,37.139154128809515],[-76.568956890411712,37.139182128733914],[-76.569099888986301,37.139240128981342],[-76.569146888575659,37.139261129053359],[-76.56921388812134,37.139293128820192],[-76.569333886655087,37.139392128836],[-76.569464886307628,37.139411127809304],[-76.569614884418655,37.139478128779949],[-76.569674883835773,37.139522128891407],[-76.569732883599286,37.13960412818723],[-76.569807882726948,37.139611128643736],[-76.569798883601308,37.139596127996498],[-76.569817883968497,37.139513127796604],[-76.569948882173023,37.139498127550162],[-76.570513877995964,37.139694126593042],[-76.570918875477105,37.139837126761499],[-76.571520870467481,37.139995124603367],[-76.572282864852269,37.140123123494675],[-76.573119859413609,37.140183121767478],[-76.573740853981576,37.14019812003356],[-76.574371850813179,37.140206118480478],[-76.575396844166335,37.1400781150097],[-76.575867840910647,37.139973113423885],[-76.576347837556924,37.139807111229473],[-76.576789835383252,37.139679109615656],[-76.577128832977607,37.139626108886844],[-76.577372831192775,37.139582107951291],[-76.577633829852914,37.139541106470865],[-76.577982827808796,37.139434105814487],[-76.579221819702127,37.139385101817538],[-76.579546816897377,37.139492101621514],[-76.579750815408062,37.139559101034841],[-76.579838814685715,37.139648101835391],[-76.57993981319585,37.139743101431151],[-76.580070811763036,37.13994010200615],[-76.580251809623476,37.140125101835118],[-76.580461808423593,37.140316102883268],[-76.580722805985872,37.140530102692416],[-76.581034802986537,37.140733101460107],[-76.581346800354737,37.140929101739395],[-76.581600799090182,37.140987100794142],[-76.582035795222211,37.141091100726619],[-76.582274792766526,37.141143099569256],[-76.58257179086651,37.141166099196084],[-76.582810789381966,37.141195099585119],[-76.583071788156502,37.141195098429172],[-76.583173787500741,37.14112609786477],[-76.583303786964152,37.141109097224096],[-76.58341278545447,37.14112609704852],[-76.583594784619166,37.141149096955019],[-76.584261779988736,37.140975094096085],[-76.584609777617274,37.140877093089813],[-76.58498677554023,37.140704091459213],[-76.585496773590521,37.140466089180734],[-76.585493773269164,37.140403088847954],[-76.585696773106903,37.140299087488657],[-76.585820773030335,37.140056086966311],[-76.58597977234183,37.139836085764237],[-76.586139770976899,37.139599084191751],[-76.586168771599418,37.139466084392829],[-76.586197771613854,37.139344083039155],[-76.586240771503142,37.139136083214979],[-76.586240772713381,37.138905082174418],[-76.58618277349855,37.138587080856844],[-76.586095775613515,37.138240079333436],[-76.586073777072997,37.137916078302375],[-76.586060777401912,37.137651078576177],[-76.586168779398889,37.136931075209922],[-76.586249779539742,37.136641073389569],[-76.586424779300515,37.136254072299849],[-76.586519778680682,37.136103071207529],[-76.586532779051197,37.135985071431911],[-76.586465780745712,37.135792070296809],[-76.586532779878524,37.135652070219798],[-76.586762778901843,37.135297068349537],[-76.586856780269159,37.135158066834322],[-76.586951780092875,37.134900065851504],[-76.586991780087018,37.134663064870296],[-76.586978780624477,37.134448064380564],[-76.586910781905729,37.13426506329187],[-76.586985781134459,37.134097063452153],[-76.586951781862581,37.133978062239613],[-76.58694378278885,37.133845062188719],[-76.586899783340172,37.133760062179228],[-76.586802783782673,37.133598061036444],[-76.586749784695442,37.133450061530112],[-76.586352788460175,37.13309806092127],[-76.585717794393958,37.132386060304668],[-76.585655796463655,37.132301060485716],[-76.585532797929233,37.13211805956719],[-76.585285798620944,37.131956059407777],[-76.585197800379817,37.131858059565744],[-76.585073801149051,37.131977060512483],[-76.584729803904594,37.131963061403809],[-76.584332806139884,37.13204806342145],[-76.583750809714772,37.132294064991022],[-76.583459810666,37.132464066228785],[-76.582966813899546,37.13268906843944],[-76.582507815609745,37.13297107132442],[-76.582093816649518,37.133394073580767],[-76.581802818284118,37.133668074677402],[-76.58164381832205,37.133901076016386],[-76.581528819686611,37.134084077322242],[-76.581484818476881,37.134190077200032],[-76.581528818364617,37.13427407799945],[-76.581211819523304,37.13451407969513],[-76.580955821025341,37.134697081472432],[-76.580805822144612,37.134775081426888],[-76.580638822473048,37.13478908212614],[-76.58047082465977,37.134767082206807],[-76.580329825324426,37.134718081724891],[-76.580161826938266,37.134634083184473],[-76.579967827950583,37.134514082457883],[-76.579853829062813,37.134457083146373],[-76.579553831235202,37.134366082412058],[-76.579473833062423,37.134317082982989],[-76.579297834649878,37.134218083330317],[-76.57910383564608,37.134112082730574],[-76.578900837612878,37.13400708342958],[-76.578803838162202,37.133964084039967],[-76.578697839194461,37.133929083817904],[-76.57853983976959,37.133887083882456],[-76.578126844175202,37.133633083936296],[-76.577771847279109,37.133357083790663],[-76.57774784696214,37.133336084434291],[-76.577726847065293,37.133301084617997],[-76.577683847942922,37.133219084174101],[-76.577656848540443,37.133090083412419],[-76.577699849031049,37.132961082852411],[-76.577877848889102,37.132771081650141],[-76.577954847502866,37.132708080890872],[-76.578301845765878,37.132442079663434],[-76.578587844682488,37.132254078229792],[-76.579214841893631,37.132002075252707],[-76.579621839398271,37.131771074214349],[-76.580159836115996,37.131375070820667],[-76.580764834536041,37.130726066635823],[-76.580970833773208,37.130410065231473],[-76.581006834526093,37.130088064693176],[-76.580951836268639,37.129439061911881],[-76.580742841101269,37.128406059002856],[-76.580522846573146,37.127251055754762],[-76.579676858320099,37.125271050304796],[-76.579049865057215,37.12461104865168],[-76.578653867661316,37.124392049702266],[-76.578004873201792,37.1242620504744],[-76.577410876909781,37.124238052648806],[-76.576563881770042,37.124282054163352],[-76.575814886674465,37.124431056535876],[-76.57539889032077,37.124578057818802],[-76.57478289276979,37.1248860610036],[-76.573556898698726,37.125712065939659],[-76.572725904259855,37.126085069985038],[-76.572285906903474,37.126151071608298],[-76.571900909939401,37.126107072052065],[-76.571020917317071,37.125803073734438],[-76.570662509668011,37.12549239700779],[-76.57044738125677,37.126146605274833],[-76.570443476089665,37.126158483534965],[-76.570443461783171,37.126158514846139],[-76.570358365875109,37.126071462909877],[-76.570110545105791,37.125968506381305],[-76.569941392856492,37.12587508407168],[-76.569845023144595,37.125752632637287],[-76.569774548856955,37.125691040610107],[-76.569721292609429,37.125626984195726],[-76.569588240251448,37.125584757489932],[-76.569548861447856,37.125572257949436],[-76.569523510621281,37.125564214274952],[-76.569520502728011,37.12556325831828],[-76.569506920116893,37.125564060683971],[-76.569493855512832,37.125560976127247],[-76.569482990498386,37.125554402616721],[-76.569472293268348,37.125546989140368],[-76.569472621460392,37.125519513086125],[-76.569478772295312,37.125511335397576],[-76.569487681352101,37.125505030702982],[-76.56948793438093,37.125496491457717],[-76.569487212168326,37.125487971393717],[-76.569485519739175,37.12547953819044],[-76.569482869879081,37.1254712641609],[-76.569479284443517,37.125463219062802],[-76.569474795413896,37.125455472819482],[-76.569469440627216,37.125448086437295],[-76.569463264625185,37.125441122834921],[-76.56945631768987,37.125434640518641],[-76.569448661446472,37.125428694575163],[-76.569440355454049,37.125423332847056],[-76.569431472726862,37.125418605199805],[-76.569422087749402,37.125414548003576],[-76.569412278519451,37.125411192278264],[-76.569402125262087,37.125408569981573],[-76.569391719660416,37.125406705147221],[-76.569381139093323,37.125405608956513],[-76.569370481237712,37.125405291120551],[-76.569359830384286,37.1254057566249],[-76.569349276725291,37.125406999736171],[-76.569338908318016,37.125409010179567],[-76.569328816710168,37.125411773231001],[-76.569317049241292,37.125411887867322],[-76.569305304202373,37.125411300759858],[-76.569293647906164,37.125410015698478],[-76.569282139914506,37.125408036362487],[-76.569270851843342,37.125405379246814],[-76.569259845366602,37.125402053473181],[-76.569249170539024,37.125398082393737],[-76.569248193444011,37.12539764548665],[-76.569238900101425,37.125393482522036],[-76.569229082753139,37.125388286200966],[-76.569219775322324,37.125382515992463],[-76.569211570979718,37.125376392514461],[-76.569203922813784,37.12536982298974],[-76.569196869374679,37.125362840496393],[-76.569190443632863,37.125355476218665],[-76.569184683977312,37.125347769541058],[-76.569179615341483,37.125339757825103],[-76.569175260316769,37.125331481999339],[-76.569171646155894,37.125322976759421],[-76.569168783945756,37.125314292759548],[-76.569166689572995,37.125305469015743],[-76.569165376581907,37.125296548110811],[-76.569164851673975,37.125287576120648],[-76.569165111447845,37.125278598054365],[-76.569166160469976,37.125269655446417],[-76.569167995315908,37.125260794206795],[-76.569168444573705,37.125252065297701],[-76.569168448358994,37.12524332638899],[-76.569168009563853,37.125234596455272],[-76.569167116546183,37.12522589062791],[-76.56916578147505,37.125217217217759],[-76.56916400492328,37.125208597865431],[-76.569161786637849,37.125200042480934],[-76.56915913518236,37.125191568329186],[-76.569156052461921,37.12518318896074],[-76.569152544974045,37.125174914396311],[-76.569148615564828,37.125166765412231],[-76.56914427080082,37.12515874932636],[-76.569139524871105,37.125150883495749],[-76.569134376282406,37.125143182316549],[-76.569131015081041,37.125138609969383],[-76.56912883952306,37.125135651433837],[-76.569122919666228,37.125128312561728],[-76.569116632302197,37.125121172264642],[-76.569109988336848,37.125114244240429],[-76.569066386158354,37.125075069989968],[-76.568958658863011,37.124895954714027],[-76.568947910502573,37.124878081704374],[-76.568821699570663,37.124675626394719],[-76.568809492368075,37.124656042246954],[-76.568578000332906,37.124317101052512],[-76.568567933307179,37.124272575204948],[-76.568558587573037,37.124231228329599],[-76.568548761125939,37.124187771753704],[-76.568537976370109,37.124140061579418],[-76.568522518401934,37.124071692829496],[-76.568527393924228,37.123997676201505],[-76.568537896867909,37.123838278193517],[-76.568541556411859,37.123729438969718],[-76.568541577617722,37.123728609222844],[-76.56854118485623,37.123727858317025],[-76.568515406802035,37.123678734417858],[-76.568481253566262,37.123672680561562],[-76.568476640685546,37.123664327475964],[-76.568473016017407,37.123655667015271],[-76.568470412574044,37.123646772725472],[-76.568468852988531,37.123637727896792],[-76.568468366075848,37.123628858369443],[-76.568468348988475,37.123628602121236],[-76.568468387282508,37.123628028622583],[-76.568468907409724,37.123619480232726],[-76.568470525192637,37.123610437890058],[-76.568473184513451,37.123601555917865],[-76.568476859787964,37.12359291050722],[-76.568481525431949,37.123584577848966],[-76.56848440015915,37.123575194679582],[-76.568494833954688,37.123570044367071],[-76.5685013388036,37.123562678288266],[-76.568506528385598,37.123554675976024],[-76.568510305704379,37.12354617734497],[-76.568512610200742,37.12353734994565],[-76.568513335172455,37.12352888963359],[-76.568513379295624,37.1235283522823],[-76.568513356355552,37.123528060787578],[-76.568512621013596,37.123519354831537],[-76.568512642242737,37.123518524183659],[-76.568513512176963,37.123484485641619],[-76.568513533383069,37.123483655894702],[-76.568513162603736,37.123474117705406],[-76.568511744600741,37.123464641672975],[-76.56850928641812,37.123455304523141],[-76.568505807659648,37.123446175976788],[-76.568501341361213,37.123437328678776],[-76.568495911580698,37.123428834225628],[-76.568489568552408,37.123420752925831],[-76.568482365678335,37.123413153251363],[-76.568474343112797,37.123406093543039],[-76.568467377420063,37.123398902435767],[-76.568461188478011,37.12339126619559],[-76.568455828862611,37.123383241564319],[-76.568451328717217,37.123374882212538],[-76.568447728103763,37.123366250084807],[-76.568445044582532,37.123357406757236],[-76.568443298032946,37.123348411139773],[-76.568442508058155,37.123339332953492],[-76.568442522514545,37.123338503096008],[-76.568442657556588,37.123331061498277],[-76.568442662405474,37.123331003894741],[-76.568442675388212,37.123330231696066],[-76.568442680237084,37.123330174092544],[-76.568443795035805,37.123321170376549],[-76.568445780933303,37.123312609949963],[-76.568445866214489,37.123312223789597],[-76.568445802117083,37.123311781103986],[-76.568431176522196,37.123215830965442],[-76.568374492764477,37.123151719522042],[-76.568279966239473,37.122823260406179],[-76.568207831653865,37.122558351730703],[-76.568161576590114,37.122488914947283],[-76.56814261587067,37.122425419721822],[-76.568112955603766,37.122243623376107],[-76.568131642412013,37.122183491327938],[-76.568075455595334,37.122100155984619],[-76.568124730907215,37.122051514716723],[-76.568097373560619,37.121913708744842],[-76.568009477623619,37.12186282047098],[-76.568100462074554,37.121792885515603],[-76.56809991086412,37.121680243198078],[-76.568020277909525,37.121527814114678],[-76.568011603411477,37.121511219679419],[-76.568035665364505,37.121514190817038],[-76.568062901377345,37.12151755465576],[-76.568041784681185,37.121269964791793],[-76.568052710877808,37.121110809850521],[-76.568037954123881,37.121017164797941],[-76.56815133721912,37.120876171796397],[-76.568100611565413,37.120713258478311],[-76.568139103910013,37.120683670581172],[-76.568119582125632,37.120642143366972],[-76.568151777738194,37.120590475050129],[-76.568084317568392,37.12054541508887],[-76.568204989352651,37.120253448042078],[-76.568183367629317,37.120159691406293],[-76.568224109069433,37.120042230523936],[-76.568207946272949,37.120003506417483],[-76.568150071947727,37.119986074200305],[-76.56822698674145,37.119929645280926],[-76.568132184149988,37.119612169054164],[-76.568128905827251,37.119472007780814],[-76.568123250042561,37.119290606544716],[-76.568096810689283,37.119117102561503],[-76.568050628097041,37.11904491700286],[-76.568048953821915,37.118976213417426],[-76.568015364304642,37.118948191391354],[-76.56797577078639,37.118752494554187],[-76.567932877066468,37.118685860756301],[-76.567934982954597,37.11860348154638],[-76.567867044048384,37.118443033093158],[-76.567823248869189,37.11827748511466],[-76.567821574886963,37.118208778817987],[-76.567784978010081,37.11816422449791],[-76.567774070119924,37.118054159530018],[-76.567716688841884,37.118017504167589],[-76.567606212900074,37.117947204557346],[-76.56760451459202,37.117878621330881],[-76.567638334658582,37.117727771270971],[-76.567596635383779,37.117614454377886],[-76.567482939382458,37.117365346616957],[-76.567381554463893,37.117171384562759],[-76.567302895891189,37.117161852597825],[-76.567250352207068,37.117070335004776],[-76.567144826208903,37.117038386079336],[-76.567060506006342,37.116982060381375],[-76.566974851553752,37.116977908691013],[-76.566771291280375,37.116889408706065],[-76.566765556085528,37.116845360163502],[-76.566442473324614,37.116735668392835],[-76.566316093544316,37.116714365274312],[-76.566231746685048,37.116675614736202],[-76.566068461582645,37.116600597856788],[-76.565844808501197,37.116497848748097],[-76.565741939793554,37.116496160858361],[-76.565623165106686,37.116453007228877],[-76.565498850675922,37.11634382540629],[-76.56541186897887,37.116291571040954],[-76.5651138808052,37.116184790288905],[-76.565030370420743,37.116058373414283],[-76.564863795672849,37.116013959377021],[-76.564792769729522,37.116077630968718],[-76.56472340201087,37.116076492153333],[-76.564654983733377,37.116038318317955],[-76.564592321679186,37.115977308120549],[-76.564585218463932,37.115970298367223],[-76.564579538636792,37.115962508926792],[-76.564575403810508,37.115954113042804],[-76.564572912382872,37.115945311517955],[-76.564572124433795,37.115936307229653],[-76.56457305697127,37.115927314966015],[-76.564575690133339,37.115918538995778],[-76.564576659863661,37.115908797462637],[-76.564583193313283,37.115902017913051],[-76.564592982150558,37.115895521642891],[-76.56460142957134,37.115889548633398],[-76.564604680661091,37.115881297449242],[-76.564606377197848,37.115872751253526],[-76.564606489565236,37.115864099734004],[-76.564605007386817,37.115855528387776],[-76.564601970909308,37.1158472235429],[-76.564597438448033,37.115839369120351],[-76.5645915182549,37.115832132736045],[-76.564584332288916,37.11582567411952],[-76.564576031209683,37.11582013093885],[-76.564566809965413,37.115815625365862],[-76.564556858479165,37.115812256056451],[-76.56454639668415,37.115810092416162],[-76.56453564830376,37.115809187689699],[-76.564524850404652,37.115809557486209],[-76.564514246209015,37.115811196786233],[-76.564503077724382,37.115809820990414],[-76.564492090129747,37.115807710000347],[-76.564481359553724,37.115804879486817],[-76.56447095760204,37.115801345947681],[-76.564460955557351,37.115797138493768],[-76.564451423715752,37.115792280811945],[-76.564442418550613,37.115786808980083],[-76.564434014534882,37.11578075937183],[-76.564426265592004,37.115774179740278],[-76.564419219310921,37.115767101511075],[-76.564412931495767,37.115759586888963],[-76.564407435958927,37.115751677888959],[-76.564402779550889,37.115743434766209],[-76.564279088185501,37.115614036694538],[-76.564149937790631,37.115478925633369],[-76.564104876430264,37.1154317867692],[-76.564031945689663,37.11535548923338],[-76.563912092707142,37.115213416639314],[-76.563774284944969,37.115161720524057],[-76.563429621598402,37.115032419467518],[-76.563410209863775,37.115043767868201],[-76.563386606111237,37.115057568327451],[-76.563356489940503,37.115075173424145],[-76.563356588416966,37.115071330102325],[-76.563357826804761,37.115022998483511],[-76.563218015719471,37.114990481773532],[-76.563137129577129,37.114934209589272],[-76.562945816804842,37.114903594369878],[-76.562898445240137,37.114878091490411],[-76.562456773887135,37.114711496506978],[-76.562326336207605,37.114714846756918],[-76.562030630344424,37.114608340677897],[-76.562002435853927,37.114617972589841],[-76.561982537512591,37.114624768408483],[-76.561944982257714,37.114604184482644],[-76.561916096033471,37.114611913174649],[-76.561896622065831,37.114617125163676],[-76.561829524161965,37.114558331598133],[-76.561903634516582,37.114076051005881],[-76.562052271220551,37.114031793959555],[-76.562116785998626,37.114057579030778],[-76.562151323292568,37.114037315997457],[-76.562175990927642,37.114022839275428],[-76.562146610153277,37.113964665926076],[-76.562251733388749,37.113887716993112],[-76.561983016853276,37.113948048608115],[-76.559383033747153,37.114348056440207],[-76.557101041490796,37.116955072278337],[-76.556952042080979,37.117124072452981],[-76.556648042384765,37.117741076135196],[-76.556542042824702,37.118044077011348],[-76.556284043762901,37.118362079406971],[-76.556103044021967,37.118392080632113],[-76.555883045563931,37.118348080729362],[-76.55543605042142,37.117983080374053],[-76.55497605433348,37.117682080455907],[-76.554482059075383,37.117620080453591],[-76.553679062641706,37.11771008350248],[-76.552876067995115,37.11796808627124],[-76.552482070736659,37.118119088167717],[-76.55202807292774,37.118422089490984],[-76.55167907432714,37.118483091185411],[-76.551482075954382,37.118589091711158],[-76.551452075825253,37.118725092427262],[-76.551679073484536,37.11896809371575],[-76.551891072001794,37.119210093180349],[-76.552088069153271,37.119543093828916],[-76.55205806833871,37.119877095976761],[-76.551876067974092,37.120089096427513],[-76.551543070560328,37.120074097818978],[-76.551195073380626,37.119922097746155],[-76.550877076037168,37.119892097904355],[-76.550680077742072,37.11990709912542],[-76.550558079164404,37.119786099204397],[-76.550528080463522,37.119362097145675],[-76.550346082279077,37.119119096975858],[-76.55005108440794,37.119074097217677],[-76.549619086575746,37.119180099111496],[-76.549392088793624,37.119195099330682],[-76.549059091195673,37.119134099317861],[-76.548771093838269,37.118998099648493],[-76.548271099331103,37.118545098873305],[-76.548275099080598,37.118578099551911],[-76.548286098335836,37.11872110008651],[-76.548429093829853,37.119832104218091],[-76.548434094210023,37.119881104226515],[-76.548320093995471,37.119909104983762],[-76.548042095099163,37.120287106438361],[-76.547943095762264,37.120369107038705],[-76.547882095351824,37.120446108172423],[-76.547863095255224,37.1204791083468],[-76.547857095525757,37.120505107979184],[-76.547857094917148,37.120534108242786],[-76.547884094552288,37.120648108497896],[-76.547779094923328,37.120698108947494],[-76.547677095891487,37.120771109737738],[-76.546988097676504,37.121441113673448],[-76.546393100980836,37.12202711819441],[-76.54598910176523,37.122439121394784],[-76.545941102591527,37.122493121339694],[-76.545901102690664,37.122551121344209],[-76.545870101504775,37.122612122215799],[-76.545849103053129,37.122675122133053],[-76.545801101889211,37.12286112302408],[-76.545686101153066,37.123532126668515],[-76.545532098915345,37.124473130961526],[-76.545406096153499,37.125318134749548],[-76.545575095746472,37.125281134119405],[-76.545800093787378,37.125238133178115],[-76.546179091731645,37.125177131715652],[-76.546562088768894,37.12513013032693],[-76.547887080498654,37.125039126999759],[-76.548428076261828,37.12501012535278],[-76.549038072887157,37.124967123053274],[-76.549203071688652,37.124960123860433],[-76.54936806981982,37.124959123483499],[-76.549936066524253,37.12498012239616],[-76.550042064992454,37.124988121656905],[-76.550161065002769,37.124996121343656],[-76.550387063379574,37.125003120686685],[-76.550614061656262,37.125002120864352],[-76.551543055360085,37.124963117995499],[-76.551582053621459,37.125381119493206],[-76.551619052098786,37.125788120884437],[-76.551698049332785,37.126584124313204],[-76.551784045544196,37.127374126130462],[-76.551806044580886,37.12757112716524],[-76.551835044067218,37.127944128939944],[-76.551823043329065,37.128063129355453],[-76.551805043109397,37.128142130086296],[-76.551766042879436,37.128249130585623],[-76.551445043082254,37.128834134000591],[-76.550343046537023,37.130024141330964],[-76.551459040340447,37.129761137744211],[-76.551632039001518,37.1298261368295],[-76.551935035944098,37.130096137364802],[-76.551978035582934,37.130215137998647],[-76.552324031509443,37.130626138786106],[-76.552810026288697,37.130885138251863],[-76.553583021227212,37.131077136786139],[-76.553848019507214,37.131231136760235],[-76.554248014748552,37.131567137119617],[-76.554264013377519,37.131897138696957],[-76.554399012069325,37.132129139986731],[-76.554940007857923,37.132323139436082],[-76.555480004538751,37.132410137514654],[-76.555848001050904,37.132658138818343],[-76.556052997606386,37.133091138976809],[-76.55673499096855,37.133761139978191],[-76.556780989485233,37.133883140724066],[-76.557188984343469,37.134896143629604],[-76.556945982602429,37.135977148344956],[-76.55706998099987,37.136251149292583],[-76.557249978483284,37.136501149144976],[-76.557496976772399,37.136724150003737],[-76.557698974614226,37.136839150118632]]]},"properties":{"OBJECTID":19,"ADDRESS":"826 MOYER RD","PrecinctName":"Knollwood Meadows","Num":112,"TOTAL":5581,"BLACKNH":1486,"WHITENH":2983,"TOTALHISP":480,"ASIANNH":392,"TOTAL18":4392,"USCON":"C03","STSEN":"S024","STHOD":"H070","COUNCIL":"NORTH","POLLINGLOC":"KNOLLWOOD MEADOWS ELEM SCH","GlobalID":"{0FB724B8-2BD1-4A52-8AFA-310AAF51C8DD}"}},{"type":"Feature","id":20,"geometry":{"type":"Polygon","coordinates":[[[-76.399633795494012,36.991090009149246],[-76.39988421731509,36.990876626765527],[-76.399888697845427,36.990882194969963],[-76.399894142356587,36.990877678200881],[-76.399963141638182,36.990964679020678],[-76.400466140679399,36.991052678743699],[-76.400576141379844,36.991217678706533],[-76.401714136219098,36.990727678466968],[-76.401712135168921,36.990689678511799],[-76.401694135752493,36.990612678183126],[-76.401634135198307,36.990493678310322],[-76.401378134756541,36.990080678651516],[-76.400980133280569,36.989437678734014],[-76.403678121412213,36.988365678610464],[-76.405469113669852,36.987652677476724],[-76.40637610859649,36.987287676328968],[-76.409071097031386,36.986216676259467],[-76.408678096236756,36.985576677092858],[-76.408279094429602,36.984931677342274],[-76.407881094649483,36.984288676848728],[-76.407473092253255,36.983628677155799],[-76.407065091084704,36.982970677784536],[-76.406666089628956,36.982325678297158],[-76.405882087375545,36.981050678894171],[-76.405408086289412,36.98028267926253],[-76.405095085017393,36.979765679455134],[-76.404817086412308,36.979875680024669],[-76.403855090942344,36.98025667991616],[-76.403347093120658,36.980455679883434],[-76.402432097500721,36.980821681195216],[-76.401658100341564,36.981129680911948],[-76.400647105729092,36.981533681064057],[-76.399694109883811,36.981913681576039],[-76.399445111200862,36.982012681847863],[-76.398793113941636,36.982272681798619],[-76.398396116224745,36.982427682175057],[-76.398250116175888,36.982484682300331],[-76.397941117204866,36.982606682333802],[-76.397677118142497,36.982687682540217],[-76.397451119559832,36.982739682018369],[-76.39709112111116,36.982805682336618],[-76.397737119805171,36.983076682091877],[-76.399069123129323,36.984876681506698],[-76.399111122739995,36.985095681148316],[-76.399315130370979,36.987216679917488],[-76.399196131423409,36.987622680570489],[-76.398972135749304,36.988393680107009],[-76.398906135978237,36.988582680030284],[-76.398695138996985,36.989198679399806],[-76.39819213920525,36.988911680087497],[-76.39791313975725,36.988751680578027],[-76.398385143556055,36.990076679276569],[-76.398445144012001,36.990244680273051],[-76.399633795494012,36.991090009149246]]]},"properties":{"OBJECTID":20,"ADDRESS":"1712 CHESTNUT AVE","PrecinctName":"Magruder","Num":309,"TOTAL":1625,"BLACKNH":1414,"WHITENH":83,"TOTALHISP":45,"ASIANNH":1,"TOTAL18":1198,"USCON":"C03","STSEN":"S023","STHOD":"H085","COUNCIL":"SOUTH","POLLINGLOC":"DISCOVERY STEM ACADEMY","GlobalID":"{7D7A5A37-BB1D-4F6E-A825-1CDDF5540557}"}},{"type":"Feature","id":21,"geometry":{"type":"Polygon","coordinates":[[[-76.489409676263136,37.06327093123258],[-76.489235677037186,37.063297931289334],[-76.489541674365967,37.06363893221814],[-76.488661674508265,37.064312934963588],[-76.489170671150177,37.064819938058328],[-76.488689670455614,37.065158939566182],[-76.489281666173525,37.065824943139397],[-76.488510666556792,37.066380945003509],[-76.487800666869205,37.066925946137914],[-76.488880660465298,37.067596950983194],[-76.489328658722727,37.067938953522855],[-76.489476658298258,37.067852952550709],[-76.490259658467352,37.067432950602964],[-76.490789657670234,37.06716795017045],[-76.49112365731024,37.067001950045558],[-76.491296656940534,37.066923949720582],[-76.49163865586992,37.066724948559759],[-76.491780656518102,37.066653948548165],[-76.491979656566031,37.066566949265948],[-76.492104656249694,37.066520948181847],[-76.492380653537481,37.06705795121556],[-76.492604650060727,37.067604954262414],[-76.492652650142176,37.067720955269117],[-76.492989646221204,37.068639959561068],[-76.49303964502505,37.06884196025235],[-76.493103642510604,37.069298962988086],[-76.493121642048408,37.069605963498752],[-76.493132638332071,37.070685969050302],[-76.493137637136016,37.07083397023024],[-76.493164635969677,37.071114971413174],[-76.493198634343358,37.071338972688331],[-76.493326631787923,37.072015975560504],[-76.493428630335018,37.072490978382504],[-76.493551627485942,37.072900979805276],[-76.494039622735443,37.074193986557951],[-76.494067621014622,37.074267987351618],[-76.494250619006834,37.074774989944906],[-76.494603614082735,37.075752995918613],[-76.4946876133383,37.075964996864236],[-76.494874610695589,37.076429998348296],[-76.494878611059605,37.076439998046517],[-76.495012609836834,37.076728000658107],[-76.495070609119367,37.076841000718133],[-76.495325606421517,37.07727500341695],[-76.49553960433731,37.077617004541317],[-76.49609660019776,37.078450010001013],[-76.496382597377888,37.078890012124802],[-76.496545595952,37.07913701397284],[-76.496776594371752,37.079486015668735],[-76.497117590740189,37.080055019041339],[-76.500693583377085,37.078694014078053],[-76.501056581023676,37.078547013124862],[-76.501319579295881,37.078435011696158],[-76.501522578399062,37.078335010536591],[-76.501988575774703,37.078069009291973],[-76.502054575950723,37.078033008832215],[-76.502540573529387,37.077746006918602],[-76.502740572917034,37.077618005801206],[-76.503341569710415,37.077195003108095],[-76.503647567788946,37.077005000962551],[-76.504603562709548,37.076430997180282],[-76.504691561436232,37.07638399599913],[-76.504834561149593,37.076321995497324],[-76.504984560234277,37.076273995393393],[-76.50510855953749,37.076244995293955],[-76.505236558089962,37.076223994344211],[-76.505570555650266,37.07618299346764],[-76.505720555068166,37.076179993247983],[-76.505868553717704,37.076191993788889],[-76.506015552733487,37.076216993097638],[-76.506623548251284,37.076365993310098],[-76.506709546993363,37.076382993342705],[-76.506883545593467,37.076407993205144],[-76.507072543720597,37.076424993216364],[-76.507147543693023,37.076427993335152],[-76.507606540199021,37.076424992265451],[-76.507835538447964,37.076432991011792],[-76.508114536621221,37.076455990720305],[-76.508162536461199,37.076254990080741],[-76.508551538112599,37.074916983411349],[-76.508836539899193,37.073930977926096],[-76.508997540795605,37.073347975102045],[-76.509196542298184,37.072558971026126],[-76.509293542502959,37.072138968567131],[-76.509338543182636,37.071848967079262],[-76.509338544162063,37.071739966750471],[-76.509323545233556,37.071602966012797],[-76.509235546429693,37.071242964368736],[-76.508990552407823,37.070312960318162],[-76.508898553362926,37.07000995919887],[-76.508831555001024,37.069819958265342],[-76.508620559341594,37.069259955648384],[-76.508566559083604,37.069105954615715],[-76.508454561377462,37.068781954157778],[-76.508377562917815,37.0685579530236],[-76.508274565250275,37.068232951735347],[-76.508197567332857,37.067913950165291],[-76.508131567682327,37.067642949209365],[-76.507979571630401,37.066977945541616],[-76.507764576979724,37.066016941779544],[-76.507667579435136,37.065600939122191],[-76.507655579785492,37.065482938891222],[-76.50752958102693,37.065519939148523],[-76.507411581051329,37.065570940400697],[-76.506172588482855,37.066257945055369],[-76.50590158968474,37.066400945282346],[-76.505737590783923,37.066478947412868],[-76.505558591269761,37.06654794717862],[-76.505447592653056,37.066581947287446],[-76.505132594263131,37.066658948276526],[-76.504697597616726,37.066757949432294],[-76.503950601970118,37.066918951135818],[-76.503641608737112,37.065992947543343],[-76.503572609358017,37.065836946606233],[-76.503503610821213,37.065715946408019],[-76.503428611921976,37.065620945646096],[-76.503321612665871,37.065509945751622],[-76.503199613297483,37.06540794527875],[-76.503066615537875,37.065316945343298],[-76.502611618898214,37.065072943875442],[-76.502391622315429,37.064955943995372],[-76.502266622513559,37.064877944134359],[-76.50214162383142,37.064779943061524],[-76.501765628247426,37.064382942232534],[-76.501531631224637,37.064132941170548],[-76.500935638763693,37.063497939280282],[-76.500660641379682,37.063206938180024],[-76.500038648213675,37.062625935903192],[-76.499443653106951,37.062087933263598],[-76.499002654838321,37.061720931499451],[-76.498921654781597,37.061652930837077],[-76.49884665596224,37.06160593001109],[-76.498762655683848,37.061571929991018],[-76.49867165642803,37.061549929174255],[-76.498572656364161,37.061546929972785],[-76.498449656413214,37.06155692989126],[-76.498306657193524,37.061586928877112],[-76.497912658691732,37.061725929498188],[-76.497749658217884,37.061764929945689],[-76.49767665822651,37.061773930505808],[-76.497621658354433,37.061769930024198],[-76.497531659398774,37.061750929592378],[-76.497447659431074,37.061718929556569],[-76.497387659195482,37.061683929679177],[-76.496862662150619,37.061241926758747],[-76.496281667000105,37.060744924798584],[-76.495876668589233,37.060386921898008],[-76.495809668897607,37.060332922184948],[-76.495751669673822,37.060271921851808],[-76.495741670006325,37.060247921750822],[-76.495654669241162,37.060308921304944],[-76.495565670081007,37.060358921360127],[-76.495300668826218,37.060491922020198],[-76.494950670224924,37.060669922621344],[-76.49479867009282,37.060747922386057],[-76.49450167036477,37.060902923819192],[-76.494101671353931,37.061110924388373],[-76.494047670050506,37.061138925185347],[-76.493630671404716,37.061355924519361],[-76.49328767132306,37.061533925050263],[-76.493195671641487,37.061580925823847],[-76.492266671735621,37.062061927316989],[-76.490997673976565,37.062717929425588],[-76.490206674497358,37.063127930574886],[-76.490188673601551,37.063134931276586],[-76.49009367377505,37.063170931076598],[-76.489973674999348,37.063199930839659],[-76.489874674362326,37.063213931315666],[-76.489409676263136,37.06327093123258]]]},"properties":{"OBJECTID":21,"ADDRESS":"100 MUSEUM DR","PrecinctName":"Mariners' Museum","Num":204,"TOTAL":5823,"BLACKNH":3637,"WHITENH":1594,"TOTALHISP":388,"ASIANNH":105,"TOTAL18":5381,"USCON":"C03","STSEN":"S024","STHOD":"H070","COUNCIL":"CENTRAL","POLLINGLOC":"THE MARINERS’ MUSEUM","GlobalID":"{202B2ECD-BDF1-4ED0-BF58-39444483AF36}"}},{"type":"Feature","id":22,"geometry":{"type":"Polygon","coordinates":[[[-76.412996079731599,36.984655675545866],[-76.415700068137255,36.983582673840893],[-76.416097068821145,36.984232673011107],[-76.416480071091954,36.984858672685824],[-76.416887071768855,36.985513672623775],[-76.417281072734724,36.986148671964386],[-76.419978061596026,36.985077671862562],[-76.422679049143653,36.984000670870174],[-76.425059038448666,36.983090669867202],[-76.425517035972575,36.982814669829565],[-76.425177035442132,36.982381669706122],[-76.425128035525915,36.982347669950158],[-76.425010035103881,36.98224166993041],[-76.425053035108036,36.982224670246445],[-76.425277033074593,36.982136670197633],[-76.425423033643668,36.982079670273848],[-76.425677031834425,36.981979669954953],[-76.425880031473554,36.981899670133053],[-76.426292029263848,36.981738670154876],[-76.425877027953575,36.981093670193452],[-76.425563027415578,36.980648670297143],[-76.425329027464926,36.980334670971281],[-76.424603025700549,36.979292671049912],[-76.424550024894316,36.979223671124537],[-76.424458024938133,36.979248670769863],[-76.424346026398894,36.979273671743968],[-76.42407702675419,36.979324671171305],[-76.423893027734337,36.979373671902572],[-76.423774028151087,36.979414671819271],[-76.423710027881583,36.979438671498123],[-76.42357002914585,36.979500671197961],[-76.423348030807418,36.979618671585179],[-76.423253029832125,36.979676670976843],[-76.423094032551546,36.979787671873972],[-76.423008030966017,36.979592671929815],[-76.422734029057708,36.9786226718427],[-76.422556027572341,36.978337672377251],[-76.421790026203155,36.977111672525368],[-76.421599026372732,36.977193673507998],[-76.421405026644479,36.977268672813757],[-76.420465031654174,36.97764667365378],[-76.419549036156866,36.978008673768279],[-76.419096037520745,36.978186674817508],[-76.41870103581536,36.977543673701305],[-76.418306034594366,36.97690167431022],[-76.417909034084005,36.976256675386722],[-76.41719603766245,36.976544674548585],[-76.416886039310825,36.976663675407863],[-76.416697039678766,36.976769675790784],[-76.416520040557231,36.976886675563371],[-76.416310041743827,36.977054674831713],[-76.416083041734808,36.976847675613058],[-76.414970041610999,36.975836676538336],[-76.414407044061591,36.976060676240436],[-76.411718055849263,36.977129677752082],[-76.41210805705299,36.977759677829887],[-76.412513057740441,36.978414677035133],[-76.412904059426168,36.979050676806196],[-76.413298060864307,36.979695675887051],[-76.411425069257007,36.980437676850315],[-76.410590072725071,36.980761676124402],[-76.410983073236892,36.981405676554466],[-76.411394075882328,36.982072675381161],[-76.411804076883527,36.982737675511522],[-76.412200077501964,36.983379675954851],[-76.412592079196273,36.984014674521404],[-76.412765079816765,36.984295675384473],[-76.412996079731599,36.984655675545866]]]},"properties":{"OBJECTID":22,"ADDRESS":"743 24TH ST","PrecinctName":"Marshall","Num":310,"TOTAL":2313,"BLACKNH":2089,"WHITENH":71,"TOTALHISP":65,"ASIANNH":2,"TOTAL18":1553,"USCON":"C03","STSEN":"S023","STHOD":"H085","COUNCIL":"SOUTH","POLLINGLOC":"MARSHALL EARLY LEARNING CENTER","GlobalID":"{99E5DD5C-8714-46B0-B648-47AADB83768E}"}},{"type":"Feature","id":23,"geometry":{"type":"Polygon","coordinates":[[[-76.527700131477786,37.151085292658166],[-76.527546128743708,37.152195298128156],[-76.527396125734526,37.153220303482456],[-76.527293124578151,37.153946307041181],[-76.527152121571447,37.154946311700712],[-76.526967117613182,37.156250317743797],[-76.526851115716539,37.157098321792191],[-76.526698112100021,37.158257327505794],[-76.526508108580515,37.159713334790425],[-76.526471108699099,37.159935335624333],[-76.526443107448017,37.160067336939981],[-76.526402108165442,37.160186337594411],[-76.526340107491222,37.160312337853277],[-76.52555710800118,37.161577346439778],[-76.525485108591184,37.16170134656106],[-76.525347108264796,37.161971347846091],[-76.525294108313062,37.162104349966839],[-76.525156108947783,37.162415351306826],[-76.52510810772975,37.162505351176016],[-76.524985109433402,37.162715353868734],[-76.524953108575616,37.162762353653008],[-76.52462010860512,37.163268355931692],[-76.524415109835203,37.163594358742799],[-76.524156109178719,37.164023361546619],[-76.524077109857316,37.164145362591405],[-76.523595110520091,37.164847367254964],[-76.523351110506042,37.165184369603764],[-76.523186110524506,37.165412370542683],[-76.522892110798168,37.165835373687919],[-76.522545111443435,37.166366376779301],[-76.522192111387,37.166964381182346],[-76.522047112795846,37.167198382449769],[-76.5220271119736,37.167231382668625],[-76.521959112207313,37.167322382638083],[-76.521876112507272,37.167404383899914],[-76.521799112177931,37.167462383976407],[-76.521713113856819,37.167510385474898],[-76.521572114549954,37.16756538604109],[-76.521472114529772,37.16759138608073],[-76.52108511763322,37.167659387386962],[-76.520516120096687,37.167765389731173],[-76.520328121518816,37.167811391103186],[-76.520095122968257,37.167880391665086],[-76.519865123692114,37.16796539337993],[-76.51949012592155,37.168127394044966],[-76.519299127425526,37.168202396043547],[-76.519173127355472,37.168240396494319],[-76.518382131271551,37.168447399450976],[-76.518367131547166,37.168452400279477],[-76.518009133849489,37.168565401332962],[-76.517897134037568,37.168609402201312],[-76.517763135265241,37.168673402770693],[-76.517640135120402,37.168750403649902],[-76.517527135660671,37.168837403887117],[-76.517426135920985,37.168934404659964],[-76.517283136709125,37.169081406796778],[-76.51711313675176,37.169272407214599],[-76.516981137123793,37.169436408608036],[-76.516914136977874,37.169518409561078],[-76.516585137849631,37.170036412441249],[-76.516288137459654,37.170590416120604],[-76.516220138233294,37.170745417206888],[-76.516093137585742,37.17099741847867],[-76.515917137184928,37.171299420949779],[-76.515802137476086,37.171468421725145],[-76.515701138090392,37.171588423271686],[-76.515635137558178,37.171696423132111],[-76.515455138636639,37.172095426290724],[-76.515348137217245,37.172365427883605],[-76.515244136620765,37.172677429242661],[-76.515131135858368,37.173094431474773],[-76.515111135943343,37.173187432178423],[-76.52037810765475,37.171443406666555],[-76.520947105469716,37.171200404750998],[-76.527564069539054,37.169008373108241],[-76.529989056292081,37.168199361277978],[-76.530375054484836,37.168037360788702],[-76.531498049310599,37.167568354945139],[-76.533036041613016,37.166773345779077],[-76.533882037795749,37.166352341870514],[-76.534609034100981,37.165991338158015],[-76.535564029005556,37.165521333080804],[-76.535835027670799,37.165363331440581],[-76.537022022038315,37.16478032497394],[-76.53758801991782,37.164478321668092],[-76.538943012538539,37.163806314438922],[-76.539621008859598,37.163466311672039],[-76.540733004737504,37.162892305277374],[-76.541898998323305,37.16232529945605],[-76.542683994623744,37.161922294653237],[-76.543017992120326,37.16175729353494],[-76.543603989823893,37.161457290152491],[-76.543982988455497,37.16127328799287],[-76.54433598676485,37.161112287330504],[-76.544760984078408,37.160889284584869],[-76.544947983782606,37.160746283703809],[-76.545166983283906,37.160490281721074],[-76.545343983513533,37.160100279546299],[-76.545387984319831,37.159658277416426],[-76.545332985718844,37.159313276419176],[-76.545182988469023,37.158947275312542],[-76.545071988543086,37.158797274796655],[-76.544359996524648,37.157838272919626],[-76.543938001098454,37.157268271803353],[-76.542432018351874,37.15533926781243],[-76.541779024948028,37.154498266302603],[-76.541604027222078,37.15427526691407],[-76.539687047244769,37.151843261944677],[-76.53878805790697,37.150717258548489],[-76.537993065623326,37.14972025686437],[-76.53551209376576,37.146555251002567],[-76.535259096385602,37.146233249903723],[-76.534172109335231,37.144859247188975],[-76.532978122011301,37.143348243514097],[-76.532569126792993,37.142826242352882],[-76.531229141374254,37.141127238582854],[-76.530698146762788,37.140498236675427],[-76.530058154475711,37.139677235384369],[-76.527120187811718,37.135903226616747],[-76.526547193824385,37.135179224306306],[-76.526419194338274,37.135249225067113],[-76.526126196098019,37.135399226883266],[-76.525868197679443,37.135532227719814],[-76.525112202205776,37.135921231898443],[-76.524684202893241,37.136141233868592],[-76.523814208206701,37.136619238373235],[-76.523406210865019,37.136820239857833],[-76.522958211594457,37.137026242083337],[-76.522764213630438,37.137111244112617],[-76.521617219808149,37.137650248653436],[-76.521552219318096,37.137714249438666],[-76.521459219812741,37.137785249506756],[-76.521354220043733,37.137846250045136],[-76.520693223270641,37.138203254265434],[-76.520336225297214,37.138406256021383],[-76.52017822658496,37.138477256222302],[-76.520022227283675,37.138565256870535],[-76.520084226537108,37.138652257238014],[-76.520384223202285,37.139040257919127],[-76.520668219847948,37.139394259638479],[-76.520755218544608,37.139486258782838],[-76.521148214415987,37.139901260352694],[-76.521333212134294,37.14016226155367],[-76.521494210343533,37.140387260908149],[-76.522188203222186,37.141273263556407],[-76.522565199144623,37.141748264629129],[-76.52286719420961,37.142128265812303],[-76.523257189740818,37.142603267019865],[-76.523317189320608,37.142679266731975],[-76.523542187012495,37.142961268055124],[-76.523667186884666,37.143136268410125],[-76.524021182382242,37.143631270044303],[-76.524163180138814,37.143803270286462],[-76.524507176196948,37.144223270182358],[-76.525043170239741,37.144910271973643],[-76.525107168807253,37.144992272751139],[-76.52586116125552,37.145941275326315],[-76.526652152836675,37.146926276942473],[-76.528054136443771,37.148709281072279],[-76.52797813544251,37.149174284097832],[-76.527906134014927,37.149726285530697],[-76.527739132025133,37.150799291761587],[-76.527700131477786,37.151085292658166]]]},"properties":{"OBJECTID":23,"ADDRESS":"185 RICHNECK RD","PrecinctName":"McIntosh","Num":104,"TOTAL":4571,"BLACKNH":2230,"WHITENH":1233,"TOTALHISP":548,"ASIANNH":342,"TOTAL18":3511,"USCON":"C03","STSEN":"S024","STHOD":"H070","COUNCIL":"NORTH","POLLINGLOC":"GEORGE J. MCINTOSH ELEM SCH","GlobalID":"{9F4CCD22-6FAF-44E4-9417-AF9D59DEDE74}"}},{"type":"Feature","id":24,"geometry":{"type":"Polygon","coordinates":[[[-76.414418300070437,37.008722392191864],[-76.415318784699366,37.010180979637433],[-76.415322486903037,37.010186975998145],[-76.415347075759229,37.01022533249796],[-76.415422181020162,37.010342484323488],[-76.415427593875606,37.010350927458383],[-76.415509091781473,37.010491844384084],[-76.415515883776663,37.010503590096235],[-76.415603238009652,37.010638615887437],[-76.415611173305976,37.010650882983441],[-76.415689093818187,37.010788353705799],[-76.415696115592439,37.0108007362129],[-76.415780563018558,37.010936084437176],[-76.415787981709983,37.010947971923194],[-76.415868745347538,37.011084989915133],[-76.415873074712849,37.011092335844857],[-76.415960443486696,37.011232636215702],[-76.415968214454153,37.01124512030129],[-76.416049919388669,37.011381079530295],[-76.416056657681892,37.011392291568079],[-76.416142943991147,37.011528253426199],[-76.416151873801297,37.011542329042769],[-76.41623645929198,37.011675252957737],[-76.41624381740715,37.011686814859061],[-76.416322834561086,37.011818294430306],[-76.416326054330668,37.011823653083752],[-76.416332261761184,37.01183398321372],[-76.41641790974802,37.011971244091271],[-76.416424130394915,37.01198121752121],[-76.416511346649628,37.012118272640521],[-76.416516075053593,37.012125703122628],[-76.416603471807164,37.012265767314325],[-76.416607944498111,37.012272933681551],[-76.416690217961374,37.012415187493104],[-76.416696238996792,37.012425596324213],[-76.416786970502116,37.012561029745605],[-76.416794957354199,37.012572948849915],[-76.417222022228884,37.013277575678281],[-76.417299534511287,37.013408805267865],[-76.417391328079233,37.013558781981068],[-76.417691257786487,37.014044517028807],[-76.417730068020504,37.014095713516014],[-76.419033056962974,37.016170720681629],[-76.420177045791803,37.01799272664946],[-76.420996038512783,37.019241730028668],[-76.421059038055489,37.019347730015603],[-76.421214036986655,37.019609731549743],[-76.421293035498664,37.019736731996389],[-76.421428034704917,37.019952732893323],[-76.421638032581612,37.020293733431473],[-76.421792030272627,37.020544733698443],[-76.42191902948035,37.020752734910054],[-76.422015028793751,37.020904735094661],[-76.422537024297995,37.021735738486456],[-76.422812021266779,37.022223740284623],[-76.423214017989579,37.022936741992297],[-76.424048010599293,37.024318747627468],[-76.42440900579733,37.024892748271661],[-76.424719845459208,37.025395262127674],[-76.424925529115399,37.025313272178202],[-76.425277694418824,37.025172892072021],[-76.42547023266907,37.025096141498373],[-76.425654273736527,37.025022776812733],[-76.425838314397765,37.024949413640343],[-76.426022354751638,37.024876048377536],[-76.42620639584753,37.024802683746842],[-76.426456260249438,37.024703078692077],[-76.426456344381734,37.02470304412072],[-76.426634535958158,37.024632012999682],[-76.427069630985216,37.024458561807698],[-76.427224431016128,37.024396714383883],[-76.427467561381036,37.024299575473385],[-76.427728165554157,37.024195454603358],[-76.427984110311456,37.024093194426136],[-76.428509394142409,37.023883319878429],[-76.428799310982455,37.023767740105932],[-76.428801954503825,37.023766686091676],[-76.428998681585938,37.023688256775813],[-76.429006321172139,37.023685211280338],[-76.42919805289425,37.023608773126739],[-76.429203889981366,37.023606445818359],[-76.429400490085285,37.023528065887135],[-76.429412456317564,37.023523294707765],[-76.429599859426062,37.023448581535796],[-76.429603109808369,37.023447285804458],[-76.429799229471641,37.02336909686553],[-76.429807625910442,37.023365749163254],[-76.429998274064033,37.023289741340754],[-76.429998597974858,37.023289611836887],[-76.430201033433875,37.023208904117368],[-76.430206854532358,37.023206583689777],[-76.430400402192049,37.02312941932685],[-76.430401608034131,37.023128937583969],[-76.430599769457217,37.023049932376082],[-76.430613042482776,37.023044640546857],[-76.430802203658644,37.022969222718785],[-76.430810509065168,37.022965912103373],[-76.43100157117874,37.02288973600615],[-76.431010789150932,37.022886061955731],[-76.431200937156504,37.022810248935095],[-76.431204213621243,37.022808942802797],[-76.43140051750467,37.022730676068043],[-76.431408633083322,37.022727440491252],[-76.431602949998307,37.022649965029665],[-76.431608975589114,37.022647562500659],[-76.431849089603844,37.022551828176965],[-76.432094460362904,37.022453995482884],[-76.432307646857709,37.022368996159088],[-76.432315295264459,37.022365947002598],[-76.432491675788796,37.022295620772013],[-76.432499323057186,37.022292571583812],[-76.432675702091387,37.02222224595787],[-76.43268335046848,37.022219196777343],[-76.432859727987946,37.022148872656928],[-76.432867377522967,37.022145821682344],[-76.43304375814489,37.022075494641818],[-76.43305140422062,37.022072446298807],[-76.433227782204284,37.022002120744098],[-76.433235431709619,37.021999069745526],[-76.433411811622946,37.021928743052811],[-76.433419457693631,37.021925693784873],[-76.433595837289545,37.021855365914703],[-76.433603483296196,37.021852318436622],[-76.433856537593314,37.021751416390877],[-76.433864185850652,37.021748368034338],[-76.434109552548207,37.021650530246298],[-76.434109613883223,37.021650506986809],[-76.434325365377831,37.021564478312193],[-76.434333112500681,37.021561389298078],[-76.434509388124937,37.021491100622846],[-76.434517136356277,37.021488011616349],[-76.434693415058504,37.021417720922038],[-76.43470115987968,37.021414632745142],[-76.434877434820322,37.021344343517129],[-76.434885183021649,37.021341254486245],[-76.435061459867498,37.021270965021301],[-76.435069205806755,37.021267875938875],[-76.435245484582467,37.021197585336033],[-76.43525322821047,37.021194498003879],[-76.435429505570013,37.021124205303089],[-76.435437251454658,37.021121117097309],[-76.435613529546757,37.021050825941614],[-76.435621273169289,37.02104773768432],[-76.435797549796064,37.020977446232592],[-76.435805294527114,37.020974357982773],[-76.435984895988483,37.020902740115318],[-76.436096988577475,37.020857734478987],[-76.436244787751647,37.020799546368913],[-76.436410129749419,37.020733614029432],[-76.436594149578667,37.020660233091043],[-76.436778170174577,37.020586851883799],[-76.436962189314755,37.020513469467417],[-76.4371462080735,37.020440087663452],[-76.43733022647541,37.020366705570915],[-76.437514244545028,37.020293322288978],[-76.437698262233269,37.020219939619416],[-76.4378822806637,37.020146557581903],[-76.438105769274273,37.020057432689335],[-76.438218686143216,37.02001454772094],[-76.438117987497591,37.019869730132008],[-76.438111986375688,37.019860730685117],[-76.438008988084107,37.019668729525009],[-76.437567992086557,37.018949727604976],[-76.436942996962145,37.017940723601448],[-76.436379003176214,37.017028720388282],[-76.435359011674194,37.015374714835566],[-76.434834017296197,37.01452671148143],[-76.434296021278854,37.013661708099853],[-76.433754026580459,37.012798705783972],[-76.432615036225727,37.010956698867624],[-76.43144104763995,37.009049693381726],[-76.431179050247621,37.008626691687041],[-76.43071105459282,37.007935689758433],[-76.430603054488259,37.007958689272598],[-76.429753056035111,37.008283691084117],[-76.429224056451247,37.008492691215011],[-76.428614057187531,37.008734692595525],[-76.428038057860192,37.008977694125377],[-76.427747058208482,37.009100694481532],[-76.426918058558044,37.009431695477062],[-76.426525060660381,37.009583696605674],[-76.425946060884684,37.009807697324533],[-76.424090063468,37.010543700350183],[-76.423346064914966,37.010837701518867],[-76.422699064332463,37.011099701975503],[-76.422536065651727,37.011165703182158],[-76.421697066395154,37.011537704195497],[-76.421584066227979,37.011575704612014],[-76.421476066402462,37.011622704715847],[-76.421438067331238,37.011643705338273],[-76.421387066410375,37.01158270460008],[-76.421044070701114,37.011046702742661],[-76.420650073641212,37.010397700723452],[-76.420588074144632,37.01030370033606],[-76.420428075423231,37.010033699934723],[-76.420229077239441,37.009721699296172],[-76.419480084406146,37.008502695105307],[-76.419287085950387,37.00821369447975],[-76.418899089990362,37.00770369229825],[-76.418823090594728,37.007587692331896],[-76.418566092240084,37.007165690703452],[-76.418049093635275,37.007357691820594],[-76.41736009359839,37.00763169356398],[-76.416806094467148,37.007855693551278],[-76.415809096390376,37.008239695433858],[-76.415436096130989,37.008376695741433],[-76.414789098100613,37.00860369641314],[-76.414695097532075,37.008632697100026],[-76.414418300070437,37.008722392191864]]]},"properties":{"OBJECTID":24,"ADDRESS":"7609 MARSHALL AVE","PrecinctName":"Newmarket","Num":311,"TOTAL":4311,"BLACKNH":2652,"WHITENH":1286,"TOTALHISP":167,"ASIANNH":55,"TOTAL18":3488,"USCON":"C03","STSEN":"S023","STHOD":"H085","COUNCIL":"SOUTH","POLLINGLOC":"AMERICAN LEGION POST 25","GlobalID":"{4771B3F0-208A-4793-9A56-37B7D536F871}"}},{"type":"Feature","id":27,"geometry":{"type":"Polygon","coordinates":[[[-76.470986531628284,37.114447137686128],[-76.470996532436914,37.114441138551918],[-76.471058531199517,37.114402137913828],[-76.471090532441011,37.114384137949514],[-76.471266531849409,37.114266138092532],[-76.471497531538134,37.114112137009613],[-76.471788531901851,37.113901136828275],[-76.472179531418391,37.113593136322535],[-76.47268353293984,37.11313513543314],[-76.473000532243688,37.11284113475616],[-76.473268533355821,37.11257213404798],[-76.47337153401476,37.112465133577103],[-76.473782534390566,37.112015132270528],[-76.47472853555081,37.110822128512638],[-76.474916536921839,37.110581128613475],[-76.475906538389893,37.109313124357037],[-76.476226538891169,37.108901122305973],[-76.476880536495855,37.109328125268156],[-76.477908529980297,37.109958130663713],[-76.479124524511406,37.110633136017604],[-76.480470518654485,37.111295141274617],[-76.480704517899014,37.111400142771878],[-76.481757512774578,37.111872145616559],[-76.482726508931293,37.112264149500369],[-76.482852509204363,37.112315150421502],[-76.483515505548496,37.112566152396866],[-76.484184502923966,37.112802155289089],[-76.484860500005723,37.113025156268755],[-76.485468497914169,37.113212159580861],[-76.486269495295559,37.113441161177263],[-76.487135491987743,37.113676164330073],[-76.487205491850602,37.113695164509373],[-76.487865488485852,37.113855166635211],[-76.488664486657626,37.114029168962432],[-76.491064478184967,37.114486176103711],[-76.492821472584041,37.11481118012572],[-76.495775462724239,37.115359188337713],[-76.497269457566247,37.115629192366562],[-76.501471437658509,37.116389198010253],[-76.502719427367467,37.116623196476226],[-76.502964425053662,37.116669196123489],[-76.503334422369562,37.11673919553256],[-76.503800418398129,37.11680219482718],[-76.504446413724807,37.116912193803486],[-76.505134408772676,37.117042193428823],[-76.505954401931376,37.117216192275905],[-76.506268399249208,37.117294191395096],[-76.507048393954932,37.117500190243753],[-76.507667388195074,37.117676190107751],[-76.507967386375313,37.11777218964491],[-76.508462381628888,37.117943188456699],[-76.50895137761681,37.118127188864328],[-76.509335374389707,37.118282189164965],[-76.509987369200886,37.118567189389502],[-76.510425364802742,37.118773188792396],[-76.510769361658973,37.118947188383203],[-76.511619354693821,37.119409189097865],[-76.512038349851707,37.119655189111434],[-76.512447346371502,37.119912189826969],[-76.512877342936392,37.120203189817637],[-76.513208339172039,37.12043719016247],[-76.513570335836192,37.120704189668494],[-76.513779334635146,37.120608189592843],[-76.514694329614926,37.120172184805867],[-76.511433368117679,37.116016173864487],[-76.510847374203536,37.115268170982418],[-76.510504378333138,37.114830169253871],[-76.508755398395238,37.112590162783036],[-76.507948408296485,37.111581159503913],[-76.50727141687382,37.110745157322654],[-76.505303440248596,37.108222150052768],[-76.503907456382422,37.10643414362918],[-76.503748457800256,37.106231144053808],[-76.503517461339342,37.105923142188011],[-76.503415462090331,37.105797142328157],[-76.502897468602498,37.105126139676841],[-76.502106477356463,37.10410013625647],[-76.501840481379418,37.103706134513708],[-76.501621483691395,37.10338313407307],[-76.500988491649352,37.102445130413784],[-76.500285501934002,37.101322125996667],[-76.499830506943354,37.100584123212485],[-76.499287511524358,37.099704118376039],[-76.499118513135997,37.099430116378642],[-76.498508518131459,37.098441110492189],[-76.498150522369059,37.097861107127081],[-76.497434527700236,37.096698099869016],[-76.497285530185593,37.096457099435511],[-76.495751542650041,37.093997084416095],[-76.4941595568785,37.091392069435472],[-76.494120556640539,37.091330069134749],[-76.493097558419862,37.091779070785599],[-76.49222055846144,37.09213407147481],[-76.490368561449273,37.092892071629123],[-76.488524564654455,37.093608072110733],[-76.487341565762449,37.094088073368077],[-76.48719256526212,37.094148072965716],[-76.487037565272203,37.094211073106997],[-76.486773566277577,37.094326073230711],[-76.486849565335788,37.094447074752971],[-76.487199561637283,37.095003077351819],[-76.487171562069889,37.095050077639399],[-76.487111562063859,37.095112078014836],[-76.486956561977877,37.095216077143817],[-76.486807562258363,37.095303077931604],[-76.486596561964177,37.095388078060139],[-76.486421562529202,37.095469077448357],[-76.48633456263174,37.095529078355931],[-76.486303562618886,37.095579079022627],[-76.486286562304457,37.095664079119594],[-76.486250562308726,37.09581307961637],[-76.486116562103476,37.095594078568205],[-76.486042563573633,37.095473077432324],[-76.486028564311979,37.095442078011757],[-76.485987563885615,37.095353077000297],[-76.485929564347757,37.095291077240688],[-76.48588856457765,37.095225075992488],[-76.485812565102648,37.095104075642446],[-76.485581567968907,37.094730072903602],[-76.485468568345752,37.094547072656958],[-76.485200570853877,37.094112070760822],[-76.485169571831733,37.094012069543794],[-76.484927573189992,37.093684067921551],[-76.484763574105969,37.093681067286532],[-76.484651574428355,37.093679067684199],[-76.48439457450344,37.093828067237816],[-76.484129574311211,37.093942068229516],[-76.483920575136551,37.093980067993762],[-76.483582575486338,37.093991067132421],[-76.483144577765529,37.094008066104919],[-76.483038576530376,37.094019067308857],[-76.482863577095117,37.094050066280232],[-76.48266257758317,37.094105066232409],[-76.481955578238555,37.094379066324542],[-76.481253579213018,37.094656066391138],[-76.479743581306309,37.095258067802995],[-76.479229581580768,37.095471068265248],[-76.478587582672489,37.095718067462485],[-76.47847458285608,37.0957620679592],[-76.478327582683391,37.095806068096685],[-76.478207583629469,37.095831067437985],[-76.478021584344503,37.095851067358353],[-76.477657584731773,37.095844067403497],[-76.477151586913138,37.095809065273563],[-76.474832593152797,37.095670062049301],[-76.474798593024872,37.09580106290062],[-76.474713592315396,37.096016063323781],[-76.474646591546929,37.096236064473544],[-76.474624591203934,37.096374064790346],[-76.474620590219018,37.09651206536558],[-76.474639590236023,37.096677066445018],[-76.474668589713161,37.096794066646801],[-76.474714588888688,37.096918067566577],[-76.474930586626471,37.097301069374495],[-76.475163584863367,37.097679071262526],[-76.47531058350792,37.097902073335128],[-76.475757579280895,37.09862807712075],[-76.474869580355303,37.099009076899186],[-76.473875581843501,37.099399076732567],[-76.473466585846325,37.098744073443676],[-76.473408585885963,37.098756073765969],[-76.472912586483446,37.098868073907589],[-76.472544586901392,37.098964073367583],[-76.472288587050912,37.099092073505588],[-76.472048586579234,37.099300074612351],[-76.471664586641907,37.099604074499247],[-76.471264586878064,37.099892075087034],[-76.471008587269438,37.100020075225508],[-76.470016588583661,37.100340074698984],[-76.469408590191563,37.100548075222328],[-76.469233589938099,37.100628075185355],[-76.470774575715765,37.103131088199973],[-76.470732572838557,37.103913091470417],[-76.470546573934271,37.103714090170548],[-76.470241575901795,37.103367088218612],[-76.469177584288843,37.102047081180977],[-76.468680588468558,37.101344076768349],[-76.468497589932056,37.10106907583102],[-76.468293590431458,37.101197076227749],[-76.467332590020803,37.101800076788059],[-76.46663259023498,37.102157077571498],[-76.465648590743001,37.102787078786385],[-76.464816590477952,37.103571081285978],[-76.464528589904191,37.103699080077156],[-76.464096591625605,37.103731080143412],[-76.463392594017591,37.103603078474983],[-76.460845484736694,37.103045424349794],[-76.461482744399831,37.103764195542361],[-76.46213498571241,37.104499837989884],[-76.463507620561373,37.106047937841836],[-76.463738164874826,37.10630794456241],[-76.463919626247559,37.106512593604812],[-76.464105119719491,37.106721789768045],[-76.464284559291812,37.106924156288997],[-76.464516011020592,37.107185181129623],[-76.464704293877276,37.107397520500399],[-76.464892652120753,37.1076099410691],[-76.465187622396769,37.107942584306102],[-76.465358418582142,37.108135198072283],[-76.465531172946456,37.108330015758284],[-76.465725494994743,37.108549152649978],[-76.465898254552783,37.108743972554528],[-76.46607515331678,37.108943463062658],[-76.466171471961673,37.109052082316012],[-76.466479376540974,37.109399305147988],[-76.466825148967644,37.109789218893162],[-76.466913038758065,37.109888328269498],[-76.46695755976603,37.109936110963709],[-76.467772554487809,37.110823115656629],[-76.468152551464655,37.111236118674654],[-76.468422550660861,37.111542120480223],[-76.469594541565684,37.112872128334871],[-76.470252536481382,37.113616132962534],[-76.470830532969032,37.114269136407088],[-76.470986531628284,37.114447137686128]]]},"properties":{"OBJECTID":27,"ADDRESS":"100 PALMER LN","PrecinctName":"Palmer","Num":211,"TOTAL":7677,"BLACKNH":2235,"WHITENH":2748,"TOTALHISP":1962,"ASIANNH":375,"TOTAL18":5779,"USCON":"C03","STSEN":"S023","STHOD":"H085","COUNCIL":"CENTRAL","POLLINGLOC":"L. F. PALMER ELEM SCH","GlobalID":"{F4C1A769-E26E-4234-8C00-985D31C7AD64}"}},{"type":"Feature","id":28,"geometry":{"type":"Polygon","coordinates":[[[-76.405408086289412,36.98028267926253],[-76.405882087375545,36.981050678894171],[-76.406666089628956,36.982325678297158],[-76.407065091084704,36.982970677784536],[-76.407473092253255,36.983628677155799],[-76.407881094649483,36.984288676848728],[-76.408279094429602,36.984931677342274],[-76.408678096236756,36.985576677092858],[-76.409071097031386,36.986216676259467],[-76.41145508748555,36.985266674614863],[-76.412996079731599,36.984655675545866],[-76.412765079816765,36.984295675384473],[-76.412592079196273,36.984014674521404],[-76.412200077501964,36.983379675954851],[-76.411804076883527,36.982737675511522],[-76.411394075882328,36.982072675381161],[-76.410983073236892,36.981405676554466],[-76.410590072725071,36.980761676124402],[-76.411425069257007,36.980437676850315],[-76.413298060864307,36.979695675887051],[-76.412904059426168,36.979050676806196],[-76.412513057740441,36.978414677035133],[-76.41210805705299,36.977759677829887],[-76.411718055849263,36.977129677752082],[-76.414407044061591,36.976060676240436],[-76.414970041610999,36.975836676538336],[-76.416083041734808,36.976847675613058],[-76.416310041743827,36.977054674831713],[-76.416520040557231,36.976886675563371],[-76.416697039678766,36.976769675790784],[-76.416886039310825,36.976663675407863],[-76.41719603766245,36.976544674548585],[-76.417909034084005,36.976256675386722],[-76.418306034594366,36.97690167431022],[-76.41870103581536,36.977543673701305],[-76.419096037520745,36.978186674817508],[-76.419549036156866,36.978008673768279],[-76.420465031654174,36.97764667365378],[-76.421405026644479,36.977268672813757],[-76.421599026372732,36.977193673507998],[-76.421790026203155,36.977111672525368],[-76.422556027572341,36.978337672377251],[-76.422734029057708,36.9786226718427],[-76.423008030966017,36.979592671929815],[-76.423094032551546,36.979787671873972],[-76.423253029832125,36.979676670976843],[-76.423348030807418,36.979618671585179],[-76.42357002914585,36.979500671197961],[-76.423508028919116,36.979387672076882],[-76.423413028694512,36.979215671532948],[-76.423155027066713,36.978691672574968],[-76.422976026120224,36.978326671928841],[-76.422917026324228,36.978203671969624],[-76.422798025006273,36.977955672234067],[-76.422473024554591,36.977277673171088],[-76.422315023476685,36.976974672604335],[-76.422180022560056,36.976739672532041],[-76.42193202168707,36.976347673318777],[-76.421836021460862,36.97621267320249],[-76.421765021390783,36.976113673101231],[-76.42149502205902,36.975772673738682],[-76.420391020437009,36.974518674758443],[-76.420162020326444,36.974231674631362],[-76.419098017708976,36.972768675538028],[-76.419011016807488,36.972625675042337],[-76.418962018053676,36.97258067629555],[-76.417904014493487,36.971114677301841],[-76.416265012060549,36.96884467766759],[-76.416030011740347,36.968540677855444],[-76.415789010593741,36.968264678413824],[-76.415458010947944,36.96791167892497],[-76.415149009675559,36.967599678846931],[-76.414648010424386,36.967076679038236],[-76.414378009606239,36.966747679506284],[-76.414101008790865,36.966381679783439],[-76.413935008808807,36.966134679893415],[-76.413785007964421,36.965880679816166],[-76.412547002312877,36.963363681121692],[-76.412302001570737,36.96285768142392],[-76.412140657656906,36.962523702306946],[-76.412133231321931,36.962522714218821],[-76.412104202050628,36.962510207574077],[-76.412074482251896,36.962498792799877],[-76.412044102012828,36.962488478541992],[-76.412013162426007,36.962479305351785],[-76.411954517546476,36.962465379724591],[-76.411894603219451,36.962455538014709],[-76.411866242673071,36.962450556710863],[-76.411837345914861,36.962448810687256],[-76.41180849090803,36.96245031741477],[-76.411780161183842,36.962455056635235],[-76.411757502451366,36.962461345876228],[-76.411745477070681,36.962470975863283],[-76.411732386143157,36.962479614391007],[-76.411718315407711,36.962487207098611],[-76.411703395032305,36.962493676979157],[-76.411679378933883,36.962501248141315],[-76.411652674445463,36.962506109925144],[-76.411641628461638,36.962509058567704],[-76.411611130753286,36.962520119077325],[-76.411586148188391,36.962532963898717],[-76.41156337892258,36.962548557426096],[-76.411544563468837,36.962557626982459],[-76.411497463071498,36.962578079324636],[-76.411449095214167,36.962595981799382],[-76.411395613319641,36.962641385119909],[-76.411327775107111,36.962678295286757],[-76.411134539655947,36.962748007170134],[-76.410375433350822,36.963653712051673],[-76.410908909044466,36.963941971045507],[-76.410900551703733,36.9639576311342],[-76.410696699844408,36.964574578885859],[-76.410672241236085,36.964570636450738],[-76.410659904699742,36.964555408289989],[-76.410641655102779,36.964568374320699],[-76.41062742664981,36.964600521885572],[-76.41061973762838,36.964634014127071],[-76.410619056920581,36.964650996712535],[-76.410618522472888,36.96466426478927],[-76.41061854928617,36.964664432913921],[-76.410621121054334,36.964683140742387],[-76.410622683192855,36.964694512695999],[-76.410629225204957,36.964714904436406],[-76.41063214117095,36.964723984005644],[-76.410646710729651,36.964752080537593],[-76.410650918419435,36.96482269377438],[-76.410650951239276,36.964823254987849],[-76.410650905739843,36.964824660262714],[-76.410648671405156,36.964893124759492],[-76.410648631223211,36.964894337243045],[-76.410648265233391,36.964897303345865],[-76.410640262401785,36.964962126737653],[-76.410640206043581,36.964962581812259],[-76.410611885422298,36.965112498100162],[-76.410584047338958,36.965327216339887],[-76.410583687109565,36.965329973435097],[-76.41058259119832,36.965335946045364],[-76.410553392409412,36.965495007893935],[-76.410550853819416,36.965508814520959],[-76.410539298018776,36.965559873597734],[-76.4105392660002,36.965560016341286],[-76.410524919389729,36.96562339666955],[-76.410521304461767,36.965639370816071],[-76.410507702915027,36.965691091184368],[-76.410507661467449,36.965691249984452],[-76.410489454833936,36.965760470895631],[-76.410487137348113,36.965769274531723],[-76.410483905524828,36.965780033146082],[-76.410449919776013,36.965893299622437],[-76.41044843782457,36.965898240555909],[-76.410445127946005,36.965908041466029],[-76.410405207916114,36.966026276131139],[-76.410351276003837,36.966231086594291],[-76.410341331557561,36.966280445518272],[-76.410327455049355,36.966349331420773],[-76.410324820582915,36.966362417074798],[-76.410322734925415,36.966371122074257],[-76.410295635009561,36.966484320655518],[-76.410293538296543,36.966493059708846],[-76.410289698213148,36.966506931540806],[-76.410289677988089,36.966507013202985],[-76.410266616230388,36.966590280769545],[-76.410259360587546,36.966616478972909],[-76.410255251083001,36.966629570869195],[-76.410255243451985,36.96662960318168],[-76.410227184398138,36.966718971431995],[-76.410220855379023,36.966739145346295],[-76.410219614977862,36.966742658346703],[-76.410177946446282,36.966860726680814],[-76.41017448085978,36.966870550055368],[-76.410165535878079,36.966893242692102],[-76.410128407375581,36.966987454907802],[-76.410123205460721,36.967000648170782],[-76.410119664610136,36.967008761275046],[-76.410070903115738,36.9671205717747],[-76.410066929237388,36.967129682172832],[-76.410060637136112,36.967142815504104],[-76.410005837618542,36.967257200174934],[-76.40996723542095,36.967372566639639],[-76.409963940139505,36.96738240385055],[-76.409962001733575,36.9673873979593],[-76.409919910318095,36.967495809903873],[-76.409915886031797,36.967506175863143],[-76.409912092691513,36.967514726129842],[-76.40987511840973,36.96759811597714],[-76.409861238169327,36.967629416984671],[-76.409857961717591,36.96763596555504],[-76.409800484476293,36.967750808209473],[-76.409760923053881,36.967793979537944],[-76.409759581888594,36.967795443811049],[-76.409759147104495,36.967796057105311],[-76.409739442551313,36.967823980054533],[-76.409738085263669,36.967825906425908],[-76.409727417021486,36.967841024234566],[-76.409725553578241,36.9678436671866],[-76.409724927964731,36.967844886392427],[-76.409701373979914,36.967890838845143],[-76.40970039719268,36.967892735022794],[-76.409699764803406,36.967894321852953],[-76.409699753803821,36.967894354105574],[-76.409691480808831,36.967915114470586],[-76.409671108458426,36.967966216900805],[-76.409669906236189,36.967969240248145],[-76.409658052806037,36.967989449364197],[-76.409656795033868,36.967991595626302],[-76.409656662848704,36.967991826723214],[-76.409655707600763,36.967993064407125],[-76.409642122740422,36.968010765884522],[-76.409640347154607,36.968013074198517],[-76.40963824617593,36.968015125257566],[-76.40961328728352,36.968039448621646],[-76.40961202333223,36.968040679016781],[-76.409609646148724,36.96804235922491],[-76.409584341555146,36.968060200345384],[-76.409578594134004,36.968064255168109],[-76.409576302225673,36.968065409609849],[-76.409542057089794,36.968082651087791],[-76.409540900955832,36.968083230831425],[-76.409538219284769,36.968084140393373],[-76.409499905312813,36.968097118342143],[-76.409433160474947,36.968120981184541],[-76.409422461167424,36.968124807386673],[-76.409419881289395,36.968125732275119],[-76.409418039205121,36.968126745987789],[-76.409385943879229,36.968144397879556],[-76.409384205554289,36.968145355750288],[-76.409382156275797,36.968147039077635],[-76.40936562678047,36.96816064480069],[-76.409357236504107,36.968183289554695],[-76.409356855395401,36.968184318415787],[-76.409356587522396,36.968184703933218],[-76.409342913537643,36.968204531846602],[-76.409341950562364,36.968205927124522],[-76.409341163919905,36.968206672068135],[-76.409331846278107,36.968215502696388],[-76.409325595722322,36.968221425145387],[-76.409324601340842,36.968222086177967],[-76.409313430599369,36.968229480490614],[-76.409306075546283,36.968234355786095],[-76.409305431693909,36.968234607532857],[-76.409269817033064,36.968248637471255],[-76.409269117470132,36.968248913465025],[-76.409268815283596,36.968248954963563],[-76.409228507878566,36.968254384765523],[-76.409149728787028,36.96828940660788],[-76.409145523240369,36.968291276938807],[-76.409139515562373,36.968294341053962],[-76.409031105732055,36.968349606519581],[-76.409027369910149,36.96835151043333],[-76.409021023668757,36.968355282382191],[-76.408919321779351,36.968415721673402],[-76.408914918035777,36.968418341989555],[-76.408906553696013,36.968424050180076],[-76.40881409800528,36.968487154051587],[-76.408805068902581,36.968498183619722],[-76.408742488765355,36.968542466864783],[-76.408737573214296,36.968550605065111],[-76.408694057328645,36.968585049323572],[-76.408579096087365,36.968668250179292],[-76.408459496591917,36.968744450707824],[-76.408320239320972,36.968821662596881],[-76.40830573689081,36.968831571789785],[-76.408258629428033,36.968869962973343],[-76.4082183734469,36.968913297217078],[-76.408158567547005,36.968955614108282],[-76.407463310382198,36.968324645587202],[-76.407403233629736,36.968392259575566],[-76.407346738510896,36.968454440905134],[-76.406795431198375,36.969076505487614],[-76.406488599661756,36.969422000258497],[-76.406487988723512,36.969422686118484],[-76.406197752604996,36.969749643002409],[-76.404998491290556,36.971283549475736],[-76.404399543123674,36.972146592568819],[-76.404393683834314,36.972155034663061],[-76.40422066498418,36.97241319662001],[-76.404049419565908,36.972667755749093],[-76.40387188387264,36.972912105795814],[-76.403723089335557,36.973076780352386],[-76.403683695897826,36.973139265666951],[-76.403526677176202,36.97337834387303],[-76.403350214931407,36.973625876906517],[-76.403238593268995,36.973774452139658],[-76.4030580226989,36.973971526830063],[-76.402944856843561,36.974101382360075],[-76.40282815540948,36.974235292065124],[-76.402817545044883,36.97424746564888],[-76.402788714288306,36.974286792563568],[-76.402701033399666,36.974406392510225],[-76.402561410214361,36.974606037003618],[-76.4025245047564,36.974667374747824],[-76.402474399981301,36.974735102869047],[-76.402361752508966,36.974909116383849],[-76.402244390173919,36.975065872559263],[-76.402190218346533,36.975125929778201],[-76.402137049394582,36.975192281765494],[-76.402086579366113,36.975266033161148],[-76.402045092451516,36.975311618426744],[-76.401912882637674,36.975512393987948],[-76.401804811685281,36.975649748339045],[-76.401733071033874,36.975750529877487],[-76.401636684927425,36.975867938601411],[-76.40157833897031,36.975947688319323],[-76.401515979319569,36.976006624855501],[-76.401361022140051,36.976173676168152],[-76.4012602989756,36.976265893287383],[-76.401222233198467,36.97630984660028],[-76.401131741135487,36.976404557163313],[-76.400966926544669,36.976560908112788],[-76.400917200550978,36.976618237338037],[-76.400854256408095,36.976738473846666],[-76.400743998065948,36.976882223797034],[-76.40071023830923,36.976926237565472],[-76.400696621118215,36.976939783230172],[-76.400663798560501,36.976972437035634],[-76.400649139336949,36.976984667076884],[-76.400639076808872,36.976988965356732],[-76.400632455388688,36.97699549005241],[-76.400625857997056,36.977001998952524],[-76.400619278146422,36.977008482927829],[-76.400612708600221,36.977014959875994],[-76.400606143569348,36.977021436003049],[-76.400599574045827,36.977027912049564],[-76.400593009012695,36.977034388175866],[-76.400586442855584,36.977040864281761],[-76.400579873228864,36.977047343930771],[-76.400573304973605,36.977053814590548],[-76.400566738813069,36.977060290695348],[-76.400560173749341,36.977066767720679],[-76.400553604218018,36.977073243764615],[-76.400547038204024,36.977079714462953],[-76.400540469718365,36.977086193228871],[-76.400533903627135,36.977092666629147],[-76.400529841556832,36.977096670886141],[-76.400512668272583,36.977110757867209],[-76.400508511904974,36.977119136431298],[-76.400426307644196,36.977205338844435],[-76.400417745168909,36.977210962703104],[-76.400412673027105,36.977218172110831],[-76.400407596417836,36.977225380537277],[-76.400403008471457,36.977231900951047],[-76.400396122115197,36.977239349282947],[-76.400389922546907,36.977246054551081],[-76.400383724100408,36.977252759838855],[-76.400272128294986,36.977373454542267],[-76.400265549530687,36.977379897056728],[-76.400258967321705,36.97738634221335],[-76.400252385161622,36.977392785567808],[-76.400245807416908,36.977399231704744],[-76.40023923201673,36.977405674277804],[-76.400235979756673,36.977414303317104],[-76.40022997586081,36.977421122032652],[-76.400219634119679,36.977424871788415],[-76.400151988081419,36.977476617961763],[-76.400138030089394,36.977493696131106],[-76.400094493143484,36.977546965910214],[-76.400086614016246,36.977553265326954],[-76.400082259848574,36.97756087421012],[-76.400077905580062,36.97756848669669],[-76.400073546769249,36.977576100904706],[-76.400069189205354,36.977583710628132],[-76.400064838477689,36.977591316868093],[-76.400064460434677,36.977600373063467],[-76.400049259841282,36.977640426656144],[-76.399968705630855,36.977760511535301],[-76.399885121332659,36.977879256967114],[-76.39983977773899,36.977989886140264],[-76.399808441521856,36.978051516296489],[-76.399777864007305,36.978104339505222],[-76.39971876957982,36.978192188832828],[-76.399651536784106,36.978276191049851],[-76.399609473742018,36.978333808885949],[-76.3995342503692,36.978452906155134],[-76.39949729604011,36.978521925140441],[-76.399467766096919,36.978584355401615],[-76.399438345946052,36.978655665786277],[-76.39941300296725,36.978727980042152],[-76.399394163581007,36.978766836509422],[-76.399336264634798,36.978873926214703],[-76.399270916104953,36.978978214918037],[-76.399203748313525,36.979072264361278],[-76.399130526115655,36.979163355627755],[-76.399019522949416,36.979284138217437],[-76.398904907800073,36.979391992318718],[-76.39885401414918,36.979465854731892],[-76.398789536128092,36.979542935646499],[-76.398737334544052,36.979595904191164],[-76.398727440374969,36.979600637062568],[-76.398721516640194,36.979607551778109],[-76.398713763096424,36.97961660152815],[-76.398708783779057,36.979620656042492],[-76.398701412185929,36.979626669699336],[-76.398694033879195,36.97963268233444],[-76.398686652127637,36.979638697611598],[-76.398679273718543,36.97964471384936],[-76.398671895358348,36.979650728284923],[-76.398664509011596,36.979656747083979],[-76.398657133942777,36.979662764281443],[-76.398649752085362,36.979668783159816],[-76.398642377064121,36.979674798554527],[-76.398635058438813,36.979680765382561],[-76.39862774208315,36.979686731349325],[-76.398623362161516,36.979695015725497],[-76.39859680941187,36.979720961455932],[-76.398587439271409,36.97972608043478],[-76.398548072839716,36.979775328493552],[-76.398539056346465,36.979780617828879],[-76.39850818392658,36.979814495665394],[-76.398504813008728,36.979823179325969],[-76.398498048605703,36.97982953731109],[-76.398491287670225,36.97983589175243],[-76.3984845290545,36.979842243530818],[-76.398477775004224,36.979848592686388],[-76.398471024396486,36.979854939199058],[-76.398464273862686,36.979861283008653],[-76.398460638091834,36.979869753728266],[-76.398404472958475,36.979940559101607],[-76.398357103851538,36.98000583954655],[-76.398213719275205,36.980236797490811],[-76.398197348301551,36.980280956279735],[-76.398177054352928,36.980324055315343],[-76.398108156899653,36.980431231895423],[-76.398052225429637,36.980533827846727],[-76.398040438835011,36.980557881268595],[-76.397999892482801,36.98066155425515],[-76.397983500568245,36.980681889397623],[-76.39795918606751,36.980712054483362],[-76.397951886661701,36.980718294719928],[-76.397944590523466,36.98072453861981],[-76.397937035651083,36.98073099692148],[-76.397928829964698,36.980736454827728],[-76.397920614170872,36.980741912552858],[-76.397912397152908,36.980747373860865],[-76.397904192685928,36.980752828181892],[-76.397895994032353,36.980758275395516],[-76.397884725760775,36.980760696955642],[-76.397827877295683,36.980784152529175],[-76.397797642708824,36.980792556274835],[-76.397785461053189,36.980791860904944],[-76.397773639994,36.980794323953553],[-76.397763423591925,36.980799689136646],[-76.397751802827941,36.98081663033804],[-76.397751620785002,36.980826426424564],[-76.397755351253096,36.98083575702649],[-76.397746639201415,36.980868684042044],[-76.397736619395161,36.98089262659402],[-76.397718802166466,36.980923102417108],[-76.397696173673367,36.9809514516391],[-76.397686758013165,36.980956826617508],[-76.39767501820721,36.980969960238568],[-76.397667439645019,36.980975772742838],[-76.397659857537832,36.9809815914927],[-76.3976522720357,36.980987411082758],[-76.397644693470014,36.980993223585571],[-76.397637128528274,36.980999030923371],[-76.397629584323184,36.981004819703124],[-76.397622068890243,36.981010583759158],[-76.397614595754547,36.981016321530404],[-76.397594594572382,36.981023318131129],[-76.397536746466614,36.981043556859454],[-76.397506170631132,36.981054251943362],[-76.397416764261038,36.981085525063023],[-76.397344281656231,36.981105963648417],[-76.397290976963021,36.981116484116221],[-76.397270516322081,36.981123112817691],[-76.39724437414155,36.981139294197426],[-76.397233481046456,36.981152357281935],[-76.397207678315894,36.981183301416948],[-76.397185561923067,36.981188179857959],[-76.397163773464641,36.981183837164856],[-76.397147842903379,36.98117115724154],[-76.397143580439675,36.981162740080435],[-76.397108308530846,36.981141908872786],[-76.397077729343167,36.981132166861919],[-76.397045236689564,36.981128014986986],[-76.396957274556442,36.981083519207338],[-76.396847407739784,36.98102034275653],[-76.396735276415143,36.980945870715544],[-76.39663740350214,36.98087107030701],[-76.39654599282639,36.980791180124271],[-76.396467709203577,36.980713225392925],[-76.39641302346935,36.980652289762666],[-76.396397281575688,36.980631450592966],[-76.3963908080366,36.980622878497392],[-76.396375812493218,36.980609833015563],[-76.396347047886891,36.980596738730888],[-76.396314318117007,36.980592922213717],[-76.3962820968366,36.980598909615793],[-76.396254788433467,36.980613878355243],[-76.39624640238209,36.980638808123707],[-76.396246832192674,36.980664629218161],[-76.39625605739306,36.980689369145558],[-76.396266771213647,36.98070432102439],[-76.39628072777586,36.980717438977372],[-76.396306678033255,36.980732720075416],[-76.39633684607891,36.980741723054074],[-76.396479383747788,36.980839206772075],[-76.396625857708713,36.980945738004678],[-76.396753329487197,36.981044139091757],[-76.396870117605488,36.981139332280335],[-76.396983739666908,36.981236966361038],[-76.397100897685959,36.981343297438194],[-76.397131020933514,36.98135072927635],[-76.397159571392564,36.981361435496254],[-76.397185998769899,36.981375206166774],[-76.397209796792822,36.981391783471693],[-76.397242396322255,36.981424744853662],[-76.397261125721911,36.981454899439036],[-76.397274308162864,36.981495626719713],[-76.397275492700217,36.981537696180453],[-76.397267738158789,36.981570804320754],[-76.397247599302489,36.981609661583072],[-76.397231580972161,36.981659054309489],[-76.397210260440019,36.981698022943071],[-76.397182168729685,36.98173411426302],[-76.397155200508934,36.981760412796575],[-76.397137972114891,36.981771486958934],[-76.397133344711662,36.981777951566961],[-76.397121854182203,36.981783556213614],[-76.397107035567672,36.981797668586786],[-76.397102592929514,36.981806582725788],[-76.397095414769424,36.981813264931795],[-76.397090714551311,36.981841327886556],[-76.397098538702679,36.981893234243962],[-76.39710913471005,36.981934654410225],[-76.397124296409842,36.981975151188301],[-76.39714390013232,36.982014404193819],[-76.397184611023036,36.982027435975475],[-76.397221056123996,36.982046978476184],[-76.397251638153207,36.98207217031694],[-76.397275023704267,36.982101912376223],[-76.397310808252158,36.982120281218663],[-76.39735019877422,36.982148823893304],[-76.397376609213467,36.982175517586867],[-76.397397864339879,36.982205029562124],[-76.397413499966135,36.982236718787739],[-76.397422336235195,36.982346306260133],[-76.397406598529585,36.982489711703636],[-76.397383258264711,36.982544000359155],[-76.397376329791754,36.982553584844474],[-76.397374233999912,36.98256173513866],[-76.397372145970806,36.982569848616698],[-76.39729711850552,36.982662753404867],[-76.397072074254652,36.982723751040936],[-76.396966336888141,36.982654841242613],[-76.396700401193073,36.982315998626753],[-76.396556558506745,36.982251354673814],[-76.396431561992031,36.982245468589646],[-76.39634703883668,36.982250851687382],[-76.396395121378887,36.982286682382735],[-76.39709112111116,36.982805682336618],[-76.397451119559832,36.982739682018369],[-76.397677118142497,36.982687682540217],[-76.397941117204866,36.982606682333802],[-76.398250116175888,36.982484682300331],[-76.398396116224745,36.982427682175057],[-76.398793113941636,36.982272681798619],[-76.399445111200862,36.982012681847863],[-76.399694109883811,36.981913681576039],[-76.400647105729092,36.981533681064057],[-76.401658100341564,36.981129680911948],[-76.402432097500721,36.980821681195216],[-76.403347093120658,36.980455679883434],[-76.403855090942344,36.98025667991616],[-76.404817086412308,36.979875680024669],[-76.405095085017393,36.979765679455134],[-76.405408086289412,36.98028267926253]]]},"properties":{"OBJECTID":28,"ADDRESS":"2410 WICKHAM AVE","PrecinctName":"Reed","Num":313,"TOTAL":4229,"BLACKNH":3888,"WHITENH":113,"TOTALHISP":104,"ASIANNH":8,"TOTAL18":2863,"USCON":"C03","STSEN":"S023","STHOD":"H085","COUNCIL":"SOUTH","POLLINGLOC":"DOWNING-GROSS CULTURAL CTR","GlobalID":"{A4F6CA61-E6A1-42AC-8B37-15BAC960178C}"}},{"type":"Feature","id":29,"geometry":{"type":"Polygon","coordinates":[[[-76.562491830081498,37.172650276651602],[-76.563476824020199,37.172582272771685],[-76.563723822554707,37.172566272226362],[-76.563954820161939,37.17255127129399],[-76.566331805334187,37.172390262693611],[-76.566990802182247,37.172349260323799],[-76.567778797550872,37.17229425832123],[-76.569950783006149,37.172144250856668],[-76.570245781053629,37.172124249618093],[-76.570421780791207,37.172112248945183],[-76.570695778163497,37.17208624749383],[-76.570899778036249,37.172043247122552],[-76.570960776821337,37.172027246184207],[-76.571098775290167,37.17198624686192],[-76.571291775731723,37.171916245339624],[-76.571511773398754,37.171815244166197],[-76.571599773520518,37.171767244090738],[-76.571684773565906,37.171717242716788],[-76.571906771863297,37.171470241750278],[-76.572457769360952,37.171184238497872],[-76.572671768186439,37.171083238148626],[-76.572880767938955,37.170967236681314],[-76.573105766476914,37.170819235343181],[-76.573284766285653,37.170681234757915],[-76.573450766077983,37.170534234023044],[-76.573602765379079,37.170377232645471],[-76.573740764992692,37.170212231558352],[-76.573839764036563,37.170074230746508],[-76.574571762194353,37.169136224482195],[-76.574605761849668,37.169092224062389],[-76.575211760971143,37.168247219419854],[-76.575334759967589,37.168109217840573],[-76.575549759135896,37.167895216774909],[-76.575701758894795,37.167717215444171],[-76.575868758828932,37.167486213913342],[-76.575951758052469,37.167358214352902],[-76.57644775756718,37.166476209611588],[-76.576690757082801,37.166095206850024],[-76.577210755870368,37.165480202191468],[-76.578220749916099,37.165068197703782],[-76.579070745889169,37.164649194625291],[-76.580493739123227,37.163798186795432],[-76.580668738109978,37.163686185563598],[-76.580974736015847,37.163671185125139],[-76.581297733700467,37.163671183887892],[-76.581567732077247,37.163757182594587],[-76.581872729435446,37.163843182871922],[-76.582088728516382,37.163886182290156],[-76.582897722371271,37.164144179959401],[-76.583562717273793,37.164316179408225],[-76.584443710326497,37.164516176228631],[-76.585144706107229,37.164688176210575],[-76.586097699004739,37.164889173324603],[-76.586600694610823,37.165003171535538],[-76.586547694916234,37.16516117218373],[-76.586439696013244,37.165261173162278],[-76.586259696921658,37.16539017485546],[-76.586043697479553,37.165504175163662],[-76.585845698700439,37.165605176764657],[-76.585612699490184,37.165719178051297],[-76.585432700258195,37.165834178790242],[-76.585234701424824,37.16599117920331],[-76.585036702238426,37.166192181139571],[-76.584821702743412,37.166464182527378],[-76.58465970344119,37.166564183982132],[-76.584479705561932,37.166636184621211],[-76.584489704577621,37.166656184364882],[-76.582307716175748,37.167346193397748],[-76.582202717771054,37.167378193820525],[-76.582072717642689,37.16739919391113],[-76.581366722381105,37.167419196592029],[-76.581210723083487,37.167482197506388],[-76.581066724237388,37.167513197541503],[-76.580922725928389,37.167534198498807],[-76.580752725762139,37.167555198957871],[-76.580596726691994,37.167565199608894],[-76.580465728545974,37.167555199852011],[-76.580204730344121,37.1674822004464],[-76.580112731182794,37.167492200980199],[-76.579956731487158,37.167524201270787],[-76.579851732493424,37.167513202655215],[-76.579721733477328,37.167503202108378],[-76.57959073371714,37.167586202802141],[-76.579407734347427,37.167690203156077],[-76.579263734980827,37.167763204741028],[-76.579198735906317,37.1679302055406],[-76.57909473569174,37.168159207329175],[-76.578963735999523,37.168419207279797],[-76.57879373557148,37.168701209659986],[-76.578728735770696,37.169076210913317],[-76.578467736859579,37.169180212165841],[-76.578153738364094,37.16943021474237],[-76.577905739242468,37.169617215505134],[-76.577605740685001,37.169857217830092],[-76.577461739814936,37.170128219105173],[-76.577788737804767,37.170357218170594],[-76.585193682624265,37.172784203105358],[-76.58836765923634,37.173826197124114],[-76.589187652273594,37.174101194960592],[-76.589442650161388,37.174135194264927],[-76.590556644922287,37.173442188074738],[-76.592108635287047,37.173299182973565],[-76.593690624743516,37.173767179427841],[-76.593840622717678,37.1737831791012],[-76.593999621801828,37.173807178714675],[-76.594287620354422,37.173617176622109],[-76.594397620264672,37.173680176914459],[-76.594407619489971,37.173767177396414],[-76.594566617791671,37.173878176529961],[-76.594864615966003,37.17388617597198],[-76.594944615849585,37.173855175597438],[-76.595014615363411,37.173791174418042],[-76.595113614184285,37.173847175456366],[-76.595153614428,37.173926175540444],[-76.595243614105556,37.174021175841581],[-76.595412612398789,37.174101175072785],[-76.595571610703544,37.174101174881557],[-76.595660609621248,37.174212174554761],[-76.595700609607391,37.174283174614892],[-76.595813608614137,37.174380174310862],[-76.595833609016196,37.174394175036625],[-76.595927607855742,37.174415174326818],[-76.596059607285952,37.174378173445085],[-76.596238606277623,37.174427173582309],[-76.596367605716409,37.174502172753307],[-76.596596602756478,37.174586172953454],[-76.596693602806525,37.174593171697403],[-76.596784601562604,37.174558171857392],[-76.596828601607086,37.174462171841796],[-76.596910602177971,37.174392171316903],[-76.597039600980168,37.17444317028685],[-76.597116599578015,37.17451317132906],[-76.597186598754377,37.174731170466444],[-76.597271597603637,37.17488617092414],[-76.597368597554706,37.17496517103649],[-76.597559596756355,37.174862170607511],[-76.597665594572064,37.174879170096084],[-76.597682595066019,37.174956170682023],[-76.597811593672844,37.175185170929353],[-76.59788359239505,37.175248170754791],[-76.597985591862496,37.175233170222299],[-76.598048592646336,37.175193170149804],[-76.598087592403232,37.175101169204659],[-76.598087592826019,37.174877169044478],[-76.598036594290434,37.174725168826448],[-76.598087592985976,37.174715168327324],[-76.598163592757103,37.174715167717082],[-76.598252591946903,37.174786168091956],[-76.598316590607141,37.174888168023266],[-76.598405590633135,37.175000168678487],[-76.59859658921026,37.175000168218389],[-76.598724587556262,37.175040167916357],[-76.598877587487564,37.174918166785538],[-76.598991587367166,37.174776165732389],[-76.598991587096933,37.174725165578529],[-76.599042587060737,37.174674165205502],[-76.599093587053488,37.17471516444386],[-76.599195586003418,37.174745164964229],[-76.599335584756545,37.17474516451265],[-76.599348584983275,37.174898165282279],[-76.599284584196894,37.175030164870293],[-76.599195584015831,37.175152166574037],[-76.599119584540801,37.17525416725104],[-76.599081584907225,37.175355166841285],[-76.599144584459168,37.175467167078992],[-76.599259583515988,37.175508167163706],[-76.599386582259569,37.17553816647672],[-76.599444877675808,37.175529058036446],[-76.599520354884802,37.175499277760046],[-76.599555035943908,37.175485332921696],[-76.59959830815859,37.175460123393314],[-76.599632236842012,37.175437896218561],[-76.599680004934157,37.175410013762168],[-76.599733235653204,37.175380652836864],[-76.599779487616871,37.175354338493072],[-76.599849661051238,37.175294237165673],[-76.599886619247826,37.175268925843774],[-76.599922978226743,37.175245584083051],[-76.599973286430014,37.175214995301715],[-76.600033399028547,37.17518494833751],[-76.600101401840732,37.175171539049956],[-76.600186889997914,37.175165855903373],[-76.600264325575623,37.175148642674017],[-76.600356874446632,37.17513521659248],[-76.600432489067074,37.175131736560793],[-76.600506890428889,37.175136863148836],[-76.600571502963206,37.175142216042978],[-76.600644894959103,37.175149276674667],[-76.600725601226557,37.175157636591855],[-76.600760659097645,37.175157535804665],[-76.600810574658666,37.175104160367958],[-76.600846574239824,37.175112161045824],[-76.600945572975959,37.175120160033174],[-76.60103857284598,37.175116160010425],[-76.601152571900542,37.175099158867994],[-76.601266571838622,37.175070158821484],[-76.601367571471144,37.175042158079918],[-76.601461570382838,37.175000158498527],[-76.601547570523593,37.174913157853211],[-76.601591569725571,37.174847157229991],[-76.601620569771839,37.174800157682967],[-76.601638569533279,37.174730156084671],[-76.601639569891788,37.174660156749184],[-76.601625570826016,37.174585156377084],[-76.601593570932934,37.17451415556949],[-76.601529572541551,37.174403156352625],[-76.601506572040677,37.174360155449818],[-76.601545572351597,37.174313156413241],[-76.601833449584163,37.174003195736525],[-76.602121602924484,37.173194239615654],[-76.602645692849791,37.171722864649659],[-76.603338451501941,37.171062758430388],[-76.603340751116804,37.171060568325586],[-76.603343043931503,37.171058379914037],[-76.603539790432649,37.170771959925077],[-76.603659844682753,37.170794575164521],[-76.604367690972069,37.170054411080457],[-76.603968966391889,37.169806679936478],[-76.604119875084251,37.169629839622743],[-76.604263860260062,37.169728681998613],[-76.604404598081302,37.169613730466679],[-76.604637998300163,37.169583007313079],[-76.60496104195208,37.16872633781837],[-76.605167625998789,37.168047065248878],[-76.606303230701712,37.167748102717312],[-76.607092991860341,37.167540181120984],[-76.607012054374636,37.167332035735313],[-76.608122682204112,37.167018900675266],[-76.610237343818241,37.166444117430267],[-76.610137572762213,37.166176236500874],[-76.60688096266162,37.16707198348255],[-76.606628221309734,37.16653535714854],[-76.606440898416167,37.166574955091882],[-76.606351774165589,37.166413751883297],[-76.606567573771883,37.1663000523656],[-76.606471014464631,37.165904398518506],[-76.606674577326913,37.165747897767055],[-76.60668553532355,37.165737729593673],[-76.606696816471342,37.165727788321874],[-76.606708404874738,37.165718079104188],[-76.606720302559381,37.165708610985824],[-76.60673249254917,37.165699387299455],[-76.606744975811822,37.165690414369408],[-76.606757739761093,37.165681700105267],[-76.606770776517166,37.165673244380464],[-76.60678407671297,37.165665061465042],[-76.606797631478386,37.16565714580895],[-76.606811435904064,37.165649513556374],[-76.606825477562097,37.165642166310413],[-76.606839748550001,37.165635104845329],[-76.606854239749225,37.165628333521276],[-76.606868938483402,37.1656218638513],[-76.606883842546551,37.165615693997431],[-76.606898935997989,37.165609830914057],[-76.606914208751604,37.165604272636614],[-76.606929657069188,37.165599033525645],[-76.606945264268347,37.165594105201784],[-76.606961025598011,37.1655894975029],[-76.606976926378891,37.165585211995875],[-76.606992956389448,37.165581252121754],[-76.607009108785249,37.165577621375888],[-76.607025372309295,37.165574319577473],[-76.607041731134117,37.16557134917641],[-76.607058187466194,37.165568712010554],[-76.607074718633314,37.165566414025093],[-76.607105105071852,37.165563081071042],[-76.607238676722886,37.165543923354377],[-76.607306528043367,37.165491754195919],[-76.607561438743716,37.165410637289035],[-76.608210421763928,37.165005638345328],[-76.608455485702464,37.164785891864028],[-76.60881681789914,37.164706475116297],[-76.609298415360371,37.16460768036827],[-76.610425513352382,37.164242293067907],[-76.610966180869113,37.163910108396067],[-76.6111798375414,37.163881579152452],[-76.611437130118574,37.163704623466721],[-76.611879339852791,37.163583888592179],[-76.612332721879881,37.163548538255235],[-76.612477999020726,37.163593471145248],[-76.612611831904317,37.163563658427812],[-76.612897853488221,37.163301950107005],[-76.613076915001628,37.163059832960329],[-76.613835999108829,37.162507452085279],[-76.614194080504504,37.162231802749901],[-76.614427104866351,37.161993223143206],[-76.614670721348489,37.161835574616909],[-76.614899461486431,37.161768557983685],[-76.615033885485076,37.161641418809012],[-76.615067415130568,37.161609701269775],[-76.615018489957748,37.161548342378246],[-76.614764532438528,37.161614958006517],[-76.614487620239217,37.161590337850818],[-76.614287380329728,37.161526559849086],[-76.613713374783913,37.161275071162478],[-76.613239243122948,37.161065561897793],[-76.612541172756707,37.160731314266322],[-76.612226938317519,37.160685899150138],[-76.611937925379237,37.160640887799595],[-76.611611843621375,37.160564992833571],[-76.610956396588463,37.160544399845392],[-76.610653763596147,37.160539551963872],[-76.610353150351429,37.16045396523127],[-76.610128957199862,37.1603393162614],[-76.609676783634953,37.160261396501205],[-76.609426610078685,37.160176614785087],[-76.609123224118861,37.160202041266096],[-76.608707363313684,37.16018527522759],[-76.608455428816058,37.160171138366472],[-76.608080929407905,37.16001368842764],[-76.607618675500532,37.159834635239243],[-76.607106240724846,37.159644678726046],[-76.606656094699673,37.159486009284365],[-76.606317157594901,37.159419991149264],[-76.606040768977508,37.159375168774119],[-76.605727806114587,37.159279274672173],[-76.605656199122549,37.159116585432166],[-76.605890253145532,37.158837650430399],[-76.605996943817033,37.158607150061272],[-76.606154075656349,37.158377460395918],[-76.606285226209749,37.158177639312584],[-76.606529607305333,37.157989734729533],[-76.606574265204969,37.157717855940049],[-76.606583370513619,37.157354536993516],[-76.606564979239693,37.157081642471454],[-76.606867884630446,37.156571596401633],[-76.606870918415467,37.156450492456635],[-76.606973307976887,37.156391556778068],[-76.607264863468586,37.15583084747076],[-76.607381128046086,37.155721654895409],[-76.607609090966662,37.155684927800664],[-76.607852701194389,37.15552729866458],[-76.608039841489955,37.155106260181753],[-76.608568669967724,37.154640219438754],[-76.608247418154605,37.154372562423532],[-76.608396218500374,37.15397110176815],[-76.608782558654511,37.153654217891258],[-76.609049608137994,37.153567633854912],[-76.609178723004291,37.153448548506326],[-76.609157295481097,37.153296761968264],[-76.609122248305852,37.15318514278097],[-76.609200169683604,37.153095525275624],[-76.609302047680032,37.153056773669249],[-76.609414762480228,37.153088867291807],[-76.609490414910454,37.15309008084288],[-76.609504032116959,37.153049916109772],[-76.609379717271878,37.152977248215059],[-76.609394854444915,37.152876528847472],[-76.609521442125555,37.152858364646512],[-76.609527754635863,37.152606060796316],[-76.609555242598958,37.152515634675822],[-76.609762531757553,37.152296839700526],[-76.610031085647933,37.152149701340079],[-76.610235851322727,37.15203182713195],[-76.610249972879004,37.151971476196238],[-76.61018315632947,37.151617038569285],[-76.610172821615137,37.151526007163099],[-76.610315298654129,37.151376847042705],[-76.610494588020572,37.151268659526551],[-76.610774486261093,37.151172179587228],[-76.610850641428641,37.151153211557329],[-76.610980757603627,37.150993754665173],[-76.611098519933932,37.150824006284722],[-76.611190309322538,37.150684126831457],[-76.611382198985837,37.150576142505969],[-76.611548625965796,37.150477846368496],[-76.611576366328833,37.150377329457186],[-76.611521902663426,37.150033184802993],[-76.611515097229855,37.149800862339404],[-76.611911488272057,37.149080278932573],[-76.612838645488594,37.14781290035716],[-76.613374703895872,37.147054165051713],[-76.613695178242523,37.146847269400887],[-76.613922866048412,37.146820625084921],[-76.613989176871712,37.146690434093941],[-76.614121295092716,37.146450238153335],[-76.614227442745886,37.146239913587877],[-76.614195413150327,37.146007184375286],[-76.614276348140905,37.1457964620082],[-76.614418299152305,37.145667481152969],[-76.614688334825431,37.145459776457351],[-76.614946521971689,37.145221594986225],[-76.615104350636443,37.144961618380222],[-76.615133845590904,37.144790451754986],[-76.615351690215746,37.144652586605602],[-76.615456318054285,37.144502819294289],[-76.615623229885969,37.1443843276165],[-76.615691297444059,37.144183492225778],[-76.615797438663719,37.143973166226161],[-76.616270936469434,37.143698038029122],[-76.61672980960077,37.143503443084256],[-76.617277434920865,37.143290070975034],[-76.617543432222533,37.143243837286725],[-76.617760512601194,37.143136245096841],[-76.61791405361285,37.143047829943519],[-76.618090295857783,37.143060738786197],[-76.618217367694982,37.143022380896404],[-76.618270810993238,37.142902081197107],[-76.618835054347699,37.142527428116836],[-76.619231128445122,37.142321724767434],[-76.619511993771567,37.142184857235861],[-76.61972655796265,37.142178183278695],[-76.619892703346068,37.142089966584635],[-76.620157941531062,37.142074004455331],[-76.620369492646958,37.142188434648794],[-76.620364722456031,37.142380187071787],[-76.620336745662215,37.142490798298695],[-76.620360204407262,37.142561848224744],[-76.620447946380779,37.142583437291961],[-76.620637798470511,37.142556177216122],[-76.620881091644094,37.142408608780585],[-76.621067925716801,37.142348942026054],[-76.6212202982219,37.142300277706752],[-76.621112962112889,37.142132793490987],[-76.621259749639407,37.141994861679471],[-76.621631669271295,37.141771255446734],[-76.62175968064517,37.141747790771397],[-76.621960254223978,37.141368427988027],[-76.621818220865592,37.141315157731121],[-76.621513797737251,37.141386817894471],[-76.62137302896187,37.141282560863424],[-76.62130039165956,37.141000862725946],[-76.621355127365433,37.140721194687991],[-76.621635311415503,37.140343102494633],[-76.621895769466079,37.14011771553632],[-76.622312911032907,37.139996841179709],[-76.62222402896235,37.139727637213866],[-76.622213494110525,37.139510687175061],[-76.622347519768525,37.139245033580195],[-76.622948661922763,37.138770033152603],[-76.62342690488083,37.138494595711926],[-76.623465757829536,37.138472218651458],[-76.623738324374841,37.138400045881511],[-76.623869497693249,37.138249110264184],[-76.624046534355273,37.138175415046064],[-76.624112121106023,37.138099948443703],[-76.623362319791141,37.138198387437527],[-76.622466169178466,37.138316033175656],[-76.622351781811901,37.137791384003748],[-76.622032401790335,37.137824553901076],[-76.622004358437636,37.137671085410169],[-76.62192855075088,37.137516854374574],[-76.621884587031161,37.137363131378905],[-76.621973382574581,37.136994740498828],[-76.621950408638412,37.136637321730319],[-76.621798165513809,37.136354355816628],[-76.621534156847545,37.136082359708958],[-76.621365994892713,37.135799139576363],[-76.621404174743105,37.135544710419971],[-76.621264684705878,37.135389465170448],[-76.621420018405104,37.134907366066152],[-76.621603069959463,37.134591485243057],[-76.62176766409425,37.134377327467284],[-76.621896933521995,37.134302874671981],[-76.622008377387814,37.134304649693689],[-76.622079981616594,37.133986993094055],[-76.622359503603079,37.133634392527433],[-76.622639019603866,37.133281791235447],[-76.622963449469196,37.133044672098812],[-76.623129936046084,37.132754027180589],[-76.623198683665706,37.132551094072561],[-76.623155353447743,37.132371877000885],[-76.623341557207667,37.131928522845143],[-76.623492118038442,37.131637626674468],[-76.623644897743517,37.131257501501864],[-76.623794824247412,37.130992098525411],[-76.62423447727771,37.130603785821961],[-76.624558887233135,37.130366663101306],[-76.624885196307474,37.130053056074587],[-76.625164690661776,37.129700447856187],[-76.62547570307261,37.129361095988095],[-76.625737692491697,37.129071965930386],[-76.625978551619426,37.128835010091827],[-76.626150439870415,37.128594911719524],[-76.626343935749176,37.128278659982428],[-76.626347733250157,37.128261828459443],[-76.626351830073546,37.128245045855998],[-76.626356215056788,37.128228308389474],[-76.626360892544028,37.128211622437917],[-76.626365864673687,37.128194992541665],[-76.626371127012021,37.128178415926428],[-76.62637667935779,37.128161900700469],[-76.626382518246004,37.128145450413903],[-76.626388650360397,37.128129067876664],[-76.626395065485028,37.128112756531543],[-76.626401770281333,37.128096520089507],[-76.626408755770242,37.128080357506533],[-76.626416022965046,37.128064273305057],[-76.626423572722715,37.128048278314139],[-76.626431398403881,37.12803236792174],[-76.626439506714576,37.128016544036967],[-76.626447890658071,37.128000816462681],[-76.626456549176069,37.12798518247817],[-76.626465481031531,37.127969646570179],[-76.626474687215563,37.127954214162067],[-76.626484159807219,37.127938886930416],[-76.626493896511406,37.127923666641365],[-76.626503900614125,37.127908556952192],[-76.626514174276195,37.127893561502233],[-76.626524704986821,37.127878685500406],[-76.626535497291172,37.127863927216232],[-76.626546544348841,37.127849290146152],[-76.626557851629244,37.127834780685923],[-76.626569410108686,37.127820399593404],[-76.626581218639544,37.127806147751585],[-76.626593274792782,37.127792032332067],[-76.626605577443144,37.127778053316881],[-76.62661812760409,37.12776421522851],[-76.626630914001723,37.127750518788964],[-76.626653267109489,37.12772750365923],[-76.626690437757219,37.127695944548705],[-76.626691030975579,37.127694127070889],[-76.626691625386044,37.127692306908166],[-76.626728299844075,37.127580091177805],[-76.626796563631444,37.127448182252856],[-76.626834875761332,37.127359163629556],[-76.626872761365576,37.127287486139075],[-76.626875554908665,37.127174778048179],[-76.626862764543887,37.12710807808341],[-76.626853728041937,37.127035656017092],[-76.626873063629532,37.126983921249845],[-76.626848333139165,37.126949461597221],[-76.626757699523594,37.126852383618001],[-76.626668233585619,37.126798525383713],[-76.626553528165033,37.126764898225083],[-76.626466620327037,37.12677508249385],[-76.626393931967698,37.126794165729585],[-76.626306737516103,37.126815907905367],[-76.626219324637418,37.12684632140941],[-76.626142598964023,37.126882688251527],[-76.626109183447355,37.126919739815747],[-76.626053681352744,37.126918535898426],[-76.626025192278703,37.126990774380054],[-76.625968703075657,37.127050436504462],[-76.62580292654016,37.127080838843845],[-76.625781584297584,37.127081472061462],[-76.625760237546061,37.127082060139287],[-76.625738890786266,37.127082603148921],[-76.625717541700865,37.127083103757329],[-76.625696190379315,37.127083558360823],[-76.625674834526649,37.127083968725508],[-76.625653485394352,37.127084335030204],[-76.62563213058354,37.127084657979076],[-76.625610773536735,37.127084934923019],[-76.625589417651682,37.127085165014819],[-76.625568059419024,37.127085353606283],[-76.625546703406343,37.127085498066229],[-76.625525344077289,37.127085594701505],[-76.62550398584321,37.127085647187435],[-76.625482628592295,37.127085660028513],[-76.625461269128039,37.127085625963794],[-76.6254399108482,37.127085544145892],[-76.625418553596376,37.127085420881393],[-76.625397197484318,37.127085251665662],[-76.625375837966885,37.127085038228948],[-76.625354484045189,37.127084780714355],[-76.625333124512551,37.127084477141203],[-76.625311776134382,37.12708413228242],[-76.625290422145369,37.127083741365063],[-76.625269069296408,37.127083304496438],[-76.625247720940592,37.127082822631159],[-76.625226373635485,37.127082298418259],[-76.625205024095052,37.127081728200501],[-76.625183682401016,37.127081113940662],[-76.62516233831532,37.127080459982416],[-76.625140998968774,37.127079751117279],[-76.625119660606117,37.127079002607388],[-76.625098323339103,37.127078209948124],[-76.62507699054315,37.127077373193131],[-76.625055662196061,37.127076493243344],[-76.625034335011705,37.12707556644142],[-76.625013009981259,37.127074598210712],[-76.624991691806457,37.127073580514597],[-76.624970371262663,37.127072522218995],[-76.624949058588044,37.127071418980535],[-76.6249277482015,37.127070268907772],[-76.624906441071843,37.127069078325135],[-76.624885135082891,37.127067841791266],[-76.624863841530839,37.127066557683222],[-76.624842547860339,37.127065233011628],[-76.624821259853576,37.127063861559435],[-76.624799971817822,37.127062445939991],[-76.624778692754305,37.127060986296428],[-76.624757416992622,37.127059484341153],[-76.624736146872465,37.127057936506233],[-76.624714881268787,37.127056342773777],[-76.624693620136853,37.127054704945643],[-76.62467236565999,37.127053025760382],[-76.624651113494082,37.12705129883998],[-76.624629872528601,37.127049528832138],[-76.624608629261814,37.127047715522274],[-76.624587401763108,37.127045856493808],[-76.62456617763371,37.127043952450883],[-76.624544957953916,37.127042005213184],[-76.624504435285303,37.127038163748246],[-76.624148122582667,37.126988449368817],[-76.623523752909065,37.126934467854078],[-76.62310421310589,37.126938799872534],[-76.622879039356619,37.126869145412179],[-76.622777029499062,37.126823476327694],[-76.622186895069831,37.126775538740453],[-76.622122404117178,37.126603835152601],[-76.622141071857627,37.126405928118452],[-76.622023234951754,37.126167307845115],[-76.622041906197182,37.125969401772835],[-76.622012599277681,37.125765224609751],[-76.622076643402821,37.125678152206554],[-76.622156624332092,37.125503243771917],[-76.622173924173609,37.125360374459156],[-76.622102148550326,37.125205074448999],[-76.621842747658278,37.125129365852224],[-76.621797375424606,37.12501853027878],[-76.621633927144174,37.124955362591827],[-76.62146774320523,37.125002263854377],[-76.621485491507755,37.125118168076639],[-76.621516163531084,37.125267312131854],[-76.621431908420021,37.125337541634423],[-76.621275058357639,37.125285489600991],[-76.621128263171457,37.125382252951631],[-76.621046353790348,37.125562516979677],[-76.620175642318387,37.125550132301349],[-76.620033666717845,37.125436374002284],[-76.619737135806076,37.125194900813653],[-76.61967210400735,37.125045211840806],[-76.619564054726737,37.124966409634304],[-76.619184232644642,37.12475664040528],[-76.618615940938227,37.124384195988327],[-76.618474623529352,37.124260817782776],[-76.618470351376473,37.124156139101508],[-76.618540588552477,37.124096699890558],[-76.618460442401201,37.124001824044441],[-76.618361186307894,37.123846080300645],[-76.618193199752412,37.123689241222564],[-76.618109607295665,37.12345666744536],[-76.618207471613118,37.12339216167171],[-76.618223545189736,37.123298823241385],[-76.618211307355452,37.12323806506005],[-76.617950548374253,37.122959550075315],[-76.617734167734312,37.122696432193393],[-76.61763893293454,37.122451484035693],[-76.617716105360657,37.122201170713581],[-76.617843105205949,37.121984109993583],[-76.617896579049173,37.12187136553446],[-76.618068973549398,37.121866002461353],[-76.618102190231156,37.121752932738929],[-76.61840804932875,37.121270956006825],[-76.618507893129802,37.120923632652193],[-76.618403538917747,37.120637967211742],[-76.618106332785132,37.120365450022],[-76.617841743689496,37.12000419295547],[-76.617621903855934,37.119473252486713],[-76.617365624816856,37.119185156401194],[-76.616865858981356,37.118909399939824],[-76.616415321119106,37.118691227889947],[-76.616036090806475,37.11845796960737],[-76.615800481480633,37.118153971676804],[-76.615817484854219,37.117878354870207],[-76.615952998240147,37.117726349231162],[-76.615803497443594,37.117626585591005],[-76.615482212184148,37.117507849810082],[-76.615312453413338,37.117407763478205],[-76.614871859507303,37.117197859442236],[-76.614470360385639,37.117045379094854],[-76.61392888723897,37.116817629254285],[-76.613175934529409,37.116537802721155],[-76.61219064185299,37.116229910508984],[-76.61155883623104,37.11596824657925],[-76.611420889288411,37.115811862194427],[-76.611264308137279,37.115590264666132],[-76.611231091299061,37.115297616713264],[-76.610995514495855,37.11499361090916],[-76.610608825108287,37.114654724505705],[-76.610239559391076,37.114429716340567],[-76.60991121320302,37.114189135391754],[-76.609501641989894,37.113955365146644],[-76.60896850865673,37.113800753422012],[-76.608454410756053,37.113695133253103],[-76.607931210721858,37.113548789568831],[-76.607576931731344,37.113534989907848],[-76.607197932099467,37.113699306143502],[-76.607143635591299,37.113844490039796],[-76.606898504514461,37.114327415701986],[-76.606710712774671,37.114543485116094],[-76.606393487836058,37.11466822128925],[-76.605999103093865,37.114637538675865],[-76.605626798492253,37.114534183476394],[-76.60548480259979,37.114540016647474],[-76.605157857767182,37.114648362886001],[-76.605094920100285,37.114595897436907],[-76.605093203023273,37.114507720077846],[-76.60503004816745,37.114458357845621],[-76.605000932555441,37.114335417106183],[-76.604925550094237,37.114292306070901],[-76.604891363003077,37.114211180230157],[-76.604905532679609,37.114127612401823],[-76.604931526290869,37.11405389919328],[-76.604854932531637,37.114059112024911],[-76.604768387301903,37.114071532853615],[-76.604753956070383,37.114073606327594],[-76.604674147299633,37.114046538121094],[-76.604571091577739,37.113983642012009],[-76.604478886882518,37.11396926640036],[-76.604357311696745,37.114002765401594],[-76.604275396636893,37.114059462299302],[-76.60419454095242,37.114074276103388],[-76.604081818121131,37.114075685257824],[-76.60397223238887,37.114112602420398],[-76.603890484228629,37.114162853911729],[-76.603865614339782,37.11419146099],[-76.603880092658073,37.114256151451023],[-76.603890385347796,37.114327223313197],[-76.60390888192687,37.11439198291054],[-76.603914828559425,37.114475876916003],[-76.603881756942812,37.11451079629704],[-76.603815064957942,37.114442039323386],[-76.603798505881912,37.114299961252804],[-76.603775417347222,37.114257693370298],[-76.60372239328693,37.114285846616802],[-76.603656655259257,37.114339577614373],[-76.603569345699,37.114450978486992],[-76.603554851081626,37.114547435710286],[-76.603457738297806,37.114568435302154],[-76.603305272530321,37.114549867114192],[-76.603120953183435,37.114517894993647],[-76.603028586445333,37.11450995987304],[-76.602934524996243,37.114569682508169],[-76.602873533320931,37.114594485041856],[-76.602794209824808,37.114548087088068],[-76.602730731815157,37.114511611356562],[-76.602631129227248,37.114471332921369],[-76.60253941296439,37.114437624670195],[-76.602484063882983,37.114398059340587],[-76.602392024242633,37.114377237825202],[-76.602359598950258,37.114386386682838],[-76.602273835678531,37.113550262263843],[-76.602308763839048,37.113477896651013],[-76.602252338301781,37.113417320103501],[-76.60217142047992,37.113343093017264],[-76.602199076357664,37.113230836395836],[-76.602300202163235,37.11315953925164],[-76.602368065931771,37.113094335549029],[-76.6023614523709,37.113027934651029],[-76.602085725513021,37.113129567493587],[-76.601961772513832,37.113120942673028],[-76.601404088764355,37.112913073682321],[-76.601053603624933,37.11269528121997],[-76.600726784247371,37.112524273764635],[-76.600778430816803,37.112445551666525],[-76.600549737242574,37.112322533951286],[-76.600418178085874,37.112287268029618],[-76.600367530501188,37.112326229396835],[-76.600086194840188,37.112321694229863],[-76.59998852028022,37.112285379592215],[-76.599668520205952,37.112108644985653],[-76.599443469407746,37.111943041004679],[-76.599443388421662,37.111942994634305],[-76.599217606419245,37.111809818591915],[-76.598923539851029,37.111707889969864],[-76.598654798908342,37.111671160255391],[-76.598520567698969,37.111647397325179],[-76.598349431993654,37.11148265910272],[-76.59809661500293,37.111349003229684],[-76.597937057070908,37.111260038911936],[-76.597656744530369,37.111147533327738],[-76.597565659022479,37.111016483647454],[-76.597407186903865,37.110884343504999],[-76.597194267936345,37.110772924574206],[-76.597076230120777,37.110641438492458],[-76.596905371580633,37.110465905061012],[-76.596870187332712,37.110433955804162],[-76.596478264149397,37.109864161963955],[-76.596430538065547,37.109791965616125],[-76.596371904066899,37.109759275170411],[-76.596323180290455,37.1097267456529],[-76.596264546456965,37.10969405245077],[-76.596225927164312,37.109653748410288],[-76.596112462822958,37.109437637127833],[-76.59606473834674,37.109365446052003],[-76.596046325816715,37.109309592982882],[-76.596037818877861,37.109253902621319],[-76.59601900666236,37.109213919352726],[-76.596021004846975,37.109134589245038],[-76.595962176197233,37.109109832216745],[-76.595913452027403,37.109077297103468],[-76.595894839698488,37.109029382965829],[-76.595897437450873,37.108926255808463],[-76.595908541984954,37.108878819024049],[-76.595920045040856,37.108815516018289],[-76.595960661980399,37.108776490053408],[-76.596011187748786,37.108737626842114],[-76.596051404967042,37.108714467048181],[-76.59606250824848,37.108667030230308],[-76.596023886168553,37.108626727866422],[-76.59600647741695,37.108531210704534],[-76.596008274572355,37.108459816828535],[-76.596019179206223,37.108420310880916],[-76.596040184606565,37.108373034018264],[-76.596041383459379,37.108325437211171],[-76.595862471479137,37.107560681912759],[-76.59586347070038,37.107521014151509],[-76.595854764230083,37.10747325822048],[-76.595699485517969,37.107343770981984],[-76.5955743230857,37.107198900180812],[-76.595536105237144,37.107142726997097],[-76.595507189731038,37.107110516256945],[-76.595449161178763,37.107054027442373],[-76.595401434501625,37.106981829700516],[-76.595383427237365,37.106910113086855],[-76.595365015741308,37.106854262600294],[-76.595317289248001,37.106782065723699],[-76.59527927161399,37.10671796250584],[-76.595240854252708,37.106669725478177],[-76.595154507459156,37.106557224990688],[-76.595118089320422,37.106429657808498],[-76.595079872132075,37.106373487174828],[-76.595012735476431,37.10628510739307],[-76.594974318596257,37.106236866672418],[-76.594926396301901,37.10617260323896],[-76.594878673941992,37.106100409837545],[-76.594821247654721,37.106020118268034],[-76.594792731640553,37.105972041127721],[-76.594784625885168,37.105900484454672],[-76.594789024435414,37.105725962531814],[-76.594741102645358,37.105661698118574],[-76.594712388005007,37.105621553626136],[-76.594663866519824,37.105581087133451],[-76.594556915080474,37.105499998405449],[-76.594508194923066,37.10546746451697],[-76.594429559343808,37.105442387337064],[-76.594380834779145,37.105409853322953],[-76.594362027794816,37.105369868927369],[-76.594324008307424,37.105305765336801],[-76.594274687258391,37.105297031086245],[-76.594176242937607,37.105271629836466],[-76.594087502567902,37.105254324912643],[-76.594028476508328,37.105237496835208],[-76.593969851650968,37.105204802545401],[-76.593911225628631,37.105172111811825],[-76.593803880058132,37.105106885966663],[-76.59374545086925,37.105066261544756],[-76.593697131448366,37.105017861118462],[-76.593639102527675,37.104961369541947],[-76.593639302666745,37.104953433288607],[-76.593535157391798,37.104761287484614],[-76.593506243718366,37.104729073541733],[-76.593448818716197,37.104648784876019],[-76.593351576005446,37.104575786135761],[-76.593283245905539,37.104534998599171],[-76.593234525725904,37.104502466864552],[-76.593166797146964,37.104437882230954],[-76.593137883686126,37.104405670899112],[-76.593099669130098,37.104349494204541],[-76.59306065055506,37.104325058850627],[-76.593001625427434,37.104308231157276],[-76.592873871484628,37.104266484578886],[-76.592825151722579,37.104233949971054],[-76.592757023434132,37.104185231298473],[-76.592708300332191,37.104152699290111],[-76.592610862195954,37.104087632637281],[-76.592542733052838,37.104038913821633],[-76.592474401625452,37.103998125776641],[-76.592445688798946,37.10395798162461],[-76.592279521800506,37.103867992828292],[-76.592220497135713,37.103851167445185],[-76.592131558746985,37.103841790989307],[-76.592013510834562,37.103808133756793],[-76.591964188780665,37.103799398500236],[-76.591875050208927,37.103797956300347],[-76.591668064204811,37.103754923806527],[-76.591600137353325,37.103698271814189],[-76.591561123110367,37.103673830610497],[-76.591502495966552,37.103641137715911],[-76.591452976033423,37.103640335829702],[-76.591412160418315,37.103687291122135],[-76.591341628955135,37.103733764275177],[-76.591272300291493,37.10373264152318],[-76.591213277081593,37.103715815653253],[-76.591145346198104,37.103659159721616],[-76.591076418187981,37.103642173362772],[-76.591007690620899,37.103617250713299],[-76.590929258503721,37.103584236741625],[-76.590830619426782,37.10356676627319],[-76.590771396167511,37.103557870124966],[-76.590642839938255,37.103547850751561],[-76.590554102493542,37.103530539557433],[-76.590475667290221,37.103497525228619],[-76.590338416534863,37.103439750200273],[-76.590259583040051,37.103422598352012],[-76.590141136873115,37.103404806352117],[-76.590061903676784,37.103403522383147],[-76.590002679442861,37.103394628532762],[-76.589932348944146,37.103433168217549],[-76.589901633295597,37.10347235079221],[-76.589810891579447,37.103534368189536],[-76.589770274327137,37.103573390252137],[-76.58973975896879,37.103604641040633],[-76.589679730501587,37.103627478470862],[-76.589639113176986,37.103666498686238],[-76.589568381272414,37.103720904342971],[-76.589518861307511,37.103720101644193],[-76.589469541849112,37.103711365379638],[-76.589381402536944,37.103670257117685],[-76.589302974518048,37.103637239415079],[-76.589234244097696,37.103612318378829],[-76.589156016786859,37.103571365231467],[-76.589068081684474,37.103522325046242],[-76.589029268811458,37.103489953062194],[-76.588980547831312,37.103457416805441],[-76.588941534491795,37.103432977435666],[-76.588764864017762,37.103366622763616],[-76.588715544831786,37.103357887984679],[-76.588635910570389,37.103372468343167],[-76.588576485998729,37.10337150461698],[-76.588468141261217,37.103345937953527],[-76.588390111770835,37.103297055202219],[-76.588331289110428,37.103272291622524],[-76.588254058869097,37.10319167725455],[-76.588206147550864,37.10312741291834],[-76.588108707842622,37.103062343322435],[-76.588019774267195,37.103052963816033],[-76.587991870153289,37.102981085355175],[-76.587943350520504,37.102940618727743],[-76.587934850271225,37.102884927741258],[-76.587936054211269,37.102837328284238],[-76.587935526721651,37.102836740194213],[-76.587935003662707,37.102836154879995],[-76.587925799723592,37.102825902950734],[-76.587076158200489,37.101457307597819],[-76.587012693891126,37.101346223993488],[-76.586954880276878,37.101281796565516],[-76.58688675843544,37.10123307447892],[-76.586819234491131,37.101160552552784],[-76.586711298400857,37.101119119936932],[-76.586643779225767,37.101046597982162],[-76.586597472422483,37.100918869068245],[-76.586602893540217,37.100704681439787],[-76.586564083239139,37.100672305929876],[-76.586506263774609,37.100607878167331],[-76.586497564060664,37.100560119705577],[-76.586478763557139,37.100520134947359],[-76.586350216439953,37.100510110936654],[-76.586281091640174,37.100501051702274],[-76.586191957091046,37.100499604297866],[-76.586112526158985,37.100506251211634],[-76.586063008337632,37.100505447057905],[-76.586014090824349,37.100480843122419],[-76.585955873663877,37.100432280424606],[-76.585897254812011,37.100399585681977],[-76.585808523276768,37.100382270922331],[-76.585689880928712,37.100372407059233],[-76.585531421050007,37.100369833074254],[-76.585422276882028,37.100375995941732],[-76.585342646207067,37.100390575895837],[-76.585174285252464,37.100387839676138],[-76.585115462536649,37.100363074426141],[-76.585088164956872,37.100267398238039],[-76.585069762666606,37.100211546999837],[-76.585011547490893,37.100162982049774],[-76.584942221050298,37.100161856452338],[-76.58488300117601,37.100152956437398],[-76.58476495881321,37.100119294570518],[-76.584676628717247,37.100086112759911],[-76.584598407390473,37.100045161972623],[-76.58454969047105,37.100012626571981],[-76.584481571393312,37.099963900383543],[-76.584423355593287,37.099915337825614],[-76.58434533223965,37.099866453274835],[-76.584276811299077,37.099833595848175],[-76.584208088314455,37.099808669199881],[-76.584110458668491,37.099751528963068],[-76.584051841211803,37.099718830596181],[-76.584023335553027,37.099670750830299],[-76.583974622496839,37.099638215245079],[-76.583925507374943,37.099621544915905],[-76.58380706420499,37.099603744660108],[-76.583737940539336,37.099594683931947],[-76.583659917937425,37.099545799825933],[-76.583611406227661,37.099505330551153],[-76.583572393359773,37.099480886633167],[-76.583465265833226,37.099407721382924],[-76.583378747203852,37.099303142154014],[-76.583320331482469,37.099262512585433],[-76.583191582419786,37.099260417707832],[-76.583152975456159,37.099220108430387],[-76.583114368510905,37.099179800041135],[-76.583066055097007,37.099131397847735],[-76.582987631174902,37.099098375865154],[-76.582938516575965,37.09908170692502],[-76.582839882998201,37.099064228814797],[-76.582800873981753,37.099039784694796],[-76.582771966982847,37.09900757169757],[-76.582743062280855,37.098975357828827],[-76.582695151712088,37.098911085703868],[-76.582666248181638,37.098878872735142],[-76.582597728866858,37.098846014327357],[-76.582479488406079,37.098820280998474],[-76.582410968100959,37.098787422463488],[-76.582382266043936,37.098747273184436],[-76.582284436778906,37.098698064945218],[-76.582235323788552,37.098681393026432],[-76.582196311745534,37.098656950451954],[-76.582127993020123,37.098616156412646],[-76.581981252450873,37.098542345102246],[-76.581942847781718,37.098494101887816],[-76.581884430129449,37.098453469746062],[-76.581826016993105,37.098412839450276],[-76.581727785983716,37.098379495117037],[-76.581679074748422,37.098346958577061],[-76.581640066477831,37.09832251407029],[-76.581591553261134,37.098282043902493],[-76.581552545052332,37.098257599366548],[-76.581259266991097,37.098102039765287],[-76.581181449009009,37.098045215967502],[-76.581152543080961,37.098013002568912],[-76.581095539025711,37.097916841643524],[-76.581066633274929,37.097884624619709],[-76.58095951050646,37.097811454372859],[-76.580910195803,37.097802718119631],[-76.580861481986091,37.097770178481397],[-76.58079316586209,37.097729385483454],[-76.580734954222777,37.097680818386209],[-76.580676339741714,37.097648121934327],[-76.580627425855127,37.097623514851456],[-76.580510398646936,37.097550184671995],[-76.580345465124793,37.097412583103456],[-76.580326665263016,37.097372598193793],[-76.580297763445159,37.097340380133225],[-76.580269259947642,37.097292299426883],[-76.580211251475291,37.097235802155311],[-76.580172847429822,37.097187560139865],[-76.580046721013971,37.097082333074972],[-76.579998415404887,37.097033929684343],[-76.579959605274581,37.097001553711806],[-76.579910896882254,37.096969013750467],[-76.57988199078288,37.096936800017751],[-76.579765571027622,37.096839667605487],[-76.579736871070281,37.096799519474516],[-76.579708368133694,37.096751438629546],[-76.579679463397227,37.096719222161873],[-76.579640658041029,37.096686847057221],[-76.579532325935077,37.096661271247626],[-76.579493923739747,37.096613029025896],[-76.57940620459506,37.09655604624799],[-76.579212574564437,37.096378296639735],[-76.57913455825711,37.0963294077144],[-76.579056743675466,37.096272583401444],[-76.579008233158447,37.096232112159647],[-76.578959726044559,37.096191641853487],[-76.578912026459761,37.096119438312108],[-76.578883725855363,37.09606342553203],[-76.57883562214235,37.096007087205813],[-76.578787716687629,37.09594281707286],[-76.578748710593473,37.095918371601279],[-76.578690301125903,37.095877738836776],[-76.578641387884502,37.095853131806059],[-76.578573679531743,37.095788538712611],[-76.578525374568684,37.095740134692164],[-76.578486965611674,37.095691892008745],[-76.578448164690897,37.095659515661325],[-76.578389957278048,37.09561094741148],[-76.578292336330748,37.095553802303399],[-76.578244031675055,37.095505399067115],[-76.578137113312053,37.095424292643933],[-76.578069405797521,37.095359698356368],[-76.578041109476246,37.095303685424177],[-76.577944699255994,37.095198942432255],[-76.577887097526244,37.095126576936622],[-76.577870291347679,37.095110210157081],[-76.577829091372891,37.095070078459152],[-76.577751682403417,37.094997389813805],[-76.57771388387421,37.094925349953407],[-76.577694883295322,37.094893293622413],[-76.577657088246255,37.094821253798074],[-76.577639701370501,37.094725734602704],[-76.57759200284768,37.094653530496721],[-76.577563099724358,37.094621317105641],[-76.577494586512202,37.094588454810214],[-76.577435774201959,37.094563685760868],[-76.577377568192247,37.094515120608172],[-76.577330071831142,37.094434981961101],[-76.577272668511981,37.0943546834541],[-76.57716979013729,37.094114919946108],[-76.577131387370429,37.094066676885326],[-76.577093189805581,37.094010500334633],[-76.577054383620393,37.093978122510762],[-76.576996984292279,37.093897824821497],[-76.576958181625912,37.093865445218725],[-76.576939988698314,37.093801659138478],[-76.576951708198351,37.093730427072551],[-76.576982423250598,37.093691246880269],[-76.576973733726078,37.093643487733409],[-76.576875713891667,37.093602209421427],[-76.576838521253123,37.093506365952031],[-76.57678031644167,37.093457800498427],[-76.576742321236978,37.093393691199154],[-76.576703313677669,37.093369247690369],[-76.576656020574958,37.093281175229826],[-76.576657433197653,37.093225645911318],[-76.57667865168149,37.093170438949734],[-76.576719875504224,37.093107622567459],[-76.576723708552606,37.092956898049039],[-76.576766146366253,37.092846484114133],[-76.576777664164766,37.092783181988473],[-76.576778874880119,37.092735586198792],[-76.576820500865935,37.092656902695794],[-76.576841316592066,37.092617562786366],[-76.576844947618184,37.092474769988947],[-76.576806747651261,37.092418595083217],[-76.576699434986139,37.09235335264561],[-76.57662081898772,37.092328262630041],[-76.576522194515817,37.092310780992747],[-76.57646298178615,37.092301876731874],[-76.57638416416259,37.09228471648688],[-76.57633545911105,37.092252179514979],[-76.576287356350221,37.092195840069564],[-76.576190148470516,37.092122827988263],[-76.576122445578335,37.092058232557953],[-76.576084044525231,37.09200998914514],[-76.576055143101726,37.091977773572971],[-76.575948436199127,37.091888732535843],[-76.575879926120777,37.091855871091774],[-76.575801109094868,37.091838710455391],[-76.575741895672479,37.091829806713797],[-76.575692582193781,37.091821064608318],[-76.575603866398126,37.091803743994127],[-76.575514742358692,37.091802286698403],[-76.575465428901282,37.09179354539863],[-76.575415714976486,37.091800669393649],[-76.575306788797135,37.091798890326594],[-76.575218270541598,37.091773637619454],[-76.575169766138984,37.091733162992199],[-76.575111158702214,37.09170046284585],[-76.575052753394957,37.091659825535999],[-76.574925435878626,37.091602192374829],[-76.574886832715663,37.091561881179935],[-76.574858743330012,37.091497933047648],[-76.574839946741179,37.091457946317547],[-76.574762746363859,37.091377322147579],[-76.574714244639964,37.091336850070327],[-76.574665538783904,37.091304307862629],[-76.574617239167665,37.091255903115801],[-76.574578839506174,37.091207658306558],[-76.574481634571313,37.091134643905072],[-76.574480969218172,37.091134086846296],[-76.574413731949463,37.091077981915653],[-76.574384830469867,37.091045765911524],[-76.574346434483203,37.090997519278673],[-76.574288027789507,37.090956885153062],[-76.574239324542205,37.090924345507126],[-76.574171017103239,37.090883546813892],[-76.573969734788776,37.090618365019509],[-76.573941036968591,37.090578212690879],[-76.573902439329231,37.090537902143083],[-76.573884451888546,37.090466182039151],[-76.573866060265559,37.090410328991027],[-76.573847673191054,37.090354475112363],[-76.573819984837854,37.090274660492426],[-76.573781990394181,37.090210549260014],[-76.573743797222448,37.090154373401411],[-76.573745414092656,37.090090908768929],[-76.573786032349688,37.090051893083263],[-76.573779164103939,37.089932740024032],[-76.573691254920618,37.089883685573248],[-76.573622342367059,37.089866685343779],[-76.573562929732603,37.089865714051413],[-76.573475020744695,37.089816660339686],[-76.573446323468829,37.089776508788049],[-76.573397823500343,37.089736035260358],[-76.573349522347698,37.089687629029051],[-76.573321030655791,37.089639546675016],[-76.57326384078219,37.089551312698354],[-76.573254948517118,37.089511487631761],[-76.57325676790785,37.089440091274732],[-76.573270712765847,37.089281597010824],[-76.57329172817893,37.089234325032336],[-76.573372158027382,37.089188020001338],[-76.573441878412254,37.089173289863943],[-76.573482297630235,37.089142205162453],[-76.573446526324574,37.088990833977249],[-76.573388125108238,37.088950196748527],[-76.573360238994312,37.088878314693808],[-76.573343263142775,37.088766931351572],[-76.573324469159644,37.08872694438702],[-76.573306482698541,37.08865522418261],[-76.573238381039275,37.08860649412896],[-76.573159972265358,37.088573468260456],[-76.573111068926181,37.088548858965986],[-76.573082170162593,37.088516639949162],[-76.573043370720271,37.088484262622188],[-76.57301447194142,37.08845204629128],[-76.572946572852914,37.088395382538181],[-76.572888979970571,37.088323014526573],[-76.572791372574557,37.088265865709928],[-76.57272306946777,37.08822506528157],[-76.572634556261733,37.088199810619606],[-76.572506235285914,37.088181838859938],[-76.572447631847709,37.088149133770429],[-76.572379126681895,37.08811627027449],[-76.572310216035234,37.088099269272739],[-76.571207457162799,37.087835200367614],[-76.571158956242641,37.087794726754382],[-76.571110054082013,37.087770115725483],[-76.570973651727016,37.087680587436175],[-76.57087544062729,37.087647232219794],[-76.570816838240461,37.08761452901922],[-76.570777835649849,37.0875900808281],[-76.570729338490736,37.087549607091965],[-76.570690339335513,37.087525158926923],[-76.570611932797078,37.087492131357166],[-76.570583035388097,37.087459916227282],[-76.570466439773568,37.087370706241344],[-76.570437946291378,37.087322623103731],[-76.570409457412595,37.08727453732994],[-76.570392081341794,37.087179020594],[-76.570393498476051,37.087123490415259],[-76.570454124669524,37.087076866673726],[-76.570378551906302,37.086932776765877],[-76.570310251215034,37.086891978534894],[-76.570261349892007,37.086867368051777],[-76.570212445158177,37.086842760195751],[-76.570153642387226,37.086817987503707],[-76.570104538669526,37.086801310481235],[-76.570036035767473,37.086768444715631],[-76.569977434471312,37.086735739291953],[-76.569938432559752,37.086711292622169],[-76.569781824470411,37.086637301094697],[-76.569732720952189,37.086620623916808],[-76.569683614105017,37.086603945762221],[-76.5695591435246,37.086435247297104],[-76.5694906411685,37.086402382113661],[-76.569451643006005,37.08637793353504],[-76.569422948003023,37.086337782771018],[-76.569355458625495,37.086265250783256],[-76.569327371391026,37.086201301221735],[-76.569308583544441,37.086161313659858],[-76.569279888745712,37.086121161058223],[-76.56925200863877,37.086049280729178],[-76.569243321550701,37.086001519117069],[-76.569214830487468,37.085953435694989],[-76.569205940779455,37.0859136103076],[-76.569266363054481,37.085874919778497],[-76.569336687819273,37.08583638967275],[-76.569415902220726,37.085837688501151],[-76.569407418672881,37.085781996095989],[-76.56932901787718,37.085748967720043],[-76.56927061688215,37.085708328359907],[-76.569211611547843,37.085691490502711],[-76.56914250233477,37.085682422086002],[-76.569092791834052,37.085689543412869],[-76.56907420353285,37.085641619528317],[-76.569115024404198,37.085594671913022],[-76.569122455469298,37.085599893241309],[-76.569145699029448,37.085602350730376],[-76.569163976108058,37.085596424958517],[-76.569164399713628,37.085579836268892],[-76.569162235881535,37.085563202475356],[-76.569149769271661,37.085544328664064],[-76.569134610459201,37.085529556712515],[-76.569108831183797,37.085524985579255],[-76.569082840134499,37.085528707433703],[-76.569059437620552,37.085532475307907],[-76.568963668435998,37.085530905827447],[-76.568930175168774,37.085524131638785],[-76.568896686336544,37.085517360217054],[-76.568878621124554,37.085514990251689],[-76.568858016947701,37.085510501175349],[-76.568827221592358,37.085499623392877],[-76.568799013749597,37.085488788011496],[-76.568773340402345,37.085480070758742],[-76.568766054623509,37.085461278214296],[-76.568771600327153,37.085446849170168],[-76.568784913170248,37.085432542022545],[-76.568800708534781,37.085422431455143],[-76.568811380921161,37.085410154918421],[-76.568811910494759,37.085389420183645],[-76.568809746745728,37.085372786383282],[-76.56881027641154,37.085352048044776],[-76.568826282528008,37.085333640858806],[-76.568852061721046,37.08533821205409],[-76.568870338689777,37.08533228903049],[-76.568878526045495,37.085315824879494],[-76.568881593526882,37.085297205629978],[-76.568855867428681,37.085290556012538],[-76.568824701361237,37.085294196597822],[-76.568801456735784,37.085291740828687],[-76.568781704475086,37.085254075335733],[-76.568763741942234,37.085247555647562],[-76.568751170713711,37.085232827857908],[-76.568743724881926,37.085220258866912],[-76.56872375750271,37.085190885400756],[-76.568711238092305,37.085174085466186],[-76.568683083359971,37.085161176132679],[-76.568662007033979,37.085175352410801],[-76.568636493854072,37.085160413374545],[-76.568608180285779,37.085153723092013],[-76.568579972534494,37.085142890360451],[-76.568559428176457,37.085136328319216],[-76.568538927779102,37.085127693103978],[-76.568518540040898,37.085114911949923],[-76.568503224755602,37.08510636172489],[-76.568488062737799,37.085091591435877],[-76.568465344547491,37.08506839810827],[-76.568455523204307,37.085047490986888],[-76.568458537823744,37.0850309447708],[-76.568474439172704,37.085016683696409],[-76.568485531886537,37.084987820247122],[-76.568485902683122,37.084973304581872],[-76.568473436408496,37.084954427994987],[-76.568471325632174,37.08493572386746],[-76.568474389916986,37.084917100968887],[-76.568474866670883,37.084898437455777],[-76.568472650009227,37.084883878473228],[-76.568467897673415,37.084867204933758],[-76.568463199465285,37.0848484565877],[-76.568455909326474,37.084829663949158],[-76.568451209953125,37.084810917385937],[-76.568446455446662,37.084794241105854],[-76.568447461921835,37.084754841056494],[-76.568435045275137,37.084733891386897],[-76.56841476696971,37.084716963322713],[-76.568394111182656,37.08471454810698],[-76.568077178340346,37.084551683098695],[-76.56805916639685,37.084547238182466],[-76.568030747083938,37.084544697409868],[-76.568023086129713,37.084540423111179],[-76.568018176184182,37.084529966838026],[-76.568013264977481,37.084519515951783],[-76.568003546414957,37.084494461789625],[-76.567993351034914,37.084488069336736],[-76.567972910593298,37.084477361110061],[-76.567965355517003,37.084468943464678],[-76.567957804022981,37.084460517765862],[-76.567955478139893,37.084450105664139],[-76.567958333916209,37.084439779429268],[-76.567962193041552,37.084390053092328],[-76.567946821600657,37.084383576662624],[-76.567931451171873,37.084377104753919],[-76.567906361248163,37.084345573248669],[-76.567898806399583,37.084337147490622],[-76.567888769960959,37.084324535960086],[-76.567894585166954,37.084299739212653],[-76.567899972133503,37.08429152567286],[-76.56790303644091,37.084272906391668],[-76.56788777214031,37.084262282125053],[-76.567877474210505,37.084260036663828],[-76.567862046366727,37.084255636794126],[-76.567851854335316,37.084249247086866],[-76.567831675602591,37.084228168260445],[-76.567829404941989,37.084215684070998],[-76.567830146848536,37.084186650039626],[-76.567832946286671,37.084178396775073],[-76.567833211237939,37.08416802805732],[-76.567831736511522,37.084124439534676],[-76.567821541195954,37.084118047066667],[-76.567811190223324,37.084117878226088],[-76.567808917343442,37.084105393098319],[-76.567809182297765,37.08409502438051],[-76.567788581852994,37.084090538775087],[-76.567780819510006,37.084090410579812],[-76.567767926211118,37.084088125251057],[-76.567737290607511,37.084071024509392],[-76.567729739109609,37.084062601498339],[-76.567711882831844,37.08405193830589],[-76.567701796860348,37.084041399837169],[-76.56769186656021,37.084024637739248],[-76.567681989148198,37.08400580622137],[-76.567679718588053,37.083993319326005],[-76.567677343063082,37.083984983900166],[-76.567661972853543,37.083978507451349],[-76.567643855094246,37.083978209417779],[-76.567623040463232,37.083982018540254],[-76.567607351174971,37.083987983806175],[-76.567589127433791,37.083991832710602],[-76.567578614100313,37.083997885565296],[-76.567544965979152,37.08399733370829],[-76.567524363327706,37.083992848019655],[-76.567511478016726,37.083990559188223],[-76.567498854214364,37.083977906087391],[-76.567494045795968,37.083963305474441],[-76.567487398711606,37.083919628503914],[-76.567469274174073,37.083919332134585],[-76.567451262417038,37.083914887125019],[-76.567433303667727,37.083908368189057],[-76.56740493759952,37.083903754242328],[-76.567392363485851,37.083889026250105],[-76.56737710156051,37.083878402854637],[-76.567364424837976,37.083867821860991],[-76.567354332192565,37.083857283251589],[-76.56730838179223,37.083831635623746],[-76.567298183210028,37.083825242153871],[-76.567282974320506,37.083812544822493],[-76.567265068551151,37.083803954640025],[-76.56724732188691,37.083789139981263],[-76.567229465833933,37.083778473111643],[-76.567204221818287,37.083753165101044],[-76.567194131482566,37.083742625613731],[-76.567181507774791,37.083729972478515],[-76.567179344385991,37.08371334044719],[-76.567177232909231,37.083694633572975],[-76.567162074807257,37.083679863166282],[-76.567152250654559,37.083658954976947],[-76.56715045721927,37.083627806362614],[-76.567148396447223,37.083607028230013],[-76.567143697543287,37.083588278909467],[-76.567144545756776,37.08355509613255],[-76.567139953916325,37.083532202586781],[-76.567132717201062,37.083511337742003],[-76.567115129627709,37.083490303094038],[-76.567100341509658,37.083461016997589],[-76.567087982961624,37.08343799333322],[-76.567083178007323,37.083423393658961],[-76.567075994333251,37.083400454886956],[-76.567060677309641,37.083391904435643],[-76.567055872386561,37.08337730385923],[-76.567069181770464,37.083362998649491],[-76.56708487427575,37.083357036213172],[-76.567095384255239,37.083350980644191],[-76.5670959673688,37.083328169286688],[-76.567091268426154,37.083309422666339],[-76.567071726199856,37.083263462030011],[-76.567069615886766,37.083244755171513],[-76.567070517097974,37.083209500272339],[-76.567076278393245,37.083186775666114],[-76.567079395965735,37.083166078877149],[-76.56708510203751,37.083145426355216],[-76.567103378614419,37.083139503605096],[-76.567137240652315,37.083131759931106],[-76.567160958230019,37.083115553364571],[-76.567166454475085,37.083103196570178],[-76.567140941234896,37.083088254485055],[-76.567127843966816,37.083094264008622],[-76.567112205496628,37.083098158851975],[-76.567096834414428,37.083091681409364],[-76.567092082563946,37.083075005108611],[-76.567092983739627,37.083039751109709],[-76.567090661369818,37.083029339945767],[-76.567078298351348,37.083006318007591],[-76.567065519160153,37.082999884883364],[-76.567034884156598,37.082982783956773],[-76.567016869251844,37.082978339725699],[-76.567009370937015,37.082967843644774],[-76.567015077012954,37.082947191125889],[-76.567023263297841,37.082930730685653],[-76.567029131857794,37.082903853747759],[-76.56704239147507,37.082891624321384],[-76.567078944556002,37.082879777029589],[-76.567099652859724,37.08288011675144],[-76.567107681294004,37.08286987449096],[-76.567108158326434,37.082851212781648],[-76.567098337623804,37.082830306443427],[-76.567098655708222,37.082817862901393],[-76.567109271523975,37.082807663988291],[-76.567135264052737,37.082803939903499],[-76.567150896746412,37.082800048568494],[-76.56716140997051,37.082793994850654],[-76.567164315408505,37.082781595555382],[-76.567170021358947,37.082760945731607],[-76.567198492983451,37.082761412789345],[-76.56723230185483,37.08275574211082],[-76.567242921017311,37.082745543240961],[-76.567233891979825,37.082693531605955],[-76.567223749895419,37.082685066062311],[-76.567221480598164,37.082672578274099],[-76.567224597994553,37.082651885985143],[-76.567227609391409,37.082635340642568],[-76.567233106738129,37.082622982962121],[-76.567235906206577,37.082614728809766],[-76.567248953769592,37.082610792352263],[-76.567259357498003,37.082608889120564],[-76.567277425337963,37.082611259391001],[-76.567298024132683,37.082615748672161],[-76.567305949891932,37.082609653400013],[-76.567311447223986,37.0825972957159],[-76.567319580490746,37.082582905574775],[-76.567319951361313,37.082568395315526],[-76.567301990786461,37.082561872717847],[-76.567291426892311,37.082569998607177],[-76.567280807738015,37.082580198382438],[-76.567247161397717,37.082579645557026],[-76.567221330232172,37.082577147932028],[-76.567208600761816,37.082568639943041],[-76.567188104588695,37.082560004545236],[-76.56719899213563,37.082539437016706],[-76.567206966315794,37.082531271357311],[-76.567228414396851,37.082502576987949],[-76.567236710026677,37.082481966938325],[-76.56724220398732,37.082469609201965],[-76.567245321438747,37.082448914209301],[-76.567245904500098,37.082426102849411],[-76.56723845924121,37.082413531957855],[-76.567225835748033,37.082400878825737],[-76.567207873958424,37.082394361600592],[-76.567174173542227,37.082395883560501],[-76.567156056141187,37.082395586352312],[-76.56715222644047,37.082393446029997],[-76.567152193121004,37.082393429260037],[-76.567148396647866,37.082391309311305],[-76.567122830592396,37.082378442946691],[-76.567110262409798,37.082363715014367],[-76.567100120383415,37.082355249459731],[-76.567064413407337,37.082333919347171],[-76.567064677333121,37.082323550610951],[-76.567067902026722,37.082298705991796],[-76.567065843539524,37.082277928793168],[-76.567045085782269,37.082279662143357],[-76.567031985296325,37.082285670700202],[-76.567023794493238,37.082302134671771],[-76.567020836080829,37.082316606085868],[-76.567020411953948,37.08233319747567],[-76.567012224516546,37.082349661501695],[-76.566985969510057,37.082363747106385],[-76.566972603826727,37.082380128878825],[-76.566943920321336,37.082387955659172],[-76.566933990337375,37.082371196197343],[-76.566947620955716,37.082344451117308],[-76.566960881612445,37.082332221718076],[-76.566982381599814,37.082301454351821],[-76.566982540673493,37.08229523167973],[-76.566975519515793,37.082266072985369],[-76.566975890635092,37.082251555519363],[-76.566981913550592,37.082218463043851],[-76.566971774931545,37.082209997533383],[-76.566948638497863,37.082203392666905],[-76.566933002451663,37.082207287523474],[-76.566914620026438,37.082217358995649],[-76.566901466498891,37.082225442362663],[-76.56688556546338,37.082239702326795],[-76.566872359001096,37.082249856010527],[-76.566866967639541,37.082258066728116],[-76.566856404865533,37.082266192597103],[-76.566832844233971,37.082276179998146],[-76.566828934993779,37.082277151451763],[-76.566825024559975,37.082278125589504],[-76.566804319795793,37.082277785874517],[-76.566788683818942,37.082281677108291],[-76.566780494087737,37.082298141081424],[-76.566760053285748,37.082287432623005],[-76.566757730961868,37.082277022352699],[-76.566760689492213,37.082262548242362],[-76.56677384416578,37.082254464909482],[-76.566805115075809,37.082246678821754],[-76.566823762605765,37.082226238649262],[-76.566824133707968,37.082211722985527],[-76.56682989504732,37.082188996587554],[-76.566835389030174,37.082176639770736],[-76.566840828889156,37.08216635595798],[-76.566910873240857,37.082161283504604],[-76.566962746213761,37.082157983172259],[-76.567009546925405,37.082150455422685],[-76.567035747897876,37.082138436510583],[-76.567072410063659,37.082122439626524],[-76.567104210907331,37.082093918726216],[-76.567136965928711,37.082028068089564],[-76.567179652022972,37.081978976003455],[-76.567221276712772,37.081971363261687],[-76.567267441338316,37.081988716189663],[-76.567313499946806,37.082010217848271],[-76.56734931395502,37.08202740095755],[-76.567385018548677,37.082048733650304],[-76.567431288097382,37.082061940449449],[-76.567483056074835,37.082062788655314],[-76.567535250222704,37.082047049087215],[-76.567623566257808,37.082036050613652],[-76.567742627571292,37.082038003249934],[-76.567768405551618,37.082042575585959],[-76.567799146374696,37.082055526673408],[-76.56782481840024,37.082064245944366],[-76.567860843327253,37.082073135885857],[-76.567902253877548,37.08207381495945],[-76.567953278928755,37.082103696076196],[-76.567978421140239,37.082133152753165],[-76.568004093189828,37.082141872885863],[-76.568030714485715,37.082113264105864],[-76.568051846413979,37.082097014969975],[-76.56808322422475,37.082085080713199],[-76.568109213060538,37.082081357259376],[-76.568079425841034,37.082031079220883],[-76.568028187735578,37.082009492935974],[-76.568034317317156,37.081972250774818],[-76.568102355769852,37.081944321101709],[-76.568123381687755,37.081932218900377],[-76.568114299179015,37.081882280353348],[-76.568068028496512,37.08186907380378],[-76.56801235756015,37.081818368622379],[-76.567997569398571,37.081789083535391],[-76.5679361905881,37.081759030848687],[-76.56792605073025,37.081750568104418],[-76.567905978626257,37.081725341437135],[-76.567901545639998,37.081696226145169],[-76.567902181465655,37.081671341757577],[-76.567882955995543,37.081612937685954],[-76.567883485866318,37.081592200245773],[-76.567878946959098,37.081567230999205],[-76.567864158990389,37.081537942291035],[-76.567838911035778,37.08151263343634],[-76.56781387500304,37.081479031582155],[-76.567793594382806,37.081462101548055],[-76.567799936010971,37.081416563700557],[-76.567769936225289,37.081374578556101],[-76.56774997021752,37.081345205814713],[-76.567720289495924,37.081290780734221],[-76.567633771606552,37.081231272992142],[-76.567613706484678,37.081206046384338],[-76.567598703227276,37.081185056886852],[-76.567599763141544,37.08114358110641],[-76.567563949495209,37.081126398071518],[-76.567517891377094,37.081104895607773],[-76.567476691122224,37.081095920665014],[-76.567446060101645,37.081078822599835],[-76.567431586999035,37.081037092037711],[-76.567464977217597,37.080946357819244],[-76.567486314202938,37.080921812976293],[-76.567492662671469,37.080876277055573],[-76.56746805111591,37.080826080128652],[-76.567400967330357,37.080816686010088],[-76.56736483940962,37.080811939306741],[-76.567333247763244,37.080832168131522],[-76.567317078718574,37.080856796819305],[-76.567289506926059,37.080922732525735],[-76.567273019823034,37.080959803850796],[-76.567246927540168,37.080967675906024],[-76.567205727415313,37.080958699967354],[-76.56717488116476,37.080949894769404],[-76.567144034852348,37.08094109226613],[-76.56707790414319,37.080894366412174],[-76.567046951882503,37.080889709929515],[-76.566995185860904,37.080888860648429],[-76.566969196278833,37.080892582937111],[-76.56689133805186,37.080899601994695],[-76.566844958748973,37.080890543656139],[-76.56681971472527,37.080865234636363],[-76.56678443155522,37.08082731392669],[-76.566743867738367,37.080793454343294],[-76.566708269988396,37.0807679727045],[-76.566662951187567,37.080717439420468],[-76.566632847338667,37.080679603650957],[-76.566592388574421,37.080641597049606],[-76.566566827703227,37.080628730635482],[-76.566542428931157,37.080570238718877],[-76.566542959116362,37.080549503084342],[-76.566554370053495,37.080508197164015],[-76.566565360112037,37.080483483589511],[-76.566583327565425,37.08038834782527],[-76.566578576021229,37.080371670598829],[-76.566564001930701,37.0803340896503],[-76.566538648804368,37.080312926559351],[-76.566523755475245,37.080287788229477],[-76.566519217095518,37.080262818927174],[-76.566494076121032,37.080233360130968],[-76.56644801543213,37.08021185899284],[-76.56640206085514,37.08018620908809],[-76.566329381272581,37.080193314554968],[-76.566287966144628,37.080192634834916],[-76.566262510469087,37.080175618686148],[-76.566268644122218,37.080138377566591],[-76.566285127040999,37.080101306305373],[-76.566302247475804,37.080039347974527],[-76.566266540694613,37.080018017595947],[-76.566179075348458,37.079995834974014],[-76.566153294719925,37.079991264935899],[-76.566132802762667,37.079982628506087],[-76.566092768940152,37.079928030340206],[-76.565995689110721,37.079876647149014],[-76.565969805890404,37.07987622227072],[-76.565939172400959,37.079859121052863],[-76.565924173318336,37.07983812869147],[-76.565904211760994,37.079808757489417],[-76.565899881296332,37.079775492393388],[-76.56589037957491,37.07974214330698],[-76.565865026835766,37.079720980069546],[-76.565829321429732,37.079699650476968],[-76.565788014944388,37.079694821869417],[-76.565736571424111,37.079681528547709],[-76.565715970056445,37.079677042539679],[-76.565690511356138,37.079660024408973],[-76.565619314100445,37.079609067629029],[-76.565568507221542,37.079570890754084],[-76.56555847180465,37.079558279018791],[-76.565544109448354,37.079512403128938],[-76.565529322809525,37.079483113220199],[-76.565504182388025,37.079453657813794],[-76.565489396877595,37.079424368819261],[-76.565485069990814,37.079391103762077],[-76.565475140677989,37.079374345974159],[-76.565471132114979,37.07932863827569],[-76.56547134434004,37.079320342581333],[-76.565399409396335,37.079298414364231],[-76.565275489456596,37.079283932530728],[-76.565276549494683,37.079242456744723],[-76.565261657943779,37.079217317369853],[-76.565241587332721,37.07919209294424],[-76.56522120065182,37.079179310291295],[-76.565195637135417,37.0791664435218],[-76.565144083451074,37.079157297713323],[-76.565066757422514,37.079143579933096],[-76.565026407413825,37.079101429463407],[-76.565001691867096,37.07905538256086],[-76.56498680283164,37.079030237782135],[-76.564982472746223,37.078996975352439],[-76.564972755967631,37.078971918223985],[-76.564957652290701,37.078955074503725],[-76.564932091143802,37.078942207713581],[-76.564906629448174,37.07892519115839],[-76.564897446702162,37.078879398448407],[-76.564846848449918,37.078832926392231],[-76.564820966717946,37.078832501279486],[-76.564764557119688,37.078810830373982],[-76.56473402931644,37.078789582777048],[-76.564704033401014,37.078747596858008],[-76.564674143628253,37.078701464886159],[-76.564649003799985,37.078672009294642],[-76.564582559331271,37.078637722882881],[-76.564526150015922,37.078616049159848],[-76.564485056468172,37.078602927103731],[-76.564418297023082,37.078581083293329],[-76.564397802180892,37.078572450108297],[-76.564336218416742,37.078550692182752],[-76.56429005663334,37.0785333353951],[-76.56425435120066,37.078512001699764],[-76.56421864913834,37.078490668949883],[-76.564167202193005,37.0784773757672],[-76.564126219419563,37.078460107615037],[-76.564105937085273,37.078443175983601],[-76.564101501280817,37.078414059563968],[-76.564103990624545,37.078401888736465],[-76.56410742357599,37.078385110639424],[-76.56410309398369,37.078351845472376],[-76.564062214062133,37.078330431197642],[-76.564016055849436,37.078313074357553],[-76.56397992247625,37.078308331007307],[-76.563937771874166,37.078336681890796],[-76.563890969752649,37.078344211968222],[-76.563844383395931,37.078343446390193],[-76.563787868285345,37.078325921059722],[-76.56373167182069,37.078295952163799],[-76.56365530271097,37.078244907344647],[-76.563598681527239,37.07823152886823],[-76.563552835337504,37.078201729999293],[-76.563486501326409,37.078163296978296],[-76.563440336601531,37.078145939801246],[-76.563368398751862,37.078124014770516],[-76.563327416467885,37.078106741834851],[-76.563307028154725,37.078093958811856],[-76.563245443946997,37.078072201196811],[-76.56321470557053,37.078059247112208],[-76.563158297056106,37.078037573633154],[-76.563112026220125,37.078024365073667],[-76.563003537249259,37.078014284982437],[-76.56295198574044,37.078005138231141],[-76.56283853153711,37.077986674462814],[-76.562781698221059,37.077981589482107],[-76.562755603079211,37.077989462290311],[-76.562729193761442,37.078009774198044],[-76.562697495828871,37.07803414782807],[-76.562645309089916,37.078049884447665],[-76.562613720777293,37.078070109364383],[-76.562551284418035,37.078081532309149],[-76.562489169135105,37.0780805108216],[-76.562463392756243,37.078075940029763],[-76.562401384952011,37.078070767966587],[-76.562365361381239,37.078061879033974],[-76.562293105183414,37.078052392376549],[-76.562257192488076,37.078039352937097],[-76.562205639928081,37.078030205840683],[-76.562159369309313,37.078016995104953],[-76.562076870432421,37.078003192951179],[-76.561969334936322,37.077955783050498],[-76.561908070213875,37.077921578498618],[-76.561867297455279,37.077896015615813],[-76.561806032758184,37.077861813713348],[-76.56177540095797,37.077844714110753],[-76.561688779777214,37.077789348826975],[-76.561611565516941,37.077771479184157],[-76.561461879391189,37.077752420658783],[-76.561425643487212,37.077751824424311],[-76.56138983285183,37.0777346395042],[-76.561354025652037,37.077717452826853],[-76.56129804326028,37.07767918797925],[-76.561277655382554,37.077666405504978],[-76.561221247739965,37.077644730195821],[-76.561175406216705,37.077614930454267],[-76.561139918096586,37.077585302881722],[-76.561114674838421,37.077559992592036],[-76.561063335447599,37.077542549306521],[-76.561017600379913,37.077508602559938],[-76.560997428610506,37.077487527106953],[-76.560972184354569,37.077462214966083],[-76.560947046427415,37.077432756777533],[-76.560900890602696,37.077415398732683],[-76.560869932230474,37.077410742296024],[-76.560781936322755,37.077409293019677],[-76.56075616369543,37.077404720107332],[-76.560658239882599,37.077386509844985],[-76.560575524759798,37.077381000449755],[-76.560549643572145,37.07738057349713],[-76.560518692074581,37.077375913475478],[-76.560492810865853,37.077375487411253],[-76.560451612284467,37.077366512689984],[-76.560384535953617,37.077357109218958],[-76.560343338588837,37.077348131775516],[-76.56031270395458,37.077331031735682],[-76.560256403188603,37.077305209921626],[-76.560220702847886,37.077283875055144],[-76.560185105484493,37.077258394981499],[-76.560154899901022,37.077224703582061],[-76.560150362707972,37.077199733105893],[-76.560140754118294,37.077170529531401],[-76.560099874949472,37.077149109354494],[-76.560022764684959,37.077127093471937],[-76.559991920765739,37.077118289090528],[-76.559966144981587,37.07711371324676],[-76.55993540751075,37.077100760106276],[-76.559909950864267,37.077083745224826],[-76.559884600691433,37.07706258069279],[-76.559848898298341,37.077041246576826],[-76.559813198174169,37.077019912487017],[-76.559741262471562,37.076997984336117],[-76.55967957497306,37.076980369110892],[-76.559664255566645,37.076971818517713],[-76.559592319999268,37.076949888473806],[-76.559546266671092,37.076928383781514],[-76.559495358247787,37.076894351215465],[-76.559413282420863,37.076863953044196],[-76.559326245055701,37.076825177498606],[-76.559239416207447,37.076778105227717],[-76.559167269185465,37.076764469726847],[-76.559105580794437,37.076746857785466],[-76.559059847087539,37.07671291027507],[-76.558833583217265,37.076651093472385],[-76.558818055569262,37.076650836726124],[-76.55875625752509,37.076637371487536],[-76.558720132075763,37.076632624831475],[-76.558684110817083,37.076623732086659],[-76.558648091746335,37.076614842070668],[-76.558596647011399,37.076601548252633],[-76.558550168340389,37.076596630034601],[-76.558493336311912,37.076591544784883],[-76.558446752214593,37.076590777089635],[-76.558415588178349,37.076594412199121],[-76.558389707249077,37.07659398567251],[-76.558353262299235,37.076601684232315],[-76.558337517141979,37.076609723933849],[-76.558337091210461,37.076626312599629],[-76.558316281508269,37.076630120133949],[-76.558284795737578,37.076646196896391],[-76.558257852063178,37.076687246095908],[-76.558257426113727,37.076703834761368],[-76.5582259402304,37.076719914210713],[-76.558194883739731,37.076719402339329],[-76.55815971676175,37.076677329438077],[-76.558129512313329,37.076643637516405],[-76.558103843270644,37.076634915224552],[-76.558062646477893,37.076625940585927],[-76.558031695488964,37.076621278108277],[-76.557995461278765,37.076620680836584],[-76.557953943864717,37.076624147865047],[-76.557865948928821,37.076622696409508],[-76.557860668037335,37.076626758050963],[-76.557839534323378,37.076643005348579],[-76.557813443695863,37.07665087443447],[-76.557730303543721,37.076661950803235],[-76.557699350196131,37.076657292705782],[-76.557678860085645,37.076648655701945],[-76.557648118721616,37.076635700988398],[-76.55762234764893,37.076631128309174],[-76.557601749935657,37.076626637312991],[-76.557581149906696,37.076622148978927],[-76.557560553230175,37.07661766159778],[-76.557534887635114,37.076608939237531],[-76.55749886315408,37.07660004607451],[-76.557468018665872,37.076591239210963],[-76.557437494911596,37.076569990635434],[-76.557412039075658,37.076552972509916],[-76.557381408800012,37.076535871761195],[-76.557325109697288,37.076510045839996],[-76.557299547280337,37.076497178234085],[-76.557237647569494,37.076487860113787],[-76.557185990158374,37.076482856857162],[-76.557149651635299,37.07648640990633],[-76.557123664253027,37.076490128239996],[-76.557072326440547,37.076472685914588],[-76.557073392064993,37.076431210205975],[-76.557063788134968,37.076402006432708],[-76.557038119297317,37.076393283908274],[-76.55701719967152,37.07640123809783],[-76.557021312889063,37.076442799216714],[-76.557015601177199,37.076463452110609],[-76.556973765343344,37.076479356929973],[-76.556932039395818,37.076491115750954],[-76.556916187555544,37.076503302202866],[-76.556869495800512,37.07650668260721],[-76.556838439383469,37.076506171279043],[-76.556740304526542,37.076496252537368],[-76.556684005602889,37.076470429012119],[-76.556627493530087,37.076452901141465],[-76.556566125823068,37.076422842544837],[-76.556504439441383,37.076405229258476],[-76.556386130121723,37.076374232115896],[-76.556381492138271,37.076353408505128],[-76.556350857725505,37.07633630561179],[-76.556294239195196,37.076322926322312],[-76.556263289540638,37.07631826429914],[-76.556242263262391,37.076330365290865],[-76.55622620150946,37.076350846485866],[-76.556205388380519,37.076354654492796],[-76.556189962945723,37.076350248584511],[-76.556174865169424,37.076333401985551],[-76.556159976025128,37.076308264134155],[-76.556139592851949,37.07629547721973],[-76.556103570933232,37.076286583666587],[-76.556062161411276,37.076285900404734],[-76.556046312800603,37.076298088597405],[-76.556035429864195,37.076318655219772],[-76.55602465019868,37.076335073044234],[-76.556008908222438,37.076343112490648],[-76.555957145439152,37.076342258355609],[-76.555910667053098,37.076337340897602],[-76.555915358588834,37.076335555321528],[-76.555921126892727,37.076333364802359],[-76.555822672467173,37.076335888816381],[-76.555797217004127,37.076318873043832],[-76.555787183672678,37.076306259569492],[-76.555756127368468,37.076305747054988],[-76.555724644561536,37.076321823189829],[-76.555693267238581,37.076333752358515],[-76.555666959828457,37.076349916593777],[-76.555624697155537,37.076382413195411],[-76.55558899516177,37.076361077766933],[-76.555584459505837,37.076336108012221],[-76.555517807870615,37.076310113055129],[-76.555476508417271,37.076305280001407],[-76.555455800843021,37.076304938215735],[-76.555424637835614,37.076308575255489],[-76.555394011551343,37.076291471342003],[-76.5553633785578,37.0762743664082],[-76.555331997731727,37.076286299028787],[-76.554667506798836,37.077024601196499],[-76.551280438025742,37.080787638621402],[-76.551218428739318,37.080782461576611],[-76.551182298408875,37.080777712557008],[-76.551135924414339,37.080768648989142],[-76.55110508004438,37.080759842284444],[-76.551058599257445,37.080754922917137],[-76.551012115056778,37.080750005277523],[-76.550960349311879,37.08074914895122],[-76.550893911453301,37.080714855758643],[-76.550868456819259,37.080697836243601],[-76.550837397619475,37.080697322416341],[-76.550811622200683,37.080692748194252],[-76.550795664899255,37.080709083512929],[-76.55079534420922,37.080721524313546],[-76.55075329084174,37.080745723492882],[-76.550732269219509,37.080757822710218],[-76.550695387103119,37.080782107425165],[-76.550673723970959,37.080819090935314],[-76.550662083706428,37.080868690883946],[-76.550656160634219,37.080897636504865],[-76.550655626018241,37.08091837477528],[-76.550639668751614,37.080934705568005],[-76.550613360908145,37.08095086870933],[-76.55059232571314,37.080962967678303],[-76.55058165783511,37.080975239080161],[-76.550565808551411,37.080987423849095],[-76.550565487752664,37.080999867351579],[-76.55057034170396,37.081012393770685],[-76.550528929642823,37.081011708567523],[-76.550492267888217,37.081027700364764],[-76.550481272471771,37.0810524133462],[-76.550485913638923,37.081073236356374],[-76.550506514459656,37.081077725928381],[-76.550542962366976,37.081070029795008],[-76.550574127456386,37.081066398549645],[-76.550605078820425,37.081071057558937],[-76.550630534645322,37.081088077148856],[-76.550645529704639,37.081109072360725],[-76.550649959382156,37.081138188367085],[-76.550659240674847,37.081179835255789],[-76.550679201190576,37.081209208217473],[-76.550678773482531,37.081225799554176],[-76.550667778098216,37.081250512552622],[-76.550661322653269,37.08130019557899],[-76.550645256082959,37.081320675970836],[-76.550629084846122,37.081345303330885],[-76.550623372141445,37.081365955927829],[-76.550617340937137,37.081399050262029],[-76.550611417759825,37.081427997681331],[-76.550590923792726,37.081419359392974],[-76.550544980587233,37.081393704313051],[-76.550498923752443,37.08137219603654],[-76.55046290007796,37.081363300764707],[-76.550431841755127,37.081362785948599],[-76.550426238162032,37.081379291640282],[-76.550415777334933,37.081383267247325],[-76.550395069516711,37.08138292459261],[-76.550353546982166,37.081386385304306],[-76.550332737792942,37.081390192367387],[-76.550260267171325,37.081388993120626],[-76.550234490520054,37.081384415150531],[-76.550202683539624,37.081412934209354],[-76.550201721051238,37.081450261109069],[-76.550232244718885,37.081471512451643],[-76.550258021446169,37.081476088620313],[-76.550299114108711,37.081489214735527],[-76.550329744719591,37.081506320020779],[-76.550344738584201,37.081527317954333],[-76.550364588774642,37.081560837845572],[-76.550369125268446,37.081585807829541],[-76.550368590592072,37.081606545196649],[-76.550357915770476,37.081618819168852],[-76.550342280277533,37.081622705536951],[-76.550325681019643,37.081663926892674],[-76.550356525737428,37.081672731097676],[-76.550377127768641,37.081677223413266],[-76.550397832294067,37.081677566015202],[-76.550418647181445,37.081673759033649],[-76.550434176980502,37.081674016003198],[-76.550481089396285,37.081662345237078],[-76.55055873275964,37.081663629930276],[-76.550641236854887,37.081677442000249],[-76.550661837779856,37.081681934247435],[-76.550826203482444,37.081734443369371],[-76.550877752693665,37.08174359536627],[-76.550913883536325,37.08174834177558],[-76.550949907447475,37.081757236908935],[-76.550985821129231,37.081770278007845],[-76.55103209213884,37.081783491325226],[-76.55106789896395,37.081800679332424],[-76.551108883845316,37.081817955682901],[-76.551149868815045,37.081835229316347],[-76.551201101980709,37.081856822947174],[-76.551226339980559,37.081882135298436],[-76.551261936477971,37.081907618971023],[-76.55129742268555,37.081937252213322],[-76.551348549094456,37.081962992713215],[-76.551414456113093,37.082018023052306],[-76.551459655192531,37.082072711787724],[-76.551484897848837,37.082098024157368],[-76.551509925655438,37.082131631271096],[-76.551529562758063,37.082173446632609],[-76.551549202061636,37.082215264730628],[-76.551563983886453,37.082244553690352],[-76.551592264021082,37.082352901095547],[-76.55161729299148,37.082386511807904],[-76.551637142847483,37.082420031462725],[-76.551661958319357,37.082461929726186],[-76.551691842668134,37.08250806861475],[-76.551716763784256,37.082545825319571],[-76.551736614850711,37.082579344975677],[-76.551751288824789,37.082612781726816],[-76.551766074155879,37.082642071616711],[-76.551786027570287,37.082671446057994],[-76.551790458856772,37.082700563837506],[-76.551798782626676,37.082779537593403],[-76.551813137236962,37.082825416056686],[-76.551833097488085,37.082854789700107],[-76.551853161246299,37.082880015449646],[-76.551867515792622,37.082925898410437],[-76.551871730093609,37.082963309096847],[-76.551874665521368,37.083050489348949],[-76.551871139328597,37.083187355275669],[-76.551886025004904,37.083212494500138],[-76.551911697766499,37.083221219978988],[-76.551921941649411,37.08322554075378],[-76.551942434079081,37.083234176068601],[-76.551972962330083,37.083255427011323],[-76.551998629540321,37.083264150576376],[-76.552029157796042,37.083285402405387],[-76.552070037011106,37.08330681994633],[-76.552090422464758,37.083319609376339],[-76.552110382954183,37.083348982971287],[-76.552114916781917,37.083373951926845],[-76.552154621807176,37.083440997439531],[-76.552169724674698,37.083457841914736],[-76.552198647097285,37.083541306658653],[-76.552218821332573,37.083562386367085],[-76.552238672888677,37.083595905935191],[-76.552258419728403,37.08363357877721],[-76.552283129031096,37.08367962744213],[-76.552293159383197,37.083692241150992],[-76.552318296065494,37.083721699370415],[-76.552333290991726,37.083742694343073],[-76.552353465295113,37.083763774928954],[-76.55236888876199,37.083768176774861],[-76.552388952848645,37.083793406034431],[-76.552387457341069,37.083851467612305],[-76.55240234655416,37.083876612230966],[-76.55241227355971,37.083893371117107],[-76.552426842400621,37.083930954732189],[-76.552436876206727,37.083943567583297],[-76.552476902290493,37.083998170380248],[-76.552479436271511,37.084000288867081],[-76.552481970322333,37.084002404651073],[-76.552501820986265,37.084035924154705],[-76.552511538779044,37.084060982379732],[-76.552510684274253,37.084094159652139],[-76.552514684080734,37.084139869565938],[-76.552523859962847,37.084185663229469],[-76.552554172856048,37.084215209651447],[-76.552574667875334,37.084223844892385],[-76.552594945873565,37.084240775743403],[-76.552635185900101,37.084287081914553],[-76.552650287803374,37.084303930812702],[-76.552660428565304,37.084312394007668],[-76.552685672302289,37.084337708816648],[-76.552715878592878,37.084371399427617],[-76.55273077028987,37.084396543139725],[-76.552765510638821,37.084455206270505],[-76.552785678575603,37.08447628396641],[-76.552792377495521,37.084503379692514],[-76.552791191159884,37.084506461471378],[-76.552790003537254,37.084509549538161],[-76.552794542133952,37.084534519439998],[-76.55281999851718,37.084551537630425],[-76.552839099557005,37.084614090980992],[-76.552864559327404,37.084631110118323],[-76.552874274013107,37.084656165553447],[-76.552883877442682,37.084685366946346],[-76.552898552333275,37.084718803547588],[-76.552908373781534,37.084739713847583],[-76.552923262357638,37.084764852974089],[-76.552928014561346,37.084781529903232],[-76.552937724789416,37.084806585258448],[-76.552934627627451,37.084926861657294],[-76.552923529006733,37.08495572274893],[-76.552917389511123,37.084992963185883],[-76.552915039908143,37.08508420744208],[-76.552909224155357,37.085109006231647],[-76.552903297067076,37.085137953682171],[-76.552897588070735,37.085158606438199],[-76.552886806462709,37.08517502396608],[-76.552885738417373,37.085216499610006],[-76.552863644461254,37.085270074792248],[-76.552836477811923,37.085319416542042],[-76.552830982529073,37.08533176912082],[-76.552830128010953,37.085364951797374],[-76.552840051910138,37.085381711490207],[-76.552838129390196,37.085456367106623],[-76.552832420375196,37.085477018958109],[-76.552810860339207,37.085509856758726],[-76.552794795775043,37.085530334771313],[-76.552761489294483,37.085616919634077],[-76.552760848450262,37.08564180393784],[-76.55274478489946,37.085662284664771],[-76.552734112232727,37.085674555281805],[-76.55271783160488,37.085703333419865],[-76.552712228282033,37.085719835610377],[-76.552706412413784,37.085744634388725],[-76.552700698819763,37.085765287059971],[-76.552700165878107,37.085786024448289],[-76.552705023841,37.085798551730285],[-76.552709986308869,37.085806933843358],[-76.552709559113467,37.085823521576927],[-76.552714306838539,37.085840198438859],[-76.552712811470855,37.085898262713464],[-76.552696000184554,37.085947774669577],[-76.552690401336918,37.085964276933069],[-76.552679508270131,37.085984841300082],[-76.552668622952993,37.086005410300707],[-76.552647486624693,37.086021656677637],[-76.552631426312786,37.086042138345292],[-76.552620641077681,37.08605855849482],[-76.552594225161499,37.086078865402811],[-76.552588726155065,37.086091227824042],[-76.55258333648051,37.086099432537878],[-76.552553393120959,37.086256608013819],[-76.55255232485419,37.086298084552162],[-76.552541008918055,37.086335238514337],[-76.552540474780855,37.086355976783331],[-76.552545120214674,37.086376799757865],[-76.552555257846251,37.086385263805241],[-76.552565188495919,37.086402026333964],[-76.55256982606771,37.086422849177332],[-76.552569185153558,37.086447733478394],[-76.552573830577728,37.086468557352518],[-76.552583651155061,37.086489463153178],[-76.552582476117948,37.086535085723085],[-76.552586904541059,37.08656420430772],[-76.552584554490224,37.086655448545869],[-76.55262479579612,37.086701754709587],[-76.552634616301845,37.0867226650101],[-76.552633868648542,37.086751694442086],[-76.55263861641518,37.086768371305723],[-76.552648438150698,37.086789278019879],[-76.552652972269797,37.086814250550738],[-76.552652545056176,37.086830838282708],[-76.552662365609507,37.086851747679745],[-76.552677469318283,37.086868590282286],[-76.552692679695866,37.08688129135534],[-76.552707889000473,37.086893990606029],[-76.552712531209451,37.086914810814399],[-76.552722455077244,37.086931578622959],[-76.552727314288404,37.08694410411951],[-76.552737028101404,37.0869691595422],[-76.552741669128906,37.086989982433394],[-76.55274017375946,37.087048046702712],[-76.552749675071311,37.087081397810501],[-76.552774594920066,37.087119151516092],[-76.552784740479026,37.087127618375852],[-76.552799843052853,37.087144464547329],[-76.552886459447663,37.087199836169127],[-76.552901458618678,37.087220830217149],[-76.552972334017127,37.087284239054306],[-76.552977189872337,37.08729676628613],[-76.552992189064611,37.087317761223282],[-76.553002326802869,37.087326227934078],[-76.553012148734695,37.087347133715802],[-76.553022182999214,37.087359750116427],[-76.55304774721435,37.087372619517417],[-76.553057991817681,37.087376936587503],[-76.553078595634162,37.087381425723649],[-76.55309898127949,37.087394213152805],[-76.553119477223134,37.087402848295461],[-76.55313954261814,37.087428073814323],[-76.553144295037072,37.087444750730789],[-76.553159185302761,37.087469891641391],[-76.553169002705658,37.087490800939079],[-76.553167828029558,37.087536422609631],[-76.553187256106312,37.087586533378392],[-76.553196112467148,37.087644768675695],[-76.5532006513167,37.08766974125772],[-76.553204973339774,37.087703004046297],[-76.553202944369914,37.087781805685978],[-76.553197020558173,37.087810753200664],[-76.553186131791648,37.08783132038851],[-76.553180422738777,37.08785197045097],[-76.553174495516046,37.087880918809567],[-76.553168359303271,37.087918158405401],[-76.553189973606806,37.088084485936555],[-76.553199897942932,37.088101245594764],[-76.553240143769415,37.088147551596975],[-76.553250174897457,37.088160164317763],[-76.553265170963286,37.088181159162552],[-76.553285347836038,37.088202239597742],[-76.553305627084185,37.088219169418402],[-76.553310271672444,37.088239994142292],[-76.553314807314621,37.088264963059174],[-76.553314166606953,37.088289848261084],[-76.553328736720843,37.088327432649997],[-76.5533437340126,37.088348425701213],[-76.553384295903498,37.088382288977755],[-76.553420430031224,37.088387036413387],[-76.553451384522646,37.088391696469948],[-76.553481911907724,37.088412946953675],[-76.553517081742541,37.08845502120667],[-76.553532189266278,37.088471866455187],[-76.553551827941206,37.088513684138213],[-76.553561542229332,37.088538739488996],[-76.553571039592896,37.088572090451329],[-76.553575151624059,37.088613649848334],[-76.553599970088285,37.088655552182566],[-76.553619715671019,37.088693220217607],[-76.553634286060955,37.088730802765369],[-76.553649176673503,37.088755946313597],[-76.553689418602545,37.088802252985623],[-76.55370473638061,37.088810803388427],[-76.553725232731338,37.088819440225997],[-76.553827598793518,37.088866772045542],[-76.553842809789785,37.088879472066374],[-76.553862982627834,37.088900547822071],[-76.553930605447761,37.08888922037405],[-76.553947092953734,37.088852150800456],[-76.553957985010697,37.088831584500731],[-76.553979545495878,37.088798746498895],[-76.553990861140036,37.088761590604861],[-76.55399689145456,37.088728496119423],[-76.554002924012906,37.088695401670776],[-76.554004631885078,37.088629044428629],[-76.553984349089433,37.088612111069786],[-76.553974321222171,37.088599495765159],[-76.553959000059479,37.088590946242448],[-76.553933220704437,37.08858636998859],[-76.553902052582515,37.088590005727525],[-76.55387595299176,37.088597871162342],[-76.553829148011317,37.088605397319938],[-76.5538031550809,37.088609118508053],[-76.553735959478516,37.088603858149831],[-76.553720855256628,37.088587012983417],[-76.553686002167041,37.088532496134619],[-76.553681574329616,37.088503377615382],[-76.553688564490457,37.088432956222093],[-76.553705375656037,37.088383445035767],[-76.553716372209337,37.088358731787132],[-76.553753252554372,37.088334446064131],[-76.55379509684623,37.088318538809737],[-76.553831546786313,37.08831084164111],[-76.55391966199025,37.088308149157839],[-76.553966257762568,37.088308918707575],[-76.554049301200379,37.088301990965839],[-76.554127385091675,37.088286685674866],[-76.554210962159587,37.088259020447893],[-76.554258090389922,37.08823905429378],[-76.554274261988866,37.088214423746741],[-76.554290966053074,37.088169057608532],[-76.554277997542286,37.088069262141275],[-76.554279277147742,37.088019493510011],[-76.55428509379945,37.087994694677782],[-76.554317542291386,37.087941292927091],[-76.554338785579546,37.087920896616154],[-76.554370700379224,37.087888232223456],[-76.55440240182638,37.087863858086635],[-76.554455027348823,37.087831533835733],[-76.554487795878657,37.087765686730542],[-76.554396315944643,37.087697788124601],[-76.554391459851601,37.087685260051025],[-76.554350684437523,37.087659691888504],[-76.554325438963602,37.087634380148145],[-76.554295018370169,37.087608982947351],[-76.554259528277541,37.087579352428598],[-76.554223821425921,37.08755801481054],[-76.554173551984675,37.087499096630403],[-76.554174512588304,37.087461769719468],[-76.554180644894629,37.087424530014765],[-76.554191853537503,37.087391520130645],[-76.554202952054752,37.087362658024702],[-76.55421394714908,37.087337945610216],[-76.554235186945192,37.087317548360481],[-76.5542616062734,37.0872972393406],[-76.554318979654383,37.087281591045233],[-76.55434486424393,37.08728201756017],[-76.554370643225326,37.087286591923188],[-76.554385854041172,37.087299290074007],[-76.554406346639766,37.08730792854071],[-76.554421347379005,37.087328922413086],[-76.554436343605232,37.087349917110117],[-76.554440986341646,37.087370736347999],[-76.5544664451524,37.087387755096458],[-76.554502040837605,37.087413237699614],[-76.554537854423373,37.087430427398324],[-76.554568703040431,37.087439233214134],[-76.554599550470627,37.087448041706054],[-76.554640859377187,37.08745287330904],[-76.554682381698086,37.08744941012764],[-76.554708480877864,37.087441541811287],[-76.554750429969317,37.087421489966971],[-76.554761212687069,37.087405069587589],[-76.554777596124637,37.08737214778526],[-76.554783518148838,37.087343201073224],[-76.554773803609322,37.087318145821015],[-76.554732494791068,37.087313313363623],[-76.554685582897548,37.087324985876194],[-76.554649025724032,37.087336829323874],[-76.554555839863312,37.087335290818608],[-76.554494357347593,37.087309381718079],[-76.554479253238554,37.087292535746009],[-76.554464253614924,37.08727154189954],[-76.554459717675812,37.087246572124329],[-76.554444933796674,37.087217281740998],[-76.554429937571186,37.087196287945694],[-76.55442561510749,37.08716302249848],[-76.554427002408246,37.087109107847091],[-76.55443799404199,37.087084394454699],[-76.554459663967918,37.087047406779583],[-76.554460517720003,37.087014226799504],[-76.554450696555293,37.086993321156982],[-76.554414989880158,37.086971985397319],[-76.554374858610174,37.086921530284719],[-76.554344113633718,37.08690857472461],[-76.554298055660752,37.086887070707093],[-76.554267101802978,37.086882408168925],[-76.554230437991492,37.086898401124088],[-76.554203699693986,37.086931153661638],[-76.554176319859238,37.086988790482479],[-76.554165111315612,37.087021798564315],[-76.554148620919165,37.087058869018726],[-76.554126957677724,37.087095853144554],[-76.554063867722689,37.087132153124486],[-76.55401242452966,37.087118856553374],[-76.553976714568591,37.087097519704436],[-76.553915979585923,37.087042581762944],[-76.553891054833258,37.087004822819388],[-76.553865917593598,37.086975364063328],[-76.553861488653567,37.086946245528424],[-76.553897298498796,37.086963435367267],[-76.553927722072288,37.086988832728267],[-76.553978208942567,37.087039457222737],[-76.55403398112901,37.087086018481749],[-76.554049404038537,37.087090428195182],[-76.554075076326882,37.087099145052505],[-76.55409146109838,37.087066224263893],[-76.554097383407836,37.08703727578348],[-76.554145579387566,37.086975834944937],[-76.554151501646018,37.086946887362508],[-76.554162603510093,37.086918024414096],[-76.554183949944743,37.086893479337867],[-76.554220830456245,37.086869197088873],[-76.554272811633425,37.08686175717024],[-76.554345287589967,37.086862953040864],[-76.554401913602206,37.086876335948482],[-76.554421875883136,37.086905710942617],[-76.554436873173216,37.086926704758106],[-76.554462438584153,37.086939574772011],[-76.554482824437173,37.086952358358445],[-76.554497821730266,37.086973353066945],[-76.554507642835901,37.086994261408371],[-76.554506789104707,37.087027441388784],[-76.554490724677507,37.087047919629804],[-76.554474447819516,37.087076697161507],[-76.554463132665418,37.087113853106672],[-76.554462385548348,37.087142888854849],[-76.554456035565281,37.087188419666603],[-76.554465640982841,37.087217623644577],[-76.554475462064943,37.087238533790043],[-76.554495637945465,37.087259612199141],[-76.554526271914526,37.087276713678314],[-76.554546551099605,37.087293646890394],[-76.554572330097173,37.087298221209245],[-76.554655589177116,37.087282997426044],[-76.554702287619634,37.087279620596334],[-76.554743809819371,37.08727615829423],[-76.554774870648131,37.087276670168521],[-76.554789761423109,37.087301810872844],[-76.554809403863459,37.087343628405556],[-76.554813726575958,37.08737689113525],[-76.554807589994624,37.087414134402053],[-76.554786133624205,37.087442823766253],[-76.554759718861092,37.087463133878565],[-76.554722944807679,37.087483273865253],[-76.554660821926461,37.087482247360043],[-76.554609158202595,37.087477246609637],[-76.554583272443296,37.087476819233359],[-76.554500868045594,37.087458861203103],[-76.554470553067048,37.08742931619345],[-76.554429884517376,37.087399599321465],[-76.554384253173382,37.087361503097206],[-76.554354152895087,37.087323661504527],[-76.554307454340218,37.087327040899076],[-76.55427532289994,37.087368000890329],[-76.554254188715504,37.08738425029361],[-76.554248266462096,37.087413197880132],[-76.554247519375451,37.08744222912167],[-76.554251841776733,37.087475494574811],[-76.554277086048415,37.087500806312754],[-76.55429725967133,37.087521885619154],[-76.554317115368988,37.087555407563372],[-76.554342250728354,37.087584866184166],[-76.554383026029697,37.087610437052639],[-76.554428660920195,37.087648532431125],[-76.5544591882567,37.087669783563932],[-76.554505246822117,37.087691284813609],[-76.554530705685792,37.08770830625037],[-76.554560272682295,37.087766883368658],[-76.554538606065719,37.087803867512292],[-76.554506051016304,37.087861418961154],[-76.554500445582164,37.087877924799947],[-76.554453213137649,37.087902039824314],[-76.554432183369855,37.087914139584889],[-76.554416438812183,37.087922178814104],[-76.554400695445281,37.087930215356906],[-76.554379668942133,37.087942318767553],[-76.554358104469671,37.087975153166553],[-76.554341934073847,37.08799978374396],[-76.554339586074178,37.088091028904429],[-76.554359121782113,37.088136992542516],[-76.554358269190089,37.088170168933658],[-76.554352128992647,37.088207410317082],[-76.554330675551356,37.088236101454498],[-76.55431461072682,37.088256583273456],[-76.554225321524257,37.088304898630184],[-76.554209574637227,37.088312936893495],[-76.554167628211573,37.088332991303034],[-76.554125890784476,37.088344749053206],[-76.554089543156053,37.088348296602085],[-76.554042951856388,37.088347527175415],[-76.554001427818648,37.088350992816117],[-76.55395483539364,37.088350223336015],[-76.553887212990091,37.088361553500654],[-76.553856045028255,37.088365186524626],[-76.553829945417576,37.088373055552978],[-76.553809132323266,37.088376859589204],[-76.553787992110486,37.088393109715973],[-76.553771931650076,37.088413589733356],[-76.553760936231484,37.088438303005638],[-76.553755439632454,37.088450660110439],[-76.553744550948949,37.088471226447773],[-76.553743163136332,37.088525141085533],[-76.553753090957031,37.08854190345474],[-76.553778656797874,37.088554773614725],[-76.55382492909942,37.0885679848653],[-76.553887588894227,37.08854827357635],[-76.553913791875999,37.088536259347983],[-76.553944749855802,37.088540918429551],[-76.553970205575354,37.088557937227499],[-76.553995771458617,37.088570807340304],[-76.554026512507036,37.088583764716248],[-76.554046795443654,37.088600692662332],[-76.554091680160781,37.088667822052059],[-76.554085334185274,37.08871335831828],[-76.554084480249259,37.088746538291041],[-76.554067559056307,37.088800200011228],[-76.5540615254165,37.088833293543381],[-76.554045461516608,37.088853775343459],[-76.554029076337457,37.0888866961212],[-76.554012797783074,37.088915473566864],[-76.554001909102581,37.088936039927155],[-76.553986058747157,37.088948223347636],[-76.553964608353496,37.088976913571791],[-76.553953929770685,37.088989185104296],[-76.553942930884674,37.089013901039422],[-76.553941970170115,37.089051227042823],[-76.553967219362619,37.089076538917595],[-76.554008422363566,37.089085518574734],[-76.554044446762816,37.089094412695907],[-76.554261885457606,37.089098004264585],[-76.55431904677539,37.089090649836976],[-76.554350216254647,37.089087012204359],[-76.554386346258553,37.089091760169758],[-76.554432729054511,37.089100825203488],[-76.554489356782298,37.089114207163561],[-76.554530561059934,37.089123183953795],[-76.554556336112839,37.089127760903125],[-76.554602612251628,37.089140972803719],[-76.554772602319645,37.08917697322466],[-76.554803237128638,37.089194074627983],[-76.554839048253243,37.089211264175738],[-76.55488553453381,37.08921618023949],[-76.554921669224086,37.089220924511125],[-76.554963085823573,37.089221608164188],[-76.554993935151828,37.089230416569066],[-76.555024890108882,37.089235075310462],[-76.555055844977048,37.089239737647411],[-76.555081624669299,37.089244311853228],[-76.555117656017941,37.089253205757267],[-76.555153356097321,37.089274541168379],[-76.555173423769631,37.0892997672549],[-76.555219913476918,37.089304684143187],[-76.555261970200092,37.089280482481769],[-76.555268318911089,37.089234945310011],[-76.555269065600129,37.089205914967778],[-76.555295272033518,37.089193897785762],[-76.555326226924649,37.089198559150717],[-76.555356861867679,37.089215660409977],[-76.555377466252509,37.089220151845382],[-76.555409061231757,37.08919992617647],[-76.555389526859599,37.089153962754821],[-76.555374743371488,37.089124672512305],[-76.555370203623397,37.089099703621841],[-76.555371483651626,37.089049935002578],[-76.555382371998917,37.089029367615439],[-76.555398543331023,37.089004739618758],[-76.555404358566676,37.088979940715078],[-76.555430671531013,37.088963777469218],[-76.555462373017946,37.088939405752093],[-76.555498827562786,37.088931709043131],[-76.555529995795084,37.088928071080026],[-76.555560950545527,37.088932734185413],[-76.555617791634532,37.088937821733936],[-76.555638288284626,37.088946456436439],[-76.555658675956138,37.088959241636694],[-76.555684134544393,37.088976256496608],[-76.555704521083982,37.088989042571249],[-76.55572437898546,37.089022561588706],[-76.555734093989727,37.089047619461105],[-76.555738629333504,37.089072589164225],[-76.555737777243877,37.089105769165627],[-76.555742312592358,37.089130738868491],[-76.555751920979858,37.089159943673877],[-76.555756244141591,37.089193209065996],[-76.555765852635147,37.089222410266402],[-76.555785922747191,37.089247636285599],[-76.555837265498042,37.089265081789598],[-76.555888823826692,37.089274231636743],[-76.555930241588655,37.089274914968343],[-76.55595665667056,37.089254604596356],[-76.555993647924097,37.089226168610935],[-76.556004532730597,37.089205602012051],[-76.556005812342846,37.089155833386869],[-76.555991773901312,37.089097512856654],[-76.555982165336331,37.089068311674424],[-76.55595702554011,37.089038850650176],[-76.555957985236049,37.089001525532531],[-76.555989473368385,37.088985445741983],[-76.556010609807146,37.088969198769476],[-76.55607390689697,37.088924601968699],[-76.556090183543887,37.088895824220785],[-76.556132879545444,37.088846737033727],[-76.556144300729486,37.088805434900095],[-76.556146006723864,37.088739077629903],[-76.556152782506629,37.088676949983856],[-76.556158810719921,37.088643856271133],[-76.556174771841668,37.088627522994699],[-76.556185336583766,37.088619400787913],[-76.556190728504589,37.088611187840094],[-76.55620551335619,37.088640477098885],[-76.556204980208321,37.088661215379204],[-76.556209090319172,37.088702774626498],[-76.556207490945781,37.088764986764275],[-76.556212026429023,37.088789956449617],[-76.556211280106311,37.08881898679838],[-76.556205358536459,37.088847932677126],[-76.556189080749675,37.088876713125188],[-76.556173020860371,37.088897192567416],[-76.556146598112818,37.088917501957496],[-76.556120073210025,37.088941959251883],[-76.556062165705768,37.088978348504142],[-76.556041032649219,37.088994595541521],[-76.556019363031638,37.089031579897423],[-76.556018616516724,37.089060614749116],[-76.556043542048087,37.089098366908914],[-76.556058326914808,37.089127657085776],[-76.556062333701291,37.089173364228259],[-76.556060307740978,37.089252163200804],[-76.556049316252938,37.089276879442458],[-76.556022999984521,37.089293040968506],[-76.555996688203152,37.089309202562895],[-76.555939420187258,37.089320707441807],[-76.555892720515558,37.089324085663684],[-76.55585141048293,37.089319255402692],[-76.555779570996478,37.089293172528208],[-76.555764359545179,37.089280474560248],[-76.555743972847353,37.089267691199133],[-76.555714081032832,37.089221556036584],[-76.55570490260601,37.089175762644132],[-76.555701429301976,37.08910931811279],[-76.555702495856963,37.089067842458803],[-76.555693104060637,37.089030347438957],[-76.555683387947568,37.089005289544595],[-76.555668497664186,37.088980148976248],[-76.555637648289959,37.088971343450417],[-76.555601514868158,37.088966596713945],[-76.555570558884156,37.088961937204353],[-76.555523647267606,37.088973608266869],[-76.555491834590825,37.089002128662642],[-76.555475771065872,37.08902260975605],[-76.555454317796574,37.089051301996719],[-76.555448288094539,37.089084396555002],[-76.555447114769649,37.08913001824039],[-76.555461579500061,37.089171747494078],[-76.555470971083253,37.089209247036685],[-76.555480259467231,37.08925089086582],[-76.555479620612005,37.089275775194189],[-76.555458379500038,37.089296171745652],[-76.555416216152608,37.089324521312399],[-76.55541525616178,37.089361847325904],[-76.555430147560685,37.08938698794401],[-76.555450427514586,37.089403920996517],[-76.55547028428775,37.089437440037131],[-76.555474713970526,37.089466559405352],[-76.555484002318735,37.089508205936042],[-76.555482295748874,37.089574562292114],[-76.555471300628,37.089599279324737],[-76.555465165384405,37.089636519934437],[-76.555448247244868,37.089690180984022],[-76.555447288389857,37.089727507015205],[-76.55547760357075,37.0897570508467],[-76.555513201837485,37.089782533155933],[-76.555569723550391,37.089800064232264],[-76.555589900396839,37.089821143349099],[-76.555593903539886,37.089866851350365],[-76.555608473990191,37.089904434531071],[-76.555633507340602,37.089938040759883],[-76.555663502658248,37.089980028949682],[-76.555673005698395,37.090013377108569],[-76.555677114419296,37.090054938153216],[-76.555685444208777,37.090133910697311],[-76.555689339683255,37.090183764708826],[-76.55569313295031,37.090237768431344],[-76.555697349529808,37.090275179855958],[-76.555658551276011,37.090374120948091],[-76.55564723621039,37.090411276996477],[-76.555630639109893,37.090452496383698],[-76.555613720905257,37.090506157453397],[-76.55560736901451,37.09055169097936],[-76.555601339259766,37.090584785541338],[-76.55559541727159,37.090613733187418],[-76.555594777318206,37.090638617494903],[-76.555589064143589,37.090659270297095],[-76.555567717171101,37.090683812918073],[-76.555535908219881,37.090712336099493],[-76.555514237932059,37.09074931765528],[-76.55551349127559,37.090778349797027],[-76.555522993178968,37.090811699748976],[-76.555547813398817,37.090853603464765],[-76.555552136590777,37.090886867958602],[-76.555550856673605,37.090936635671049],[-76.555529402889505,37.09096532792136],[-76.555527269604312,37.091048276510186],[-76.555521130873657,37.091085517963556],[-76.555530419469619,37.0911271635836],[-76.5555606285251,37.091160857026125],[-76.555585982332133,37.091182017954615],[-76.555605836096689,37.091215543217423],[-76.555615551413112,37.091240598391799],[-76.555641011884816,37.091257613275296],[-76.55567047448659,37.091320337028421],[-76.5557421026746,37.091354710226831],[-76.555777811725804,37.09137604827604],[-76.555813197537219,37.091409826159897],[-76.555838124911759,37.091447576571454],[-76.555837164940201,37.09148490888785],[-76.555810531297936,37.091513512123079],[-76.555768686785797,37.091529420109133],[-76.55571691585213,37.091528565919845],[-76.555665995943841,37.091494531695155],[-76.555614865035835,37.091468791353073],[-76.555562451878629,37.091492823166476],[-76.555525356097903,37.091525405101137],[-76.555503795576001,37.091558240675575],[-76.555476736192958,37.091603435192475],[-76.555460350971643,37.091636358864235],[-76.555453362188828,37.091706779440763],[-76.5554524021166,37.091744108149754],[-76.55546190078698,37.091777456246277],[-76.555471616058441,37.091802514134081],[-76.555497183295103,37.091815383915836],[-76.555618665337263,37.091925267126449],[-76.555659547878477,37.091946687866667],[-76.555684580780337,37.091980294960294],[-76.55572029015724,37.092001631223631],[-76.555756102890427,37.092018817783902],[-76.555786849086616,37.092031772047505],[-76.555812306396959,37.092048790440479],[-76.555853192410552,37.092070212069757],[-76.555888900845574,37.09209154465951],[-76.55595491986324,37.092142426252316],[-76.556016306910024,37.092172482520759],[-76.556036801039696,37.092181119797509],[-76.556062048605824,37.092206431158772],[-76.556077047403647,37.092227424754164],[-76.556087086271219,37.092240038239979],[-76.556102188307463,37.092256885743382],[-76.556117292669143,37.092273730579173],[-76.556147715752829,37.092299127296222],[-76.556188495402921,37.092324694841494],[-76.556213209896043,37.092370744443684],[-76.556233704125219,37.092379380785026],[-76.556284838155662,37.092405119090799],[-76.556320654512845,37.092422308236884],[-76.556346218729985,37.092435177777702],[-76.556371573091894,37.092456342137744],[-76.556416248977669,37.092531763581754],[-76.556426071336489,37.092552671751832],[-76.556446249133643,37.092573751616833],[-76.556476992369596,37.092586702940935],[-76.556502559973325,37.092599575205966],[-76.556548408813413,37.092629374016418],[-76.556594044359997,37.092667472082944],[-76.556604186662824,37.092675935831458],[-76.556634396839328,37.092709628091896],[-76.556659644782201,37.092734939323542],[-76.556679819319299,37.092756019092391],[-76.556714996353008,37.092798091525225],[-76.556745527537444,37.092819342071508],[-76.556770774429594,37.09284465326045],[-76.556881798967467,37.092958513143124],[-76.556881372624233,37.092975101781519],[-76.55688559219395,37.093012513190985],[-76.556895091586853,37.093045863870103],[-76.556904808690703,37.093070918951987],[-76.556909238014612,37.093100038237765],[-76.556918954005511,37.09312509329979],[-76.556928561129581,37.093154297060053],[-76.556948632674079,37.093179522870955],[-76.556963311012794,37.093212958937528],[-76.556983700105889,37.093225742100323],[-76.557009053740714,37.093246908104561],[-76.557099051812074,37.093372865342729],[-76.557119120028176,37.0933980937711],[-76.557169615591008,37.093448715998584],[-76.557194967149741,37.093469880123322],[-76.557230357948967,37.093503657629121],[-76.557270920951765,37.093537520392502],[-76.557321847527504,37.093571551286502],[-76.557342129028328,37.093588484005437],[-76.557377946256281,37.093605670124674],[-76.557408583380834,37.093622773543942],[-76.557418722459801,37.093631239868493],[-76.557510318885377,37.09369498734474],[-76.557525531518777,37.09370768508105],[-76.557561242231699,37.093729020781687],[-76.557689717277327,37.093768480244286],[-76.557730498242094,37.093794047251052],[-76.557776561309126,37.093815553511398],[-76.557827586887399,37.093845439823696],[-76.557888759567149,37.093883791626446],[-76.55793989182861,37.09390952825219],[-76.558006772813329,37.093927229712087],[-76.558063404813964,37.093940609042797],[-76.558114541625613,37.093966347468495],[-76.558165993575926,37.093979642289725],[-76.558212273317096,37.09399285276271],[-76.558258549700511,37.094006063161906],[-76.558299542938173,37.094023333379241],[-76.558351209039969,37.094028336069513],[-76.558387238555966,37.094037228892724],[-76.558433408523911,37.094054585257425],[-76.558479578443666,37.094071944306762],[-76.558510433605264,37.094080749137248],[-76.558581851484718,37.094123418953139],[-76.558735790895938,37.094179896031768],[-76.558751215712775,37.094184297917636],[-76.558817774376593,37.094214437865311],[-76.558889942425239,37.094228076316234],[-76.558920367227628,37.094253472311109],[-76.558981643884991,37.094287676552909],[-76.559073771474843,37.094330683569304],[-76.559145615832165,37.094356761695437],[-76.559176364662164,37.094369715989593],[-76.559247676738565,37.094416532335856],[-76.559283381548042,37.094437866500257],[-76.559303883482784,37.094446500614275],[-76.559345197617475,37.094451331479362],[-76.559376048466873,37.094460138711291],[-76.559401617267667,37.094473007641],[-76.559421899476547,37.094489939999796],[-76.559447361876991,37.094506954954582],[-76.559472613611874,37.094532265614696],[-76.559498069220751,37.094549283150066],[-76.559548568271239,37.094599904368742],[-76.559578993421525,37.09462530109316],[-76.559599066264639,37.094650525546875],[-76.559634561725773,37.094680156234517],[-76.559675236309914,37.094709868581432],[-76.559710948103486,37.094731203627418],[-76.559736407230133,37.094748220265529],[-76.55976715517302,37.094761175287154],[-76.559802863689029,37.094782508447743],[-76.559823149514116,37.094799438089602],[-76.55983836271227,37.094812137327217],[-76.559838782222357,37.094813415068309],[-76.559839206069299,37.094814699189897],[-76.559847970077527,37.094841339924074],[-76.559847118671982,37.094874517215317],[-76.559861799747168,37.094907952932445],[-76.55986009673785,37.094974315622942],[-76.559853963290081,37.095011553738992],[-76.559853218212638,37.095040587697333],[-76.559857010223809,37.095094590284255],[-76.559859742449987,37.095190065909279],[-76.559868928623885,37.095235859024463],[-76.559923965482781,37.095311449606719],[-76.559939177653206,37.095324149713008],[-76.559979853805288,37.095353862871988],[-76.56002020953872,37.095396020410377],[-76.560045562549163,37.095417183916403],[-76.560117090135478,37.09545570407483],[-76.560168014717746,37.095489736358665],[-76.560224541848825,37.095507262484148],[-76.560286352212856,37.095520726855952],[-76.560322489039848,37.095525473049783],[-76.560394761721511,37.095534959980171],[-76.560435972404932,37.09554393653405],[-76.560466928034472,37.09554859380264],[-76.560558950407938,37.095595750171896],[-76.560568775412818,37.095616658908568],[-76.560604490159648,37.095637992817309],[-76.56064548254632,37.095655263078257],[-76.560686367405864,37.095676682044818],[-76.56071721888874,37.09568548982481],[-76.560743001076503,37.09569006458814],[-76.560779032860339,37.095698953993214],[-76.560819921132222,37.095720373869703],[-76.560850667453323,37.095733326767977],[-76.560891555764172,37.095754746619562],[-76.560942800026325,37.095776335955009],[-76.560994042091593,37.095797924330199],[-76.561029967576914,37.095810961496085],[-76.561095996679853,37.095861840239387],[-76.56113149674033,37.095891467824323],[-76.56115663973226,37.095920926802435],[-76.561202386006499,37.095954873428369],[-76.561232813406008,37.095980268839064],[-76.561253206171187,37.095993053097075],[-76.561278775856593,37.096005919814878],[-76.561329591618673,37.096044098475474],[-76.561344911683065,37.09605264967869],[-76.561395411850768,37.096103270077997],[-76.561446757180747,37.096120713064607],[-76.561477722106275,37.096125370215042],[-76.56151385697865,37.096130118708594],[-76.561539533176102,37.096138834828828],[-76.561580637975098,37.096151958819405],[-76.561631769493076,37.096177700085647],[-76.561672765873737,37.096194966439604],[-76.561718941219439,37.09621232426948],[-76.561780751209412,37.09622579144078],[-76.561837066662918,37.09625160976416],[-76.561883132304402,37.096273118015027],[-76.561918842270856,37.096294445124492],[-76.561970087169485,37.096316034912306],[-76.562000518346466,37.096341430178967],[-76.562025446926313,37.096379184609617],[-76.562045627376563,37.096400260802817],[-76.562060308619394,37.096433695320641],[-76.562105842967398,37.096475937270128],[-76.56216162820526,37.096522496449744],[-76.562197446772302,37.09653968197906],[-76.562222907068232,37.096556698075808],[-76.562248370795828,37.096573712420678],[-76.562309334228701,37.096620355770604],[-76.562324122996017,37.096649645137418],[-76.562349267899151,37.096679101173947],[-76.562374515639306,37.09670441381563],[-76.562389622288208,37.096721257838063],[-76.56241476714834,37.096750717464055],[-76.562429768682392,37.096771707536433],[-76.562444662681401,37.096796849931557],[-76.562470126539864,37.096813864227983],[-76.562490519762463,37.096826647369475],[-76.562526548850528,37.096835538885742],[-76.562546729516242,37.096856616793808],[-76.562577582914798,37.096865420499746],[-76.562597441343854,37.096898941859486],[-76.562617834634025,37.096911724077906],[-76.56266443580013,37.096912490180735],[-76.562747700399683,37.096897263328458],[-76.562783834734773,37.096902006007745],[-76.562809617439711,37.096906581218725],[-76.562876502333253,37.096924275400831],[-76.562942962130819,37.096958561801657],[-76.562967572630072,37.097008756844097],[-76.56296672252364,37.097041935951751],[-76.562955732230918,37.097066650116851],[-76.562934382397714,37.097091196705264],[-76.562913142318124,37.097111591001706],[-76.562886930999355,37.097123608915268],[-76.562865797086104,37.097139858968085],[-76.562844769445491,37.097151961178319],[-76.56280809918492,37.097167953133109],[-76.562786858980431,37.097188350109562],[-76.56277079229541,37.097208833028105],[-76.562754624984521,37.097233462073717],[-76.562764449708268,37.097254369703911],[-76.56277405846879,37.097283573856068],[-76.5627837781593,37.097308624837119],[-76.562864920011748,37.097376346603667],[-76.562895561031752,37.097393448605857],[-76.562941415278601,37.097423245810646],[-76.562966878266096,37.097440262682646],[-76.563028265680813,37.09747031426371],[-76.56305901524955,37.097483270223194],[-76.563089550180379,37.097504516409764],[-76.563119871423211,37.097534060049462],[-76.563149980227863,37.097571896656255],[-76.563159380090838,37.097609393806323],[-76.563163494467204,37.097650954575386],[-76.563172894369828,37.097688450823213],[-76.563172150541249,37.097717484794174],[-76.563176477459294,37.097750749884746],[-76.563196871077309,37.097763532001586],[-76.563268933764888,37.097781311941056],[-76.563367203353081,37.097787078253035],[-76.563393092693971,37.097787503694761],[-76.563434085759425,37.097804772961709],[-76.563500971640437,37.097822464985015],[-76.563558032322774,37.097819257516896],[-76.563594596545357,37.097807411366688],[-76.563620906309794,37.097791247129642],[-76.563688638600738,37.097775761683074],[-76.563719495812492,37.097784567846908],[-76.563740101975426,37.09778905509198],[-76.563765672645914,37.097801923068801],[-76.563790920272552,37.097827229078511],[-76.563795888088094,37.097835612570769],[-76.563842698963839,37.097828080670993],[-76.563889403466462,37.097824701997595],[-76.563941499676858,37.097813110910863],[-76.563993380057909,37.097809815424725],[-76.56405551495358,37.09781083615249],[-76.564091650955433,37.097815577547273],[-76.564168893194264,37.097833439312424],[-76.564194251466304,37.0978546055781],[-76.56422457328155,37.097884148931904],[-76.56423957545104,37.0979051423746],[-76.564237876380474,37.097971498799765],[-76.5642217060105,37.097996127989177],[-76.564200462557622,37.098016526064221],[-76.564183762289133,37.09806189266282],[-76.564198975775369,37.098074590412793],[-76.564219688207302,37.09807493153599],[-76.564214084137305,37.098091437820585],[-76.564188091921679,37.098095157751601],[-76.564131668193838,37.098073483893494],[-76.564132517800331,37.098040304781058],[-76.564148581974436,37.098019824344426],[-76.564170140583343,37.097986987209147],[-76.564175850888063,37.097966332186019],[-76.56418198366265,37.097929090271762],[-76.564177656199519,37.097895828822928],[-76.56413697829143,37.097866111736252],[-76.564121763709878,37.097853414860474],[-76.564039025884,37.097847909736736],[-76.563930293701191,37.097846123491131],[-76.563852523996815,37.097848990911679],[-76.563842061526941,37.097852970409861],[-76.563826315991903,37.097861007287122],[-76.56381046527919,37.097873194722801],[-76.563789540419535,37.097881150107092],[-76.563759005208908,37.097859901400227],[-76.563748967665077,37.097847289533],[-76.563738933498641,37.097834677720357],[-76.563708293187346,37.097817577758953],[-76.563692760025447,37.097817322543534],[-76.563661585237696,37.09782095900794],[-76.563645308450248,37.097849736858855],[-76.563640026385926,37.097853798753604],[-76.563613924539936,37.097861669044455],[-76.563562146952904,37.097860817370005],[-76.563531186880482,37.09785615815867],[-76.563510690285753,37.097847524895293],[-76.56344359194992,37.097838125852817],[-76.563412526744159,37.097837615368682],[-76.563376175054813,37.097841163081689],[-76.563267446271439,37.09783937627995],[-76.563226131042896,37.09783455131705],[-76.563205736345267,37.097821766484138],[-76.563175096206095,37.097804664582057],[-76.563144987319177,37.097766827081657],[-76.563140554101594,37.097737711630643],[-76.563141510451914,37.097700382883147],[-76.563136967645221,37.097675413413384],[-76.563112464231779,37.097621069688365],[-76.563097671502405,37.097591783971808],[-76.563082775935442,37.097566644345697],[-76.563047277766231,37.097537014707555],[-76.563011457385329,37.097519830321275],[-76.562960533528297,37.09748579933099],[-76.562904323142376,37.097455830106526],[-76.562863539575417,37.097430264921542],[-76.562822645300216,37.097408845685194],[-76.562802255215303,37.097396063558477],[-76.562771934105854,37.097366521638335],[-76.562746685918995,37.097341212687375],[-76.562731680902161,37.097320218997503],[-76.562722072153363,37.097291014842],[-76.562724516535781,37.097195624463474],[-76.562745969333548,37.09716693182083],[-76.562756750487409,37.097150514309263],[-76.56277809690549,37.097125972202193],[-76.562799340538135,37.097105572579977],[-76.562815192377528,37.097093385297931],[-76.562846788634843,37.097073158547843],[-76.562873315339331,37.097048699773985],[-76.562894980527233,37.09701171412911],[-76.562890012796544,37.097003333300869],[-76.5628696227635,37.09699055298708],[-76.562828735541899,37.096969131159916],[-76.562802953846855,37.096964559575312],[-76.562771995336206,37.09695989928121],[-76.56274610628239,37.096959473702647],[-76.562714935107806,37.096963112674722],[-76.562693903016594,37.096975213883354],[-76.562672875324992,37.096987318765855],[-76.562652056998445,37.096991121605335],[-76.56261570889302,37.096994675445409],[-76.562595103082757,37.096990185300335],[-76.562553894728197,37.09698120955936],[-76.562538574292503,37.096972660316247],[-76.562518290718913,37.096955728499267],[-76.562498216312022,37.096930503648927],[-76.562478251524851,37.096901133714759],[-76.56245278772748,37.096884115816543],[-76.562421404053012,37.096896046784401],[-76.562410516488143,37.096916614807007],[-76.562399738666471,37.096933032342847],[-76.562388851090319,37.096953600363392],[-76.562382395170246,37.097003287450185],[-76.562354916183949,37.097065071327833],[-76.56234392231363,37.097089785380604],[-76.562316970180717,37.097130835388803],[-76.562300480475841,37.097167906030087],[-76.562294029047308,37.097217590482373],[-76.562271615984898,37.097283609027031],[-76.562245089026291,37.097308066764327],[-76.562238637503143,37.097357753014876],[-76.56223768075732,37.097395079954879],[-76.562231654462067,37.097428175752974],[-76.562220022715309,37.097477772317831],[-76.562213888941045,37.097515016835303],[-76.562202257100012,37.097564616100811],[-76.562185343117633,37.097618277194634],[-76.56215332124313,37.097655092416282],[-76.562105762809495,37.097691653049978],[-76.562063597271418,37.097720004977461],[-76.562047107290581,37.097757076482623],[-76.562030512229498,37.097798290436238],[-76.562029342674137,37.097843914850742],[-76.562043917771135,37.09788150080751],[-76.562058281493904,37.097927377051015],[-76.562062611307695,37.097960642237958],[-76.562066511393212,37.098010495999091],[-76.562071479098748,37.098018876861346],[-76.5620815129882,37.098031489716995],[-76.56211712075428,37.098056970060796],[-76.56214776080256,37.098074070435878],[-76.562193508848708,37.098108015767586],[-76.562239575838845,37.098129519369515],[-76.56229103582541,37.098142813355309],[-76.562342388348497,37.098160256940012],[-76.562393207267661,37.098198433348891],[-76.562428814092769,37.098223913579382],[-76.562459246192276,37.098249308722195],[-76.562473818299637,37.098286890964964],[-76.562477723079681,37.098336748388412],[-76.562476447597803,37.098386516138291],[-76.562506238661399,37.098436795538269],[-76.562541523316042,37.098474720994368],[-76.562587378125613,37.098504516531655],[-76.562618129233613,37.098517469920253],[-76.562633023708685,37.098542609584406],[-76.562637669298894,37.098563432079246],[-76.562641251988552,37.098625731152779],[-76.562645155887395,37.098675584045928],[-76.562675794079652,37.098692683344431],[-76.5627013670548,37.098705554290746],[-76.562737290819925,37.098718591776183],[-76.562763074211091,37.098723164293077],[-76.56278335836015,37.098740094262773],[-76.56280839782886,37.098773698933933],[-76.562823824876176,37.09877810300474],[-76.562849607145054,37.098782676385063],[-76.562859750923224,37.098791141390585],[-76.562895146747096,37.098824917173182],[-76.562930964346037,37.098842101536647],[-76.563007885044769,37.098872412023923],[-76.563043387292367,37.098902038121494],[-76.563104457138195,37.09894453227146],[-76.563175566738508,37.09899964464848],[-76.563205996027264,37.099025039540535],[-76.563272029496446,37.099075913441297],[-76.563292423465185,37.099088696440568],[-76.563337535141301,37.09914752655245],[-76.563393109499856,37.09920237989229],[-76.563428399525179,37.099240302450497],[-76.563457871657775,37.099303026002836],[-76.563436308920473,37.099335865652158],[-76.563353149131004,37.099346946071911],[-76.563317646622181,37.099317317366463],[-76.563251822084979,37.099258146859576],[-76.563189795626897,37.099252978827764],[-76.563131671110526,37.099297666302903],[-76.563110214572461,37.099326355351771],[-76.563099330242096,37.099346922588424],[-76.563098905227832,37.099363511238387],[-76.563073943004824,37.099529070849634],[-76.563073092893674,37.099562250851648],[-76.563039051573639,37.099677868924964],[-76.563033130597574,37.099706816900692],[-76.563022242886504,37.099727381371409],[-76.563011355077222,37.099747949444719],[-76.56298280950007,37.099851209976713],[-76.562977101045504,37.099871862273424],[-76.562943697051622,37.099962595992025],[-76.562938096006363,37.099979099566426],[-76.562921605915335,37.100016172988525],[-76.562905010742725,37.100057390660766],[-76.562876463778665,37.100160651146034],[-76.562859337077356,37.100222609801719],[-76.56279961752152,37.100329505666011],[-76.562793906708166,37.100350158817029],[-76.562772240444318,37.100387147136551],[-76.562751102265551,37.100403395308014],[-76.56271929087886,37.100431917684851],[-76.56270312068132,37.10045654397755],[-76.562692126362165,37.10048126075867],[-76.562691169800829,37.100518587691916],[-76.562683970970582,37.100597304254556],[-76.562691461272777,37.100709453550593],[-76.562716710474319,37.100734766108182],[-76.562741538035638,37.100776664659698],[-76.562766470629271,37.100814421656352],[-76.562791401183048,37.100852171403297],[-76.562853432324005,37.100857338796956],[-76.562894855350393,37.100858020554348],[-76.562946209904396,37.100875462067364],[-76.563023558912789,37.100889181204913],[-76.563090659905811,37.100898580480667],[-76.563183009214924,37.100933292156604],[-76.563234046191113,37.100963177976389],[-76.563301041013972,37.100976724969861],[-76.56334711002215,37.100998229932664],[-76.563377648680898,37.101019476974024],[-76.563392541652391,37.101044616498818],[-76.563401410807344,37.101102851905502],[-76.56343691425721,37.101132477877229],[-76.563488481580791,37.101141625279382],[-76.563545119959301,37.101155001959228],[-76.56360143287182,37.101180822014847],[-76.563704568808149,37.10119911486899],[-76.563750641464097,37.10122061882786],[-76.563791431852962,37.101246184669179],[-76.563821645309758,37.101279874097152],[-76.563831467549946,37.101300778871767],[-76.563830936405836,37.101321517161281],[-76.56382501223014,37.101350465116951],[-76.563788032748448,37.101378898369298],[-76.56377724767961,37.101395322220661],[-76.563775654315137,37.101457532583289],[-76.563805552541425,37.101503664683037],[-76.563835558116352,37.101545650757345],[-76.563839990677323,37.101574767054281],[-76.563854465707308,37.101616498882834],[-76.563895248517909,37.101642062755836],[-76.563977565538352,37.101664161127644],[-76.564039597403948,37.101669328796646],[-76.564137762562396,37.101679240438486],[-76.564173903770708,37.101683982760491],[-76.564194295244818,37.101696764643293],[-76.564370665729655,37.10168721539678],[-76.564489651703553,37.101693320017269],[-76.564520721876065,37.101693830270712],[-76.564556753570045,37.101702719357469],[-76.564587289479363,37.101723966027812],[-76.564674464344549,37.101758592429576],[-76.564715570495764,37.101771715278723],[-76.564751710705963,37.101776455603094],[-76.564854419624623,37.10181133964884],[-76.564895525928094,37.101824458831466],[-76.564963049137035,37.101817271934934],[-76.564984293452625,37.101796873728205],[-76.565015678757987,37.101784942080918],[-76.56505214192444,37.101777241573032],[-76.565093562100699,37.101777922501526],[-76.565119237140749,37.101786642283713],[-76.565165625619841,37.101795703916885],[-76.565212017599606,37.101804761082505],[-76.565247942077534,37.101817800480966],[-76.565268232136219,37.101834729189569],[-76.565309018894155,37.101860293528468],[-76.565361008167798,37.101852848697973],[-76.565387217336294,37.101840831083138],[-76.565428959341105,37.101829069332432],[-76.565481059224041,37.101817476683635],[-76.565543299030509,37.101814350511177],[-76.565600468893109,37.101806989707562],[-76.565657532564543,37.101803778517542],[-76.565698850072678,37.101808604425258],[-76.565745026399625,37.101825960608231],[-76.56579151777629,37.101830872298173],[-76.565833157008754,37.101823256497397],[-76.565884938484515,37.1018241062879],[-76.56592054592322,37.101849586315645],[-76.565950873390932,37.101879129267459],[-76.565996943749596,37.101900631389242],[-76.566011628980476,37.101934063611687],[-76.565913352603076,37.101928302198168],[-76.565882285699004,37.101927792367398],[-76.56586082934318,37.101956486414615],[-76.565813167267862,37.101997195525669],[-76.565776605887706,37.102009041534799],[-76.565745322193635,37.102016827273054],[-76.56570337124532,37.102036884869797],[-76.565672085282642,37.10204467055167],[-76.565645989018279,37.102052538699233],[-76.565599278491291,37.102055922519959],[-76.565568105420766,37.102059559544799],[-76.565495719728659,37.102054222739511],[-76.565444048767588,37.10204922411198],[-76.56537155359301,37.102048034113245],[-76.56530931351773,37.102051162897951],[-76.56526767748116,37.102058778569095],[-76.565236292101829,37.102070710283272],[-76.565199726050537,37.102082557841463],[-76.565183661251467,37.102103040216647],[-76.56517816665135,37.102115397856885],[-76.565177211320531,37.1021527239024],[-76.565197072292577,37.10218624480531],[-76.565210801863387,37.10225700497422],[-76.565215026052684,37.102294416950052],[-76.565234782184035,37.102332080297856],[-76.565286032055852,37.102353671328743],[-76.565342140901279,37.102387786336564],[-76.565403108685601,37.10243442801697],[-76.565448864185598,37.102468373023086],[-76.565623534913556,37.102525180962175],[-76.565637264922287,37.102595941979629],[-76.565646772803404,37.102629290172338],[-76.565506860369453,37.102631143329191],[-76.565419364547196,37.102608961045945],[-76.5653679020932,37.102595668454327],[-76.565311262358151,37.102582290852055],[-76.565285583674324,37.102573570156352],[-76.565223767774654,37.102560108441857],[-76.565182342646253,37.102559428386812],[-76.565140706316797,37.102567044013085],[-76.56508903158506,37.102562047877953],[-76.565037465347814,37.10255290121566],[-76.564991501082076,37.102527249079749],[-76.564925778589568,37.102463932592094],[-76.564910776356683,37.102442942868684],[-76.564875377936914,37.102409167705559],[-76.564814304340871,37.102366672689271],[-76.564809450053644,37.102354146039168],[-76.56481029833202,37.102320965114387],[-76.564800787530757,37.10228761499549],[-76.564744679004164,37.102253499729223],[-76.56469860887897,37.102231993514792],[-76.564647359026893,37.102210411237124],[-76.564616822950171,37.102189162781613],[-76.56457592893041,37.102167746023767],[-76.564545605235679,37.10213820367472],[-76.56449446074889,37.10211246626605],[-76.564438140088257,37.102086646529742],[-76.564397038312933,37.102073523658177],[-76.564365649392641,37.102085455986192],[-76.5643023461719,37.102130057197542],[-76.564250353182842,37.102137503307674],[-76.56415197160598,37.102135887381401],[-76.564126186989299,37.102131314270444],[-76.564084872848639,37.102126485164248],[-76.564038374652483,37.102121572690457],[-76.563997268405487,37.102108450506506],[-76.563987446106694,37.102087542143721],[-76.56395162454865,37.102070355368809],[-76.563879238937332,37.102065018471485],[-76.563842569816345,37.102081013502222],[-76.563800721212317,37.102096921628146],[-76.563768595316873,37.102137886970631],[-76.563742170026913,37.10215819624193],[-76.563730750908547,37.102199501764119],[-76.563725043559657,37.102220155913074],[-76.563723131481822,37.102294807080632],[-76.563727458904566,37.102328072136892],[-76.563731678989029,37.102365484111097],[-76.563730191691732,37.102423551134827],[-76.563698805918165,37.102435482439674],[-76.56367270256473,37.102443350039621],[-76.563656213398019,37.102480424476056],[-76.563650186239897,37.10251351851128],[-76.563664551772433,37.102559396339728],[-76.56367405877819,37.102592744692835],[-76.56371726180457,37.102726228523281],[-76.56372211928587,37.102738756174475],[-76.563742089381094,37.102768129539385],[-76.563787943849292,37.102797926340756],[-76.563819015596067,37.102798436797038],[-76.563849657906133,37.102815538521433],[-76.563864554763015,37.10284067803736],[-76.56388410007888,37.102886640025197],[-76.563904173156601,37.102911864568277],[-76.563939571377773,37.102945640021858],[-76.563970107546695,37.102966889552143],[-76.564094381344987,37.102968930013063],[-76.564157154417586,37.102945063599833],[-76.564188965125609,37.102916543524891],[-76.56421084715592,37.102871262035755],[-76.564221944119708,37.102842399026926],[-76.56423315059358,37.102809390937317],[-76.56424974571533,37.102768170385453],[-76.564260633599673,37.102747603103971],[-76.564281981156725,37.1027230589334],[-76.564307978357192,37.102719338135742],[-76.564327948744221,37.102748708698378],[-76.564332276459254,37.1027819737307],[-76.564331426841022,37.10281515463253],[-76.564346430065484,37.102836146249395],[-76.564367143826431,37.102836486443991],[-76.564392925347121,37.10284105854533],[-76.564423571224822,37.10285815837387],[-76.564433609500824,37.1028707719789],[-76.564449140329856,37.102871027039825],[-76.564469535522136,37.102883809829549],[-76.564484432598704,37.102908949266691],[-76.564504612058485,37.102930026770053],[-76.564514438053408,37.102950932440507],[-76.564565794380755,37.102968374143209],[-76.564586398656431,37.102972860280069],[-76.564622009595908,37.102998339851915],[-76.564657719955164,37.10301967326577],[-76.564683295949521,37.103032540189588],[-76.564719225465183,37.103045578019241],[-76.564749655708226,37.103070975185211],[-76.564770044279783,37.103083756910905],[-76.564779979903236,37.103100515676921],[-76.564779449006807,37.103121253967082],[-76.564784201676801,37.10313792762863],[-76.564757779615206,37.103158239884124],[-76.564736856765975,37.10316619548999],[-76.564689299510974,37.103202756305741],[-76.56468749558266,37.103273263265365],[-76.56466149814112,37.103276986849544],[-76.564614896403654,37.10327622159722],[-76.564578754452185,37.103271477610313],[-76.564522220525433,37.103253952693017],[-76.564470761141266,37.103240660667133],[-76.5644449761744,37.103236085824975],[-76.564320808113408,37.103229898797501],[-76.564284881860914,37.103216864505754],[-76.564249165959083,37.103195528184152],[-76.564218734570872,37.103170136276098],[-76.564167484427188,37.103148545683929],[-76.564136628369965,37.10313973879888],[-76.564079777125173,37.103134656299488],[-76.564069419079701,37.103134486158964],[-76.56406434904595,37.103130255098755],[-76.564022818560886,37.103133720690877],[-76.563981393128827,37.103133040214125],[-76.563909326294095,37.103115260743856],[-76.563878576444708,37.103102308656418],[-76.563852474027456,37.103110175413505],[-76.563805341237227,37.103130148127228],[-76.563783990036015,37.103154692155499],[-76.563782927718435,37.103196167826297],[-76.563792753502142,37.103217075358479],[-76.563817688597354,37.103254830339566],[-76.563816307678039,37.103308745918703],[-76.563857413444936,37.103321867244219],[-76.56390390899368,37.103326779732491],[-76.563945334531255,37.103327460236294],[-76.563975977084411,37.103344561926775],[-76.563996159916087,37.10336563867093],[-76.564051844056621,37.103416344738598],[-76.564072235977605,37.103429126640023],[-76.564142392464859,37.103521561698606],[-76.564168071338926,37.103530282642453],[-76.564188569527289,37.103538916686034],[-76.564209814536042,37.103518518621101],[-76.564215841552297,37.103485423659514],[-76.564216160175306,37.103472981047581],[-76.564227260599736,37.10344411809514],[-76.564243218581595,37.103427784572212],[-76.564264778692419,37.103394947433401],[-76.564291200969322,37.10337463528866],[-76.564307162366163,37.10335829910963],[-76.564380501612575,37.103326309650903],[-76.564411572455882,37.103326819932207],[-76.564432176727891,37.103331309699449],[-76.564452254675032,37.103356531518934],[-76.56446165246048,37.10339403119162],[-76.564476551907688,37.103419169764472],[-76.564491551895003,37.10344016220705],[-76.564521985663987,37.10346555678349],[-76.564542060233265,37.103490781234633],[-76.564556743935483,37.103524216318313],[-76.564555257249467,37.103582283345702],[-76.564564872075252,37.103611484704714],[-76.564564234965886,37.10363636902904],[-76.564537812670821,37.103656681234618],[-76.564516464933106,37.10368122544967],[-76.564479367029577,37.103713810170952],[-76.564442698337174,37.103729806306248],[-76.564400954003986,37.103741567688736],[-76.564343251609245,37.103769663495591],[-76.564286611175604,37.103756285403158],[-76.56425078868908,37.103739101425568],[-76.564210106412389,37.103709387067738],[-76.564174498650956,37.103683907428731],[-76.564144064910835,37.103658512763026],[-76.564118920428754,37.103629054484017],[-76.564078026941729,37.103607635773606],[-76.564037026081635,37.103590366669764],[-76.564011242054136,37.103585795355137],[-76.563980280755985,37.10358113538463],[-76.563944457297467,37.103563951295008],[-76.563919631573725,37.10352205126285],[-76.563884126834722,37.103492424543596],[-76.563853484265422,37.103475321928599],[-76.563822946729815,37.103454075053506],[-76.563792194553983,37.103441121105298],[-76.563745805137046,37.103432062537649],[-76.563709242692312,37.103443909707075],[-76.563693070978843,37.10346853881375],[-76.563677005476663,37.103489020981868],[-76.563655119573141,37.103534302314628],[-76.563638633603375,37.103571374098003],[-76.563633031317579,37.103587877681804],[-76.563621930644985,37.103616740578254],[-76.563600366747906,37.10364958024654],[-76.563584089875519,37.103678355391544],[-76.563562423021025,37.103715344747016],[-76.563546251178465,37.103739974733976],[-76.563514439904296,37.103768493733156],[-76.563482416001563,37.103805312001214],[-76.563450282527683,37.103846274438169],[-76.563397015554585,37.103903487944763],[-76.563381163528135,37.103915674416925],[-76.563370381452302,37.103932095580646],[-76.563343746251235,37.103960701390129],[-76.563290799019271,37.104005472257647],[-76.563279910689658,37.104026039447753],[-76.563268916109081,37.104050753572537],[-76.563257708914421,37.104083766072186],[-76.563257177639414,37.104104502552339],[-76.563246186391211,37.10412921763119],[-76.56323001444936,37.104153843970408],[-76.563208556454171,37.10418253753118],[-76.563176744843034,37.104211057339405],[-76.56314472058817,37.104247875514687],[-76.563123262603128,37.104276566356923],[-76.563101807929982,37.104305259052587],[-76.563085529578601,37.104334035009863],[-76.563069358619103,37.104358663147046],[-76.563058151360863,37.104391672924216],[-76.56304208544411,37.104412156806404],[-76.563031197011313,37.104432723072044],[-76.563025489325526,37.104453376282599],[-76.563024107842082,37.104507290946479],[-76.562986902581983,37.104544023934004],[-76.562965660398319,37.104564419130078],[-76.562949381893063,37.104593196869914],[-76.56292824257568,37.104609445068505],[-76.562896111764488,37.104650410110487],[-76.562874444386807,37.10468739573335],[-76.562862811829021,37.104736996835257],[-76.562867351595301,37.104761966244148],[-76.56295062710015,37.10474673748336],[-76.562997335988698,37.104743356457291],[-76.563043938614697,37.104744122348023],[-76.563105972968259,37.104749289602957],[-76.563194000739188,37.104750738000895],[-76.56325042923072,37.104772410487342],[-76.563317321098381,37.104790108001787],[-76.56352423244104,37.104801805142607],[-76.56361786605909,37.104786748801416],[-76.563685710822028,37.104767117323377],[-76.563722597119593,37.104742827626517],[-76.563769518454492,37.10473115062107],[-76.56379487785108,37.104752315136601],[-76.563845811503825,37.104786344910835],[-76.563860815007857,37.104807335684583],[-76.563865353937203,37.104832306837842],[-76.563818220122229,37.104852277753089],[-76.563776263713578,37.104872334606057],[-76.563765056711034,37.104905343547742],[-76.563769600090779,37.104930315679276],[-76.563789355066049,37.104967979242076],[-76.563809003705828,37.105009795142756],[-76.563828868219375,37.105043315421995],[-76.563873241291958,37.105131181969874],[-76.56390863950655,37.1051649538026],[-76.564025825271699,37.105241563097444],[-76.564149465507015,37.105268489614915],[-76.564242565122399,37.105274171906565],[-76.564289061966875,37.105279081537759],[-76.564324780081975,37.105300414256838],[-76.564375819404205,37.105330296845025],[-76.564466795328613,37.105418923988111],[-76.564496907926909,37.105456761120507],[-76.564511805519913,37.105481900547737],[-76.564541709162683,37.105528032497034],[-76.564546568085575,37.105540560129221],[-76.564585338952853,37.105644929108088],[-76.564630774068249,37.105691317875987],[-76.564645562251911,37.105720602364613],[-76.564670608190653,37.105754208472597],[-76.564700505289224,37.105800340269418],[-76.564725126631259,37.10585053320942],[-76.564744563638968,37.105900644624214],[-76.564779751329525,37.105942712785691],[-76.564825080627159,37.105993246611469],[-76.564876440218967,37.106010688189855],[-76.564917335163798,37.106032109319457],[-76.564932233079332,37.106057245989199],[-76.564957488262479,37.106082555404051],[-76.564972278783657,37.106111844391954],[-76.564992353104628,37.10613706783991],[-76.565124867405174,37.106222226803688],[-76.5651504366664,37.10623509439263],[-76.565196300566171,37.106264889843331],[-76.565273443178143,37.10628690316495],[-76.56534033683748,37.106304600427471],[-76.565412407074191,37.106322378112537],[-76.565474121014091,37.106339989377567],[-76.56553573117769,37.106361744881106],[-76.565607908667445,37.106375379131798],[-76.565685156572258,37.106393242525492],[-76.565772867952177,37.106407130706032],[-76.565881189134672,37.106425505703861],[-76.565932757084553,37.106434648368214],[-76.566025437280047,37.10645691615148],[-76.566087362581584,37.10646623140039],[-76.566149182932861,37.106479693572432],[-76.566185432652105,37.106480288335312],[-76.566221575183775,37.106485029104853],[-76.56628371386951,37.106486048592657],[-76.566320387939996,37.106470054663916],[-76.566352305440873,37.106437385274035],[-76.56636361426736,37.10640022819841],[-76.566369854999024,37.106358838397306],[-76.566391521167986,37.106321851238036],[-76.566418156093576,37.106293242944396],[-76.566464865783018,37.10628986054364],[-76.566521932872689,37.106286646229378],[-76.566578469486458,37.106304171981094],[-76.566619046925609,37.106338031529816],[-76.566654235863624,37.106380099128486],[-76.566679597792657,37.106401261235114],[-76.566714889386546,37.106439185426026],[-76.566750078425059,37.106481252995557],[-76.566785793304078,37.106502584891089],[-76.566837047642053,37.106524172551033],[-76.566893584575752,37.106541695448165],[-76.566934692612961,37.10655481659461],[-76.566996301053578,37.106576573999391],[-76.567052731953339,37.106598246460564],[-76.567078089567886,37.106619408407028],[-76.567118990034899,37.10664082614138],[-76.567211243328956,37.106679680687307],[-76.567267780465826,37.106697203404444],[-76.567334674978625,37.106714898632461],[-76.567385928492627,37.106736486034514],[-76.567555642777947,37.10678491046238],[-76.567601613948142,37.106810558936708],[-76.567663857941355,37.106807425334296],[-76.56772113728799,37.106795920166185],[-76.567762564762006,37.106796599325641],[-76.567819632110144,37.106793387085546],[-76.567867506998113,37.106744383282596],[-76.567879030514419,37.106698931340823],[-76.567895841059325,37.106649413785235],[-76.567937475917233,37.10664179983339],[-76.567994331185332,37.10664688048513],[-76.568097154298101,37.106677611137194],[-76.568164049056847,37.106695303191543],[-76.568199765538111,37.106716635576952],[-76.56822534001266,37.106729501670202],[-76.568245524887956,37.106750579479467],[-76.568244888964372,37.106775463815183],[-76.568273414243123,37.106875509462377],[-76.568283347698795,37.106892270573205],[-76.568308812946128,37.106909281729699],[-76.568339144434475,37.106938826771],[-76.568359326045936,37.106959903604043],[-76.568384688624178,37.106981066242767],[-76.568399692723219,37.107002055513036],[-76.568429385067688,37.107056483910448],[-76.568464786128871,37.107090257968892],[-76.568495220477018,37.107115650569682],[-76.568525865596442,37.107132751068164],[-76.568556404862662,37.107153994893821],[-76.568576697026671,37.107170925724816],[-76.568607342256087,37.10718802349917],[-76.568648874736397,37.107184557191282],[-76.568685227391228,37.107181004190529],[-76.568721265589573,37.107189891150121],[-76.568767234027362,37.107215539112737],[-76.568792489688448,37.107240850385466],[-76.568832963826537,37.107278855223882],[-76.568858323339057,37.107300015001655],[-76.568883579058877,37.10732532625461],[-76.568914013596441,37.107350720548297],[-76.56896452641017,37.107401336736402],[-76.569000458765174,37.1074143723513],[-76.569031421943805,37.10741903099904],[-76.569072531931511,37.107432152317109],[-76.569119029246949,37.10743706182329],[-76.569144604121959,37.107449927715734],[-76.569195432611664,37.107488105652202],[-76.569230941334027,37.107517729854919],[-76.569271520590689,37.107551589385331],[-76.569306814114981,37.107589509190191],[-76.569331541620087,37.107635555061478],[-76.569361657469116,37.107673393641974],[-76.569376345310957,37.107706825424565],[-76.56941227668851,37.107719863597602],[-76.569479596338525,37.107720966243463],[-76.569510243051184,37.107738066502883],[-76.569545536828429,37.107775984433509],[-76.569555047040453,37.107809334094298],[-76.569558846604153,37.107863337199099],[-76.569577656432756,37.107938328612619],[-76.569602490097026,37.107980228386644],[-76.569668217956021,37.108043541267833],[-76.569703938873857,37.108064873248757],[-76.569739443498335,37.108094499925187],[-76.569749166797124,37.108119553906661],[-76.569774211393877,37.108153155241503],[-76.569783722810186,37.108186507603747],[-76.56980876735247,37.108220112534688],[-76.569834024915153,37.108245419995797],[-76.569859067272631,37.108279023978127],[-76.569909475430535,37.108333787595967],[-76.569929447137497,37.108363160756873],[-76.569969603650719,37.108413606900875],[-76.569999830579675,37.108447295746103],[-76.570014726094072,37.108472434394272],[-76.570040195523433,37.108489449732964],[-76.570070523961789,37.108518988843642],[-76.570116920542915,37.108528048571777],[-76.570132455928658,37.108528302937401],[-76.570133408891934,37.108490976876084],[-76.5701496843987,37.108462197237223],[-76.570171028282658,37.108437651957793],[-76.570207599981771,37.108425803817241],[-76.570238775455621,37.108422165564335],[-76.570295843995325,37.108418949421591],[-76.57032638421019,37.108440195487702],[-76.570346783002051,37.108452978170206],[-76.570372353953587,37.10846584281974],[-76.570403322147158,37.10847050117966],[-76.570435979870524,37.108408796705596],[-76.570400682045204,37.108370876286671],[-76.570370459467469,37.108337187617806],[-76.570356194603335,37.108287164598046],[-76.570351863920664,37.10825389980716],[-76.570394664080553,37.108200660539055],[-76.570405445169811,37.10818424144307],[-76.570426906044617,37.108155547559015],[-76.570463678099358,37.10813540257179],[-76.570495065172409,37.108123469469923],[-76.570557208637908,37.108124486758065],[-76.57056692771242,37.108149540597999],[-76.570586796049767,37.108183059723878],[-76.570591232680854,37.108212177565967],[-76.570643123356191,37.108208876499383],[-76.570674722097294,37.108188650370117],[-76.570721009377593,37.108201854944127],[-76.570709593230333,37.108243158413579],[-76.570693850667837,37.108251199880037],[-76.570626530504626,37.108250098829281],[-76.570590809261702,37.108228766227811],[-76.570549911427278,37.108207350678214],[-76.570529727700617,37.108186276007288],[-76.570509753534338,37.108156903811917],[-76.570473506351149,37.108156310435426],[-76.570452367585986,37.108172562680259],[-76.570425529683249,37.10820946588867],[-76.570414745220262,37.108225884931223],[-76.570408826400381,37.10825483325263],[-76.570408402963935,37.10827142101283],[-76.570418227820568,37.108292329726517],[-76.570448557406493,37.108321870560658],[-76.570458597437366,37.108334482743253],[-76.570473814069658,37.108347178766635],[-76.570514289600268,37.108385184823852],[-76.570528976919704,37.108418618243306],[-76.570533307689814,37.108451883027115],[-76.570537853588974,37.108476852183827],[-76.570526966587821,37.108497420033444],[-76.570505725282175,37.10851781838187],[-76.570463979224371,37.108529582809716],[-76.570412829450746,37.108503850713319],[-76.570314861877534,37.108485648561036],[-76.570299433490263,37.108481247297966],[-76.570237187263515,37.108484375968438],[-76.570236551981353,37.108509260310171],[-76.570256735643568,37.108530337733477],[-76.570308097089082,37.108547776918812],[-76.570349102072868,37.108565043828165],[-76.570405323654171,37.108595010358869],[-76.570425294590095,37.108624379812596],[-76.570455626538831,37.108653921581592],[-76.570470212504659,37.108691502922021],[-76.570474856379462,37.108712325011794],[-76.570479187142581,37.10874558979674],[-76.570456463638678,37.10882404979931],[-76.570445788304099,37.108836322860206],[-76.570434371841515,37.108877629003686],[-76.570449063766759,37.108911060703306],[-76.57053011677894,37.108982926703497],[-76.570532655570759,37.108985041247294],[-76.570535190873173,37.108987160240375],[-76.57056055483342,37.109008318801664],[-76.570581055169569,37.109016954429165],[-76.570601661451988,37.109021439509426],[-76.570616988571899,37.109029989547999],[-76.570626813630952,37.109050896440806],[-76.570651542372858,37.1090969438293],[-76.57065650728326,37.109105323344671],[-76.570671622757672,37.109122166354986],[-76.570686731420665,37.109139011955669],[-76.570701104827577,37.10918488532517],[-76.570732281692813,37.109181247860967],[-76.570748345390754,37.109160763823205],[-76.570769586742671,37.109140368134931],[-76.570780156227684,37.109132241985087],[-76.570873899670133,37.10911303023768],[-76.570910041505698,37.109117769529618],[-76.570976515675156,37.109152051344545],[-76.571007056354759,37.109173298133172],[-76.571032420440687,37.109194459295061],[-76.571047532642126,37.109211302201714],[-76.571067609722959,37.109236528207937],[-76.571077332484379,37.109261582058089],[-76.571092233017268,37.109286720641158],[-76.571102061592825,37.10930762844982],[-76.571116962143037,37.10933276702962],[-76.571126896621607,37.109349525193103],[-76.571142007658324,37.109366371672593],[-76.571157119941617,37.109383213663939],[-76.571177197173697,37.1094084369482],[-76.571192411893293,37.109421132840389],[-76.571212919162946,37.109429768467841],[-76.571243777535031,37.109438571670793],[-76.571279922832204,37.109443314507871],[-76.571336674646446,37.109452539582506],[-76.571378204917835,37.109449070455106],[-76.57139923796565,37.109436967689135],[-76.571420480413323,37.109416569199794],[-76.571457259566074,37.109396424014882],[-76.571468040663973,37.10938000212078],[-76.571494671278828,37.109351396237443],[-76.571520776296353,37.109343523304346],[-76.571547091733848,37.109327358267699],[-76.571599513257382,37.109303321193892],[-76.571636288909673,37.109283176798776],[-76.571688498816656,37.109267432665852],[-76.571719991955106,37.109251352297903],[-76.5717619486866,37.109231292624777],[-76.571809188917186,37.109207171599017],[-76.571856217624557,37.109191341733379],[-76.571887290930292,37.109191850040531],[-76.571866363786327,37.109199806853681],[-76.57183983572699,37.109224267626871],[-76.571792279151907,37.109260834010399],[-76.571755502450202,37.109280977534851],[-76.571734575290662,37.109288933423748],[-76.571718722354234,37.109301120992669],[-76.571692511627859,37.109313139108487],[-76.571676659712551,37.109325330293856],[-76.571660912596997,37.10933336911247],[-76.571629313572231,37.109353598207051],[-76.571576998921685,37.109373489272734],[-76.571550788147661,37.109385507357004],[-76.571529758513066,37.109397610205221],[-76.571503653500784,37.109405482239438],[-76.571477443805847,37.109417501226694],[-76.571456307222476,37.109433750983918],[-76.57144024705606,37.109454234271816],[-76.571424390662884,37.109466421745857],[-76.571397969275225,37.109486736398175],[-76.571335193123758,37.109510603955052],[-76.571278123803737,37.109513820601677],[-76.571257619855501,37.109505185941771],[-76.5712164036686,37.109496212348901],[-76.571170115531714,37.109483007071169],[-76.571144645443979,37.109465994681663],[-76.571109561880121,37.109419777050817],[-76.571089375400703,37.109398703342741],[-76.571058940500834,37.109373306933094],[-76.571013287477413,37.109335218150513],[-76.570972070218517,37.109326247156183],[-76.570940894429853,37.109329884702284],[-76.57089777309308,37.109395566730306],[-76.570886674411554,37.109424427590632],[-76.570880650968618,37.109457522890906],[-76.57086458611856,37.109478006927745],[-76.570817553719294,37.109493833639846],[-76.570791451997152,37.109501704670642],[-76.570749706588089,37.109513468316791],[-76.570702885832162,37.109521001103353],[-76.570682067692729,37.109524810821675],[-76.57062510422918,37.109523878410471],[-76.570588113136324,37.109552315413474],[-76.570566976254995,37.109568567714128],[-76.570545734704993,37.109588964266258],[-76.570519207275282,37.109613422057691],[-76.570503244729338,37.109629760852151],[-76.570460337955026,37.109687147994187],[-76.570433809292354,37.109711607549777],[-76.570402103896328,37.109735984155691],[-76.570385831562888,37.10976476478244],[-76.57036976327673,37.109785243290766],[-76.570363630294153,37.109822487249879],[-76.570357605396467,37.109855585206873],[-76.570356652595734,37.109892908562514],[-76.570365845794996,37.109938700770677],[-76.570406212933662,37.109980851940811],[-76.5704201638505,37.110043319423546],[-76.57041995208256,37.110051615104148],[-76.570394164407901,37.110047042470725],[-76.570327689715214,37.110012760330832],[-76.570297360599582,37.109983220390291],[-76.570277279009019,37.109957996883587],[-76.570268304371609,37.109903909999446],[-76.57028996627399,37.109866922081352],[-76.570286906129752,37.109783886812963],[-76.570261543064618,37.109762730014786],[-76.570246113409794,37.109758324222526],[-76.570204261855594,37.10977423641674],[-76.570182910855578,37.109798781589213],[-76.570167057538839,37.109810969850251],[-76.570156279540285,37.109827388977628],[-76.570134924997063,37.109851939491612],[-76.570123832752344,37.109880798588016],[-76.570112521925552,37.109917954153893],[-76.570095927307264,37.109959175484242],[-76.570090323685633,37.109975680228303],[-76.570090006025652,37.109988121946735],[-76.570084510483682,37.11000048159007],[-76.570078698448825,37.110025281167999],[-76.570073302148046,37.110033489256573],[-76.570067811099548,37.110045848972732],[-76.570051322356065,37.110082921555417],[-76.57003472886197,37.110124140192219],[-76.570023735534647,37.110148857634563],[-76.570017922366517,37.110173656289859],[-76.570007140909169,37.110190075347909],[-76.57000196420833,37.110189990584949],[-76.570025418788703,37.110285808519734],[-76.570023406757045,37.110364610270238],[-76.570010722530768,37.110455682392676],[-76.569998564254391,37.110526022466203],[-76.569992540334525,37.110559117718381],[-76.56997541610211,37.110621072822759],[-76.569948252661092,37.110670417522506],[-76.5699314459644,37.110719934506484],[-76.569914958154754,37.110757006185558],[-76.569908929680309,37.110790101359122],[-76.569898253979019,37.110802374368703],[-76.569876905986646,37.110826918638239],[-76.569829346373808,37.110863482406629],[-76.569808100816886,37.110883881471629],[-76.569781787793801,37.110900047975996],[-76.569750077212035,37.110924423430191],[-76.569718582933916,37.11094050417163],[-76.569697340746117,37.110960901470058],[-76.569660559237533,37.110981046086067],[-76.569628747199459,37.111009567618694],[-76.569597252814006,37.111025650129505],[-76.569570935242879,37.111041814711193],[-76.569523694275475,37.111065934856647],[-76.569492304609554,37.111077871283598],[-76.569460806860889,37.111093950999894],[-76.569418848460941,37.111114010753525],[-76.569392640091436,37.111126029313432],[-76.569340217771924,37.111150063620777],[-76.569319081277015,37.111166316615474],[-76.56929804741452,37.11117841900937],[-76.569277227668678,37.111182226659388],[-76.569256511620438,37.111181886429989],[-76.569247431595528,37.11113194821332],[-76.569237282070048,37.11112348371465],[-76.569216460109516,37.111127290416206],[-76.569190043194823,37.111147603763222],[-76.569163617266753,37.111167916956923],[-76.569037422768673,37.111240533947921],[-76.569036998922343,37.111257125302785],[-76.568989650583731,37.111285392153427],[-76.568978550803564,37.111314256434028],[-76.568951915146428,37.111342862591449],[-76.568920102550422,37.111371389337918],[-76.568882901391405,37.111408119733547],[-76.568856371590684,37.111432579832496],[-76.568846178000896,37.111445573575779],[-76.568840305794851,37.111453062690096],[-76.568813777089446,37.111477522797884],[-76.568782070383506,37.111501900767479],[-76.56873493037854,37.111521871783438],[-76.568698045711287,37.111546164893298],[-76.56866644503674,37.111566390488889],[-76.568618457057553,37.111619545065352],[-76.568601968407251,37.111656616558776],[-76.568591189736225,37.111673038243801],[-76.568549653637774,37.111676505415581],[-76.568518052776909,37.111696734574913],[-76.568496912692495,37.111712982861867],[-76.568465205785529,37.111737360746048],[-76.568454423767577,37.111753779660404],[-76.568427999725557,37.111774090923618],[-76.568406756862828,37.111794491592285],[-76.568385514103753,37.11181488775248],[-76.568359195952397,37.111831053864968],[-76.568338161728036,37.111843156988186],[-76.56830666678934,37.111859236450989],[-76.568285529896698,37.111875488358905],[-76.568274853778263,37.111887761220714],[-76.568222005397615,37.11192838726403],[-76.568206046480469,37.111944721314316],[-76.568189980376388,37.111965204983555],[-76.568178880282943,37.111994065583858],[-76.568172961435977,37.11202301380294],[-76.568171477431321,37.112081078125186],[-76.568160377244752,37.112109941426283],[-76.568144311162186,37.112130422386294],[-76.568117675957254,37.112159031075002],[-76.56809611157621,37.112191871541022],[-76.568069266594989,37.112228774128859],[-76.568047917605384,37.112253318065243],[-76.568021493233303,37.112273631038569],[-76.568000034751677,37.112302325451104],[-76.567983545648929,37.112339396856264],[-76.567967585468452,37.112355730855356],[-76.567946024340756,37.112388571348795],[-76.567919596519218,37.112408884243806],[-76.567861472576297,37.112453573236188],[-76.567840438190984,37.112465672666538],[-76.567824689874485,37.112473716377181],[-76.567798265365283,37.112494029300187],[-76.567771735956953,37.11251848917199],[-76.567756093748017,37.112522381432591],[-76.567735483327922,37.112517894900989],[-76.567698297107228,37.112510634637587],[-76.567601064093452,37.112563884636529],[-76.567458502186469,37.112528721250612],[-76.567382832325833,37.112549364133102],[-76.567298370826521,37.112646459623129],[-76.567262829030668,37.112700585648284],[-76.567147583355691,37.112665870680679],[-76.567105487256626,37.112708947427933],[-76.566941303421999,37.11298528247557],[-76.566789396195531,37.113048443559059],[-76.566650166069692,37.113150111235363],[-76.566525431556371,37.113219188542459],[-76.56623918936765,37.113192608615158],[-76.566203646509933,37.113246736121333],[-76.566335882121919,37.113418508104402],[-76.566523446625226,37.113563833987172],[-76.566603433737228,37.113641740972398],[-76.566669344701566,37.113735829668308],[-76.566762006277798,37.113852244172321],[-76.56687988809972,37.114051137179004],[-76.567016021378194,37.114337865199566],[-76.567106726294242,37.114530842311197],[-76.567197715902182,37.114712880451563],[-76.567316439281797,37.114878958792616],[-76.567496902300022,37.115035109231449],[-76.567610334123557,37.11514091815183],[-76.567702444150015,37.115279206310525],[-76.567796231072336,37.115351867753233],[-76.567882489543067,37.115451761905511],[-76.567975015352957,37.115573642215672],[-76.567985598069413,37.115694180347262],[-76.567968725805898,37.115819738469725],[-76.568021541301277,37.115891728189524],[-76.568185014803788,37.115910819038852],[-76.568210511905605,37.1159823600698],[-76.568269876696874,37.116065401454442],[-76.568366600224962,37.116023216742732],[-76.568509584997827,37.116041974099517],[-76.56856184330843,37.116135837934806],[-76.568591932280214,37.116294992617767],[-76.568621466889766,37.116476022606534],[-76.568741314081507,37.116598348994053],[-76.568827016248065,37.116720119484306],[-76.568959962425012,37.116864548229202],[-76.568959363460465,37.116945477613235],[-76.568961929206111,37.117021211485905],[-76.569010403404832,37.11706165811146],[-76.569077893371485,37.117062763628972],[-76.569094540528511,37.117073402130337],[-76.569107284973555,37.117087066349974],[-76.569115299715136,37.117102866682224],[-76.569118065049807,37.117119779754852],[-76.569115398681632,37.117136702999694],[-76.569107475095663,37.1171525333828],[-76.56909321931353,37.117167541710231],[-76.569082115377896,37.117182042859369],[-76.569078004164837,37.117198736039633],[-76.56908140392558,37.117215529718266],[-76.569091886523381,37.117230327674662],[-76.56911378046884,37.117243570339177],[-76.569175663949721,37.117287835412533],[-76.569247464302151,37.117296222708816],[-76.569273812989138,37.11732188427365],[-76.569289875541827,37.11739783918668],[-76.569306769768318,37.117441370034449],[-76.569287574579008,37.117487914088414],[-76.569377467060988,37.117492990627795],[-76.569467171006011,37.117505272584836],[-76.569520148065237,37.117545790027052],[-76.569565873772675,37.117517701837606],[-76.569568667596286,37.117495476538721],[-76.569617102515565,37.117626673857814],[-76.569534463537906,37.117690201345788],[-76.569443286924937,37.117735564819334],[-76.569387732858658,37.11779592968302],[-76.569373039926063,37.117842544781226],[-76.569416647975928,37.117897325971882],[-76.569424909425976,37.117926297368278],[-76.569465770669396,37.117912547597186],[-76.569514526370398,37.117942182141626],[-76.569545190168157,37.117975123778898],[-76.569498909807265,37.118024827700516],[-76.569525354162266,37.118046889185202],[-76.569524065870283,37.118097327201589],[-76.569495872883195,37.11814372483893],[-76.569471814078597,37.118204604617084],[-76.569489441456568,37.118219311340141],[-76.569552521110211,37.118216740055509],[-76.569606420119513,37.118221226072556],[-76.569614037525554,37.118275417814218],[-76.569589794711746,37.11834350407608],[-76.569552235838557,37.118404164600349],[-76.569515048396823,37.118450413148011],[-76.569500355346463,37.118497030962097],[-76.569549106984283,37.118526663614567],[-76.569548186626875,37.118562696816731],[-76.569525324146937,37.118576735963437],[-76.56951981292427,37.118616295567939],[-76.569587116871872,37.11862460629596],[-76.569617872997114,37.118653945132188],[-76.569612085783021,37.118704312178743],[-76.569565624282674,37.118761224441002],[-76.569581963519937,37.118826370063601],[-76.569567086440927,37.118880191641701],[-76.569547062867116,37.118959159846931],[-76.569532369737615,37.119005777662878],[-76.56955459165782,37.119016954423451],[-76.569526766463767,37.119048940045694],[-76.569566065005958,37.119096439311775],[-76.569597741541102,37.119089749455931],[-76.569587363329006,37.119143645607402],[-76.569616558617781,37.119234235352231],[-76.569696252372495,37.119286000326049],[-76.569754189810439,37.119308577424448],[-76.569753085653076,37.119351810779023],[-76.5696801789761,37.119386661653294],[-76.569674391724391,37.11943702960037],[-76.569624167139793,37.119465041473788],[-76.569613509459856,37.119529745908636],[-76.569616812085982,37.119576658413791],[-76.569611668896215,37.119601807802468],[-76.569647207217329,37.11962041116999],[-76.569659137515913,37.119681880290685],[-76.569630763379578,37.119735482667053],[-76.569607712982716,37.119756733638432],[-76.569624792051584,37.119793055267863],[-76.569614137678016,37.119857760657005],[-76.569594666022894,37.119915112187861],[-76.569639386481256,37.11992665734082],[-76.5696116530777,37.119955037498691],[-76.569583919584247,37.11998342035276],[-76.569608984360187,37.120059522600677],[-76.569597591513187,37.120153050183298],[-76.569637165562455,37.120189742865961],[-76.569626787204342,37.120243639916431],[-76.56965772808789,37.120265771376822],[-76.569692159059073,37.120327611627424],[-76.569741281161413,37.120342832194602],[-76.569790847125731,37.12069327300194],[-76.569789926926248,37.120729303495835],[-76.569816464393853,37.120747759426401],[-76.569792861662307,37.120790627106921],[-76.569840974217897,37.120845478238088],[-76.569857590127782,37.120899817273433],[-76.569888164346111,37.120936363409974],[-76.569895785626215,37.120990554273334],[-76.569898907850103,37.121044672377273],[-76.569943799535451,37.121049011633481],[-76.569933884755628,37.121084892163509],[-76.569973735447832,37.121110777292898],[-76.569995127791529,37.121154378041389],[-76.569957107725685,37.121233056179086],[-76.569988236517915,37.121247981146254],[-76.569949204375376,37.121366288048357],[-76.569943601233632,37.121409447738465],[-76.56996986289262,37.121438714672692],[-76.570017605657753,37.121507979509559],[-76.570011637836672,37.121565553076252],[-76.570032109110883,37.121645184289925],[-76.570043490164409,37.121728274574245],[-76.570050189297163,37.121818495878472],[-76.570051928283945,37.121926654701205],[-76.57008672167845,37.121974079995859],[-76.570085617580418,37.122017316946177],[-76.570078361734346,37.122125330318369],[-76.570090572133182,37.122175991999626],[-76.570125004352434,37.122237831210199],[-76.570147039940196,37.122256213356728],[-76.570141896836518,37.122281359158436],[-76.570208282996731,37.122325699096351],[-76.570258956391868,37.122632904489883],[-76.570288902278762,37.12268898032309],[-76.5702307896576,37.122767883053733],[-76.570279235507641,37.122823583938491],[-76.570301732111957,37.122918781179592],[-76.57025023542559,37.122982822580461],[-76.570298674838412,37.1230385170389],[-76.570277565840499,37.123133004124405],[-76.570243612186601,37.123242253291018],[-76.570386019058532,37.123279522995155],[-76.570553859420613,37.123297242358476],[-76.570654945522747,37.123243995144684],[-76.57073721444884,37.123195428586342],[-76.57079914234501,37.123211417037503],[-76.570852745462886,37.123307049276406],[-76.570760991972122,37.12324073920513],[-76.570692201006239,37.123249597118161],[-76.57062760848882,37.123338380360131],[-76.57053363782471,37.123356804351921],[-76.570433060984158,37.123390096085771],[-76.570387282918787,37.123474198464869],[-76.570335400419026,37.12355320592561],[-76.570308441659648,37.123632624028126],[-76.570364386053186,37.12363853110304],[-76.570381550666085,37.123698705894668],[-76.570336791569446,37.123742891195953],[-76.570366286842486,37.123808259194988],[-76.570439905568904,37.123854385649437],[-76.570457325084547,37.123904580939481],[-76.570381540734573,37.123943269792875],[-76.570373526584774,37.124013016126156],[-76.570359281730703,37.124082658674112],[-76.570364875553835,37.124107705324562],[-76.570407852693393,37.124133363842212],[-76.570432136511585,37.124158716391001],[-76.570418149836115,37.124218380412394],[-76.570391187551024,37.124297798473656],[-76.570415219991276,37.124333130569468],[-76.570446371522138,37.124333640426421],[-76.570463533006034,37.124393814245657],[-76.570437338429457,37.124443295707117],[-76.570423603038151,37.124492983787327],[-76.570477895518593,37.124563748979355],[-76.570457802035264,37.124618321677687],[-76.57045678296636,37.124658235127271],[-76.570498359297019,37.124738773138908],[-76.570533708272137,37.124819210118154],[-76.570554935384834,37.124964299383507],[-76.570571460131504,37.125049422354493],[-76.570607060709406,37.125119880666496],[-76.570642024592686,37.125215280931201],[-76.570683601358411,37.125295821575328],[-76.570710614442802,37.125346113420072],[-76.570662509668011,37.12549239700779],[-76.571020917317071,37.125803073734438],[-76.571900909939401,37.126107072052065],[-76.572285906903474,37.126151071608298],[-76.572725904259855,37.126085069985038],[-76.573556898698726,37.125712065939659],[-76.57478289276979,37.1248860610036],[-76.57539889032077,37.124578057818802],[-76.575814886674465,37.124431056535876],[-76.576563881770042,37.124282054163352],[-76.577410876909781,37.124238052648806],[-76.578004873201792,37.1242620504744],[-76.578653867661316,37.124392049702266],[-76.579049865057215,37.12461104865168],[-76.579676858320099,37.125271050304796],[-76.580522846573146,37.127251055754762],[-76.580742841101269,37.128406059002856],[-76.580951836268639,37.129439061911881],[-76.581006834526093,37.130088064693176],[-76.580970833773208,37.130410065231473],[-76.580764834536041,37.130726066635823],[-76.580159836115996,37.131375070820667],[-76.579621839398271,37.131771074214349],[-76.579214841893631,37.132002075252707],[-76.578587844682488,37.132254078229792],[-76.578301845765878,37.132442079663434],[-76.577954847502866,37.132708080890872],[-76.577877848889102,37.132771081650141],[-76.577699849031049,37.132961082852411],[-76.577656848540443,37.133090083412419],[-76.577683847942922,37.133219084174101],[-76.577726847065293,37.133301084617997],[-76.57774784696214,37.133336084434291],[-76.577771847279109,37.133357083790663],[-76.578126844175202,37.133633083936296],[-76.57853983976959,37.133887083882456],[-76.578697839194461,37.133929083817904],[-76.578803838162202,37.133964084039967],[-76.578900837612878,37.13400708342958],[-76.57910383564608,37.134112082730574],[-76.579297834649878,37.134218083330317],[-76.579473833062423,37.134317082982989],[-76.579553831235202,37.134366082412058],[-76.579853829062813,37.134457083146373],[-76.579967827950583,37.134514082457883],[-76.580161826938266,37.134634083184473],[-76.580329825324426,37.134718081724891],[-76.58047082465977,37.134767082206807],[-76.580638822473048,37.13478908212614],[-76.580805822144612,37.134775081426888],[-76.580955821025341,37.134697081472432],[-76.581211819523304,37.13451407969513],[-76.581528818364617,37.13427407799945],[-76.581484818476881,37.134190077200032],[-76.581528819686611,37.134084077322242],[-76.58164381832205,37.133901076016386],[-76.581802818284118,37.133668074677402],[-76.582093816649518,37.133394073580767],[-76.582507815609745,37.13297107132442],[-76.582966813899546,37.13268906843944],[-76.583459810666,37.132464066228785],[-76.583750809714772,37.132294064991022],[-76.584332806139884,37.13204806342145],[-76.584729803904594,37.131963061403809],[-76.585073801149051,37.131977060512483],[-76.585197800379817,37.131858059565744],[-76.585285798620944,37.131956059407777],[-76.585532797929233,37.13211805956719],[-76.585655796463655,37.132301060485716],[-76.585717794393958,37.132386060304668],[-76.586352788460175,37.13309806092127],[-76.586749784695442,37.133450061530112],[-76.586802783782673,37.133598061036444],[-76.586899783340172,37.133760062179228],[-76.58694378278885,37.133845062188719],[-76.586951781862581,37.133978062239613],[-76.586985781134459,37.134097063452153],[-76.586910781905729,37.13426506329187],[-76.586978780624477,37.134448064380564],[-76.586991780087018,37.134663064870296],[-76.586951780092875,37.134900065851504],[-76.586856780269159,37.135158066834322],[-76.586762778901843,37.135297068349537],[-76.586532779878524,37.135652070219798],[-76.586465780745712,37.135792070296809],[-76.586532779051197,37.135985071431911],[-76.586519778680682,37.136103071207529],[-76.586424779300515,37.136254072299849],[-76.586249779539742,37.136641073389569],[-76.586168779398889,37.136931075209922],[-76.586060777401912,37.137651078576177],[-76.586073777072997,37.137916078302375],[-76.586095775613515,37.138240079333436],[-76.58618277349855,37.138587080856844],[-76.586240772713381,37.138905082174418],[-76.586240771503142,37.139136083214979],[-76.586197771613854,37.139344083039155],[-76.586168771599418,37.139466084392829],[-76.586139770976899,37.139599084191751],[-76.58597977234183,37.139836085764237],[-76.585820773030335,37.140056086966311],[-76.585696773106903,37.140299087488657],[-76.585493773269164,37.140403088847954],[-76.585496773590521,37.140466089180734],[-76.58498677554023,37.140704091459213],[-76.584609777617274,37.140877093089813],[-76.584261779988736,37.140975094096085],[-76.583594784619166,37.141149096955019],[-76.58341278545447,37.14112609704852],[-76.583303786964152,37.141109097224096],[-76.583173787500741,37.14112609786477],[-76.583071788156502,37.141195098429172],[-76.582810789381966,37.141195099585119],[-76.58257179086651,37.141166099196084],[-76.582274792766526,37.141143099569256],[-76.582035795222211,37.141091100726619],[-76.581600799090182,37.140987100794142],[-76.581346800354737,37.140929101739395],[-76.581034802986537,37.140733101460107],[-76.580722805985872,37.140530102692416],[-76.580461808423593,37.140316102883268],[-76.580251809623476,37.140125101835118],[-76.580070811763036,37.13994010200615],[-76.57993981319585,37.139743101431151],[-76.579838814685715,37.139648101835391],[-76.579750815408062,37.139559101034841],[-76.579546816897377,37.139492101621514],[-76.579221819702127,37.139385101817538],[-76.577982827808796,37.139434105814487],[-76.577633829852914,37.139541106470865],[-76.577372831192775,37.139582107951291],[-76.577128832977607,37.139626108886844],[-76.576789835383252,37.139679109615656],[-76.576347837556924,37.139807111229473],[-76.575867840910647,37.139973113423885],[-76.575396844166335,37.1400781150097],[-76.574371850813179,37.140206118480478],[-76.573740853981576,37.14019812003356],[-76.573119859413609,37.140183121767478],[-76.572282864852269,37.140123123494675],[-76.571520870467481,37.139995124603367],[-76.570918875477105,37.139837126761499],[-76.570513877995964,37.139694126593042],[-76.569948882173023,37.139498127550162],[-76.569817883968497,37.139513127796604],[-76.569798883601308,37.139596127996498],[-76.569807882726948,37.139611128643736],[-76.569732883599286,37.13960412818723],[-76.569674883835773,37.139522128891407],[-76.569614884418655,37.139478128779949],[-76.569464886307628,37.139411127809304],[-76.569333886655087,37.139392128836],[-76.56921388812134,37.139293128820192],[-76.569146888575659,37.139261129053359],[-76.569099888986301,37.139240128981342],[-76.568956890411712,37.139182128733914],[-76.568860889997794,37.139154128809515],[-76.568657892754302,37.13911512910947],[-76.568489892774991,37.13912012943296],[-76.568346894217484,37.13916313030321],[-76.568250894029887,37.139197130896619],[-76.568172894712703,37.139268131574141],[-76.568125895779019,37.13935913150187],[-76.568101895494237,37.139426132670273],[-76.56808989506402,37.139469132451453],[-76.568053894527367,37.139750133474479],[-76.568041893344599,37.139989134349825],[-76.568011893631933,37.14016113546392],[-76.568016892695596,37.14018013555804],[-76.567978892669331,37.140407136925795],[-76.567973892916328,37.140452136002565],[-76.567967892897329,37.140478136508399],[-76.567951893261281,37.140573136783793],[-76.567959892377971,37.140682138015343],[-76.567962891634266,37.140759137951441],[-76.567899891682089,37.14086813858178],[-76.567894892936337,37.140878138569327],[-76.567834892567276,37.141052139263486],[-76.567796891640711,37.141195139828085],[-76.567731891995919,37.141291139771099],[-76.5675678913138,37.141816142773749],[-76.567551891630757,37.141885143328267],[-76.567442891397704,37.142098143855414],[-76.567366892142601,37.14221514468867],[-76.567289891793195,37.142332145291725],[-76.567171892943776,37.142496146089435],[-76.567101891829182,37.142593147087531],[-76.56684889362181,37.142821148400216],[-76.566785893496601,37.142878148229478],[-76.566229896781422,37.143107151725737],[-76.566090897321118,37.143150152486179],[-76.565841898587891,37.143217153076854],[-76.565387902219996,37.143300154611751],[-76.565195903028751,37.143352154931399],[-76.565020903960502,37.143448155745553],[-76.564954904570158,37.143492156497416],[-76.564888903776989,37.143631157368389],[-76.564861903391019,37.143706157264148],[-76.564852903917895,37.143772157482914],[-76.564842903848515,37.143923157804345],[-76.564957902297436,37.144071158402753],[-76.564898902230212,37.144288159620338],[-76.564988900377799,37.144801161323834],[-76.566943886581257,37.144663155111743],[-76.567404883921071,37.144636154229914],[-76.567327885034089,37.144708154130669],[-76.566205888896988,37.14578416147296],[-76.565885891033858,37.145797163206211],[-76.565659892327645,37.145873163454389],[-76.565494892427253,37.146104164644939],[-76.565519891314096,37.146316165525704],[-76.56570488948266,37.146680166067],[-76.565885887170268,37.146988167183594],[-76.566066884725629,37.147215167686156],[-76.566221883481219,37.147403167951254],[-76.566387882066778,37.147539167868864],[-76.566530880793309,37.147659167421132],[-76.566577880584759,37.147699167721683],[-76.56664287972508,37.147759168091184],[-76.566703879504985,37.147855168179611],[-76.566763878798682,37.147919168479262],[-76.566878877326872,37.147915167186341],[-76.567134875862763,37.148083168066556],[-76.567493871946894,37.148335167807247],[-76.567666871268131,37.148418168153711],[-76.567782869572511,37.148489167363039],[-76.567916868234761,37.148588167146286],[-76.568018867291954,37.148680167664786],[-76.568184865794265,37.148832168313675],[-76.568336864838386,37.148952166983996],[-76.568368864238778,37.14907716798222],[-76.568455863682672,37.149104168018219],[-76.568527862496467,37.149196167928245],[-76.568617861188002,37.149293168225192],[-76.568739860498653,37.14935016847798],[-76.568879859088412,37.149504167707207],[-76.568939858214321,37.149585167945872],[-76.568990857416125,37.149638168094562],[-76.569050857174574,37.149767169414481],[-76.569055856653364,37.149898169674671],[-76.569102857038885,37.149955169134017],[-76.569132855400014,37.150031168902025],[-76.569169855622022,37.150119169561428],[-76.569220854780056,37.150293170150853],[-76.569190854898864,37.150306170487532],[-76.569226853721815,37.150349170233099],[-76.568674855973683,37.150990174426482],[-76.568663856176258,37.151084175042442],[-76.568594856388842,37.151190175644246],[-76.568464855602485,37.151383175958799],[-76.568430856876191,37.151420176078979],[-76.568348856258282,37.151489177294955],[-76.568266856461278,37.151585177641799],[-76.568210856520238,37.151644178454333],[-76.568138856919347,37.151739178942421],[-76.568097857342494,37.15176817977401],[-76.568028858507788,37.151850179511165],[-76.567981857483232,37.151935180356688],[-76.567976856836452,37.152025181005179],[-76.567952857107784,37.15211718133979],[-76.567900857641604,37.15219518103666],[-76.56782485797963,37.152235181925427],[-76.567726859120484,37.152230182139384],[-76.567668858457168,37.152257182819348],[-76.567639858698897,37.152267182530885],[-76.567610859465034,37.15230718272872],[-76.567565859338401,37.152359182860828],[-76.567463859503306,37.152453183978942],[-76.567379859857084,37.152577183928869],[-76.567339860167905,37.15261218458555],[-76.567313859875924,37.152640184451471],[-76.567290859471427,37.152694184440826],[-76.567253860268124,37.152786186130953],[-76.567224860183913,37.152803186092825],[-76.567184860134631,37.152859185952174],[-76.567100860179238,37.152985186582804],[-76.566961860574125,37.153150187851352],[-76.566922860941006,37.153249187655831],[-76.56686986110148,37.15336818843511],[-76.566796860851127,37.153519188996377],[-76.566746860376171,37.153642190161051],[-76.566735861084922,37.153688190391357],[-76.566725860207882,37.153766191221486],[-76.566733860144097,37.153831190314222],[-76.566749860191649,37.15391419140353],[-76.5667678600675,37.153964191927784],[-76.566794859727736,37.154020192067705],[-76.566839857197934,37.15456119338085],[-76.56684385754879,37.154611194258607],[-76.566897856128705,37.154930194725829],[-76.566958854608174,37.155282195395152],[-76.567135850257628,37.156312199167537],[-76.567212848290993,37.156483199852559],[-76.567209849126797,37.156618199706635],[-76.5672398477478,37.156732200253778],[-76.567108848396273,37.15683420079921],[-76.566990849959993,37.156914201878337],[-76.566825849645809,37.156982203273323],[-76.566709849842965,37.157192204348796],[-76.564518863314106,37.15759821174656],[-76.564099866409791,37.157675213627044],[-76.56404386614696,37.157637213425843],[-76.563955866973714,37.157600213859773],[-76.563757868535617,37.157507213702985],[-76.563710869730542,37.157505213705818],[-76.563665869078164,37.157505214019153],[-76.563613870331466,37.157519213703097],[-76.563566869299308,37.15754721500992],[-76.5635468702325,37.157614214293268],[-76.563529869551502,37.157710215991791],[-76.563525869686899,37.157765215825627],[-76.563525869417504,37.157781215605105],[-76.563519870292211,37.157847216265104],[-76.56352786881753,37.15790721608365],[-76.563539868782286,37.157986215993951],[-76.563552868911628,37.158053216261266],[-76.563568867909439,37.158078216757509],[-76.56338186946887,37.158059217122243],[-76.563115871780425,37.158048217716001],[-76.561504882619687,37.157951222509134],[-76.560946887048573,37.157824223408191],[-76.56070088886942,37.157712224597702],[-76.56052188975103,37.157625223905207],[-76.560149892775669,37.157545224596866],[-76.559863894374033,37.157599225588491],[-76.559558895980686,37.157751227540466],[-76.559286897700801,37.157891228368484],[-76.559093898768467,37.157971229645959],[-76.558615900734807,37.15809023128763],[-76.558444902719586,37.158118231961438],[-76.558069904134712,37.158160233780507],[-76.557863906561337,37.158177233897312],[-76.557516908396366,37.158202236006176],[-76.556833912153479,37.15837523801045],[-76.557014909770686,37.158777238755683],[-76.557073908476269,37.15897923926903],[-76.556912909758523,37.158982240092627],[-76.556924910166074,37.159038240621321],[-76.556959908821355,37.159235241101946],[-76.556983908372317,37.159415242196907],[-76.557008906261899,37.159604242041851],[-76.55703790574546,37.159960244013263],[-76.557047904549165,37.160245244346939],[-76.55703290429939,37.160545245944768],[-76.556948899437458,37.162238253148374],[-76.5569168965975,37.16287925561091],[-76.556954895434515,37.163283257289997],[-76.556974895227611,37.163502258156598],[-76.556997893609548,37.163750258918029],[-76.557040893509594,37.163990259344253],[-76.55708289230239,37.164147260079915],[-76.557167890881374,37.164382260504297],[-76.556340896688667,37.164486264134588],[-76.555674900097202,37.164576266153105],[-76.555489901175719,37.164588267465824],[-76.555304902146148,37.164585267320348],[-76.555119904175044,37.164567268437708],[-76.554974904398549,37.164542267770791],[-76.554791906630058,37.16450126873378],[-76.554587908138416,37.164474269897582],[-76.554381908371681,37.16446126997517],[-76.554174910725706,37.164463270626179],[-76.553969911550382,37.164478270830173],[-76.553806912387827,37.164500271797927],[-76.55372591276074,37.164515272287424],[-76.553535915180561,37.16454027218105],[-76.55202492280624,37.164737277715808],[-76.551765925978614,37.164763279515718],[-76.551466927378826,37.164810280855413],[-76.551193929213071,37.164866281419812],[-76.550757930889276,37.164994282973041],[-76.55020093348999,37.165171285593921],[-76.550141934283914,37.165197286197014],[-76.553681896605823,37.169648293268878],[-76.553877894464748,37.169931293415424],[-76.554892884183602,37.171264295462663],[-76.555705874355212,37.172310297204596],[-76.55662986532343,37.17347329868317],[-76.556678865086369,37.173539299165732],[-76.557772413865408,37.173232605859766],[-76.558181152402923,37.173135190492552],[-76.558607413192718,37.173045291352409],[-76.559065204824805,37.172961822828526],[-76.559878324880415,37.172846425955036],[-76.56032838645713,37.172800228248889],[-76.561082839761497,37.172748281240679],[-76.561759363721663,37.172701226603643],[-76.562245831847235,37.172667388832281],[-76.562491830081498,37.172650276651602]]]},"properties":{"OBJECTID":29,"ADDRESS":"15638 WARWICK BLVD","PrecinctName":"Reservoir","Num":106,"TOTAL":9085,"BLACKNH":3482,"WHITENH":3262,"TOTALHISP":1435,"ASIANNH":476,"TOTAL18":6615,"USCON":"C03","STSEN":"S024","STHOD":"H069","COUNCIL":"NORTH","POLLINGLOC":"DENBIGH EARLY CHILDHOOD CTR","GlobalID":"{54EA6485-792D-4461-8963-DE40565E5BFD}"}},{"type":"Feature","id":30,"geometry":{"type":"Polygon","coordinates":[[[-76.500311327607534,37.147504353544576],[-76.500823322426001,37.148081354476126],[-76.500905321614511,37.148187355827424],[-76.500992320793031,37.148286355777174],[-76.501454315237623,37.148806356460099],[-76.50220430764027,37.149650358746982],[-76.503595291566214,37.151216362027299],[-76.506017265827424,37.15394436932386],[-76.506055264995595,37.15398636913902],[-76.506147265535049,37.154090369772355],[-76.506220264351356,37.154172369065606],[-76.506266263678938,37.154224369757166],[-76.506231263152671,37.154268369371572],[-76.505341266224207,37.155262377066208],[-76.505204266632759,37.155415378772389],[-76.504878266097393,37.15577638136353],[-76.504502267948766,37.156211384488138],[-76.505632255981823,37.157216385637042],[-76.505590256268533,37.157260386604321],[-76.504910258322951,37.158012391881115],[-76.504472017585357,37.158497593208075],[-76.504894278508942,37.159091343212161],[-76.505066252126269,37.159323397585183],[-76.505813053825889,37.160383251782619],[-76.506980834289777,37.162025293124316],[-76.507394675480413,37.16260390585763],[-76.507645222597844,37.162944408130173],[-76.509861308665279,37.166052638996824],[-76.511392205358732,37.168193067720416],[-76.514107147247685,37.171979429766999],[-76.514176145900862,37.17207743002546],[-76.514548982461349,37.172606727407299],[-76.51489491124272,37.17309038837444],[-76.514948207374403,37.173166124894976],[-76.514994136514517,37.173226432398714],[-76.515111135943343,37.173187432178423],[-76.515131135858368,37.173094431474773],[-76.515244136620765,37.172677429242661],[-76.515348137217245,37.172365427883605],[-76.515455138636639,37.172095426290724],[-76.515635137558178,37.171696423132111],[-76.515701138090392,37.171588423271686],[-76.515802137476086,37.171468421725145],[-76.515917137184928,37.171299420949779],[-76.516093137585742,37.17099741847867],[-76.516220138233294,37.170745417206888],[-76.516288137459654,37.170590416120604],[-76.516585137849631,37.170036412441249],[-76.516914136977874,37.169518409561078],[-76.516981137123793,37.169436408608036],[-76.51711313675176,37.169272407214599],[-76.517283136709125,37.169081406796778],[-76.517426135920985,37.168934404659964],[-76.517527135660671,37.168837403887117],[-76.517640135120402,37.168750403649902],[-76.517763135265241,37.168673402770693],[-76.517897134037568,37.168609402201312],[-76.518009133849489,37.168565401332962],[-76.518367131547166,37.168452400279477],[-76.518382131271551,37.168447399450976],[-76.519173127355472,37.168240396494319],[-76.519299127425526,37.168202396043547],[-76.51949012592155,37.168127394044966],[-76.519865123692114,37.16796539337993],[-76.520095122968257,37.167880391665086],[-76.520328121518816,37.167811391103186],[-76.520516120096687,37.167765389731173],[-76.52108511763322,37.167659387386962],[-76.521472114529772,37.16759138608073],[-76.521572114549954,37.16756538604109],[-76.521713113856819,37.167510385474898],[-76.521799112177931,37.167462383976407],[-76.521876112507272,37.167404383899914],[-76.521959112207313,37.167322382638083],[-76.5220271119736,37.167231382668625],[-76.522047112795846,37.167198382449769],[-76.522192111387,37.166964381182346],[-76.522545111443435,37.166366376779301],[-76.522892110798168,37.165835373687919],[-76.523186110524506,37.165412370542683],[-76.523351110506042,37.165184369603764],[-76.523595110520091,37.164847367254964],[-76.524077109857316,37.164145362591405],[-76.524156109178719,37.164023361546619],[-76.524415109835203,37.163594358742799],[-76.52462010860512,37.163268355931692],[-76.524953108575616,37.162762353653008],[-76.524985109433402,37.162715353868734],[-76.52510810772975,37.162505351176016],[-76.525156108947783,37.162415351306826],[-76.525294108313062,37.162104349966839],[-76.525347108264796,37.161971347846091],[-76.525485108591184,37.16170134656106],[-76.52555710800118,37.161577346439778],[-76.526340107491222,37.160312337853277],[-76.526402108165442,37.160186337594411],[-76.526443107448017,37.160067336939981],[-76.526471108699099,37.159935335624333],[-76.526508108580515,37.159713334790425],[-76.526698112100021,37.158257327505794],[-76.526851115716539,37.157098321792191],[-76.526967117613182,37.156250317743797],[-76.527152121571447,37.154946311700712],[-76.527293124578151,37.153946307041181],[-76.527396125734526,37.153220303482456],[-76.527546128743708,37.152195298128156],[-76.527700131477786,37.151085292658166],[-76.526708137734587,37.150998295675208],[-76.526185142082824,37.150947296249541],[-76.526050142369996,37.150920296929911],[-76.525919142983497,37.150880297316505],[-76.525796145442186,37.150828297253554],[-76.525726144912724,37.15079129685104],[-76.52559814653641,37.150704297267133],[-76.525523147112921,37.150638296532918],[-76.525328148966153,37.150443296553554],[-76.524645156086464,37.149765296123448],[-76.524515157324743,37.149639295728797],[-76.524410158270157,37.149558295157604],[-76.524293159626708,37.149488295771434],[-76.524167160952516,37.149429295512881],[-76.52403316149956,37.149383295767329],[-76.523921162763742,37.14935629535934],[-76.523806163593306,37.149337295914677],[-76.523748164306767,37.149331296552752],[-76.52361616512367,37.149327296361783],[-76.523233167124317,37.149309297400812],[-76.522855170044139,37.149277299055221],[-76.522612172386985,37.14924729899645],[-76.522388172975283,37.149221298839066],[-76.522178174745832,37.149211300479159],[-76.521968175119028,37.149214301233961],[-76.52175917773549,37.149232301711606],[-76.521558178267512,37.149264301659819],[-76.521361179467561,37.149310302556955],[-76.521198181400209,37.149361303536487],[-76.521023182191556,37.149429304310566],[-76.520813182406258,37.149531305920945],[-76.519339189430653,37.150334313149543],[-76.518763193190182,37.150657316250026],[-76.518554192500304,37.150806318457711],[-76.51841319471157,37.150926318767738],[-76.51830519461511,37.151028319112861],[-76.518168194010542,37.151179320896873],[-76.518036195480263,37.15136732133999],[-76.517912194512434,37.151577322613413],[-76.517821195377394,37.151764324620871],[-76.517769194708052,37.151894324641184],[-76.517695193838293,37.152137326421311],[-76.517659193683727,37.152288327147062],[-76.517521191633961,37.153076331240612],[-76.51747719170244,37.153321332436754],[-76.517351190594169,37.153930335186885],[-76.516883193641149,37.153866337411827],[-76.516607196339407,37.153818337304287],[-76.516151199471963,37.153723337918123],[-76.515938200987023,37.153691339525594],[-76.515501203906268,37.153641339429448],[-76.515412204634501,37.153633339870709],[-76.515122206268657,37.153608340821044],[-76.51481320824216,37.153564341698626],[-76.514325211588954,37.153495342713008],[-76.514019214873287,37.153475343321013],[-76.513582217398721,37.153463344126536],[-76.51345921850708,37.153444345042026],[-76.513341218432345,37.153410344874487],[-76.513089220953418,37.153304345112623],[-76.512931221940363,37.153226344896318],[-76.512396226408853,37.152990345167375],[-76.512200228659367,37.152887345762629],[-76.51199723019738,37.152770346099459],[-76.511964229995527,37.152739345522022],[-76.511949231061053,37.15271934507544],[-76.511919231373469,37.152686345492121],[-76.511642233963073,37.152509345242635],[-76.511219237060104,37.152253345320688],[-76.509554252539786,37.151317345770387],[-76.508933257759509,37.150967346608425],[-76.510646252379189,37.149043331949535],[-76.510515253700902,37.1489753321489],[-76.510408254204762,37.148921332390081],[-76.510344256342236,37.148904332016663],[-76.510290255881841,37.14890233218572],[-76.510224256575469,37.148912332681071],[-76.509996257445493,37.148996333352343],[-76.509630259026522,37.149154335454249],[-76.509500261009492,37.149198336102828],[-76.509365260515892,37.149234335992801],[-76.509266261008307,37.149255336399158],[-76.509101262381407,37.149277337049675],[-76.508933263306432,37.149286338635932],[-76.508766264886049,37.149281338847608],[-76.508388267316775,37.149232338617388],[-76.508143270092546,37.149179339302385],[-76.507629273711842,37.149073341031794],[-76.507445274513017,37.149034341446516],[-76.507104277958973,37.148963341189344],[-76.506354283240867,37.14880734270568],[-76.506164284021679,37.148768343317833],[-76.505290291199771,37.14858534562422],[-76.504992292379342,37.148523345852702],[-76.504549296654233,37.148431346244855],[-76.503951300994913,37.148307347988904],[-76.502924308467882,37.148093349854754],[-76.502283313383629,37.147956350764908],[-76.501664318782844,37.147803352273002],[-76.501583318802872,37.147784351911291],[-76.501008323071588,37.147650352417308],[-76.500820325011375,37.147604353429358],[-76.500403327858976,37.147522353383351],[-76.500311327607534,37.147504353544576]]]},"properties":{"OBJECTID":30,"ADDRESS":"205 TYNER DR","PrecinctName":"Richneck","Num":107,"TOTAL":5806,"BLACKNH":2249,"WHITENH":2371,"TOTALHISP":528,"ASIANNH":373,"TOTAL18":4537,"USCON":"C03","STSEN":"S024","STHOD":"H070","COUNCIL":"NORTH","POLLINGLOC":"RICHNECK ELEM SCH","GlobalID":"{4DC86BC1-CEFF-4773-96AF-444026067E58}"}},{"type":"Feature","id":31,"geometry":{"type":"Polygon","coordinates":[[[-76.448806962716759,37.018040722534359],[-76.449702955046348,37.019531728647692],[-76.449951952540516,37.019924729864016],[-76.450763944954389,37.02123273482902],[-76.451222941241284,37.021971737377044],[-76.451822935663017,37.023018742295442],[-76.452379929736637,37.023908745340051],[-76.452403929610725,37.02394674635363],[-76.452468929355433,37.024050745455042],[-76.452979928315983,37.023925745671605],[-76.45340592783792,37.023766745164195],[-76.453839927504958,37.023469743887389],[-76.453951926866083,37.023374743856394],[-76.455180928320033,37.022348738827489],[-76.455472929711206,37.021716736629628],[-76.455603931882123,37.021019733520255],[-76.455917932542235,37.020611732512045],[-76.457301933071975,37.019507727226923],[-76.457432673121559,37.019429849066931],[-76.4574218211757,37.019411461168666],[-76.45735622042281,37.019300309568315],[-76.456883912213897,37.018393765485833],[-76.456864258770594,37.018360457419334],[-76.456792179440825,37.018238327521395],[-76.456772035677105,37.018205031657438],[-76.456169050305476,37.017208287031259],[-76.456015973286782,37.016874786903806],[-76.45599721406488,37.016833909536707],[-76.455991091974383,37.016820580755464],[-76.455816674678815,37.016290153710798],[-76.4557854834067,37.016195301634284],[-76.455579525564701,37.015568930811149],[-76.455580105776775,37.015420592318236],[-76.45549802546806,37.015129094246582],[-76.45543318701634,37.014898811814824],[-76.455433212778175,37.014897983041088],[-76.455433241934685,37.014897153424968],[-76.455435074992906,37.014849188678653],[-76.455435104149359,37.014848359062526],[-76.455435133281497,37.014847530347346],[-76.455435166931707,37.014846700809272],[-76.455437298611372,37.014790719435737],[-76.455437327767797,37.014789889819639],[-76.455437356899878,37.014789061104423],[-76.455437386056246,37.014788231488318],[-76.455456766091785,37.014279175706065],[-76.455456770107574,37.014279027056773],[-76.455456795247784,37.014278346089903],[-76.455456792522952,37.014278197323563],[-76.45545660017109,37.014270090147136],[-76.455456582649077,37.014269448998938],[-76.455456622586496,37.01426926041394],[-76.455458320554058,37.014260660598907],[-76.455461953255593,37.014252253925513],[-76.455467370412606,37.014244485743063],[-76.455474401262023,37.014237602752793],[-76.455491090091286,37.014225609347683],[-76.455502793792505,37.014224197461125],[-76.455509434829551,37.014216516332361],[-76.455544817919048,37.01419655361881],[-76.45558803253806,37.01415949714675],[-76.455598216165512,37.014154857333388],[-76.455605455562079,37.014148491714522],[-76.455612573692136,37.01414203836282],[-76.455619581692659,37.014135501077064],[-76.455626464764293,37.014128886810866],[-76.455633226399058,37.014122191118283],[-76.455639863129377,37.014115417544339],[-76.455646376175977,37.014108562505079],[-76.455727816525297,37.014036466525205],[-76.456012943868288,37.013806240323653],[-76.456117301969769,37.013728069630808],[-76.456129531562993,37.01372212232269],[-76.456142021713333,37.013719969619395],[-76.456152545566482,37.013715047242542],[-76.456160635082384,37.013706998251834],[-76.456164740826907,37.013693765052288],[-76.456191152099336,37.013678714524033],[-76.456202232916638,37.013673561159706],[-76.456210028436629,37.013666534573957],[-76.456217365811952,37.013659200791835],[-76.456224224480522,37.013651572075005],[-76.456230590255714,37.013643674315695],[-76.456236442405157,37.013635526081856],[-76.456240562029933,37.013626065175842],[-76.456248912144147,37.013612693859656],[-76.456261970442696,37.013603860456165],[-76.456277566127838,37.01359783367726],[-76.456292782359867,37.013591540725528],[-76.456307318600523,37.013584290472679],[-76.456321084834087,37.013576128225075],[-76.456333989702628,37.013567107377654],[-76.456345957381714,37.013557288805856],[-76.456366397400558,37.013536189406295],[-76.456371352935705,37.013527987742705],[-76.456378553323063,37.013521813383392],[-76.456387529714689,37.013516590114747],[-76.456393010538534,37.01350212974036],[-76.456410868837523,37.01348881353632],[-76.45642074158593,37.013484026747854],[-76.456427591188344,37.013477606542203],[-76.456434397876293,37.013471152241991],[-76.456440079480444,37.013463741027209],[-76.456445939594389,37.013456420340184],[-76.456451979268593,37.013449192903188],[-76.456458198357069,37.013442064121534],[-76.45646241338126,37.01343348095471],[-76.456473818723907,37.013420885532312],[-76.456484344786915,37.013410051359237],[-76.456494913881897,37.013399246774853],[-76.456505526081685,37.013388469076389],[-76.456516186954815,37.013377720163156],[-76.456526890835505,37.013367001739539],[-76.456537641118288,37.013356312963012],[-76.456548435629401,37.013345651091917],[-76.456559274247098,37.013335020630741],[-76.456574892595114,37.01332182414837],[-76.456584003815863,37.013314644621794],[-76.456589584620403,37.013306261821988],[-76.456596081031421,37.013296978267725],[-76.456601875054673,37.013287400403691],[-76.456606954458877,37.013277564972086],[-76.45661129592456,37.013267503114619],[-76.456614491242973,37.013258388483408],[-76.45661488831972,37.013257252493894],[-76.456592317078531,37.013208555806806],[-76.457903736498324,37.012135575167811],[-76.457838952692825,37.012092906286092],[-76.456549543232441,37.013141743213772],[-76.456519300440917,37.01312943486942],[-76.456487470197587,37.01312215768656],[-76.456454883475175,37.013120101646145],[-76.456422390995272,37.013123320423965],[-76.4563908410192,37.013131729989361],[-76.456361057202869,37.013145110798938],[-76.456120644756368,37.012940980441527],[-76.456100657910426,37.012923602652144],[-76.456078115859682,37.012909698784974],[-76.456053616240823,37.012899637460478],[-76.456027808589795,37.012893685425325],[-76.45600137712114,37.01289200048037],[-76.455975022588163,37.012894627296994],[-76.45595451415609,37.01264227260608],[-76.455952011886282,37.012632916306728],[-76.455948011564232,37.012624095926057],[-76.455942621144231,37.012616049494312],[-76.455935986094246,37.012608994155663],[-76.455928285470364,37.012603120308249],[-76.45591972708462,37.012598586466027],[-76.455910541896998,37.012595514981037],[-76.455900977782576,37.012593988741585],[-76.455891292842281,37.012594048935377],[-76.455881748437733,37.012595693937982],[-76.455872602137987,37.012598879356723],[-76.455864100768665,37.012603519228641],[-76.455856473751069,37.012609488340324],[-76.455849926910886,37.012616625606981],[-76.455844636923729,37.012624738419532],[-76.455840746547253,37.012633607842432],[-76.455838360768681,37.012642994521947],[-76.455857985959483,37.012928202608407],[-76.455375236126685,37.013349856337925],[-76.455192749680819,37.013530207307511],[-76.455104587942543,37.013632760078224],[-76.454999947310114,37.013713116106835],[-76.454934101728497,37.013717069980146],[-76.45462852062127,37.013615606538167],[-76.454364242061985,37.013380245926484],[-76.454063114761666,37.013114023561712],[-76.45391929980768,37.013111523634763],[-76.453721874935368,37.012937763091209],[-76.453725364407404,37.012808703131704],[-76.45362813844902,37.012730089864995],[-76.453620480358239,37.012723423895757],[-76.453611841444882,37.01271757550284],[-76.453602362043171,37.012712633653344],[-76.453592188396513,37.012708676601342],[-76.453581482792615,37.012705771162452],[-76.453394084177376,37.012390860641162],[-76.453354034284118,37.012351699167823],[-76.453347894781629,37.012344738712983],[-76.453341654666687,37.012337841403856],[-76.453335309567677,37.012331002657845],[-76.453328860485982,37.01232422699897],[-76.4533223074462,37.012317513526277],[-76.453315656016514,37.012310864139238],[-76.453308903852644,37.012304282402454],[-76.45330204990438,37.012297765593573],[-76.453295099691218,37.012291317413933],[-76.453288053237529,37.012284936962516],[-76.453280907197481,37.012278623279919],[-76.453273669288805,37.012272381908168],[-76.453266337337595,37.012266210105629],[-76.453258910123196,37.012260111456193],[-76.453251393213804,37.012254087859432],[-76.453243784508757,37.012248133870806],[-76.453241839858848,37.012239831271359],[-76.453239988768317,37.012231518581508],[-76.453238216754784,37.012223191042892],[-76.453236534906083,37.012214854256214],[-76.453234937678161,37.012206505421041],[-76.453233423898979,37.012198146319754],[-76.45323199803768,37.012189777931354],[-76.453230658970895,37.012181400236308],[-76.453229406698469,37.012173013234644],[-76.453228242270839,37.01216461964858],[-76.453227161194292,37.012156219399969],[-76.45322616915891,37.012147809883778],[-76.453225262696961,37.012139394645146],[-76.453224445105647,37.012130976445199],[-76.453223709888036,37.012122546157755],[-76.453223064542513,37.012114117433235],[-76.453222508164885,37.012105682143819],[-76.453222033868627,37.012097245577792],[-76.453221653033822,37.012088802525078],[-76.453221353035019,37.012080362680685],[-76.453221139732875,37.012071917133319],[-76.45322320215412,37.012063313769296],[-76.45322591121888,37.012054820796187],[-76.45322926463416,37.012046481437878],[-76.453233233656874,37.01203831953034],[-76.45323781968105,37.012030366644261],[-76.45324300290217,37.012022648573613],[-76.453248760976578,37.01201520188431],[-76.453254350159114,37.012007142960066],[-76.453263078732178,37.012002689859905],[-76.453269258605246,37.011994732240893],[-76.453277086862158,37.011988618560281],[-76.453285360911323,37.011982893892885],[-76.453294055258397,37.011977586637755],[-76.453303134590925,37.01197271420731],[-76.453312569237681,37.011968293210757],[-76.453322316071308,37.011964339122017],[-76.453332354432106,37.011960867805591],[-76.453342633304672,37.011957895499556],[-76.453353117741955,37.011955426102858],[-76.453363770257894,37.01195347428613],[-76.453374977569652,37.011952784961409],[-76.453384352072334,37.011949299393159],[-76.453517169069016,37.011892999033918],[-76.453642148063309,37.011831985311858],[-76.453652319293937,37.011829210301222],[-76.453662461139245,37.011826358166005],[-76.453672566761441,37.011823432392532],[-76.453682637624837,37.011820420387771],[-76.453692676709977,37.011817336624709],[-76.453702672855869,37.011814178205469],[-76.453712632900263,37.01181094164351],[-76.453722557869185,37.011807630561997],[-76.453732436601655,37.011804242063008],[-76.45374228016118,37.011800782648081],[-76.453752080927487,37.011797243171543],[-76.45376183873006,37.01179362993971],[-76.45377155129772,37.011789943814442],[-76.453781220901618,37.011786183933829],[-76.45379084751734,37.011782351198981],[-76.453800425576674,37.011778443710234],[-76.453809953907424,37.011774463250006],[-76.453819447065015,37.011770411873933],[-76.453828879260016,37.011766287331106],[-76.453838266195703,37.011762090795827],[-76.453847604526089,37.011757821308585],[-76.453856888512476,37.011753483276273],[-76.453866123796132,37.011749075895708],[-76.453875302610811,37.011744595426464],[-76.453884431648007,37.011740043787647],[-76.453895186172034,37.011738349673983],[-76.45390727425476,37.011737257394373],[-76.453914769071687,37.011731709317843],[-76.453925764718662,37.011728828738889],[-76.453935126926623,37.01172425771513],[-76.453943952324892,37.011719047330693],[-76.453952170435002,37.011713227005721],[-76.453959717911516,37.011706853324164],[-76.453966536292398,37.011699968533662],[-76.453972572294134,37.011692631195707],[-76.45397777947116,37.011684896385312],[-76.453982115798439,37.011676821958417],[-76.453985548067763,37.011668472233453],[-76.453988050861426,37.011659914368245],[-76.453989604427548,37.011651213816393],[-76.454006393435662,37.011586610055332],[-76.454006853321999,37.011576167152754],[-76.454018549914196,37.011572967061497],[-76.45402671654243,37.01156676367372],[-76.454032732333673,37.011559133951295],[-76.45403696268022,37.011541550473773],[-76.454030216430468,37.011524481029504],[-76.454014132874931,37.01151206056219],[-76.454003736827744,37.011508602618186],[-76.453983025245066,37.011433311590068],[-76.453966952155909,37.011348622826496],[-76.453944176685766,37.011330554570172],[-76.453934745190708,37.011315115811222],[-76.453930901999229,37.011289609021446],[-76.453935474019161,37.01127281564208],[-76.453945432147989,37.011257590465711],[-76.453937728971525,37.011241579664329],[-76.453918777344768,37.011210822282457],[-76.45389533281255,37.011182125643032],[-76.453867739163996,37.011155910330828],[-76.453836397305224,37.011132562771593],[-76.453792656768741,37.011107915355126],[-76.453759706406842,37.011094054228757],[-76.453745388787212,37.011088030503075],[-76.453715913493923,37.011078537226069],[-76.45368471141191,37.011073758510143],[-76.453652948716694,37.011073876868402],[-76.453621800166246,37.011078882080383],[-76.453583234019405,37.011092815760883],[-76.45357439239335,37.011097505769314],[-76.453567799809335,37.01110514346658],[-76.453500884762676,37.011101511260719],[-76.453439177199598,37.011103184648817],[-76.453413397249108,37.011117802080655],[-76.453406714681265,37.01112510921979],[-76.453228749901399,37.011215167731159],[-76.453217815489111,37.011217074072249],[-76.453199498944585,37.011225390270496],[-76.453125863574741,37.011236897766082],[-76.453064589995378,37.01125256531612],[-76.453015364289683,37.011269579843393],[-76.452968227779706,37.011290048521857],[-76.452898928075584,37.011309462021543],[-76.452832238927229,37.011334079187627],[-76.452786550651723,37.011354728913886],[-76.45274272025668,37.011377827399322],[-76.452684866462931,37.011414064861249],[-76.452678636628718,37.011421500613466],[-76.452669917883469,37.01142642253145],[-76.452661154642541,37.011431368912049],[-76.452652357162648,37.011436334525641],[-76.452643534601535,37.011441313222235],[-76.452634688033754,37.01144630682316],[-76.452625834529485,37.01145130751344],[-76.452616977678304,37.011456307243485],[-76.452608127639365,37.011461304387382],[-76.452599291396766,37.011466290053427],[-76.452590472271936,37.011471266101921],[-76.452581691804212,37.011476225696981],[-76.452572945695067,37.011481161553277],[-76.452551664453438,37.011487014126594],[-76.452521326807087,37.011495354551485],[-76.452489760365566,37.011501505898238],[-76.452481261301003,37.011496188029433],[-76.452472877940068,37.011490747789509],[-76.452464607694694,37.011485197752059],[-76.452456464240584,37.011479530944392],[-76.452448446332454,37.011473751851483],[-76.452440551772355,37.011467858632557],[-76.452432787008064,37.011461862215619],[-76.452425155677972,37.011455752749434],[-76.452417656390438,37.011449540124445],[-76.452410294811244,37.011443222636643],[-76.452403068620484,37.011436802949518],[-76.452395985608732,37.011430283902776],[-76.452389046801855,37.011423669119509],[-76.4523822466317,37.011416956700202],[-76.45237559618586,37.011410152245816],[-76.45236909216726,37.011403252994995],[-76.452364128973983,37.011394985293641],[-76.452358799736672,37.011386870759061],[-76.452353098594685,37.011378918302476],[-76.45234703656277,37.011371136227396],[-76.452340623385766,37.011363538223243],[-76.452333868881709,37.011356135276742],[-76.452326777349214,37.011348934673165],[-76.452319365322339,37.01134194841746],[-76.452312296366415,37.011334910444837],[-76.452304633968112,37.011328288475511],[-76.452296407654629,37.011322112766912],[-76.452287669493771,37.011316411264609],[-76.452278450111578,37.011311215146556],[-76.452268802821223,37.011306547873254],[-76.452258770825196,37.011302432729551],[-76.452250643805485,37.011296533650274],[-76.452242558423308,37.011290591129715],[-76.452234523470835,37.011284612531568],[-76.4522265289594,37.011278593175298],[-76.452218584926371,37.011272535939653],[-76.452210685779221,37.011266439825917],[-76.452202831566694,37.011260303032316],[-76.452195023241501,37.011254131884733],[-76.452187264344516,37.01124792013551],[-76.452179551286108,37.011241675834164],[-76.452171886678741,37.01123538550619],[-76.452164267885649,37.011229063526976],[-76.45215669402711,37.011222700867997],[-76.452149176239601,37.011216301328297],[-76.452141704217524,37.011209871939172],[-76.452134281623671,37.011203401948514],[-76.452126907212644,37.011196895841188],[-76.452119581008859,37.011190352716397],[-76.45211230518602,37.011183775315921],[-76.452105080964941,37.011177160055688],[-76.452097905879484,37.011170515004785],[-76.452061547272436,37.011128813356841],[-76.452014902194989,37.011082726211995],[-76.451963973350033,37.011039651557027],[-76.451927438124272,37.011013702010743],[-76.451894469532718,37.010991889421845],[-76.451867495856206,37.010965302253418],[-76.451851845083723,37.010942845512247],[-76.451837736634985,37.010910492884342],[-76.451815881045817,37.010876812982396],[-76.451792245202427,37.010843963765765],[-76.451774520957443,37.01083167847414],[-76.45175198113914,37.010826564168951],[-76.451728858430442,37.010829574203981],[-76.451709495024261,37.010840148709001],[-76.451702407886316,37.010847698380985],[-76.451681758918795,37.010856770527873],[-76.451649787828572,37.010868785857319],[-76.451605568025684,37.010881727285252],[-76.451597250485605,37.010868170762848],[-76.451612420575955,37.010783680167087],[-76.451591729886459,37.01074404739132],[-76.451570685052332,37.01071750024294],[-76.451522502276745,37.010688299558417],[-76.451416334070174,37.01069081414272],[-76.451371116723124,37.010703117103809],[-76.451319968559758,37.010710850732835],[-76.451232618043505,37.010695091077388],[-76.451137041457187,37.010644839432778],[-76.451099492284882,37.010618540282017],[-76.45087145917185,37.010458823584322],[-76.45075740775782,37.01034508667049],[-76.450740479205422,37.010308945187575],[-76.450725093378637,37.010276097878801],[-76.450725050676354,37.010275641063025],[-76.450714713993577,37.010162080261324],[-76.450609269518139,37.00995543087064],[-76.45060128339388,37.009939772737091],[-76.449011029276619,37.00849759915566],[-76.448826000022947,37.008559685849136],[-76.44846199998247,37.008680686749209],[-76.44816600112371,37.008457685518756],[-76.447709004551342,37.008103683792889],[-76.44728500655188,37.007772682629472],[-76.447125007428284,37.007646682941768],[-76.44635601278128,37.007020681346283],[-76.446312013302304,37.006996680914611],[-76.446264012598078,37.006981680724856],[-76.446213013295576,37.00697468066739],[-76.446135013565481,37.006980680678737],[-76.446112014063061,37.006986680555201],[-76.445848013794929,37.007130680769727],[-76.445797014812953,37.00700068148489],[-76.445709014636236,37.006802679967855],[-76.445530017362856,37.0064646790428],[-76.44535501868981,37.006200678296885],[-76.445312018195224,37.006136677676217],[-76.44467002420042,37.005300675247796],[-76.44398002993448,37.004402671645863],[-76.443400034990034,37.00364566935923],[-76.443327034876489,37.003550668828176],[-76.443251035148265,37.003440669065043],[-76.443172036293547,37.003302668380634],[-76.443075037535493,37.003105667417017],[-76.443036037024996,37.003013666573558],[-76.44276304124169,37.002333663950964],[-76.442488044696788,37.001641661348202],[-76.44221604856223,37.000962658975567],[-76.442122049525054,37.000726658509706],[-76.441928051584583,37.000273656995695],[-76.441673051534792,36.999670656365439],[-76.441629052297657,36.999587656022335],[-76.441486051737769,36.999347656857339],[-76.441240050347488,36.998954657093144],[-76.440845048351363,36.9983076577929],[-76.440448048372346,36.997660658109332],[-76.440056047192627,36.997025658192626],[-76.439656044848846,36.996377658404221],[-76.439254043556318,36.995738658817899],[-76.438860042121021,36.995102658650673],[-76.438464042091439,36.99446865991375],[-76.437787044264113,36.994745660745536],[-76.436590049553459,36.995221660340704],[-76.436414050282494,36.995302659946766],[-76.435832052825475,36.995363660174405],[-76.435064056276673,36.995663661076989],[-76.43603306039175,36.997276659112622],[-76.437774064447126,37.000122658224605],[-76.438333060280087,37.000938660998237],[-76.439104052416837,37.00219066550239],[-76.439616046863534,37.003015667548567],[-76.440521039595978,37.004386672469245],[-76.44075303776826,37.00476567392171],[-76.442583020774578,37.007752684476436],[-76.445006998379299,37.01177369883127],[-76.446116988357716,37.013591705938218],[-76.446717982050643,37.014549709332144],[-76.44702198017302,37.015035711518998],[-76.447249978036282,37.015397712970447],[-76.44873796416887,37.017933722206344],[-76.448806962716759,37.018040722534359]]]},"properties":{"OBJECTID":31,"ADDRESS":"9285 WARWICK BLVD","PrecinctName":"River","Num":314,"TOTAL":2403,"BLACKNH":1087,"WHITENH":1050,"TOTALHISP":107,"ASIANNH":55,"TOTAL18":1964,"USCON":"C03","STSEN":"S024","STHOD":"H085","COUNCIL":"SOUTH","POLLINGLOC":"VIRGINIA WAR MEMORIAL MUSEUM","GlobalID":"{94BD4FBC-FCEB-4FD5-B138-97C042999B9D}"}},{"type":"Feature","id":32,"geometry":{"type":"Polygon","coordinates":[[[-76.488115696760929,37.058499906731576],[-76.487939694868658,37.059159910748576],[-76.48789569569891,37.05932291058366],[-76.487836694642894,37.059548912231051],[-76.487726692187323,37.059971913400076],[-76.4875716911653,37.060571917126197],[-76.487528690113308,37.06072891758582],[-76.487472690627413,37.060836917446878],[-76.487393689411959,37.060949917694636],[-76.487195689003002,37.061198919297887],[-76.487069689910498,37.061364919410785],[-76.487052690130014,37.061398920420032],[-76.487038688395018,37.061464919908524],[-76.487045688736373,37.061531921005525],[-76.487060688307608,37.061564921381461],[-76.487870685147513,37.062008923510476],[-76.488113683321444,37.062151924763484],[-76.488466681547379,37.062360925916138],[-76.488623680831509,37.062466926339575],[-76.488740681034926,37.062559926958286],[-76.488874679849118,37.062683927443253],[-76.4893616761087,37.063212930362859],[-76.489409676263136,37.06327093123258],[-76.489874674362326,37.063213931315666],[-76.489973674999348,37.063199930839659],[-76.49009367377505,37.063170931076598],[-76.490188673601551,37.063134931276586],[-76.490206674497358,37.063127930574886],[-76.490997673976565,37.062717929425588],[-76.492266671735621,37.062061927316989],[-76.493195671641487,37.061580925823847],[-76.49328767132306,37.061533925050263],[-76.493630671404716,37.061355924519361],[-76.494047670050506,37.061138925185347],[-76.494101671353931,37.061110924388373],[-76.49450167036477,37.060902923819192],[-76.49479867009282,37.060747922386057],[-76.494950670224924,37.060669922621344],[-76.495300668826218,37.060491922020198],[-76.495565670081007,37.060358921360127],[-76.495654669241162,37.060308921304944],[-76.495741670006325,37.060247921750822],[-76.496231670107349,37.059799919354319],[-76.496435670223903,37.059597918675593],[-76.496991670534172,37.059046915918401],[-76.497808672085171,37.058209913341706],[-76.498220672484422,37.057784911518439],[-76.498616672108398,37.057376909220523],[-76.499248672975398,37.056721906799389],[-76.499526671025038,37.056885907456468],[-76.500462663806559,37.057465910357251],[-76.500818660779615,37.057666910098],[-76.501145658605139,37.057811910824476],[-76.501745655818198,37.057028906681204],[-76.5017726569139,37.056969905859077],[-76.501781656291755,37.056907905582953],[-76.501771657118596,37.056845904747668],[-76.501716657694757,37.056733905125121],[-76.501977655314917,37.056653904070856],[-76.502282654520386,37.056573903411483],[-76.502531651766589,37.056520902924206],[-76.502966649401344,37.056468902635629],[-76.503393645897035,37.056423901732238],[-76.50351564563681,37.056421901311403],[-76.503636644462333,37.056434900620808],[-76.503753643723329,37.056461900653062],[-76.504159639582667,37.056610900743756],[-76.504330637241935,37.056677901680175],[-76.504406636825749,37.056714901343994],[-76.507982625093064,37.052548875914312],[-76.508292620704836,37.052931878016885],[-76.50835731418853,37.052976246003418],[-76.508311357018584,37.052909169883002],[-76.50826905939013,37.052823291109021],[-76.508260082884007,37.052773689552382],[-76.508206133646823,37.052739810657442],[-76.508155973099463,37.052692259772897],[-76.508143498372078,37.052645347150104],[-76.508160103356033,37.052609200438297],[-76.508172280032099,37.052593636970954],[-76.508289125889263,37.052581877950111],[-76.508337420578101,37.052546670025123],[-76.508359308347124,37.052519878144118],[-76.508349681120805,37.052494990462911],[-76.508309002123042,37.052477819275929],[-76.5082436194064,37.052487703269094],[-76.508196016210704,37.052473161246532],[-76.50817854291428,37.052433855910699],[-76.508254231116084,37.05234502790497],[-76.508245036642549,37.052303664282796],[-76.508163681166835,37.052269321859647],[-76.508105800213187,37.052254606872459],[-76.508026413485553,37.05226887402813],[-76.508087547215851,37.052160019691442],[-76.5073489694541,37.051920792366175],[-76.507026467385742,37.051802700565567],[-76.506828241779971,37.051650995698289],[-76.506579567613159,37.05146272465398],[-76.50634874800339,37.051247282312659],[-76.506099932746096,37.051064501334331],[-76.505858041729525,37.050879090743912],[-76.505588455212504,37.050704198550186],[-76.505287168096217,37.050561735311121],[-76.504775701208729,37.050201429032057],[-76.50438539209506,37.049925589015793],[-76.504001795926229,37.049655357651282],[-76.503822801722819,37.049814407464446],[-76.503515808422776,37.049627360176416],[-76.50345180346622,37.049585066905685],[-76.503384517699757,37.049537223551482],[-76.50325658173962,37.049449891768191],[-76.503121934921083,37.049356950722505],[-76.50299407545603,37.049266871825182],[-76.502859361285999,37.049176676536625],[-76.502734851257145,37.04908940135995],[-76.502600206845827,37.048996459732813],[-76.502461780028739,37.0489171898517],[-76.502316499623973,37.048837804443906],[-76.502181419930309,37.048761338213005],[-76.502036143514999,37.048681951614064],[-76.501894361231464,37.048599876901513],[-76.50176977301949,37.048515255517181],[-76.501523890273106,37.048365829600847],[-76.501139146715076,37.048146295193675],[-76.50108320460069,37.048114374595848],[-76.500824364564266,37.047977740442377],[-76.500503023385562,37.047815285333542],[-76.500289630728176,37.047694217628681],[-76.500273408880318,37.047685013720006],[-76.500235653048705,37.047687119797821],[-76.500205255726001,37.047670120320888],[-76.499977549824038,37.047516429116648],[-76.499707032161936,37.047347760058159],[-76.499410204146201,37.047148382521733],[-76.499155816040968,37.046965967102793],[-76.499206078536488,37.046916255455208],[-76.499112862844115,37.046826691228105],[-76.498777219985996,37.046672998204393],[-76.498748382456128,37.046665065915981],[-76.498749286819617,37.046652047334653],[-76.498752992426418,37.046598765840677],[-76.498533878619725,37.046460425376829],[-76.498294648380451,37.046305262831424],[-76.498221885076376,37.046294539493012],[-76.498185993224808,37.046296121321753],[-76.497949749615643,37.046100040337791],[-76.497683462920563,37.045900045508212],[-76.497683257379734,37.045900249316084],[-76.49766117543804,37.045922108419163],[-76.497651072831829,37.045915215496983],[-76.497465221144608,37.045788421157219],[-76.497323740442198,37.045695356795541],[-76.49719574574695,37.045610765096114],[-76.497057545967067,37.045523250642269],[-76.496929696200311,37.04543316487252],[-76.49679514082456,37.045337471346791],[-76.496656869313426,37.045252701501539],[-76.49653215521775,37.045173658403321],[-76.496518161728616,37.045184409174226],[-76.49637661059289,37.045094089654057],[-76.496255322717502,37.045015103653064],[-76.49610364187302,37.044919117880433],[-76.49601503647861,37.044860292394894],[-76.496005973669327,37.044854269670076],[-76.496044511098177,37.044814849339801],[-76.496058809600129,37.044800224542975],[-76.495903997009577,37.044693197233208],[-76.495813028302578,37.044633956415694],[-76.495655442164619,37.044502157500226],[-76.495487218254041,37.04435874675125],[-76.495481165189659,37.044353586408072],[-76.495506855835245,37.044329507905928],[-76.495453588386439,37.04428729907886],[-76.495450043425166,37.04428448880698],[-76.495194788732761,37.044087841364103],[-76.495154554792506,37.044054189700475],[-76.494847631591881,37.043996767147142],[-76.494813448424821,37.043993437805845],[-76.494789614829145,37.043987537488597],[-76.494525547475519,37.043864909764245],[-76.494508786874476,37.043850888201575],[-76.494270296744688,37.043668254912212],[-76.494259728721133,37.043679066471064],[-76.494019131518058,37.043576067909527],[-76.493958417720037,37.043539320599059],[-76.493661480119002,37.043363934610454],[-76.493409089276582,37.043214415948334],[-76.493433347520835,37.043178730635717],[-76.493402953387346,37.043161729352775],[-76.493149459161913,37.043028290664985],[-76.492862073559763,37.042880536693453],[-76.492506761262248,37.04270964704606],[-76.492164642530952,37.042558211823895],[-76.492148996343658,37.042551286072559],[-76.492149571065355,37.042550432409527],[-76.492165980458921,37.042526144079815],[-76.492141658077742,37.042519578720523],[-76.49199983058628,37.042456317462943],[-76.491847430276636,37.042387276715985],[-76.491725502890048,37.042331574985162],[-76.49170471917013,37.042322080214959],[-76.491507794076,37.042232135095858],[-76.491493892331135,37.04225373781987],[-76.491480470255198,37.042274594320638],[-76.491478419050793,37.042277784250125],[-76.491477492155624,37.042277842346998],[-76.491405452478091,37.042282306177526],[-76.491311593369844,37.042284821324706],[-76.491152213674127,37.042259489941891],[-76.491041105448289,37.042224669069334],[-76.490996430883854,37.042210661033558],[-76.490813659839517,37.042177636597017],[-76.490728655746409,37.042175812908667],[-76.490549859378703,37.042173695425724],[-76.490387496942873,37.042129114896554],[-76.490270295264821,37.042085191416277],[-76.490105867041365,37.042060443014989],[-76.490078525060241,37.042056327741982],[-76.489926077794934,37.041992237316677],[-76.489852277074235,37.041942426025763],[-76.489851535872447,37.041941927560629],[-76.489836306015349,37.041937541311682],[-76.489737519384292,37.04190907474571],[-76.489595717480441,37.041843443211789],[-76.489445153256924,37.041783708832718],[-76.489392702926807,37.041765648465251],[-76.489341205131609,37.041747919801885],[-76.489314489394971,37.041742838012816],[-76.489156051993177,37.041712704240545],[-76.489141576340245,37.041707907160557],[-76.489124852710646,37.041702363249662],[-76.489103587288881,37.04169531588127],[-76.48903623122257,37.041672993515135],[-76.488972654668189,37.041651920898353],[-76.488914614301606,37.041653948988674],[-76.488842922848306,37.041656452316033],[-76.488750274396295,37.04165481478303],[-76.488710224451353,37.041654109025174],[-76.488653867868379,37.041626932348535],[-76.488634759559758,37.041642828781846],[-76.488853757888521,37.041837829664253],[-76.488816757771602,37.041995830817314],[-76.488749757148113,37.042285831512139],[-76.488677756082396,37.042629833137553],[-76.488652755737874,37.04275983422891],[-76.488533753573762,37.043151835726647],[-76.488322753331559,37.043678837818177],[-76.487951750479951,37.044643842720681],[-76.487914750287445,37.044786842946657],[-76.487896749063154,37.044903842981462],[-76.487891748963094,37.045080844298859],[-76.487910747618415,37.045264845255559],[-76.487946747417709,37.045416846043807],[-76.488026745514844,37.045651846731801],[-76.488304742897768,37.046305850264474],[-76.48844374106821,37.046683852441099],[-76.488452739763389,37.046748852488975],[-76.488442740044931,37.046813852458357],[-76.488428741252847,37.046851852687659],[-76.488335739303693,37.047045853773788],[-76.48799273873324,37.047651856800996],[-76.487959739190472,37.04775185674557],[-76.487943737883199,37.047854857402811],[-76.487945737111346,37.04795885875231],[-76.487972736883407,37.048098857854178],[-76.488020737091489,37.048244859834213],[-76.488058736074308,37.048331859093018],[-76.488458730897463,37.049200864096036],[-76.489410720542978,37.051352874504786],[-76.489471719567291,37.051551875351038],[-76.489499718670416,37.051672875941243],[-76.489512718266084,37.051917877148085],[-76.48950571809155,37.052054877967066],[-76.489472717040982,37.052271878469341],[-76.489454716527533,37.052358879186727],[-76.489383716213567,37.052599881047584],[-76.489299715584181,37.052886882322817],[-76.489158713100181,37.053506883961802],[-76.489067712863687,37.053841886065392],[-76.488805709761067,37.054823890673617],[-76.48828970390791,37.056582898374813],[-76.488115696760929,37.058499906731576]]]},"properties":{"OBJECTID":32,"ADDRESS":"1100 COUNTRY CLUB RD","PrecinctName":"Riverside","Num":212,"TOTAL":1821,"BLACKNH":70,"WHITENH":1560,"TOTALHISP":64,"ASIANNH":63,"TOTAL18":1500,"USCON":"C03","STSEN":"S024","STHOD":"H070","COUNCIL":"CENTRAL","POLLINGLOC":"RIVERSIDE ELEM SCH","GlobalID":"{93D2B67C-FAED-4107-B033-612E12EE3B3B}"}},{"type":"Feature","id":33,"geometry":{"type":"Polygon","coordinates":[[[-76.548271099331103,37.118545098873305],[-76.548771093838269,37.118998099648493],[-76.549059091195673,37.119134099317861],[-76.549392088793624,37.119195099330682],[-76.549619086575746,37.119180099111496],[-76.55005108440794,37.119074097217677],[-76.550346082279077,37.119119096975858],[-76.550528080463522,37.119362097145675],[-76.550558079164404,37.119786099204397],[-76.550680077742072,37.11990709912542],[-76.550877076037168,37.119892097904355],[-76.551195073380626,37.119922097746155],[-76.551543070560328,37.120074097818978],[-76.551876067974092,37.120089096427513],[-76.55205806833871,37.119877095976761],[-76.552088069153271,37.119543093828916],[-76.551891072001794,37.119210093180349],[-76.551679073484536,37.11896809371575],[-76.551452075825253,37.118725092427262],[-76.551482075954382,37.118589091711158],[-76.55167907432714,37.118483091185411],[-76.55202807292774,37.118422089490984],[-76.552482070736659,37.118119088167717],[-76.552876067995115,37.11796808627124],[-76.553679062641706,37.11771008350248],[-76.554482059075383,37.117620080453591],[-76.55497605433348,37.117682080455907],[-76.55543605042142,37.117983080374053],[-76.555883045563931,37.118348080729362],[-76.556103044021967,37.118392080632113],[-76.556284043762901,37.118362079406971],[-76.556542042824702,37.118044077011348],[-76.556648042384765,37.117741076135196],[-76.556952042080979,37.117124072452981],[-76.557101041490796,37.116955072278337],[-76.559383033747153,37.114348056440207],[-76.561983016853276,37.113948048608115],[-76.562251733388749,37.113887716993112],[-76.562293433467602,37.113857194112214],[-76.562304269834371,37.113791440428585],[-76.562305622809063,37.113783222093538],[-76.562385616716938,37.113752051525346],[-76.562447682731673,37.113727866011097],[-76.562329363401886,37.113659990192104],[-76.562337805814394,37.113562547140212],[-76.56233910720475,37.11354751684091],[-76.562536786630375,37.113496625146809],[-76.562549743373779,37.113493288795183],[-76.56255366629523,37.113441402406785],[-76.562554930723877,37.113424695082301],[-76.562672387540331,37.113359191312256],[-76.562708050271965,37.11333930353419],[-76.56263111226454,37.113289691549355],[-76.562694073618729,37.113215451673582],[-76.562777428787186,37.113192957017993],[-76.562845167702591,37.112997327536398],[-76.562851242285674,37.11297977452687],[-76.56286550778367,37.11293858526988],[-76.562873254489304,37.112916209849693],[-76.562955048620452,37.112936784123384],[-76.563007540018461,37.112896439326988],[-76.56304253458147,37.112869544591049],[-76.563050841887573,37.112799292365608],[-76.563053345594184,37.112796888283611],[-76.563069262931023,37.112782403691284],[-76.563093348473359,37.112760492321243],[-76.563108484808012,37.112701781676869],[-76.563112392116835,37.112686631957118],[-76.563174107451403,37.112623473562493],[-76.563196933600636,37.112600112920269],[-76.563279986963721,37.112566217842989],[-76.563293994865987,37.112560500327604],[-76.563312756825681,37.112497623940868],[-76.563269309031526,37.112452955537158],[-76.563277295712282,37.112409129518454],[-76.563202773762214,37.112372194700228],[-76.563208349043805,37.112351108489861],[-76.563209322132309,37.112347433660069],[-76.563217966206196,37.112314757598476],[-76.563242940755174,37.112277951522465],[-76.563250219832284,37.112267231202566],[-76.563271441047391,37.112235965022798],[-76.563089924151868,37.112224740974177],[-76.563047129307165,37.112020747989881],[-76.563052245713195,37.111954901150177],[-76.562978714082703,37.111879519521175],[-76.562966543277085,37.111845919180219],[-76.562962698737024,37.111835301791352],[-76.563126499805705,37.111775610970902],[-76.563135821667771,37.11177221483176],[-76.563142579020266,37.111739648374837],[-76.563171041401034,37.111602470594256],[-76.56314502923901,37.11149448666459],[-76.56312453541841,37.111409405280334],[-76.563062482317804,37.111350695262168],[-76.563043737944284,37.111332961528348],[-76.56302406623864,37.11131435091076],[-76.562955018357371,37.111197836444227],[-76.562894424797051,37.111152885211823],[-76.562658269693429,37.111132520130234],[-76.562608034986894,37.111084992746548],[-76.562576469653024,37.111111948218003],[-76.562508180046748,37.111099835296947],[-76.562504544242756,37.111119801498155],[-76.562500197650209,37.11114365773949],[-76.562485630652958,37.111140681950928],[-76.562295460500181,37.111101831977692],[-76.562289982122905,37.111123784990369],[-76.562276346061751,37.111178438223533],[-76.56226089349795,37.11118603811385],[-76.562253404264567,37.111189722082393],[-76.562179074863636,37.111226287087995],[-76.562096622351817,37.111283223954736],[-76.562089916573029,37.111287250669292],[-76.561953815856512,37.111315987026245],[-76.561920549853852,37.111331922120044],[-76.561870513552591,37.111355889632819],[-76.561687481406778,37.111402263034016],[-76.561626608985222,37.111368296096337],[-76.561519544038589,37.111396753249934],[-76.56126645302524,37.111367866283921],[-76.561161219268868,37.111324927964489],[-76.561099080375698,37.111340388805047],[-76.56109686874116,37.111362686623366],[-76.561094454256448,37.111387013534916],[-76.561060866409761,37.111409037681973],[-76.561011530740103,37.111410373917963],[-76.560973248284256,37.111431721450224],[-76.560911322851439,37.111438944223735],[-76.56086381437629,37.111418932536679],[-76.560581884941996,37.111444511980238],[-76.560323274481917,37.111363337014268],[-76.560244767161365,37.111348308378645],[-76.560245401388855,37.111323594366887],[-76.560245824206945,37.11130711835898],[-76.560250907208228,37.111304454846277],[-76.560295930023486,37.111280856159929],[-76.560311885197194,37.111272492380721],[-76.560312801270797,37.111236794362917],[-76.56021505982423,37.11116925402893],[-76.560194769599818,37.111157934174699],[-76.560133237859844,37.111071374682943],[-76.560160435828749,37.111025502702688],[-76.560147425891032,37.11099781698222],[-76.560055555559217,37.110968833386636],[-76.560042616146418,37.110938401653165],[-76.560026389037134,37.110902421485072],[-76.559972163623755,37.110876805455575],[-76.559942503872009,37.110829614640551],[-76.559800260133187,37.110758594302723],[-76.559668162760033,37.110693235136416],[-76.559563097389699,37.110510192883915],[-76.559527002577681,37.110446413949667],[-76.559375250670257,37.110345017765219],[-76.55923821122488,37.110208414599185],[-76.559167889497729,37.110138313578574],[-76.559144523671023,37.110113205279497],[-76.55890256996679,37.110051529682657],[-76.558776482230357,37.110019233490952],[-76.558687834032767,37.109998543349526],[-76.558602681655373,37.109975163557067],[-76.55853592997228,37.109962954663061],[-76.558503673799606,37.109957049805786],[-76.558404737558902,37.10993619359283],[-76.558394596231153,37.109933858913237],[-76.55838447279541,37.10993148487033],[-76.558374354808606,37.109929073962931],[-76.558364257009828,37.109926621927471],[-76.558354174807036,37.109924132293401],[-76.558344107191104,37.109921600537653],[-76.558334055171187,37.109919031183381],[-76.558324020034107,37.109916417942586],[-76.558314000354272,37.109913772508754],[-76.558303998612772,37.109911085909786],[-76.558294011435081,37.109908358090088],[-76.558284039853405,37.109905592671836],[-76.558274085015881,37.109902788772608],[-76.558264149241666,37.109899943726859],[-76.558254231336434,37.109897060218636],[-76.558244331277081,37.109894139148935],[-76.558234450211671,37.109891179635468],[-76.558224583686979,37.109888179802184],[-76.558214738359638,37.10988514336394],[-76.558204910947694,37.109882066661527],[-76.558195102506573,37.109878952416203],[-76.55818531083284,37.109875798789005],[-76.558175541504511,37.109872607674546],[-76.55816579114709,37.109869379017205],[-76.558156061001085,37.109866108330912],[-76.558146346358782,37.109862803649776],[-76.558136659732682,37.109859459772231],[-76.558126992077405,37.109856078351804],[-76.55811734451801,37.109852659407025],[-76.558107715998915,37.109849200216608],[-76.55809810860795,37.109845707124101],[-76.558088523655115,37.109842172940645],[-76.558078959853574,37.109838603954159],[-76.558069417319032,37.109834995660044],[-76.558059899379799,37.109831349915794],[-76.55805040036536,37.109827668430498],[-76.55804092601565,37.109823946792275],[-76.55803147612248,37.109820193109442],[-76.558022048713809,37.109816396533873],[-76.558012642433326,37.109812566056227],[-76.558003260702023,37.109808699930291],[-76.557993770895877,37.109804923054227],[-76.557984302310501,37.109801108672421],[-76.557974861834111,37.10979725149059],[-76.557965443680217,37.109793357722403],[-76.557956053519504,37.109789425658811],[-76.55794668467226,37.109785452485788],[-76.557937344920006,37.109781441936839],[-76.557928029786297,37.109777393036765],[-76.55791874377077,37.109773305859854],[-76.557909482350695,37.109769181232821],[-76.557900245572441,37.109765017353851],[-76.557891036741168,37.109760816981321],[-76.557881857120606,37.109756574728202],[-76.55787270202616,37.109752297727816],[-76.557863576049868,37.109747982450536],[-76.557854478043808,37.109743629778791],[-76.557845404656405,37.109739238756106],[-76.55780048980094,37.109716726867084],[-76.557791590937697,37.109712113390792],[-76.557782726724412,37.109707465334075],[-76.557773891652616,37.109702778099646],[-76.557765084481559,37.109698056173556],[-76.557756308655399,37.109693296908667],[-76.557747565275747,37.109688501224518],[-76.557738849797019,37.109683670848703],[-76.557730166787991,37.109678803152647],[-76.557721515077588,37.109673899919677],[-76.557603504251674,37.109601652020125],[-76.557585760954268,37.109588951420648],[-76.557525218176906,37.109545611506398],[-76.557517524495296,37.109539863304448],[-76.557509859469036,37.109534094844314],[-76.557499721014338,37.109529899849804],[-76.557457077355366,37.109492980115732],[-76.557449664102151,37.109487004896586],[-76.557442282031829,37.109480998645367],[-76.557434931945224,37.109474973993493],[-76.557427614050624,37.109468922832662],[-76.557420326052025,37.109462846927677],[-76.5574130747449,37.109456744587916],[-76.55740777220548,37.109448815884193],[-76.557342360606114,37.109394385343684],[-76.557335471762002,37.109388016780187],[-76.557328618368672,37.109381626267947],[-76.557321802629602,37.10937521564604],[-76.55731501584691,37.1093687730542],[-76.557308263251272,37.109362313900633],[-76.557301548518282,37.109355826529132],[-76.55729486689377,37.10934932077565],[-76.557288218516661,37.109342791234575],[-76.557281609011298,37.10933623799874],[-76.557275034979881,37.109329661913335],[-76.557268491830399,37.109323066507983],[-76.557261986497238,37.109316444686506],[-76.55725551656856,37.109309802718272],[-76.557229989135323,37.109283014421734],[-76.557223697516079,37.10927626543203],[-76.557217439144154,37.109269492654818],[-76.557213756893802,37.109265469845035],[-76.557211220722508,37.109262698003235],[-76.557204965601954,37.109255973949161],[-76.557198759546239,37.109249223664456],[-76.557192594774079,37.109242443415603],[-76.557186479043636,37.109235637837102],[-76.557180411322676,37.109228803306671],[-76.557174385824808,37.109221946038055],[-76.557168409391849,37.109215062538823],[-76.557162482023784,37.109208152809039],[-76.557156599290551,37.109201214071753],[-76.557150765529585,37.109194252707503],[-76.557144976310852,37.109187265939511],[-76.557139236157013,37.109180252940881],[-76.557133545044792,37.109173214612639],[-76.557127898451711,37.109166151781487],[-76.557122304228528,37.109159065478231],[-76.557116755649261,37.109151954690617],[-76.557111254940523,37.109144820356683],[-76.557105804444561,37.109137658909873],[-76.557100403906688,37.109130480260269],[-76.557095050299651,37.109123270838445],[-76.557089744493581,37.109116040573127],[-76.557084490987961,37.109108789538439],[-76.557079285352714,37.109101514957466],[-76.557074128759069,37.109094215046944],[-76.557069024442711,37.109086895268007],[-76.55706396907523,37.109079553763152],[-76.557058961578136,37.109072188712062],[-76.557054006404542,37.109064801990776],[-76.557049099031886,37.109057394425975],[-76.557044245061206,37.109049967011337],[-76.557039438960942,37.109042516050465],[-76.557034684012891,37.10903504520266],[-76.557029982513171,37.109027552703196],[-76.557025332165736,37.109020040316864],[-76.557020730720794,37.109012508006508],[-76.557016180335467,37.109004959412935],[-76.557011683514261,37.108997384663155],[-76.557007234354813,37.108989794475399],[-76.557002839722188,37.108982184456451],[-76.556998498537823,37.108974552785895],[-76.556994208412931,37.108966904832087],[-76.556989967121069,37.10895923965716],[-76.556985780425393,37.108951551948202],[-76.556981646992639,37.108943849794997],[-76.556977564758341,37.10893612595315],[-76.556973531310618,37.108928386691957],[-76.55696955902296,37.108920632215394],[-76.556965635660788,37.10891285691401],[-76.556961764506141,37.108905064447114],[-76.556957945489415,37.108897257517427],[-76.556954180906686,37.108889434360265],[-76.556950469679407,37.108881593155218],[-76.556946812862932,37.108873736623572],[-76.556946405025585,37.108872791646597],[-76.556908386578073,37.108784586439803],[-76.556901494183109,37.108768597309286],[-76.5568939206876,37.108752049860584],[-76.556888627006856,37.108735419221247],[-76.556892622616331,37.108729439167725],[-76.556992078615934,37.108580537204965],[-76.556974557981874,37.108415331125236],[-76.556971909461424,37.108385586008758],[-76.556956731698534,37.10821530726907],[-76.556951519541357,37.108156806258158],[-76.556942767554091,37.108152310500692],[-76.556934045809683,37.108147776485204],[-76.556925354284999,37.108143205112675],[-76.556916691878399,37.108138595463494],[-76.556908061894873,37.108133950296178],[-76.556899463209646,37.108129269592148],[-76.556890895822704,37.108124553351459],[-76.556882357623337,37.108119796131504],[-76.556873854050494,37.1081150052323],[-76.556865379526229,37.10811017875934],[-76.556856939744293,37.108105314102566],[-76.556848531237577,37.108100414810139],[-76.556780410365761,37.108062397005689],[-76.556774355200389,37.108054728955324],[-76.556766285455893,37.108049478326841],[-76.556758251509152,37.10804419223588],[-76.556750248791346,37.108038873311152],[-76.556742284097808,37.108033519862069],[-76.556734355202039,37.108028130950593],[-76.556726462034547,37.108022709279489],[-76.556718603447351,37.108017255731113],[-76.556710782884451,37.108011767658446],[-76.556702998073007,37.108006245925218],[-76.556695252364406,37.108000691488016],[-76.556687541259222,37.107995104272717],[-76.556679868155243,37.107989483434025],[-76.556672230756348,37.107983830736686],[-76.556664635857999,37.107978144490154],[-76.556657075447276,37.107972429970033],[-76.5566495530841,37.107966680024788],[-76.5566420664492,37.107960897319948],[-76.556634622222177,37.107955084669648],[-76.556627219394031,37.107949237550706],[-76.556619848826983,37.107943361220237],[-76.556612519566158,37.107937454024913],[-76.556605232805865,37.107931513280398],[-76.556597983884586,37.107925545218954],[-76.55659077076109,37.107919541695303],[-76.556583603350532,37.107913510984574],[-76.556576477246182,37.107907449409012],[-76.556569385675814,37.107901357758131],[-76.55656233660595,37.107895232558128],[-76.556555329874499,37.107889080115491],[-76.556548361028433,37.107882898554195],[-76.556541438011038,37.107876685301271],[-76.556534556253553,37.107870442985345],[-76.556527713436708,37.107864174272038],[-76.556520913120394,37.107857872009689],[-76.556514154040784,37.107851541585219],[-76.556507439479716,37.107845186658025],[-76.556500765007328,37.107838804451148],[-76.556494134253001,37.107832385110093],[-76.556487543517832,37.107825941192125],[-76.55648100065261,37.10781947372795],[-76.556474500264642,37.107812973615758],[-76.556468037692568,37.107806447087675],[-76.556461619685308,37.107799894255024],[-76.556455248538981,37.107793313353135],[-76.556448922003796,37.107786704344868],[-76.556442636635779,37.107780069877336],[-76.556436398035942,37.107773410944233],[-76.556430199640602,37.107766720226927],[-76.556424051364814,37.107760006000589],[-76.556417944279318,37.107753265414139],[-76.556411882883509,37.107746498541708],[-76.556405866006187,37.107739707166623],[-76.556400684545125,37.107733511807481],[-76.556445312762932,37.107700672466173],[-76.556453158224357,37.107662342434864],[-76.556420214633832,37.107609602180524],[-76.556375995925862,37.107595137190408],[-76.556266988643699,37.107565867940394],[-76.556077069685003,37.107348456961056],[-76.555759449157989,37.107161904289192],[-76.555658076671136,37.107102541584517],[-76.555648834595971,37.107098600955368],[-76.555639628735548,37.107094608647387],[-76.555630457965137,37.107090564642142],[-76.555621322215188,37.10708647164234],[-76.555612219282381,37.107082327809039],[-76.555603152448583,37.107078136801562],[-76.555594124079335,37.107073894152492],[-76.555585131832245,37.1070696034284],[-76.555576174698317,37.107065260106033],[-76.555567255936296,37.107060868745862],[-76.555558373250122,37.107056431112419],[-76.555549530153414,37.107051941855978],[-76.555540725359009,37.10704740726441],[-76.555530190747973,37.107044499824141],[-76.55552224468336,37.107039129471367],[-76.555514288612216,37.107033754446384],[-76.555506328112472,37.10702837664391],[-76.555498362082332,37.107022995144447],[-76.555490384874602,37.107017610756053],[-76.555482414556067,37.107012221072999],[-76.555471731545836,37.107009395901429],[-76.555463294502758,37.107004432943981],[-76.555454892410822,37.10699942369493],[-76.555446544392112,37.106994368469714],[-76.555438238073563,37.10698926706425],[-76.55542996675257,37.106984117565283],[-76.555421751569,37.106978929334723],[-76.555413575882326,37.106973693084896],[-76.555405441895786,37.106968410654829],[-76.555397357390532,37.106963085778162],[-76.555389317983071,37.106957713875993],[-76.555381324682429,37.106952299471502],[-76.555373377511685,37.106946841663806],[-76.555365475346107,37.106941340434354],[-76.555357622661802,37.106935796758293],[-76.555349816130658,37.106930208778103],[-76.555342057955912,37.106924578332759],[-76.555334349285687,37.10691890453996],[-76.555326690119884,37.106913187399684],[-76.555319079241031,37.10690743049701],[-76.555311517797122,37.106901632949636],[-76.555304005857636,37.106895792054793],[-76.555298654691853,37.106887931845115],[-76.555290713517962,37.106882503873429],[-76.555282778931968,37.106877082319016],[-76.55527484767525,37.1068716626216],[-76.555266923075905,37.106866246638688],[-76.555259001713083,37.106860836116411],[-76.555251083656401,37.106855428352027],[-76.555245749360452,37.106847612581795],[-76.555238702466397,37.106841410723774],[-76.555231708289043,37.106835171880483],[-76.555221898962088,37.106830493605841],[-76.555215955505261,37.106823654707483],[-76.555210005462769,37.106816809391013],[-76.555204048811476,37.106809958557413],[-76.555198095605292,37.106803105076366],[-76.555192128971825,37.106796248669589],[-76.555186165852945,37.106789386912688],[-76.555180196078894,37.106782521440401],[-76.555174226421869,37.10677565146316],[-76.555164763224369,37.106770729234576],[-76.555158375903105,37.106764084900462],[-76.555152044580211,37.106757407240558],[-76.555145772676553,37.106750694508683],[-76.555139327456956,37.106743895095626],[-76.555100257553136,37.106703589550243],[-76.555096266906688,37.106695117264913],[-76.555090417732785,37.1066879824862],[-76.555084640397538,37.106680811037997],[-76.555078940640897,37.1066735985085],[-76.555073320596634,37.106666349439379],[-76.555067775927711,37.106659057450081],[-76.555062308651955,37.106651731586865],[-76.555056917737204,37.106644368227478],[-76.555051609932434,37.10663696748334],[-76.555046378465562,37.106629530144026],[-76.555041226734076,37.106622055364269],[-76.555036154506254,37.106614552153275],[-76.555031163231462,37.106607007916786],[-76.555026250335388,37.106599435230549],[-76.555021418230012,37.106591827825206],[-76.555016668017004,37.106584186620331],[-76.555011998501868,37.106576514300023],[-76.555007415355092,37.106568809155426],[-76.555002908406919,37.106561072821151],[-76.554998488812871,37.106553309086586],[-76.554994147736537,37.106545511496847],[-76.554989894037405,37.106537685605879],[-76.554985721998605,37.106529834924622],[-76.554981634124857,37.106521949580021],[-76.554977625592159,37.106514042110774],[-76.554973707880649,37.106506103693306],[-76.554965886388445,37.106498126090202],[-76.554965767987085,37.106493806002952],[-76.554962757284983,37.106490327769734],[-76.554961034735385,37.106481919947498],[-76.554959313635507,37.106473499530885],[-76.554953176853687,37.106465647970609],[-76.554949302108128,37.106457483133397],[-76.554945506749945,37.106449294369696],[-76.554941787335196,37.106441084326569],[-76.554938147330986,37.10643284945607],[-76.554934586598236,37.106424595163737],[-76.554931105206435,37.106416318746739],[-76.554927701021839,37.106408015663476],[-76.554924378195935,37.106399699501942],[-76.554921132461374,37.106391361178645],[-76.554917964850034,37.106383004315902],[-76.55491488105568,37.106374626303747],[-76.554911876463052,37.10636623157253],[-76.554908947836779,37.106357814661052],[-76.554906101717094,37.106349383788974],[-76.554905978659903,37.106340040673814],[-76.554901778890226,37.106332087684351],[-76.554897583365687,37.106324144679185],[-76.554892869707103,37.106315215211303],[-76.554893081662584,37.106306978113423],[-76.554885652209023,37.106282322989834],[-76.554883350624806,37.106274071449526],[-76.554881134967786,37.106265804202515],[-76.554879005145182,37.106257524852502],[-76.55487696574896,37.106249229870009],[-76.554875011108692,37.106240920964098],[-76.554873146825173,37.106232599128568],[-76.554871368306451,37.106224267892742],[-76.554869680190819,37.106215921925404],[-76.55486808011274,37.106207565694014],[-76.554866566993653,37.106199197378224],[-76.554865139569671,37.106190822364937],[-76.554863804798345,37.106182432657327],[-76.554862556777323,37.106174038973478],[-76.554861400168107,37.106165635081346],[-76.554860326981128,37.106157225355545],[-76.554859347525039,37.10614880275579],[-76.554858455804904,37.106140381603929],[-76.554857650950851,37.106131951971328],[-76.554856935142908,37.106123516597911],[-76.554856304960268,37.106115077229795],[-76.554855770503096,37.10610663493491],[-76.554855326170383,37.106098188719599],[-76.554854967462859,37.106089738509617],[-76.554854697778211,37.106081283459687],[-76.554854516884447,37.106072832579002],[-76.554854370558672,37.10606439398574],[-76.55485429631382,37.106055952976796],[-76.554854287354658,37.106047511242721],[-76.554854353781295,37.106039069851498],[-76.554854482026343,37.106030631283069],[-76.554854687953167,37.106022191292723],[-76.554854960197673,37.106013754199488],[-76.554855304453397,37.106005317393368],[-76.554855713925136,37.105996882564838],[-76.554856197588151,37.105988450763356],[-76.554856747522336,37.10598002366072],[-76.55485736942137,37.105971598647074],[-76.554858058809117,37.10596317474721],[-76.554858817888814,37.105954753800155],[-76.55485965106692,37.105946339483687],[-76.554860547118494,37.105937930711391],[-76.55486151738441,37.105929524065239],[-76.554862553782272,37.105921127523409],[-76.554863657715032,37.105912730293575],[-76.554864837903054,37.105904343335197],[-76.554866085417288,37.105895963797032],[-76.55486739812406,37.105887587137353],[-76.55486878373469,37.105879219792513],[-76.554870236671547,37.10587085986792],[-76.554871761387417,37.105862509239593],[-76.554873352350924,37.105854164211074],[-76.554875013945519,37.105845829361158],[-76.554876740639713,37.105837500993424],[-76.554878539043315,37.105829184624724],[-76.554880409202653,37.10582087845318],[-76.554882341040781,37.105812580509976],[-76.554884345689871,37.105804295485221],[-76.554886417595441,37.105796020583426],[-76.554888557928521,37.105787754021314],[-76.554890765425299,37.105779501185779],[-76.554893042404885,37.105771259411199],[-76.55489538774242,37.105763028679],[-76.55489780129885,37.105754814394722],[-76.554900283236393,37.105746610251934],[-76.554902828986229,37.105738418879099],[-76.554905447500488,37.105730242226606],[-76.554907233488052,37.105724813421396],[-76.554908130882268,37.10572208106538],[-76.554911128697412,37.105713682643191],[-76.554914204808156,37.105705302637759],[-76.554917359237635,37.105696940148242],[-76.55492058858826,37.105688596019725],[-76.554923896211193,37.105680271208911],[-76.554927279787336,37.105671968381401],[-76.554930737159665,37.105663683896353],[-76.554934273859558,37.105655421450223],[-76.554937884309254,37.105647179148505],[-76.554945084784478,37.105639535070374],[-76.55495375691963,37.105605746901333],[-76.554961137359669,37.105598193218434],[-76.554965276013235,37.105590108347378],[-76.554969485958296,37.105582051691698],[-76.554973770708173,37.105574017901624],[-76.554978130170269,37.105566010580709],[-76.554982560970075,37.105558029673396],[-76.554987067653158,37.105550073451987],[-76.55499164785401,37.105542146383982],[-76.554956618925488,37.105494255413575],[-76.555051094886238,37.105364563416337],[-76.555084315576693,37.105139844020819],[-76.555088442089868,37.105132054572209],[-76.555092441348364,37.105124225168908],[-76.555096310093703,37.105116351250658],[-76.555100045960387,37.105108437284898],[-76.55510365009647,37.10510048238929],[-76.555107121191739,37.105092493752707],[-76.555110454862884,37.105084466796193],[-76.555113660038842,37.105076404371168],[-76.555116732127772,37.105068310006963],[-76.555119668972807,37.105060180062758],[-76.555122468185274,37.105052019907106],[-76.555125127399734,37.105043834007326],[-76.555127654628933,37.105035617087957],[-76.555130044040268,37.105027377164362],[-76.555132294624912,37.105019109713496],[-76.55513440736857,37.1050108201594],[-76.555136384567305,37.105002506737371],[-76.555138220458062,37.10499417476008],[-76.555139917290504,37.104985824264716],[-76.555141473963033,37.104977454331809],[-76.555142890313434,37.104969071267753],[-76.555144173160159,37.104960672481148],[-76.555145312310373,37.10495226050778],[-76.555146311045974,37.104943839006921],[-76.555147168334784,37.104935404356418],[-76.555147886264336,37.104926962899796],[-76.555148463640236,37.104918517321174],[-76.555148901703205,37.104910063134724],[-76.555149194736643,37.104901603851111],[-76.555149350475162,37.104893145005853],[-76.555149362239447,37.104884683784825],[-76.555149236708871,37.104876223002215],[-76.55514896704193,37.104867766150178],[-76.555148556659475,37.104859311482734],[-76.555148010014321,37.10485086087585],[-76.555147318015472,37.104842417784752],[-76.55514648511577,37.104833984085502],[-76.555145514712905,37.104825558932866],[-76.555144401090104,37.1048171458377],[-76.555143152167474,37.10480874312811],[-76.555141759932354,37.10480035607965],[-76.555140228907092,37.104791983865638],[-76.555138557874358,37.10478363007126],[-76.555136747935691,37.104775295615852],[-76.555134798035922,37.104766977778226],[-76.555132713567303,37.1047586856603],[-76.555130491317726,37.104750412899953],[-76.555128124399403,37.104742164791347],[-76.555125626194013,37.104733946061792],[-76.55512855973123,37.104725769195149],[-76.555130933558715,37.104717478541509],[-76.555132747004592,37.104709100227517],[-76.555133990630168,37.10470065122211],[-76.555134664772453,37.104692162175191],[-76.555134759853701,37.10468365546118],[-76.555134286380337,37.104675160095155],[-76.555133234844348,37.10466669574874],[-76.555131615821608,37.104658288734278],[-76.555129433162548,37.104649964351637],[-76.555126694114961,37.104641747055474],[-76.555123396974835,37.104633659350249],[-76.555119560168407,37.104625728578988],[-76.5551151955123,37.104617976567845],[-76.555110312712614,37.104610419700336],[-76.555104927853151,37.104603088886101],[-76.555099057388759,37.104596000619964],[-76.555092715246488,37.104589182170706],[-76.555085921533561,37.104582639277858],[-76.555078696717061,37.104576407429946],[-76.555071063130725,37.104570493304429],[-76.55506304039487,37.104564921560183],[-76.555054651852046,37.104559703397896],[-76.555047306627827,37.104553340674855],[-76.55504037170698,37.104546688194176],[-76.555033868066431,37.10453976162426],[-76.55502781434086,37.10453258019993],[-76.555022219018539,37.10452516389006],[-76.555017101974769,37.104517527443434],[-76.555012471558825,37.104509696234459],[-76.555008345442687,37.104501683172906],[-76.555004731905882,37.1044935163359],[-76.555001638358348,37.104485213871747],[-76.554999076708967,37.104476794003027],[-76.554997049729224,37.104468280209375],[-76.554995565814664,37.10445969606328],[-76.554994625556716,37.104451062304292],[-76.554994233953224,37.10444240335012],[-76.554994388290893,37.104433737182063],[-76.554995091271621,37.104425089982399],[-76.554996341260463,37.104416481552775],[-76.554998135474492,37.104407932577168],[-76.555000466376683,37.104399473575427],[-76.554840921806345,37.103972950461291],[-76.554840642886944,37.103972201383158],[-76.554706415305716,37.10378953465974],[-76.554693921095406,37.103777549218201],[-76.554683389509094,37.103763807246374],[-76.554675064280545,37.103748626776365],[-76.554669138081522,37.103732359131634],[-76.55466574806276,37.103715380796231],[-76.554664972679888,37.103698084701833],[-76.554666829877661,37.103680871134031],[-76.554675325068544,37.103650150794486],[-76.554732259991994,37.103533823109949],[-76.554739438559906,37.103508395107809],[-76.554770412591708,37.103398669067211],[-76.554789139920857,37.103357530012666],[-76.554795900148576,37.103306508960181],[-76.554774460510799,37.103210006979893],[-76.554769212705651,37.103145580066546],[-76.554742312376149,37.103078898536623],[-76.554691596853601,37.103017789631444],[-76.554546003939691,37.102836396991485],[-76.554476069723435,37.10278297700475],[-76.554466047271148,37.102775321743707],[-76.55416421168745,37.102509358812078],[-76.554106000434928,37.102239174433763],[-76.55367597991571,37.101756814598772],[-76.553648766428594,37.101481648412424],[-76.553388993785958,37.100898577153544],[-76.553386136567298,37.10089216496678],[-76.553426656319104,37.100768907032737],[-76.55351637570304,37.100495980329811],[-76.553487853693809,37.100508135589351],[-76.553280569955433,37.100596474268507],[-76.553205644748886,37.100576009144987],[-76.553190382045088,37.10059092142702],[-76.553166944719294,37.100613827511793],[-76.553153488352322,37.100613869305192],[-76.553036685662249,37.100614219149243],[-76.55302631599497,37.100614251533813],[-76.553028781492074,37.100617740645774],[-76.553214937495923,37.100881095610397],[-76.553203339368039,37.100893437528349],[-76.553105621218904,37.100997417132781],[-76.553105836384916,37.101009859554566],[-76.553106998467257,37.10107711136574],[-76.553091859530127,37.101105257693966],[-76.553065023232975,37.101155144865011],[-76.553063123529753,37.101157910221872],[-76.552994396190257,37.101187880566258],[-76.552979258920175,37.101229503174437],[-76.55294129629381,37.101333869564016],[-76.552920324284358,37.101391540790999],[-76.552916435407013,37.101391107910239],[-76.55248188544445,37.101511819029177],[-76.552177032682835,37.101452243241326],[-76.552174756542925,37.101451799135596],[-76.551908625192212,37.101397954056374],[-76.551738243214061,37.101222063236285],[-76.551730370794516,37.101216226952289],[-76.551720888441167,37.10121221442688],[-76.551710436332911,37.101210290409888],[-76.55169971767269,37.101210588201823],[-76.551662769309701,37.101085352531378],[-76.551663526678965,37.101084955860841],[-76.551666737672107,37.1010836173336],[-76.551673287138286,37.101080883801721],[-76.551677261638858,37.101077164037662],[-76.551680276044237,37.10107585650961],[-76.55168329893668,37.101074568950466],[-76.551686343975504,37.101073295276912],[-76.551689394080668,37.10107204331824],[-76.551692453960143,37.101070805040678],[-76.551695527950329,37.101069586824885],[-76.551698614949686,37.101068387751454],[-76.551701708256232,37.101067205906951],[-76.55170481457202,37.101066043204767],[-76.551707930569151,37.101064897787275],[-76.551711056247726,37.101063769654488],[-76.551714196083452,37.101062659781768],[-76.551717340985519,37.101061571623916],[-76.55172050016094,37.101060497221454],[-76.551723665434508,37.101059448156192],[-76.551726840528843,37.101058410970161],[-76.551730029733889,37.101057393845942],[-76.551733224028553,37.101056397535686],[-76.551736429082922,37.101055420330653],[-76.551739639343012,37.10105445943492],[-76.551742860316352,37.101053519446253],[-76.551746090947972,37.101052597643147],[-76.551749331237772,37.101051694025642],[-76.551752577741951,37.101050811240775],[-76.551755830576568,37.101049944783902],[-76.551759094078008,37.101049101035784],[-76.551762362715522,37.101048276299878],[-76.551765642205709,37.101047467065364],[-76.551768926808663,37.101046677744009],[-76.551772218681108,37.101045911976499],[-76.551775516930448,37.101045160735204],[-76.551778821347682,37.101044432128312],[-76.551782135446402,37.10104372080616],[-76.551785453486815,37.101043031180282],[-76.551788780107088,37.101042357919596],[-76.551792109521173,37.101041707237513],[-76.551795446320781,37.101041075604819],[-76.551798788302875,37.101040461182457],[-76.551802137600887,37.101039868512103],[-76.551805489808714,37.101039293915903],[-76.551808848184521,37.101038741954085],[-76.55181221286756,37.10103820722113],[-76.55181557924287,37.101037694147358],[-76.551818950800595,37.101037198283862],[-76.551822330822304,37.101036723290164],[-76.551825713707387,37.101036268172329],[-76.551829099409389,37.10103583473223],[-76.551832488044496,37.101035418465266],[-76.551835880621283,37.10103502389461],[-76.551839278310979,37.101034649237008],[-76.551842679942411,37.101034296275742],[-76.551846080100745,37.101033956809523],[-76.551849487505436,37.101033641798189],[-76.551852896648768,37.101033346644137],[-76.551856309803526,37.101033070483588],[-76.551859722377785,37.101032816845958],[-76.551863137838751,37.101032582183265],[-76.551866558435805,37.101032366532763],[-76.551869976272584,37.101032170665128],[-76.551873400277373,37.101031997431875],[-76.551876823841042,37.101031841316072],[-76.551880246870709,37.101031705921237],[-76.551883672717395,37.101031592204109],[-76.551887101450731,37.10103149746201],[-76.551891922183813,37.101031398690175],[-76.551894992864561,37.101030177710662],[-76.551898023578261,37.10102889207802],[-76.551901007738891,37.101027535374165],[-76.551903946076521,37.101026122933384],[-76.551906831112703,37.101024639309934],[-76.551909669293934,37.101023096327232],[-76.55191245049771,37.101021493818074],[-76.551915179338963,37.101019827352104],[-76.551917846610877,37.101018104888958],[-76.551920458076381,37.101016321116028],[-76.551923005653393,37.101014484011472],[-76.551925490513099,37.101012591792056],[-76.551927910382844,37.10101064532148],[-76.551930262966607,37.101008646364456],[-76.551932544797367,37.101006598468885],[-76.551934752524133,37.101004500678052],[-76.551936897347801,37.101002354979663],[-76.551938960008613,37.101000166463272],[-76.551940955313825,37.100997928163196],[-76.551942869534443,37.10099564886545],[-76.551944706067943,37.100993327725007],[-76.551946460345633,37.100990967370201],[-76.551948137805539,37.100988575101368],[-76.551949729612318,37.100986144463285],[-76.551951241412809,37.100983674648056],[-76.55195266393055,37.100981176317944],[-76.551954003937126,37.10097864868365],[-76.551955256910517,37.100976092571649],[-76.551956423975327,37.100973508000564],[-76.551957500446946,37.10097090210337],[-76.551959362951962,37.100965695422552],[-76.551960213595876,37.100963032615716],[-76.551961019366232,37.10096036456072],[-76.55196178155029,37.100957684969572],[-76.55196249550977,37.100954999173531],[-76.551963164688658,37.100952304525556],[-76.551963783416753,37.100949602734531],[-76.55196436401981,37.100946895806821],[-76.551964896351876,37.100944184476006],[-76.551965381630595,37.100941465157057],[-76.551965822012633,37.100938741490758],[-76.551966215294897,37.100936011638169],[-76.551966560259814,37.100933279184254],[-76.551966860351257,37.10093054148215],[-76.551967116554678,37.100927803955855],[-76.551967324440739,37.100925063828385],[-76.551967487430133,37.100922319353572],[-76.551967598681543,37.100919574023528],[-76.551967666068165,37.10091682796849],[-76.551967686146085,37.10091408383537],[-76.551967660179471,37.100911336237232],[-76.551967586904141,37.100908590561026],[-76.551967469764065,37.100905844159811],[-76.551967306370457,37.100903102401851],[-76.55196709236364,37.10090035980727],[-76.551966834283093,37.100897624595952],[-76.551966530134806,37.10089488682052],[-76.551966179756135,37.100892152787431],[-76.551965783054357,37.100889426100373],[-76.551965338997533,37.100886703137157],[-76.551964849858365,37.100883983033889],[-76.55196431212336,37.100881271140388],[-76.551963730407564,37.100878563026441],[-76.551963104594833,37.100875863196634],[-76.55196243245905,37.100873170712866],[-76.551961712828927,37.100870487358321],[-76.551960951444229,37.100867808721461],[-76.551960139167889,37.100865140059],[-76.551959281693129,37.100862478761144],[-76.551958383402834,37.100859829406843],[-76.551957438766266,37.1008571882995],[-76.551956444316318,37.100854558987002],[-76.551955416970458,37.100851939946359],[-76.551953448972256,37.100847267513188],[-76.55194899783595,37.100816780399043],[-76.551948767401868,37.100815199311313],[-76.551483132632711,37.101048020534016],[-76.550240140680017,37.101543025344789],[-76.548883148034392,37.102085029348409],[-76.548688148005567,37.102615032353881],[-76.54777215252038,37.102959035765892],[-76.547603153461381,37.103208036877788],[-76.546524158874945,37.10410104332874],[-76.546489158875815,37.104108043168402],[-76.546373160203615,37.104062044012231],[-76.546331159347218,37.104145043705017],[-76.54403017479774,37.104672051701812],[-76.5441681719727,37.105116052589629],[-76.544652163806575,37.106702057927457],[-76.545010156156891,37.107886061802162],[-76.545723143726889,37.110212070790034],[-76.546451130772468,37.112576078336275],[-76.546737126213074,37.113503081721589],[-76.546896123890562,37.114021083590785],[-76.547140118290685,37.114811086755807],[-76.54791810563934,37.117233094054221],[-76.547994104919283,37.117468095221767],[-76.548195100987257,37.118155097530988],[-76.548229100093053,37.118295098107559],[-76.54825610003428,37.118436098599474],[-76.548271099331103,37.118545098873305]]]},"properties":{"OBJECTID":33,"ADDRESS":"480 COLONY RD","PrecinctName":"Sanford","Num":113,"TOTAL":1707,"BLACKNH":284,"WHITENH":1164,"TOTALHISP":97,"ASIANNH":105,"TOTAL18":1357,"USCON":"C03","STSEN":"S024","STHOD":"H070","COUNCIL":"NORTH","POLLINGLOC":"SANFORD ELEM SCH","GlobalID":"{7AD2B979-C10D-492A-BBAA-A006BCBF11B1}"}},{"type":"Feature","id":34,"geometry":{"type":"Polygon","coordinates":[[[-76.460845484736694,37.103045424349794],[-76.463392594017591,37.103603078474983],[-76.464096591625605,37.103731080143412],[-76.464528589904191,37.103699080077156],[-76.464816590477952,37.103571081285978],[-76.465648590743001,37.102787078786385],[-76.46663259023498,37.102157077571498],[-76.467332590020803,37.101800076788059],[-76.468293590431458,37.101197076227749],[-76.468497589932056,37.10106907583102],[-76.468285591939448,37.100751074639618],[-76.467160601485674,37.098888065140933],[-76.465936612515861,37.096920054223034],[-76.465863613016722,37.096818053412868],[-76.464623622600655,37.095087044490221],[-76.462935635985488,37.093102033668366],[-76.461852642850758,37.091967027344175],[-76.461199646329518,37.09128302423747],[-76.460168654086701,37.090229018000898],[-76.459390658906443,37.0894440136233],[-76.459172660219906,37.08922401216163],[-76.458963662239597,37.089013011780686],[-76.457965668260414,37.088012005612548],[-76.457304672388815,37.087352002688618],[-76.456871674923647,37.086908000756317],[-76.456680676401177,37.086710999334102],[-76.455162687143684,37.085151990905729],[-76.454640690896341,37.084615988565226],[-76.454429692731154,37.084411986969045],[-76.453679697228935,37.083686982842153],[-76.453607696648803,37.083617983251891],[-76.453393698231721,37.083410982052193],[-76.449141726185672,37.079283960640495],[-76.449038801725067,37.07918410636146],[-76.448759870482078,37.07955340105422],[-76.447603688553187,37.080592414373633],[-76.447603256162836,37.080592802521593],[-76.447402907383562,37.080773373892185],[-76.44724122962505,37.080918906534947],[-76.447070233340355,37.081068164881337],[-76.446903790425239,37.081223463709989],[-76.446735829927192,37.081369706389388],[-76.446509134767467,37.081580231373103],[-76.44625383119805,37.081811356288455],[-76.44607806369757,37.08197302422947],[-76.445919850093844,37.082115909748346],[-76.445747518399543,37.082272343643687],[-76.445592767094908,37.082415237740911],[-76.445436732018422,37.082558778936651],[-76.445268046222679,37.082709679418329],[-76.445107681399193,37.082854530009783],[-76.444949359640319,37.083000140697514],[-76.44479341632757,37.083140960672416],[-76.444629415049647,37.08329126600708],[-76.444457223805713,37.083447507652046],[-76.444308545775144,37.083580890762953],[-76.444077722269697,37.083798972524029],[-76.444071063678678,37.0837927570498],[-76.443745920358452,37.084086904298317],[-76.443743257717188,37.084090122421443],[-76.443702187122085,37.084126988980884],[-76.443614868922808,37.084205879203139],[-76.443611173764737,37.084208716065696],[-76.443610892338214,37.084208970734693],[-76.443608251542514,37.084211385254207],[-76.443607133707502,37.084212404067678],[-76.443604898487266,37.084214673342956],[-76.443604657875753,37.084214668241501],[-76.443602878986042,37.084216291120498],[-76.443465005512351,37.084346004140379],[-76.443388262496299,37.084415978134935],[-76.442572722171889,37.085178974759721],[-76.442557053308448,37.085173876312254],[-76.442556736059785,37.085174165504903],[-76.442424159122922,37.085131026266829],[-76.442372742646953,37.085113907965848],[-76.442028723300297,37.085001973112817],[-76.441336232410336,37.08476707594015],[-76.441174964257243,37.084713413844909],[-76.440414729053174,37.0849039724176],[-76.440377728547702,37.084917972070443],[-76.440288727689065,37.085295973257004],[-76.440227726690168,37.085552973359505],[-76.440154725389718,37.085866974349955],[-76.440133725614913,37.085954974934488],[-76.440037723627469,37.086359976212393],[-76.439986722821686,37.086564977822725],[-76.439967722138732,37.086651976811105],[-76.439954722379824,37.0868349781733],[-76.439758719716565,37.087674980463227],[-76.439702718557101,37.087920982335703],[-76.439644717718181,37.088180982849167],[-76.439595716717577,37.088468984485345],[-76.43955471644378,37.088677984238458],[-76.439514715285085,37.088943985055131],[-76.439503714961617,37.089021985354762],[-76.439493715571217,37.089087985786279],[-76.439428712938195,37.089476986724918],[-76.439398712765936,37.089658987630379],[-76.43932971152428,37.090092989354005],[-76.439208708677342,37.090808991265753],[-76.439180709204024,37.090910992112207],[-76.438945710290099,37.090823990805035],[-76.438670710662038,37.090738991321416],[-76.438594711744301,37.090715990997865],[-76.438355711910546,37.090654990231911],[-76.438075713081204,37.090596989396047],[-76.437249716088061,37.090431987053691],[-76.436924717044448,37.090366987213201],[-76.436922717230132,37.090423987196338],[-76.436989710046916,37.091857992627041],[-76.437255709579389,37.092027993866395],[-76.437453708574822,37.092215994163908],[-76.437609707702933,37.092366995861653],[-76.437665707127266,37.092420995715656],[-76.437768706247454,37.092520996276107],[-76.437769643587316,37.092527674380747],[-76.437798201277644,37.092555196891965],[-76.437798175271553,37.092556026557617],[-76.437795561847722,37.092633894100736],[-76.437804705701097,37.092660996575908],[-76.437757700134895,37.094050001550954],[-76.437752700126453,37.094201002320432],[-76.438035698354497,37.094350002628097],[-76.438529695604174,37.09460200501524],[-76.439318776447024,37.095009125610041],[-76.439376633593511,37.09503884203297],[-76.440101700782648,37.094882064752056],[-76.440651689951025,37.094763007946511],[-76.440663702522471,37.094760557202591],[-76.441719041143074,37.094533081204013],[-76.443578359902673,37.094513352206555],[-76.44380835974934,37.094558186523059],[-76.444808678063453,37.09467501466235],[-76.445740675317523,37.09505601713979],[-76.446863669442905,37.095608021021683],[-76.447557666174362,37.095912022459409],[-76.448147256717931,37.096171525662051],[-76.448825841835571,37.096352485430963],[-76.448989660379567,37.096396027513173],[-76.448992522987595,37.096396934503368],[-76.45081891094523,37.096883980082247],[-76.450867544783705,37.096987764194793],[-76.451048886392684,37.097370432462213],[-76.451566025086848,37.098461673110215],[-76.451781644187648,37.098509040172857],[-76.452342643875099,37.098433040191878],[-76.452960641953197,37.098328040855613],[-76.453597641206713,37.098233041315154],[-76.4539216395343,37.098243041406391],[-76.454054639625809,37.098328042752527],[-76.454357247702532,37.098582354791951],[-76.454398536796319,37.09860167041861],[-76.454812635708876,37.098777044828516],[-76.454837636067566,37.098793045510668],[-76.454950598306539,37.098859942858084],[-76.455092028281953,37.098926108372204],[-76.456236579748875,37.099461562716655],[-76.45656393695927,37.09979182980539],[-76.456611626562989,37.099817052036506],[-76.457022624879258,37.100035053988385],[-76.457437622177011,37.100268055077301],[-76.457725621384085,37.100431056108796],[-76.45784762141534,37.100499057233613],[-76.457886452199901,37.100520971671102],[-76.458150514649461,37.10064282246308],[-76.458328078701427,37.100673870972614],[-76.458416850471181,37.100686318739712],[-76.458454593292217,37.100691612702114],[-76.45870609812124,37.1007268809661],[-76.458919681824781,37.100692117127032],[-76.459061662905327,37.100768754344358],[-76.459089385568319,37.100946344998519],[-76.459106615392855,37.100977060314577],[-76.459112615452611,37.101012061584093],[-76.459118615546799,37.101046061486251],[-76.4591171480605,37.101090830814975],[-76.460341179587743,37.102476616176432],[-76.460845484736694,37.103045424349794]]]},"properties":{"OBJECTID":34,"ADDRESS":"853 HARPERSVILLE RD","PrecinctName":"Saunders","Num":319,"TOTAL":6169,"BLACKNH":2167,"WHITENH":2974,"TOTALHISP":540,"ASIANNH":222,"TOTAL18":4982,"USCON":"C03","STSEN":"S023","STHOD":"H085","COUNCIL":"SOUTH","POLLINGLOC":"SAUNDERS ELEM SCH","GlobalID":"{DC0EE2A6-9F5C-47E6-A6A8-0C28C15862D9}"}},{"type":"Feature","id":35,"geometry":{"type":"Polygon","coordinates":[[[-76.450489836972977,37.049551846526391],[-76.45112983534473,37.049580846451178],[-76.451615834057236,37.04960584636023],[-76.452031832383824,37.04963484641813],[-76.453238828136193,37.049719847940032],[-76.455320822256411,37.049851849592393],[-76.457280815880651,37.049968850529268],[-76.459679808209259,37.050127853022587],[-76.460320806806479,37.050167853312033],[-76.460491806669268,37.050155853157904],[-76.460610804663688,37.050558855630108],[-76.460703803912352,37.050791855998632],[-76.460790802939371,37.050973857298963],[-76.460916800588905,37.051201857824978],[-76.461064799815261,37.051457859332345],[-76.461179798845862,37.05164685989115],[-76.461438797113772,37.052068862377787],[-76.462027791392572,37.053026866035339],[-76.462706784360293,37.054124871305405],[-76.463362779416983,37.055188875892178],[-76.464225771144939,37.056586882766055],[-76.464511769685572,37.057050884731474],[-76.464920765601192,37.057712887901651],[-76.465892756143361,37.059288895063332],[-76.465926756697286,37.059343895172347],[-76.466282756175886,37.059062894627189],[-76.466695755669065,37.05880589426036],[-76.467097755767426,37.058537892150341],[-76.467770756554671,37.058111891240486],[-76.468493756023932,37.057650889989105],[-76.468938755733873,37.057365889107089],[-76.46994275560877,37.056706887137366],[-76.470049754664387,37.056620886913883],[-76.470111754383169,37.056563886132274],[-76.470213755370011,37.056455885769743],[-76.470254755327289,37.056404885393981],[-76.470388755557664,37.056187884318177],[-76.470530756693989,37.055944884444699],[-76.470653756682097,37.055767883462501],[-76.470777756839908,37.055617882471033],[-76.470999757117809,37.055380881611896],[-76.471394757942392,37.054994880626779],[-76.471431757503623,37.054957880584382],[-76.471499757262919,37.05489188000896],[-76.471535758183478,37.054861880425925],[-76.470774764374241,37.0536198737897],[-76.470363768315991,37.052948870545357],[-76.468174787590996,37.049441854754022],[-76.467428793671814,37.048167849086937],[-76.463685828316187,37.042163821933904],[-76.462225840887072,37.039792810908807],[-76.461660847127263,37.038895807412274],[-76.461016852252214,37.037822802901729],[-76.460302858997835,37.036598796915563],[-76.459784863075797,37.035802794430147],[-76.458858871972652,37.034300788302374],[-76.458839872140445,37.034315787743637],[-76.458442871378139,37.034607789172497],[-76.45814187211873,37.034842789718965],[-76.456648871877675,37.03600679412552],[-76.456203871220836,37.036338796059013],[-76.455918871502888,37.036565796481682],[-76.455577871280227,37.036791797693155],[-76.455489872207863,37.0368367969579],[-76.455354872533945,37.036919797351658],[-76.455237872322115,37.037007797996182],[-76.45512787108693,37.037109798708769],[-76.455087871128256,37.037152798463858],[-76.455011871027139,37.03724479903628],[-76.454855870956663,37.037432799148036],[-76.454605870843196,37.037761800955721],[-76.454327869487926,37.038116802119788],[-76.45376786953517,37.03884880478595],[-76.453408868045258,37.039319806499066],[-76.453340867590029,37.039431806726263],[-76.453282867672115,37.039546807319866],[-76.453262866840134,37.03959580815598],[-76.453208867242594,37.039756808044629],[-76.453181866682783,37.03987880818795],[-76.453172866452832,37.03994080899502],[-76.453158864511607,37.040329810579287],[-76.453135864009894,37.040452811319746],[-76.453098863915898,37.040563810875184],[-76.453049864053284,37.040666811639163],[-76.452912863667308,37.040854812449489],[-76.452782863619802,37.041002813183987],[-76.452589863165855,37.04119181383566],[-76.452054862044861,37.041725815600515],[-76.45148686146382,37.042324817825161],[-76.451400860984876,37.042399818036671],[-76.451319861688106,37.042461817944059],[-76.451231861513321,37.042538819339633],[-76.450709862467136,37.042954819875646],[-76.450259862921655,37.043119820885295],[-76.449763345886637,37.043233146553483],[-76.449774637751901,37.043319500100047],[-76.449779783834686,37.043360169240522],[-76.44979762170216,37.043501215706456],[-76.449828265194597,37.04374350584137],[-76.449849069407733,37.043825801385289],[-76.44984843160826,37.043831868827759],[-76.44986926877165,37.043890337466905],[-76.449869577529171,37.043899565218013],[-76.449885668358007,37.043952110615493],[-76.449996859351245,37.044159824841138],[-76.450085858612397,37.044428824979121],[-76.450099815895015,37.044481192590212],[-76.450106054114627,37.044495591727831],[-76.45010892217482,37.044503943778651],[-76.450111769883762,37.044512299981776],[-76.450114590424917,37.044520662922444],[-76.450117390614821,37.044529030015362],[-76.450120162561916,37.04453740202441],[-76.45012290961337,37.044545779909356],[-76.450125637437424,37.044554161966026],[-76.450128336994197,37.044562549839831],[-76.450131011679744,37.04457094268858],[-76.450133663717381,37.044579341452213],[-76.450136294304315,37.044587743447636],[-76.450138897747706,37.044596151279762],[-76.450141476393185,37.044604561384041],[-76.450144031218016,37.044612979185516],[-76.450146562246559,37.044621403783275],[-76.450149068550388,37.044629827950565],[-76.450151551033485,37.044638259814946],[-76.450154009842478,37.044646693971188],[-76.450156440359663,37.044655134845407],[-76.450158850501026,37.04466358077282],[-76.45016123696827,37.044672028992032],[-76.450163598564131,37.044680482186124],[-76.450165933114107,37.044688937613323],[-76.450167749583429,37.04469754896401],[-76.450169558210376,37.04470615927692],[-76.450171364565577,37.044714770451492],[-76.450173166425685,37.044723381547769],[-76.450174966038404,37.044731992604937],[-76.450176761155944,37.044740603583762],[-76.450178550581384,37.044749217167471],[-76.450180335511604,37.044757830672836],[-76.450182117070582,37.044766444119553],[-76.450183891813495,37.044775060151458],[-76.45018566438219,37.044783673441572],[-76.450187432382606,37.044792289356067],[-76.450189197011738,37.044800905211844],[-76.450190954824762,37.044809523652901],[-76.450192712711399,37.044818139391197],[-76.450194462657976,37.04482675769524],[-76.450196206985609,37.044835375901414],[-76.450197951313584,37.044843994107602],[-76.450199687628313,37.04485261758213],[-76.450201421842166,37.044861235612103],[-76.450202365676319,37.044865949757153],[-76.45022685542348,37.0449578273847],[-76.450294852636972,37.045678830302464],[-76.450359850076183,37.046388833395291],[-76.450411847795777,37.046710835149767],[-76.450415846556908,37.047023836281952],[-76.450461844774637,37.047547837979288],[-76.450494843243604,37.047895839402649],[-76.450517841425835,37.048282840193274],[-76.450513841516681,37.048475841884887],[-76.450505287508307,37.048859221768538],[-76.450505276578355,37.048862405964144],[-76.45050580329891,37.048873055288645],[-76.450506103540249,37.048879197645142],[-76.450511911866187,37.048997137237237],[-76.450510193485883,37.049026943933001],[-76.450498957575235,37.049222183851178],[-76.450497240814201,37.049255209210777],[-76.450495864497128,37.049281645491362],[-76.450489836972977,37.049551846526391]]]},"properties":{"OBJECTID":35,"ADDRESS":"804 MAIN ST","PrecinctName":"Sedgefield","Num":315,"TOTAL":3003,"BLACKNH":912,"WHITENH":1663,"TOTALHISP":196,"ASIANNH":115,"TOTAL18":2427,"USCON":"C03","STSEN":"S023","STHOD":"H085","COUNCIL":"SOUTH","POLLINGLOC":"SEDGEFIELD ELEM SCH","GlobalID":"{BE5F5E69-9E0A-4415-B0A8-6B625554676A}"}},{"type":"Feature","id":36,"geometry":{"type":"Polygon","coordinates":[[[-76.448998787206278,37.063657900230147],[-76.449105786755212,37.063679900061842],[-76.449193786244649,37.063697900553066],[-76.449865783949306,37.063840900739436],[-76.45044678119956,37.063963902092908],[-76.45111277917259,37.064089903450238],[-76.451783776612189,37.064199904707621],[-76.453206772736863,37.064402905553216],[-76.453536771183323,37.06445190636051],[-76.453703770228984,37.064476907596443],[-76.454118769212769,37.064540907053242],[-76.454970766354393,37.064663908940062],[-76.455102765834297,37.064679908216547],[-76.455434764728437,37.064711909680369],[-76.45576876303673,37.064729909486836],[-76.456102762249799,37.064722910133547],[-76.456435761891768,37.064702909817917],[-76.456766760807128,37.064667910072167],[-76.457083760379078,37.064621910171113],[-76.457392760845394,37.064561910133278],[-76.457698759087876,37.064488910615587],[-76.457874758928625,37.064431909930434],[-76.458163758683057,37.06432590994428],[-76.458388758779179,37.064230910040635],[-76.458598758197581,37.064130909646941],[-76.458823758187819,37.064007908404562],[-76.45902475747998,37.063878908927329],[-76.459152758136526,37.063775908325383],[-76.459272757674597,37.063701907842564],[-76.459403757706184,37.063639907883058],[-76.460543757310504,37.062857905558261],[-76.461156757153333,37.062476904087312],[-76.46153575730213,37.062219904157281],[-76.46466475693444,37.06021789815015],[-76.46574875603612,37.059502895589048],[-76.465814755742841,37.059465896134434],[-76.465926756697286,37.059343895172347],[-76.465892756143361,37.059288895063332],[-76.464920765601192,37.057712887901651],[-76.464511769685572,37.057050884731474],[-76.464225771144939,37.056586882766055],[-76.463362779416983,37.055188875892178],[-76.462706784360293,37.054124871305405],[-76.462027791392572,37.053026866035339],[-76.461438797113772,37.052068862377787],[-76.461179798845862,37.05164685989115],[-76.461064799815261,37.051457859332345],[-76.460916800588905,37.051201857824978],[-76.460790802939371,37.050973857298963],[-76.460703803912352,37.050791855998632],[-76.460610804663688,37.050558855630108],[-76.460491806669268,37.050155853157904],[-76.460320806806479,37.050167853312033],[-76.459679808209259,37.050127853022587],[-76.457280815880651,37.049968850529268],[-76.455320822256411,37.049851849592393],[-76.453238828136193,37.049719847940032],[-76.452031832383824,37.04963484641813],[-76.451615834057236,37.04960584636023],[-76.45112983534473,37.049580846451178],[-76.450489836972977,37.049551846526391],[-76.450452835667946,37.049901847266774],[-76.450369834332648,37.050303848822736],[-76.450212832017527,37.050972850965039],[-76.450194831259282,37.051061851840622],[-76.450056830057576,37.051630854315022],[-76.449928828811281,37.051947854080233],[-76.449743828389302,37.052277856221664],[-76.449654764068129,37.05240296978512],[-76.449654194486087,37.052403862095382],[-76.449649394465396,37.052411349659977],[-76.449647839152149,37.052420314209982],[-76.449606887139993,37.052470225954679],[-76.449533827739714,37.052572856915234],[-76.449079826808187,37.053125858725778],[-76.448260825364329,37.054134862412425],[-76.448104825104181,37.054396862979779],[-76.448033824254054,37.054670863861439],[-76.448069823233283,37.054983864710451],[-76.448139195285961,37.055160514826795],[-76.448140618016311,37.05516278932668],[-76.448145413085982,37.055170254737462],[-76.448150305947948,37.055177680390969],[-76.448155291104271,37.055185061684654],[-76.448160375128055,37.055192405042447],[-76.448165551446209,37.05519970404044],[-76.448170821133886,37.055206960500016],[-76.448176185364034,37.055214172638969],[-76.448181644161167,37.055221339556311],[-76.448187064570675,37.055228595035913],[-76.448192209176668,37.055235819571323],[-76.448197392758246,37.05524309976645],[-76.448202574410473,37.055250368210523],[-76.448206876115535,37.055256412644312],[-76.448212459267921,37.055265172567715],[-76.448221243029366,37.055271151781504],[-76.448226810793003,37.055278447682113],[-76.448232444778355,37.055285706880582],[-76.448238140318196,37.055292935604818],[-76.448243903154861,37.055300129448177],[-76.448249730967007,37.0553072910742],[-76.448255621628775,37.055314415939279],[-76.448261575995474,37.055321513972814],[-76.448265914877211,37.055326602744721],[-76.448343820250642,37.055401866992213],[-76.448566819807439,37.055586868880546],[-76.448965816743183,37.0559058695872],[-76.449342814326656,37.056207870756829],[-76.449388886928702,37.056250986677895],[-76.4493912336102,37.056252865344263],[-76.449398590837589,37.056258789882598],[-76.449405926245049,37.056264731165705],[-76.449413244304424,37.056270690172774],[-76.449420543964877,37.056276664181489],[-76.449427812788556,37.056282655679354],[-76.449435067734029,37.056288661356305],[-76.449442298562545,37.056294685540685],[-76.449449510967739,37.056300725627686],[-76.449456699304932,37.056306782420307],[-76.449463870342868,37.056312855135118],[-76.44947101628641,37.056318940932456],[-76.449478144857366,37.056325045354669],[-76.449485249335936,37.056331167383391],[-76.449492333167413,37.056337304374807],[-76.449499391928995,37.056343453547733],[-76.449506433269121,37.056349623147405],[-76.449513453937854,37.056355808610583],[-76.449520449512121,37.056362007156253],[-76.44952742441501,37.056368221565464],[-76.449534378597605,37.056374453639968],[-76.449541308785371,37.056380699717451],[-76.449548220525429,37.056386962598502],[-76.449555108270715,37.056393239482539],[-76.449561974220444,37.056399532210548],[-76.44956881725065,37.056405840762935],[-76.449575637336878,37.05641216604063],[-76.449582437948976,37.056418504498708],[-76.44958921446856,37.056424860563432],[-76.449595969314785,37.056431227967614],[-76.449602702341068,37.056437612116675],[-76.449609412374485,37.056444014792831],[-76.449616100661245,37.056450431511188],[-76.449622765026533,37.056456859529852],[-76.449629407571805,37.056463304293459],[-76.449636026122306,37.056469763060093],[-76.449642627373521,37.056476237748988],[-76.449649201184485,37.056482729084934],[-76.449655753297634,37.056489232661313],[-76.449662281318254,37.056495753844324],[-76.449669769819963,37.05650214753733],[-76.449670887389502,37.056507177465676],[-76.449681732798425,37.056515396202116],[-76.449688170411292,37.056521975297116],[-76.449694582905295,37.05652856837564],[-76.44970097482549,37.056535173714138],[-76.449706428094075,37.056542262946088],[-76.449711156970054,37.056550063330647],[-76.449718747428065,37.056555060838896],[-76.449722585888551,37.056563266639962],[-76.449747811539567,37.056586873498958],[-76.449980809958177,37.056911873850247],[-76.450034809466231,37.056992875019944],[-76.450162807745699,37.057285876171932],[-76.450223806464422,37.057476876095336],[-76.450245806420426,37.057564876894141],[-76.450276806439362,37.05781987874478],[-76.450385802975745,37.058409879994855],[-76.450436800410756,37.059130883476229],[-76.450438797626276,37.059637885047024],[-76.450425796934852,37.059878886866741],[-76.450363796211761,37.060082886437577],[-76.450263795076708,37.060384888203458],[-76.450086794843273,37.060719889265307],[-76.44999579465798,37.060881889559226],[-76.44983379341663,37.061161891075749],[-76.449715792622541,37.061399891399667],[-76.449642792421443,37.061597892786949],[-76.44957879219433,37.061779893660756],[-76.449412790327216,37.06233189462445],[-76.449285788842474,37.062708896194899],[-76.449175788943705,37.063077897892221],[-76.449134787938291,37.063227898179342],[-76.449060787100535,37.063495899481325],[-76.448998787206278,37.063657900230147]]]},"properties":{"OBJECTID":36,"ADDRESS":"746 ADAMS DR","PrecinctName":"South Morrison","Num":316,"TOTAL":4230,"BLACKNH":1930,"WHITENH":1573,"TOTALHISP":374,"ASIANNH":204,"TOTAL18":3268,"USCON":"C03","STSEN":"S023","STHOD":"H085","COUNCIL":"SOUTH","POLLINGLOC":"CAMPUS FOR STUDENT SUCCESS","GlobalID":"{74DBF95B-9554-4FCC-B8BA-6F3A1D0B95C6}"}},{"type":"Feature","id":37,"geometry":{"type":"Polygon","coordinates":[[[-76.530698146762788,37.140498236675427],[-76.531229141374254,37.141127238582854],[-76.532569126792993,37.142826242352882],[-76.532978122011301,37.143348243514097],[-76.534172109335231,37.144859247188975],[-76.535259096385602,37.146233249903723],[-76.53551209376576,37.146555251002567],[-76.537993065623326,37.14972025686437],[-76.53878805790697,37.150717258548489],[-76.539687047244769,37.151843261944677],[-76.541604027222078,37.15427526691407],[-76.541779024948028,37.154498266302603],[-76.542396020787564,37.154296264319669],[-76.543499014460707,37.154286261085005],[-76.543999011142262,37.154284259536311],[-76.547560987315634,37.154270248615681],[-76.551185963734795,37.154217237328538],[-76.553991944995474,37.154193229645955],[-76.554571940071938,37.154204228162307],[-76.554759939227068,37.154199227207052],[-76.555036937351133,37.154181226913181],[-76.555133937125277,37.154171225862626],[-76.554972939748396,37.153758225795293],[-76.554438947272175,37.152602222248866],[-76.554030953075966,37.15167021949739],[-76.553678956066705,37.151049217964825],[-76.553618956685355,37.150938218126726],[-76.553387960228221,37.15051621624697],[-76.553275961822962,37.150274215069125],[-76.553180963030755,37.150027215484684],[-76.552830969147337,37.148902212257994],[-76.552738970084192,37.148677211059997],[-76.552628972760203,37.148454209991478],[-76.552402974293813,37.148094209344158],[-76.55194897941486,37.14740220757006],[-76.551843981503055,37.147268207622638],[-76.551698982225716,37.147108207637281],[-76.550207997252159,37.145690206425122],[-76.549968999876057,37.145462205364282],[-76.549662002601337,37.14515820560834],[-76.549582003565064,37.145075205028135],[-76.549501004552809,37.144973204693429],[-76.549436005399627,37.144884205196306],[-76.549312005719671,37.144714204293734],[-76.549138008716682,37.14444820348951],[-76.548513015808496,37.143337201457591],[-76.549686009319103,37.143053196284576],[-76.55009400724623,37.142954194787897],[-76.552376993383604,37.142374186645064],[-76.553375987086511,37.142122183146967],[-76.553594985900574,37.14207918202051],[-76.55398698326735,37.142015180841142],[-76.554320981657696,37.141966179813132],[-76.554557979645324,37.141934178609233],[-76.555107976525832,37.141784176327],[-76.555811972607543,37.141600173782749],[-76.555992971516986,37.141534172431648],[-76.556448969349404,37.141413171932612],[-76.556923966039705,37.14121516943937],[-76.556856967573609,37.140895168298449],[-76.556737969655146,37.140458166260281],[-76.556692969914835,37.140308166166427],[-76.55662097190968,37.140174166189574],[-76.556438972664253,37.140042166562658],[-76.556316974062696,37.140007165509857],[-76.556196975730956,37.139997166858876],[-76.556076976245976,37.140000166585203],[-76.555435980096391,37.140078168519246],[-76.55531597973652,37.140084169683426],[-76.555178980807923,37.140060170069091],[-76.555080982634024,37.14001116892458],[-76.554996983470673,37.139952168866103],[-76.554644986902588,37.139622169031682],[-76.55395399287012,37.139065169129012],[-76.554083992783987,37.138967168513695],[-76.554167992469004,37.138898167765667],[-76.554391991572885,37.13867716568619],[-76.554483990962098,37.138565165078994],[-76.554589990494904,37.138424164470301],[-76.554882989403197,37.137981161800298],[-76.554995989939513,37.137842160947578],[-76.555112989383858,37.13770716011669],[-76.555175989417705,37.137641159738877],[-76.555204988825281,37.137610159285337],[-76.555411988183366,37.137421157684727],[-76.555213989530813,37.137261158269958],[-76.555113990926571,37.137152157995295],[-76.555066992423576,37.137090157593882],[-76.55693798037133,37.136763151203112],[-76.557698974614226,37.136839150118632],[-76.557496976772399,37.136724150003737],[-76.557249978483284,37.136501149144976],[-76.55706998099987,37.136251149292583],[-76.556945982602429,37.135977148344956],[-76.557188984343469,37.134896143629604],[-76.556780989485233,37.133883140724066],[-76.55673499096855,37.133761139978191],[-76.556052997606386,37.133091138976809],[-76.555848001050904,37.132658138818343],[-76.555480004538751,37.132410137514654],[-76.554940007857923,37.132323139436082],[-76.554399012069325,37.132129139986731],[-76.554264013377519,37.131897138696957],[-76.554248014748552,37.131567137119617],[-76.553848019507214,37.131231136760235],[-76.553583021227212,37.131077136786139],[-76.552810026288697,37.130885138251863],[-76.552324031509443,37.130626138786106],[-76.551978035582934,37.130215137998647],[-76.551935035944098,37.130096137364802],[-76.551632039001518,37.1298261368295],[-76.551459040340447,37.129761137744211],[-76.550343046537023,37.130024141330964],[-76.549999049939743,37.13000014164858],[-76.549513052990761,37.129966143474739],[-76.546383075227141,37.129748150188057],[-76.546251075373831,37.129886150351545],[-76.546156076185611,37.129987151352168],[-76.545407078935682,37.130925157014495],[-76.545232079096849,37.131111158560223],[-76.544550080660358,37.131842163913753],[-76.543091094730983,37.131115164412186],[-76.54263909713741,37.131177166337565],[-76.541910101316788,37.131500168554091],[-76.541322103566344,37.131954172277936],[-76.541151103994608,37.132076173494696],[-76.540527106924259,37.132520176532722],[-76.540318108110824,37.132668178545792],[-76.537390120408162,37.13476019426556],[-76.536271125788971,37.135494200641098],[-76.535939127384836,37.135713201707397],[-76.534687134007342,37.136570209595959],[-76.53407113480668,37.137220214662158],[-76.533678136112499,37.137637216448411],[-76.532846140304386,37.138165220832448],[-76.532192143081701,37.138737225543295],[-76.531702145162242,37.139093227999602],[-76.530815148765171,37.139740233261904],[-76.530698146762788,37.140498236675427]]]},"properties":{"OBJECTID":37,"ADDRESS":"855 LUCAS CREEK RD","PrecinctName":"Stoney Run","Num":102,"TOTAL":7997,"BLACKNH":4936,"WHITENH":1537,"TOTALHISP":899,"ASIANNH":318,"TOTAL18":5644,"USCON":"C03","STSEN":"S024","STHOD":"H070","COUNCIL":"NORTH","POLLINGLOC":"STONEY RUN ELEM SCH","GlobalID":"{E0704584-2D56-4659-935A-01C735E0E7F8}"}},{"type":"Feature","id":38,"geometry":{"type":"Polygon","coordinates":[[[-76.545182988469023,37.158947275312542],[-76.546029979346159,37.159994277492324],[-76.546947968204037,37.161195279011778],[-76.547014967145159,37.161283279754009],[-76.547342963982047,37.161695280844256],[-76.548395952839357,37.16303128305092],[-76.549110945020544,37.163938284092112],[-76.54917094451865,37.164015283670679],[-76.550141934283914,37.165197286197014],[-76.55020093348999,37.165171285593921],[-76.550757930889276,37.164994282973041],[-76.551193929213071,37.164866281419812],[-76.551466927378826,37.164810280855413],[-76.551765925978614,37.164763279515718],[-76.55202492280624,37.164737277715808],[-76.553535915180561,37.16454027218105],[-76.55372591276074,37.164515272287424],[-76.553806912387827,37.164500271797927],[-76.553969911550382,37.164478270830173],[-76.554174910725706,37.164463270626179],[-76.554381908371681,37.16446126997517],[-76.554587908138416,37.164474269897582],[-76.554791906630058,37.16450126873378],[-76.554974904398549,37.164542267770791],[-76.555119904175044,37.164567268437708],[-76.555304902146148,37.164585267320348],[-76.555489901175719,37.164588267465824],[-76.555674900097202,37.164576266153105],[-76.556340896688667,37.164486264134588],[-76.557167890881374,37.164382260504297],[-76.55708289230239,37.164147260079915],[-76.557040893509594,37.163990259344253],[-76.556997893609548,37.163750258918029],[-76.556974895227611,37.163502258156598],[-76.556954895434515,37.163283257289997],[-76.5569168965975,37.16287925561091],[-76.556948899437458,37.162238253148374],[-76.55703290429939,37.160545245944768],[-76.557047904549165,37.160245244346939],[-76.55703790574546,37.159960244013263],[-76.557008906261899,37.159604242041851],[-76.556983908372317,37.159415242196907],[-76.556959908821355,37.159235241101946],[-76.556924910166074,37.159038240621321],[-76.556912909758523,37.158982240092627],[-76.557073908476269,37.15897923926903],[-76.557014909770686,37.158777238755683],[-76.556833912153479,37.15837523801045],[-76.557516908396366,37.158202236006176],[-76.557863906561337,37.158177233897312],[-76.558069904134712,37.158160233780507],[-76.558444902719586,37.158118231961438],[-76.558615900734807,37.15809023128763],[-76.559093898768467,37.157971229645959],[-76.559286897700801,37.157891228368484],[-76.559558895980686,37.157751227540466],[-76.559863894374033,37.157599225588491],[-76.560149892775669,37.157545224596866],[-76.56052188975103,37.157625223905207],[-76.56070088886942,37.157712224597702],[-76.560946887048573,37.157824223408191],[-76.561504882619687,37.157951222509134],[-76.563115871780425,37.158048217716001],[-76.56338186946887,37.158059217122243],[-76.563568867909439,37.158078216757509],[-76.563552868911628,37.158053216261266],[-76.563539868782286,37.157986215993951],[-76.56352786881753,37.15790721608365],[-76.563519870292211,37.157847216265104],[-76.563525869417504,37.157781215605105],[-76.563525869686899,37.157765215825627],[-76.563529869551502,37.157710215991791],[-76.5635468702325,37.157614214293268],[-76.563566869299308,37.15754721500992],[-76.563613870331466,37.157519213703097],[-76.563665869078164,37.157505214019153],[-76.563710869730542,37.157505213705818],[-76.563757868535617,37.157507213702985],[-76.563955866973714,37.157600213859773],[-76.56404386614696,37.157637213425843],[-76.564099866409791,37.157675213627044],[-76.564518863314106,37.15759821174656],[-76.566709849842965,37.157192204348796],[-76.566825849645809,37.156982203273323],[-76.566990849959993,37.156914201878337],[-76.567108848396273,37.15683420079921],[-76.5672398477478,37.156732200253778],[-76.567209849126797,37.156618199706635],[-76.567212848290993,37.156483199852559],[-76.567135850257628,37.156312199167537],[-76.566958854608174,37.155282195395152],[-76.566897856128705,37.154930194725829],[-76.56684385754879,37.154611194258607],[-76.566839857197934,37.15456119338085],[-76.566794859727736,37.154020192067705],[-76.5667678600675,37.153964191927784],[-76.566749860191649,37.15391419140353],[-76.566733860144097,37.153831190314222],[-76.566725860207882,37.153766191221486],[-76.566735861084922,37.153688190391357],[-76.566746860376171,37.153642190161051],[-76.566796860851127,37.153519188996377],[-76.56686986110148,37.15336818843511],[-76.566922860941006,37.153249187655831],[-76.566961860574125,37.153150187851352],[-76.567100860179238,37.152985186582804],[-76.567184860134631,37.152859185952174],[-76.567224860183913,37.152803186092825],[-76.567253860268124,37.152786186130953],[-76.567290859471427,37.152694184440826],[-76.567313859875924,37.152640184451471],[-76.567339860167905,37.15261218458555],[-76.567379859857084,37.152577183928869],[-76.567463859503306,37.152453183978942],[-76.567565859338401,37.152359182860828],[-76.567610859465034,37.15230718272872],[-76.567639858698897,37.152267182530885],[-76.567668858457168,37.152257182819348],[-76.567726859120484,37.152230182139384],[-76.56782485797963,37.152235181925427],[-76.567900857641604,37.15219518103666],[-76.567952857107784,37.15211718133979],[-76.567976856836452,37.152025181005179],[-76.567981857483232,37.151935180356688],[-76.568028858507788,37.151850179511165],[-76.568097857342494,37.15176817977401],[-76.568138856919347,37.151739178942421],[-76.568210856520238,37.151644178454333],[-76.568266856461278,37.151585177641799],[-76.568348856258282,37.151489177294955],[-76.568430856876191,37.151420176078979],[-76.568464855602485,37.151383175958799],[-76.568594856388842,37.151190175644246],[-76.568663856176258,37.151084175042442],[-76.568674855973683,37.150990174426482],[-76.569226853721815,37.150349170233099],[-76.569190854898864,37.150306170487532],[-76.569220854780056,37.150293170150853],[-76.569169855622022,37.150119169561428],[-76.569132855400014,37.150031168902025],[-76.569102857038885,37.149955169134017],[-76.569055856653364,37.149898169674671],[-76.569050857174574,37.149767169414481],[-76.568990857416125,37.149638168094562],[-76.568939858214321,37.149585167945872],[-76.568879859088412,37.149504167707207],[-76.568739860498653,37.14935016847798],[-76.568617861188002,37.149293168225192],[-76.568527862496467,37.149196167928245],[-76.568455863682672,37.149104168018219],[-76.568368864238778,37.14907716798222],[-76.568336864838386,37.148952166983996],[-76.568184865794265,37.148832168313675],[-76.568018867291954,37.148680167664786],[-76.567916868234761,37.148588167146286],[-76.567782869572511,37.148489167363039],[-76.567666871268131,37.148418168153711],[-76.567493871946894,37.148335167807247],[-76.567134875862763,37.148083168066556],[-76.566878877326872,37.147915167186341],[-76.566763878798682,37.147919168479262],[-76.566703879504985,37.147855168179611],[-76.56664287972508,37.147759168091184],[-76.566577880584759,37.147699167721683],[-76.566530880793309,37.147659167421132],[-76.566387882066778,37.147539167868864],[-76.566221883481219,37.147403167951254],[-76.566066884725629,37.147215167686156],[-76.565885887170268,37.146988167183594],[-76.56570488948266,37.146680166067],[-76.565519891314096,37.146316165525704],[-76.565494892427253,37.146104164644939],[-76.565659892327645,37.145873163454389],[-76.565885891033858,37.145797163206211],[-76.566205888896988,37.14578416147296],[-76.567327885034089,37.144708154130669],[-76.567404883921071,37.144636154229914],[-76.566943886581257,37.144663155111743],[-76.564988900377799,37.144801161323834],[-76.564898902230212,37.144288159620338],[-76.564957902297436,37.144071158402753],[-76.564842903848515,37.143923157804345],[-76.564852903917895,37.143772157482914],[-76.564682904885103,37.143648157855793],[-76.56418291026057,37.143348158522734],[-76.563787914435522,37.14260215678344],[-76.563096922886686,37.141649153911061],[-76.5626159268718,37.141457154592437],[-76.561972931851415,37.140993154694684],[-76.561889933379589,37.140927154111203],[-76.561290938339312,37.140450154833559],[-76.560708943807214,37.140098155220706],[-76.560287946784058,37.139859154966061],[-76.56007894970621,37.139674154204108],[-76.559585954097045,37.139235154208606],[-76.559374956481108,37.138953154033729],[-76.559203957918044,37.138724153736995],[-76.558942962139767,37.138117152016129],[-76.55891896293916,37.138078151681007],[-76.55844096667164,37.13764815134509],[-76.557842972631036,37.137124150955096],[-76.557718974656339,37.136983150946911],[-76.557698974614226,37.136839150118632],[-76.55693798037133,37.136763151203112],[-76.555066992423576,37.137090157593882],[-76.555113990926571,37.137152157995295],[-76.555213989530813,37.137261158269958],[-76.555411988183366,37.137421157684727],[-76.555204988825281,37.137610159285337],[-76.555175989417705,37.137641159738877],[-76.555112989383858,37.13770716011669],[-76.554995989939513,37.137842160947578],[-76.554882989403197,37.137981161800298],[-76.554589990494904,37.138424164470301],[-76.554483990962098,37.138565165078994],[-76.554391991572885,37.13867716568619],[-76.554167992469004,37.138898167765667],[-76.554083992783987,37.138967168513695],[-76.55395399287012,37.139065169129012],[-76.554644986902588,37.139622169031682],[-76.554996983470673,37.139952168866103],[-76.555080982634024,37.14001116892458],[-76.555178980807923,37.140060170069091],[-76.55531597973652,37.140084169683426],[-76.555435980096391,37.140078168519246],[-76.556076976245976,37.140000166585203],[-76.556196975730956,37.139997166858876],[-76.556316974062696,37.140007165509857],[-76.556438972664253,37.140042166562658],[-76.55662097190968,37.140174166189574],[-76.556692969914835,37.140308166166427],[-76.556737969655146,37.140458166260281],[-76.556856967573609,37.140895168298449],[-76.556923966039705,37.14121516943937],[-76.556448969349404,37.141413171932612],[-76.555992971516986,37.141534172431648],[-76.555811972607543,37.141600173782749],[-76.555107976525832,37.141784176327],[-76.554557979645324,37.141934178609233],[-76.554320981657696,37.141966179813132],[-76.55398698326735,37.142015180841142],[-76.553594985900574,37.14207918202051],[-76.553375987086511,37.142122183146967],[-76.552376993383604,37.142374186645064],[-76.55009400724623,37.142954194787897],[-76.549686009319103,37.143053196284576],[-76.548513015808496,37.143337201457591],[-76.549138008716682,37.14444820348951],[-76.549312005719671,37.144714204293734],[-76.549436005399627,37.144884205196306],[-76.549501004552809,37.144973204693429],[-76.549582003565064,37.145075205028135],[-76.549662002601337,37.14515820560834],[-76.549968999876057,37.145462205364282],[-76.550207997252159,37.145690206425122],[-76.551698982225716,37.147108207637281],[-76.551843981503055,37.147268207622638],[-76.55194897941486,37.14740220757006],[-76.552402974293813,37.148094209344158],[-76.552628972760203,37.148454209991478],[-76.552738970084192,37.148677211059997],[-76.552830969147337,37.148902212257994],[-76.553180963030755,37.150027215484684],[-76.553275961822962,37.150274215069125],[-76.553387960228221,37.15051621624697],[-76.553618956685355,37.150938218126726],[-76.553678956066705,37.151049217964825],[-76.554030953075966,37.15167021949739],[-76.554438947272175,37.152602222248866],[-76.554972939748396,37.153758225795293],[-76.555133937125277,37.154171225862626],[-76.555036937351133,37.154181226913181],[-76.554759939227068,37.154199227207052],[-76.554571940071938,37.154204228162307],[-76.553991944995474,37.154193229645955],[-76.551185963734795,37.154217237328538],[-76.547560987315634,37.154270248615681],[-76.543999011142262,37.154284259536311],[-76.543499014460707,37.154286261085005],[-76.542396020787564,37.154296264319669],[-76.541779024948028,37.154498266302603],[-76.542432018351874,37.15533926781243],[-76.543938001098454,37.157268271803353],[-76.544359996524648,37.157838272919626],[-76.545071988543086,37.158797274796655],[-76.545182988469023,37.158947275312542]]]},"properties":{"OBJECTID":38,"ADDRESS":"15198 WARWICK BLVD","PrecinctName":"Stoneybrook","Num":111,"TOTAL":7753,"BLACKNH":3409,"WHITENH":2279,"TOTALHISP":1420,"ASIANNH":323,"TOTAL18":5722,"USCON":"C03","STSEN":"S024","STHOD":"H070","COUNCIL":"NORTH","POLLINGLOC":"DENBIGH COMMUNITY CENTER","GlobalID":"{A3931F95-CE48-4DDB-8846-F410ACB04989}"}},{"type":"Feature","id":39,"geometry":{"type":"Polygon","coordinates":[[[-76.471535758183478,37.054861880425925],[-76.472782746237556,37.056906888969998],[-76.472968744750219,37.057210891364939],[-76.474289733402401,37.059357901230364],[-76.475402723165885,37.061142909939676],[-76.475664721233088,37.061562912601389],[-76.476734710172224,37.063281920805494],[-76.478738692458066,37.066476936922797],[-76.479236689177341,37.067271940479486],[-76.479530685685958,37.06773994255871],[-76.479639685711049,37.067911943631593],[-76.480551677141079,37.069450951587847],[-76.481038673162573,37.070266955350299],[-76.481153672360364,37.070398956221993],[-76.481222671511645,37.070324956233591],[-76.481489672277846,37.070044955167006],[-76.481730672259928,37.069769953756939],[-76.481820672723529,37.069657954061981],[-76.48213767270849,37.069265952345795],[-76.482350673756855,37.068980951210705],[-76.483886678112441,37.066643941620818],[-76.483921677948345,37.066591942472172],[-76.484008678495414,37.066459940946217],[-76.484963681658741,37.064989935210939],[-76.485637684114607,37.063981930960324],[-76.486104684690829,37.063291928099076],[-76.486628686018648,37.062528924921914],[-76.487025687958578,37.061913922107607],[-76.487048688194136,37.061853922376024],[-76.487054688072988,37.061790922709349],[-76.487041688404048,37.061728922340173],[-76.487011688476315,37.061669922111101],[-76.487060688307608,37.061564921381461],[-76.487045688736373,37.061531921005525],[-76.487038688395018,37.061464919908524],[-76.487052690130014,37.061398920420032],[-76.487069689910498,37.061364919410785],[-76.487195689003002,37.061198919297887],[-76.487393689411959,37.060949917694636],[-76.487472690627413,37.060836917446878],[-76.487528690113308,37.06072891758582],[-76.4875716911653,37.060571917126197],[-76.487726692187323,37.059971913400076],[-76.487836694642894,37.059548912231051],[-76.48789569569891,37.05932291058366],[-76.487939694868658,37.059159910748576],[-76.488115696760929,37.058499906731576],[-76.48828970390791,37.056582898374813],[-76.488805709761067,37.054823890673617],[-76.489067712863687,37.053841886065392],[-76.489158713100181,37.053506883961802],[-76.489299715584181,37.052886882322817],[-76.489383716213567,37.052599881047584],[-76.489454716527533,37.052358879186727],[-76.489472717040982,37.052271878469341],[-76.48950571809155,37.052054877967066],[-76.489512718266084,37.051917877148085],[-76.489499718670416,37.051672875941243],[-76.489471719567291,37.051551875351038],[-76.489410720542978,37.051352874504786],[-76.488458730897463,37.049200864096036],[-76.488058736074308,37.048331859093018],[-76.488020737091489,37.048244859834213],[-76.487972736883407,37.048098857854178],[-76.487945737111346,37.04795885875231],[-76.487943737883199,37.047854857402811],[-76.487959739190472,37.04775185674557],[-76.48799273873324,37.047651856800996],[-76.488335739303693,37.047045853773788],[-76.488428741252847,37.046851852687659],[-76.488442740044931,37.046813852458357],[-76.488452739763389,37.046748852488975],[-76.48844374106821,37.046683852441099],[-76.488304742897768,37.046305850264474],[-76.488026745514844,37.045651846731801],[-76.487946747417709,37.045416846043807],[-76.487910747618415,37.045264845255559],[-76.487891748963094,37.045080844298859],[-76.487896749063154,37.044903842981462],[-76.487914750287445,37.044786842946657],[-76.487951750479951,37.044643842720681],[-76.488322753331559,37.043678837818177],[-76.488533753573762,37.043151835726647],[-76.488652755737874,37.04275983422891],[-76.488677756082396,37.042629833137553],[-76.488749757148113,37.042285831512139],[-76.488816757771602,37.041995830817314],[-76.488853757888521,37.041837829664253],[-76.488634759559758,37.041642828781846],[-76.488653867868379,37.041626932348535],[-76.488598830167021,37.041600391072073],[-76.488560322995141,37.041588939045369],[-76.488492017679462,37.041568624511577],[-76.488454891635513,37.041528529572602],[-76.488381135525131,37.0415005192189],[-76.488348968680953,37.04148830567145],[-76.488229232754165,37.041399049115228],[-76.488098581325872,37.041286222077048],[-76.488017288128589,37.041193814995403],[-76.487913386824346,37.0411046592357],[-76.487815788186523,37.040990756295358],[-76.48782429783364,37.040924744847196],[-76.487826719400587,37.040905985600624],[-76.487825263206645,37.040863464385936],[-76.487823312009638,37.040806538831184],[-76.487626585679038,37.040752213341818],[-76.487436847557603,37.040690316907487],[-76.487230098736802,37.040567046014253],[-76.487107144481669,37.040492447300316],[-76.486971418570363,37.040412290677445],[-76.486877019661264,37.040352479365502],[-76.486688360662683,37.040217601334128],[-76.486569393870354,37.04011361778587],[-76.48649529324463,37.040047258166219],[-76.48642334619646,37.039982025925006],[-76.486343234031523,37.039901261248431],[-76.486209237294716,37.039760730413263],[-76.486102889527928,37.039635357553898],[-76.486014184609658,37.039514773152447],[-76.485929454754512,37.039394853350629],[-76.485919959944454,37.039381418990075],[-76.485799610101196,37.039255315095104],[-76.485755551210104,37.03921304564652],[-76.485752162471201,37.039209795196683],[-76.485750612308976,37.039208306735524],[-76.485750404314743,37.039208517691478],[-76.485750378898842,37.039208501032888],[-76.485423105576629,37.038970580962811],[-76.485616252698364,37.038795316052003],[-76.485029190575816,37.038606605462192],[-76.48539286485277,37.038046997835799],[-76.4853115944194,37.038018207053014],[-76.485277884891588,37.038004938365809],[-76.485246072180331,37.037987607995689],[-76.485216643398488,37.037966481303449],[-76.485190049156444,37.03794188177875],[-76.485152223145988,37.037931526394281],[-76.485116728629535,37.037914847654669],[-76.485084613813939,37.037892338108385],[-76.48505248195039,37.037867071243049],[-76.485017658046388,37.037845666410703],[-76.484980604005031,37.037828407524351],[-76.484923728798137,37.03779096925706],[-76.484864109621356,37.037758075993686],[-76.484802108921201,37.03772992770427],[-76.484738103622362,37.037706695512448],[-76.484672482836203,37.037688520655102],[-76.484614551071573,37.037678391427498],[-76.484246082938299,37.038258137584464],[-76.484245720984646,37.038258092630805],[-76.484245680600011,37.038258089235441],[-76.484234560814414,37.038256753278667],[-76.48422203328721,37.038253395892561],[-76.484212810520958,37.038250191526899],[-76.484203010697016,37.038245141290574],[-76.484194191100883,37.038239042474899],[-76.484186527487552,37.0382320080504],[-76.48418017012014,37.038224179393282],[-76.484175248601417,37.038215713749928],[-76.484171066860867,37.038207628511202],[-76.484166432358649,37.038199699560721],[-76.484161358100337,37.038191945147609],[-76.484155853696052,37.038184384364108],[-76.484149930095825,37.038177028213426],[-76.484143601428869,37.038169894963808],[-76.484136869630845,37.038162996365593],[-76.484129764588161,37.038156350055409],[-76.48412228945611,37.038149964199164],[-76.484114460515528,37.038143860707216],[-76.484106302441873,37.038138041804629],[-76.484097820373947,37.038132525605711],[-76.484089038795219,37.038127321542831],[-76.484079970974989,37.038122437954996],[-76.484070640104846,37.038117890561757],[-76.484061061821748,37.038113683235956],[-76.48405125723761,37.038109825352301],[-76.484041244069005,37.038106327128581],[-76.484031046895183,37.038103194393521],[-76.484020682404832,37.038100433742123],[-76.483905683882753,37.038043520103599],[-76.483994975300448,37.037907688679304],[-76.483837325344197,37.037825849592423],[-76.483650201861181,37.037728709452622],[-76.483454976488545,37.037624634283532],[-76.483319075431197,37.037552183799129],[-76.483298799025391,37.037541374858542],[-76.483320237534116,37.037508586083085],[-76.483609605623684,37.037065934563635],[-76.483335480844488,37.036936625582698],[-76.482678925587379,37.036626921617518],[-76.482603114668521,37.036771225637906],[-76.482182481579585,37.036610171780708],[-76.481387048244557,37.03636851759466],[-76.481322991811524,37.036429638422291],[-76.481290548504376,37.036416994529937],[-76.481194490292324,37.036391826584094],[-76.481092256628813,37.036383547979121],[-76.48095246784402,37.036379217491003],[-76.48078706244884,37.036284816496732],[-76.480667352463314,37.036184944745131],[-76.48109556718812,37.035842156659477],[-76.480262836616305,37.035504173516074],[-76.480303457361885,37.035463074275611],[-76.48019895349546,37.035257973089379],[-76.480199199443859,37.035257730346672],[-76.480302548627506,37.035155342092366],[-76.480149728041454,37.035095609949856],[-76.479656806868988,37.035785798310137],[-76.47940980809949,37.035636798240446],[-76.47705681249785,37.036258800688763],[-76.477042812353417,37.036329801537683],[-76.476986812655397,37.036470801165429],[-76.476913812080753,37.036605801467573],[-76.476824811169365,37.036734802482009],[-76.476732811330095,37.03683980286624],[-76.476601811509425,37.036966802996034],[-76.476487810798247,37.037061803477314],[-76.47640481134701,37.037124804366137],[-76.476052810653258,37.037394805406947],[-76.475845811269977,37.03752480655816],[-76.47570981133012,37.037592805738704],[-76.475525811794057,37.037667805612266],[-76.475360812328702,37.037751806260715],[-76.475206811957605,37.03784780676903],[-76.475064812172278,37.037954807713255],[-76.474348810957864,37.038595810363958],[-76.472242810410634,37.040606817774147],[-76.471331808638936,37.041491821348338],[-76.471476808639252,37.041592822428193],[-76.471396807808489,37.041689822600681],[-76.471209807359685,37.041917823272364],[-76.471199807291882,37.041944823144867],[-76.470641806683332,37.042559826590285],[-76.469865805602254,37.043427828885179],[-76.469787805734342,37.043503830142136],[-76.46971780644644,37.0435388302161],[-76.4696568064724,37.043556829646242],[-76.46957480615886,37.043566830003705],[-76.469493806749114,37.043562830188492],[-76.469399806520897,37.043538830180651],[-76.469355807407794,37.04351882993371],[-76.469277807371554,37.043597830462282],[-76.469227806756919,37.043636830023786],[-76.469042806438722,37.043735830279054],[-76.468821806419555,37.043871831374261],[-76.468767806879626,37.043909831597297],[-76.468695807351494,37.043959830641015],[-76.468117806409253,37.044398833085104],[-76.468165807001043,37.044520833487724],[-76.468232805368572,37.04475383426054],[-76.468260804157154,37.045049836031026],[-76.468214803497759,37.045217836683449],[-76.468155803238886,37.045385837430466],[-76.468026802886598,37.045641838652287],[-76.4677448024906,37.045945839126226],[-76.467613800464704,37.046378841485115],[-76.467607799855372,37.046569841874074],[-76.467638798994656,37.047013844166841],[-76.467671797697506,37.047289844560709],[-76.467790795618541,37.047537846001767],[-76.468032794271053,37.047923847974594],[-76.468598788579442,37.048832852676654],[-76.469285782043855,37.049996857675211],[-76.469531780203837,37.050413859521811],[-76.470356772340992,37.05171886498708],[-76.470487771215119,37.052031866283627],[-76.470437769316078,37.052343867912334],[-76.470363768315991,37.052948870545357],[-76.470774764374241,37.0536198737897],[-76.471535758183478,37.054861880425925]]]},"properties":{"OBJECTID":39,"ADDRESS":"29 COPELAND LN","PrecinctName":"Warwick","Num":322,"TOTAL":2650,"BLACKNH":939,"WHITENH":1383,"TOTALHISP":176,"ASIANNH":47,"TOTAL18":2128,"USCON":"C03","STSEN":"S024","STHOD":"H085","COUNCIL":"SOUTH","POLLINGLOC":"WARWICK RECREATION CTR","GlobalID":"{E9F66BAE-60A4-4667-A4E5-78F91097EDE2}"}},{"type":"Feature","id":41,"geometry":{"type":"Polygon","coordinates":[[[-76.449038801725067,37.07918410636146],[-76.449141726185672,37.079283960640495],[-76.453393698231721,37.083410982052193],[-76.453607696648803,37.083617983251891],[-76.453679697228935,37.083686982842153],[-76.454429692731154,37.084411986969045],[-76.454640690896341,37.084615988565226],[-76.455162687143684,37.085151990905729],[-76.456680676401177,37.086710999334102],[-76.456871674923647,37.086908000756317],[-76.457304672388815,37.087352002688618],[-76.457965668260414,37.088012005612548],[-76.458963662239597,37.089013011780686],[-76.459172660219906,37.08922401216163],[-76.459168662481915,37.088924011850764],[-76.459170666576227,37.087662006664246],[-76.459170666312005,37.087499005292585],[-76.459184670812107,37.086597001172144],[-76.459185676423161,37.085053995785671],[-76.459189678740003,37.084496993959696],[-76.459213679548498,37.084253992369263],[-76.459261681198498,37.083935991117194],[-76.459325680998134,37.083626989973766],[-76.459450683013785,37.083175988522008],[-76.459485682936005,37.083047987818233],[-76.459630684731778,37.082651986988438],[-76.459690685292287,37.082511986407951],[-76.459793684950029,37.08228098492485],[-76.459944685958263,37.081976983742017],[-76.460078686609776,37.081733983303735],[-76.460240687345006,37.081475982845141],[-76.460473688503299,37.081135980675199],[-76.460704688419327,37.080832980552884],[-76.460945688854693,37.080544978953377],[-76.461274689566736,37.080208977693509],[-76.461524690002989,37.079955977637049],[-76.461825690210617,37.079688976871935],[-76.462105689138568,37.079465976012898],[-76.462340689340081,37.079284976470461],[-76.46251868954441,37.079161975790342],[-76.462876689088262,37.078929975103328],[-76.463107689186131,37.07878997453318],[-76.463181690165968,37.078745974408712],[-76.463615688503779,37.078503973123254],[-76.463659689018471,37.078481973594975],[-76.463788689326151,37.078417973541363],[-76.463954688616965,37.07833597353536],[-76.464321688604699,37.07817097336774],[-76.464890687233293,37.077941972974173],[-76.467285684440327,37.076986971724736],[-76.468644682931455,37.076444970087913],[-76.469492682241068,37.076112969989225],[-76.470008681895976,37.075910969054341],[-76.470882680142182,37.075556968804776],[-76.472840677489927,37.074764967772509],[-76.474035676349757,37.074287966380687],[-76.474760675385483,37.07399996638965],[-76.474944675452505,37.073925966994786],[-76.475575674392786,37.073674965729943],[-76.476673673229655,37.073239965075352],[-76.477195671975096,37.073026964464155],[-76.477772672363557,37.072772963883821],[-76.478044671528139,37.072638963564849],[-76.478326671365949,37.072486963681165],[-76.478823670985363,37.072201962154558],[-76.479131671096283,37.072004961119077],[-76.479451670510684,37.071780961522464],[-76.479677671494301,37.071604961027852],[-76.480041671402091,37.071350959771372],[-76.480330671811004,37.071127959382594],[-76.480761671963961,37.070765957761282],[-76.48096267137106,37.070584957478118],[-76.480991671375691,37.070556956679724],[-76.481153672360364,37.070398956221993],[-76.481038673162573,37.070266955350299],[-76.480551677141079,37.069450951587847],[-76.479639685711049,37.067911943631593],[-76.479530685685958,37.06773994255871],[-76.479236689177341,37.067271940479486],[-76.478738692458066,37.066476936922797],[-76.476734710172224,37.063281920805494],[-76.475664721233088,37.061562912601389],[-76.475402723165885,37.061142909939676],[-76.474289733402401,37.059357901230364],[-76.472968744750219,37.057210891364939],[-76.472782746237556,37.056906888969998],[-76.471535758183478,37.054861880425925],[-76.471499757262919,37.05489188000896],[-76.471431757503623,37.054957880584382],[-76.471394757942392,37.054994880626779],[-76.470999757117809,37.055380881611896],[-76.470777756839908,37.055617882471033],[-76.470653756682097,37.055767883462501],[-76.470530756693989,37.055944884444699],[-76.470388755557664,37.056187884318177],[-76.470254755327289,37.056404885393981],[-76.470213755370011,37.056455885769743],[-76.470111754383169,37.056563886132274],[-76.470049754664387,37.056620886913883],[-76.46994275560877,37.056706887137366],[-76.468938755733873,37.057365889107089],[-76.468493756023932,37.057650889989105],[-76.467770756554671,37.058111891240486],[-76.467097755767426,37.058537892150341],[-76.466695755669065,37.05880589426036],[-76.466282756175886,37.059062894627189],[-76.465926756697286,37.059343895172347],[-76.465814755742841,37.059465896134434],[-76.46574875603612,37.059502895589048],[-76.46466475693444,37.06021789815015],[-76.46153575730213,37.062219904157281],[-76.461156757153333,37.062476904087312],[-76.460543757310504,37.062857905558261],[-76.459403757706184,37.063639907883058],[-76.459272757674597,37.063701907842564],[-76.459152758136526,37.063775908325383],[-76.45902475747998,37.063878908927329],[-76.458823758187819,37.064007908404562],[-76.458598758197581,37.064130909646941],[-76.458388758779179,37.064230910040635],[-76.458163758683057,37.06432590994428],[-76.457874758928625,37.064431909930434],[-76.457698759087876,37.064488910615587],[-76.457392760845394,37.064561910133278],[-76.457083760379078,37.064621910171113],[-76.456766760807128,37.064667910072167],[-76.456435761891768,37.064702909817917],[-76.456102762249799,37.064722910133547],[-76.45576876303673,37.064729909486836],[-76.455434764728437,37.064711909680369],[-76.455102765834297,37.064679908216547],[-76.454970766354393,37.064663908940062],[-76.454118769212769,37.064540907053242],[-76.453703770228984,37.064476907596443],[-76.453536771183323,37.06445190636051],[-76.453206772736863,37.064402905553216],[-76.451783776612189,37.064199904707621],[-76.45111277917259,37.064089903450238],[-76.45044678119956,37.063963902092908],[-76.449865783949306,37.063840900739436],[-76.449193786244649,37.063697900553066],[-76.449105786755212,37.063679900061842],[-76.448998787206278,37.063657900230147],[-76.448878785989919,37.064017900816175],[-76.448795785209725,37.064255901430961],[-76.4486967843782,37.064506902547677],[-76.448470784321273,37.064805903409159],[-76.448327782802622,37.065006904672735],[-76.447993781873663,37.065484905762411],[-76.447787782216821,37.065842906708859],[-76.447555780962219,37.066140908122698],[-76.447445780419557,37.066306909033116],[-76.447312780239585,37.066491909135451],[-76.447099779949156,37.066781909898062],[-76.44697277847618,37.067033910590695],[-76.446897778888598,37.067219912242855],[-76.446816778011765,37.067466911907722],[-76.446799778055521,37.067556913071719],[-76.446778777102097,37.067662913320262],[-76.44675277612923,37.067966914358259],[-76.44660077422067,37.068557917206242],[-76.446696768111465,37.070353923623493],[-76.446777765512593,37.07081892518071],[-76.446835764004035,37.071056926215249],[-76.447050762127049,37.071467927737686],[-76.447211761173733,37.071758928956442],[-76.447320759663853,37.071929930701558],[-76.447630757306968,37.072350931956102],[-76.447744755412685,37.072488932739759],[-76.447949754811006,37.072690933803329],[-76.448371752061675,37.073086935421372],[-76.44943274549361,37.074162940861527],[-76.449643743769414,37.07439294284471],[-76.449797742605099,37.074571943231788],[-76.449957740705088,37.075061945318168],[-76.450204736277115,37.075775947639656],[-76.450380408917823,37.076271187182869],[-76.450412957255097,37.076308418505704],[-76.450600252572329,37.076480369171122],[-76.450851993427719,37.076651035916576],[-76.450997582437381,37.076749902966654],[-76.451351027736095,37.076992312015769],[-76.451409753432628,37.07697613338437],[-76.451480363193966,37.077027528169282],[-76.451451246544522,37.077049076304583],[-76.451406887983609,37.077081903515328],[-76.450792061558815,37.077545162459195],[-76.450736558534572,37.077598019463565],[-76.450441716997105,37.077878802422866],[-76.450220451880497,37.078089516185614],[-76.450185193972459,37.078082706943881],[-76.450157884955416,37.078107051488665],[-76.449630727173627,37.078594958123695],[-76.449174798494468,37.079004051474428],[-76.449038801725067,37.07918410636146]]]},"properties":{"OBJECTID":41,"ADDRESS":"21 BURNS DR","PrecinctName":"Watkins","Num":320,"TOTAL":7286,"BLACKNH":2162,"WHITENH":3970,"TOTALHISP":506,"ASIANNH":318,"TOTAL18":5760,"USCON":"C03","STSEN":"S023","STHOD":"H085","COUNCIL":"SOUTH","POLLINGLOC":"WATKINS EARLY CHILDHOOD CTR","GlobalID":"{A6EFFDE2-67EF-4CA1-9775-F8D93BF91654}"}},{"type":"Feature","id":42,"geometry":{"type":"Polygon","coordinates":[[[-76.39515273257787,36.981360878614005],[-76.395130189017848,36.981417096444893],[-76.395223043738497,36.981566115537753],[-76.395334957108659,36.981745719873558],[-76.395438281990351,36.981927746487166],[-76.395545389369062,36.982116433040026],[-76.395521662991285,36.982315002389939],[-76.395441991208273,36.982479708250835],[-76.39537302400295,36.982750491099893],[-76.395270387053955,36.983086396252929],[-76.394298580320111,36.983908791518346],[-76.393553269367871,36.984544536391823],[-76.391370309661141,36.986398142469952],[-76.390928358037485,36.98676759284762],[-76.389909589437949,36.987638404943333],[-76.389758106443054,36.98760282904945],[-76.38974691119428,36.987759630654999],[-76.388939947376841,36.988464528232655],[-76.388352736741126,36.988952306573552],[-76.387645867453259,36.989594890526313],[-76.38772250982467,36.989653426611099],[-76.387732514783877,36.989661068399975],[-76.387749090016527,36.989673726910119],[-76.387749193254194,36.989673248349625],[-76.387781814988585,36.989697984422421],[-76.387822173341334,36.989714685118933],[-76.388441173434728,36.990195684482281],[-76.388542522306011,36.990274802883796],[-76.390038813551982,36.991409389178813],[-76.390373172645056,36.991657682886988],[-76.390782346072868,36.991973183760692],[-76.394057998595528,36.994456998729554],[-76.394086171626896,36.994477681163588],[-76.39410568868864,36.994493161194058],[-76.395351978271748,36.995438179547165],[-76.396552771243137,36.994423939806474],[-76.396582830990042,36.994446666238787],[-76.396585164988778,36.994444679950838],[-76.397559164199734,36.995179678967133],[-76.398092164499928,36.995581678573409],[-76.398247163787261,36.995695679177466],[-76.398385164465878,36.995803678638524],[-76.398514163194619,36.99590067860148],[-76.398945163095505,36.996226677999502],[-76.39910816397321,36.996377678625755],[-76.399373164571955,36.996579677630834],[-76.399854163780276,36.996946678219032],[-76.400150163525979,36.99717267687403],[-76.400539679955884,36.997470251694807],[-76.401639379606422,36.997119534046213],[-76.401472932778262,36.996575352610876],[-76.401279707734346,36.996132342351409],[-76.401156122692711,36.995525552749406],[-76.400473798361745,36.99351638618046],[-76.400296124437119,36.992336767646506],[-76.400065022599634,36.992126968643177],[-76.399801535731925,36.991761421592102],[-76.39971514472191,36.991686678502141],[-76.399290146294135,36.991389679114981],[-76.399348081565407,36.991342141278615],[-76.399342571624388,36.991338159055189],[-76.399633795494012,36.991090009149246],[-76.398445144012001,36.990244680273051],[-76.398385143556055,36.990076679276569],[-76.39791313975725,36.988751680578027],[-76.39819213920525,36.988911680087497],[-76.398695138996985,36.989198679399806],[-76.398906135978237,36.988582680030284],[-76.398972135749304,36.988393680107009],[-76.399196131423409,36.987622680570489],[-76.399315130370979,36.987216679917488],[-76.399111122739995,36.985095681148316],[-76.399069123129323,36.984876681506698],[-76.397737119805171,36.983076682091877],[-76.39709112111116,36.982805682336618],[-76.396395121378887,36.982286682382735],[-76.39634703883668,36.982250851687382],[-76.396185361053298,36.982261149169297],[-76.396010691785349,36.982159441932069],[-76.395888991865974,36.982034948610512],[-76.395777660033318,36.98186500225394],[-76.395706666544271,36.981773659145944],[-76.395369011245677,36.981339217299592],[-76.395262819638248,36.981311759317158],[-76.39515708199761,36.981350030408684],[-76.39515273257787,36.981360878614005]]]},"properties":{"OBJECTID":42,"ADDRESS":"50 MAPLE AVE","PrecinctName":"Wilson","Num":318,"TOTAL":1665,"BLACKNH":1290,"WHITENH":200,"TOTALHISP":85,"ASIANNH":11,"TOTAL18":1292,"USCON":"C03","STSEN":"S023","STHOD":"H085","COUNCIL":"SOUTH","POLLINGLOC":"IVY BAPTIST CHURCH","GlobalID":"{4995C6D9-AFBF-4821-BACF-82E93F59D7E7}"}},{"type":"Feature","id":43,"geometry":{"type":"Polygon","coordinates":[[[-76.510646252379189,37.149043331949535],[-76.508933257759509,37.150967346608425],[-76.509554252539786,37.151317345770387],[-76.511219237060104,37.152253345320688],[-76.511642233963073,37.152509345242635],[-76.511919231373469,37.152686345492121],[-76.511949231061053,37.15271934507544],[-76.511964229995527,37.152739345522022],[-76.51199723019738,37.152770346099459],[-76.512200228659367,37.152887345762629],[-76.512396226408853,37.152990345167375],[-76.512931221940363,37.153226344896318],[-76.513089220953418,37.153304345112623],[-76.513341218432345,37.153410344874487],[-76.51345921850708,37.153444345042026],[-76.513582217398721,37.153463344126536],[-76.514019214873287,37.153475343321013],[-76.514325211588954,37.153495342713008],[-76.51481320824216,37.153564341698626],[-76.515122206268657,37.153608340821044],[-76.515412204634501,37.153633339870709],[-76.515501203906268,37.153641339429448],[-76.515938200987023,37.153691339525594],[-76.516151199471963,37.153723337918123],[-76.516607196339407,37.153818337304287],[-76.516883193641149,37.153866337411827],[-76.517351190594169,37.153930335186885],[-76.51747719170244,37.153321332436754],[-76.517521191633961,37.153076331240612],[-76.517659193683727,37.152288327147062],[-76.517695193838293,37.152137326421311],[-76.517769194708052,37.151894324641184],[-76.517821195377394,37.151764324620871],[-76.517912194512434,37.151577322613413],[-76.518036195480263,37.15136732133999],[-76.518168194010542,37.151179320896873],[-76.51830519461511,37.151028319112861],[-76.51841319471157,37.150926318767738],[-76.518554192500304,37.150806318457711],[-76.518763193190182,37.150657316250026],[-76.519339189430653,37.150334313149543],[-76.520813182406258,37.149531305920945],[-76.521023182191556,37.149429304310566],[-76.521198181400209,37.149361303536487],[-76.521361179467561,37.149310302556955],[-76.521558178267512,37.149264301659819],[-76.52175917773549,37.149232301711606],[-76.521968175119028,37.149214301233961],[-76.522178174745832,37.149211300479159],[-76.522388172975283,37.149221298839066],[-76.522612172386985,37.14924729899645],[-76.522855170044139,37.149277299055221],[-76.523233167124317,37.149309297400812],[-76.52361616512367,37.149327296361783],[-76.523748164306767,37.149331296552752],[-76.523806163593306,37.149337295914677],[-76.523921162763742,37.14935629535934],[-76.52403316149956,37.149383295767329],[-76.524167160952516,37.149429295512881],[-76.524293159626708,37.149488295771434],[-76.524410158270157,37.149558295157604],[-76.524515157324743,37.149639295728797],[-76.524645156086464,37.149765296123448],[-76.525328148966153,37.150443296553554],[-76.525523147112921,37.150638296532918],[-76.52559814653641,37.150704297267133],[-76.525726144912724,37.15079129685104],[-76.525796145442186,37.150828297253554],[-76.525919142983497,37.150880297316505],[-76.526050142369996,37.150920296929911],[-76.526185142082824,37.150947296249541],[-76.526708137734587,37.150998295675208],[-76.527700131477786,37.151085292658166],[-76.527739132025133,37.150799291761587],[-76.527906134014927,37.149726285530697],[-76.52797813544251,37.149174284097832],[-76.528054136443771,37.148709281072279],[-76.526652152836675,37.146926276942473],[-76.52586116125552,37.145941275326315],[-76.525107168807253,37.144992272751139],[-76.525043170239741,37.144910271973643],[-76.524507176196948,37.144223270182358],[-76.524163180138814,37.143803270286462],[-76.524021182382242,37.143631270044303],[-76.523667186884666,37.143136268410125],[-76.523542187012495,37.142961268055124],[-76.523317189320608,37.142679266731975],[-76.523257189740818,37.142603267019865],[-76.52286719420961,37.142128265812303],[-76.522565199144623,37.141748264629129],[-76.522188203222186,37.141273263556407],[-76.521494210343533,37.140387260908149],[-76.521333212134294,37.14016226155367],[-76.521148214415987,37.139901260352694],[-76.520755218544608,37.139486258782838],[-76.520668219847948,37.139394259638479],[-76.520384223202285,37.139040257919127],[-76.520084226537108,37.138652257238014],[-76.520022227283675,37.138565256870535],[-76.519917226895259,37.138635258396867],[-76.519757227386975,37.138779259062957],[-76.519614228831159,37.138934260673452],[-76.519289228864878,37.139339262948937],[-76.517621233415554,37.141208276209454],[-76.51661023669962,37.142350283616963],[-76.51559923990628,37.14348529134373],[-76.514783242085258,37.144400298443877],[-76.513087246906935,37.14630231241506],[-76.5125142477916,37.146945316536438],[-76.510646252379189,37.149043331949535]]]},"properties":{"OBJECTID":43,"ADDRESS":"224 RICHNECK RD","PrecinctName":"Windsor","Num":109,"TOTAL":3466,"BLACKNH":1352,"WHITENH":1359,"TOTALHISP":375,"ASIANNH":210,"TOTAL18":2717,"USCON":"C03","STSEN":"S024","STHOD":"H070","COUNCIL":"NORTH","POLLINGLOC":"STEVENS MEMORIAL BAPTIST CHURCH","GlobalID":"{7D0F5981-924F-4C6C-A1B8-20CA476E43C1}"}},{"type":"Feature","id":44,"geometry":{"type":"Polygon","coordinates":[[[-76.496254561286776,37.088633059150176],[-76.496180559997399,37.088961060760468],[-76.496128559681495,37.089187062492392],[-76.496100559153163,37.089307063186503],[-76.49599255801094,37.089771064412012],[-76.495958558047008,37.08991806465913],[-76.495898556772659,37.090182066627499],[-76.495703553734131,37.09106007030887],[-76.495667553176276,37.091280071784091],[-76.495649552544521,37.091394072095895],[-76.495636552378073,37.091539072576182],[-76.495635551834624,37.09168507306358],[-76.495643550951755,37.091831074336525],[-76.495697548965666,37.092309076021401],[-76.495773546652046,37.092784079180518],[-76.495853544933624,37.093213080511561],[-76.495910544297885,37.093426081664632],[-76.495981543843499,37.093632083362202],[-76.496038542800932,37.093768084221544],[-76.49609354181699,37.093882084193851],[-76.495751542650041,37.093997084416095],[-76.497285530185593,37.096457099435511],[-76.497434527700236,37.096698099869016],[-76.498150522369059,37.097861107127081],[-76.498508518131459,37.098441110492189],[-76.499118513135997,37.099430116378642],[-76.499287511524358,37.099704118376039],[-76.499830506943354,37.100584123212485],[-76.500285501934002,37.101322125996667],[-76.500988491649352,37.102445130413784],[-76.501621483691395,37.10338313407307],[-76.501840481379418,37.103706134513708],[-76.502106477356463,37.10410013625647],[-76.502897468602498,37.105126139676841],[-76.503415462090331,37.105797142328157],[-76.503517461339342,37.105923142188011],[-76.503748457800256,37.106231144053808],[-76.503907456382422,37.10643414362918],[-76.505303440248596,37.108222150052768],[-76.50727141687382,37.110745157322654],[-76.510563399514297,37.108815140230163],[-76.511134396742676,37.108481137632765],[-76.512748388935478,37.10761113049071],[-76.51300338903809,37.107269128342494],[-76.513005387880369,37.107196127991472],[-76.513022390232607,37.106737125979926],[-76.513107389352811,37.106682125177883],[-76.513269388345776,37.10657812377476],[-76.513330388647418,37.10654012437989],[-76.513398388597807,37.106197122475173],[-76.513487390038591,37.105957121095273],[-76.513408390084436,37.105848120861786],[-76.512976396074762,37.105187118424894],[-76.51284639716917,37.104987117934208],[-76.51227340572315,37.104032114543948],[-76.513306398744348,37.10363911038371],[-76.513349398967051,37.103624110061467],[-76.513344399062959,37.10348710955158],[-76.513328401639711,37.103005107601206],[-76.513254406353539,37.101733101950295],[-76.513622409384141,37.100108093750869],[-76.514887405659991,37.09877508526602],[-76.515963399580372,37.098009078726541],[-76.517905390575081,37.09663106873095],[-76.518537387538615,37.096355065964879],[-76.518782386345791,37.096248064489103],[-76.519682393219924,37.092648046625648],[-76.521564382594136,37.091555038516816],[-76.522282383123624,37.089948029736377],[-76.522882386746758,37.087648017620864],[-76.522901390075504,37.086638013690362],[-76.522914392607717,37.086030010203572],[-76.522921393035816,37.085698009532969],[-76.522938395512156,37.084864004849017],[-76.520880411722473,37.084703008319337],[-76.520449413792321,37.084901009884206],[-76.520288415222879,37.084976010449466],[-76.520131415332088,37.085092010992469],[-76.519382419047417,37.085748014996284],[-76.518882421768311,37.085876017155186],[-76.518536422830934,37.086556020649496],[-76.518384422848357,37.086511020837484],[-76.518015426895332,37.08639502052467],[-76.517932427550122,37.086377020425644],[-76.517847428171024,37.086365020896423],[-76.517760429204429,37.086361021047288],[-76.517674429103636,37.086364021293051],[-76.517588429621213,37.086375021519672],[-76.517480430035079,37.086394021995581],[-76.517382431144469,37.086418021673822],[-76.517271432538621,37.08645202338613],[-76.517171432134674,37.086492023528784],[-76.517076432802583,37.086537023499517],[-76.51644143619292,37.086808024889621],[-76.516193437966635,37.086894026831253],[-76.515860440419772,37.086996027432015],[-76.51568644151962,37.087045028154947],[-76.515532442606869,37.087083027872218],[-76.515380443806336,37.087127028659452],[-76.515231444112445,37.087177030227473],[-76.515084444903536,37.087232030632741],[-76.514942446567233,37.087292030857995],[-76.514802447131885,37.087358031273176],[-76.513528454714788,37.0879120357856],[-76.513367455739896,37.087971036943323],[-76.513202455724468,37.088022037980245],[-76.513035457629286,37.08806703751339],[-76.51286445855385,37.088104037798523],[-76.512692459743974,37.08813403851665],[-76.511968464735205,37.088239041183648],[-76.511750465484994,37.088259041294869],[-76.510381475778956,37.08839104473175],[-76.508300489811305,37.088594049325771],[-76.506629502338711,37.088748052816769],[-76.506359503956872,37.088765053349846],[-76.506258505049175,37.088765053361819],[-76.506157505601877,37.088757053224612],[-76.50605850596807,37.088741053438959],[-76.505944507077288,37.088714054286783],[-76.505536510428087,37.08861905386749],[-76.504268520168978,37.088330054957154],[-76.504073522173925,37.088285055517147],[-76.503808524412165,37.088225055465116],[-76.503158530488676,37.088079055910988],[-76.502122538339677,37.087846056384699],[-76.501914540182213,37.087800056867337],[-76.501524543062274,37.087716057003078],[-76.501444543574138,37.087705056974997],[-76.501363544521183,37.087699057552797],[-76.501282544374305,37.08769905810373],[-76.501121546526647,37.087717058161445],[-76.50108754579243,37.087725057369688],[-76.500966547806172,37.087758058564546],[-76.500758548389641,37.087839058441851],[-76.500042557645529,37.086843054860012],[-76.499994557833148,37.086776055694756],[-76.499669561651274,37.086321052297983],[-76.499199563755013,37.085637048917462],[-76.499024565434993,37.085341046621771],[-76.498859568107704,37.08504204490098],[-76.498702569176814,37.084740044027804],[-76.498643570720006,37.084610042852788],[-76.498467570629387,37.084675043378461],[-76.498289570525387,37.084741043470025],[-76.498226570738979,37.084773043119775],[-76.498167570097877,37.084809043130157],[-76.498113570383737,37.084850042963922],[-76.498064569911037,37.084895043942311],[-76.498021570003857,37.08494404325922],[-76.497985570189527,37.084996043927951],[-76.497955570988935,37.085050044733222],[-76.497762569841129,37.08545404539089],[-76.497680569164828,37.08559504681029],[-76.497596568368706,37.085739047103544],[-76.49737056833564,37.086065047978863],[-76.49714656756781,37.086351048725355],[-76.497035567199106,37.086505050273935],[-76.496899567171781,37.086701051548104],[-76.496864566418878,37.086754051312091],[-76.496836566876866,37.086803051103225],[-76.496788566769169,37.086888051818832],[-76.49666256558362,37.087146053061986],[-76.496622566341458,37.087240053300448],[-76.496606566157652,37.087278052846756],[-76.496555565446329,37.087422053899822],[-76.496542564641828,37.087458053953547],[-76.496480564673817,37.087659055456101],[-76.496432563149042,37.087844056006595],[-76.496280561207328,37.088518059139211],[-76.496254561286776,37.088633059150176]]]},"properties":{"OBJECTID":44,"ADDRESS":"73 MAXWELL LN","PrecinctName":"Yates","Num":216,"TOTAL":2224,"BLACKNH":440,"WHITENH":1516,"TOTALHISP":117,"ASIANNH":79,"TOTAL18":1850,"USCON":"C03","STSEN":"S024","STHOD":"H070","COUNCIL":"CENTRAL","POLLINGLOC":"YATES ELEM SCH","GlobalID":"{B6BA7589-D569-4580-9868-3E67E6662CAA}"}},{"type":"Feature","id":45,"geometry":{"type":"Polygon","coordinates":[[[-76.543903177796039,37.104261049638524],[-76.54403017479774,37.104672051701812],[-76.546331159347218,37.104145043705017],[-76.546373160203615,37.104062044012231],[-76.546489158875815,37.104108043168402],[-76.546524158874945,37.10410104332874],[-76.547603153461381,37.103208036877788],[-76.54777215252038,37.102959035765892],[-76.548688148005567,37.102615032353881],[-76.548883148034392,37.102085029348409],[-76.550240140680017,37.101543025344789],[-76.551483132632711,37.101048020534016],[-76.551948767401868,37.100815199311313],[-76.551948571282907,37.10081385853718],[-76.551944389003097,37.100791845403059],[-76.551911878978871,37.100778146310226],[-76.551882609645745,37.100769247935339],[-76.551873415095372,37.100756164967024],[-76.551872347990951,37.100748844977517],[-76.551871364147672,37.1007404772486],[-76.551870612557281,37.100732091727586],[-76.551870088372581,37.100723701853873],[-76.551869797518904,37.100715296008481],[-76.551869739601486,37.100706889507038],[-76.551869914550693,37.100698485052241],[-76.551870323421525,37.100690085365571],[-76.551870958201363,37.10068169572228],[-76.551871835668337,37.100673320004937],[-76.551872935553973,37.100664958779824],[-76.551874272247545,37.100656621297787],[-76.551875834408719,37.100648310976595],[-76.55187762536525,37.100640029673841],[-76.551879651795872,37.10063178020382],[-76.551881901096138,37.100623571371187],[-76.551884377788184,37.100615402349391],[-76.551887080561556,37.100607280327196],[-76.551890004847465,37.10059920793298],[-76.551893153927281,37.100591188826073],[-76.551896525412189,37.100583228374887],[-76.551900113608752,37.100575329189148],[-76.551903920627055,37.100567496711577],[-76.551907940773802,37.100559733551925],[-76.551912179579759,37.100552043406765],[-76.55191662457986,37.100544429675345],[-76.551921281281651,37.100536896955042],[-76.551926147342783,37.100529448812466],[-76.551931213695738,37.100522087801522],[-76.551936488051041,37.100514820358768],[-76.551941958036593,37.100507646279759],[-76.551947626840885,37.100500572827464],[-76.551953486521043,37.100493602574524],[-76.551959541599217,37.100486734694385],[-76.551966539485235,37.100481356026961],[-76.551969486880324,37.100472386315872],[-76.551978289471009,37.100465790076129],[-76.551983654033322,37.100458340256807],[-76.551988545598277,37.100450687937737],[-76.55199295924912,37.100442849261142],[-76.551996883181516,37.100434845663258],[-76.552000303411376,37.100426695840262],[-76.552003219404838,37.100418420513321],[-76.552005620505511,37.100410040236362],[-76.55200749826011,37.100401577402145],[-76.552008850024734,37.100393047289216],[-76.552009670696947,37.100384473247033],[-76.552009960774967,37.100375879619016],[-76.552009722090474,37.100367282658908],[-76.552007359511563,37.100361155311667],[-76.552006990449826,37.100341548593065],[-76.552006663840743,37.100332914127556],[-76.552006666986415,37.100324277000794],[-76.552006996373166,37.100315642562556],[-76.552007650574495,37.100307022506236],[-76.552008632871448,37.100298420491242],[-76.552009944203078,37.100289843743482],[-76.55201157749579,37.100281304764337],[-76.55201353146235,37.100272809841542],[-76.552015813766687,37.100264367213491],[-76.552023223923186,37.100248446516744],[-76.552024554593331,37.100239424845221],[-76.552028094311083,37.100231266180892],[-76.552031937818327,37.100223195457509],[-76.552036094889317,37.100215226356227],[-76.552040546426795,37.100207357659983],[-76.55204529772935,37.100199602074568],[-76.552052965295331,37.10018417143263],[-76.552061276502968,37.100177080362151],[-76.552067166661445,37.100169842921012],[-76.552068567398237,37.100161551560596],[-76.552069926728834,37.100153251404059],[-76.552071244467399,37.100144949658798],[-76.55207252180837,37.100136643640553],[-76.552073757580601,37.100128335132595],[-76.55207495302497,37.100120019648969],[-76.552076103456741,37.100111704322678],[-76.552077216934848,37.100103382076441],[-76.55207829217197,37.100095059198125],[-76.552079319161734,37.100086731015843],[-76.55208030568437,37.100078401263367],[-76.552081254105389,37.100070065473311],[-76.552082158661946,37.100061728958245],[-76.552083025047253,37.100053389108353],[-76.552083846512943,37.100045045812109],[-76.552084627488426,37.100036701846577],[-76.552085368043237,37.10002835450905],[-76.552086069302192,37.100020003818123],[-76.552086727821433,37.100011652420733],[-76.552087347044804,37.100003297669979],[-76.552087919052838,37.099994941237505],[-76.552088450593857,37.099986583234866],[-76.552088942746153,37.099978225482445],[-76.552089395649148,37.099969862574831],[-76.552089802368698,37.099961501607808],[-76.552090173073751,37.099953140946752],[-76.552090497804329,37.099944774118036],[-76.552090782067992,37.099936405719134],[-76.552091027951775,37.09992804209368],[-76.552091230040872,37.099919675040439],[-76.552091390538379,37.099911306398518],[-76.552091510522644,37.099902937988212],[-76.552091585448252,37.099894571537057],[-76.552091623327712,37.099886201769699],[-76.552091618397995,37.099877833998661],[-76.552091570752069,37.099869464620284],[-76.552091483717632,37.099861095492166],[-76.552091353874118,37.099852728360396],[-76.552091184665386,37.099844360577983],[-76.552090971499652,37.099835995674226],[-76.552090717867188,37.099827629200313],[-76.552090421448881,37.099819263821779],[-76.552090085642206,37.099810898693541],[-76.552089707026553,37.099802535561629],[-76.552089284477177,37.099794174407442],[-76.552088828116638,37.09978581539832],[-76.552088323393136,37.099777455589809],[-76.552087780359628,37.099769097851997],[-76.552087107194069,37.099760768607574],[-76.55208647123726,37.099752436372917],[-76.552085868999029,37.099744105596926],[-76.552085305163914,37.099735769146477],[-76.55208477954622,37.099727434229024],[-76.552084287832741,37.09971909356284],[-76.552083830823179,37.099710759779363],[-76.552083414466168,37.099702420358682],[-76.55208302514896,37.099694079582278],[-76.55208268428764,37.099685736001625],[-76.552082374918541,37.099677392941459],[-76.552082102642046,37.099669051395679],[-76.552081865324809,37.099660706822505],[-76.552081665192972,37.099652360160022],[-76.55208149990429,37.0996440149748],[-76.552081371754596,37.099635669502071],[-76.552081281914951,37.099627321958643],[-76.552081225724109,37.099618978576608],[-76.552081207959404,37.099610628619232],[-76.552081227263983,37.099602281077189],[-76.552081280170839,37.099593939498355],[-76.552081372628521,37.099585591362775],[-76.552081497679822,37.099577244667259],[-76.552081662096242,37.099568898622366],[-76.552081862503584,37.099560553172346],[-76.552082098808981,37.09955221192088],[-76.552082372322928,37.099543867679223],[-76.552082679578248,37.099535523995236],[-76.552083028448109,37.099527180999075],[-76.55208340761564,37.099518841207605],[-76.552083828397599,37.099510502103961],[-76.552084282897795,37.099502164458883],[-76.552084772287301,37.099493826489201],[-76.552085298792377,37.099485489132981],[-76.552085863398389,37.099477157814341],[-76.552086466360777,37.099468822623109],[-76.552087101823702,37.099460492475608],[-76.552087773277393,37.099452162922937],[-76.552088481823404,37.099443834884646],[-76.552089227438415,37.099435509261703],[-76.552090011224024,37.099427186973521],[-76.552090829875624,37.09941886526164],[-76.552091677676813,37.099410547636722],[-76.552092571544719,37.099402232575876],[-76.552093499061044,37.099393921676274],[-76.552094463785636,37.099385607786537],[-76.552095463213675,37.099377300779516],[-76.552096494133551,37.099368994292973],[-76.552097568801003,37.099360693035976],[-76.552098677163286,37.099352394138577],[-76.552099823742338,37.099344096774033],[-76.552101001673918,37.099335805335571],[-76.552102220071745,37.099327515467245],[-76.552103468743738,37.09931922970447],[-76.552104759076315,37.099310942827628],[-76.552106087347127,37.099302668294825],[-76.552107446054549,37.099294391561145],[-76.552108846236791,37.099286120920759],[-76.552110276716419,37.099277853485056],[-76.5521117475229,37.099269593024964],[-76.552113249844226,37.099261332184447],[-76.552114793640399,37.099253077437247],[-76.552122469160736,37.099247334119369],[-76.552129759015472,37.09924127437867],[-76.552136644629002,37.099234920440779],[-76.552143105338601,37.099228288187611],[-76.552149123925432,37.099221390854296],[-76.55215468844608,37.099214255282419],[-76.552159776058119,37.099206894614149],[-76.552164378331554,37.09919933034142],[-76.552168480088156,37.0991915838447],[-76.552172069570261,37.099183674758322],[-76.552175140458019,37.099175630017008],[-76.552177682095319,37.099167470174564],[-76.552179689704928,37.099159205967695],[-76.552181152166497,37.099150875968625],[-76.552182071404559,37.099142492827418],[-76.55218243882679,37.099134084342467],[-76.55218226060137,37.099125673148293],[-76.55218153066383,37.099117276269325],[-76.552180260573735,37.099108925442231],[-76.552178444313199,37.09910063588962],[-76.552176090067491,37.099092439292406],[-76.552173205384904,37.099084348393504],[-76.552169795239124,37.099076388511534],[-76.552165870250704,37.099068584157095],[-76.552161440008263,37.099060956218672],[-76.552156522066326,37.099053522111056],[-76.552151123694344,37.099046305388086],[-76.552145261438127,37.099039318941557],[-76.552138952503896,37.099032593700002],[-76.552132214631698,37.099026139870816],[-76.552125062001764,37.099019974813146],[-76.552117519948467,37.09901411967558],[-76.552121238930113,37.099005813454184],[-76.552122229833245,37.098996395901487],[-76.552145021524723,37.098850018970111],[-76.552152069517405,37.098841597424276],[-76.55215568760741,37.09883297047336],[-76.552158357098108,37.098824127754725],[-76.552160060642336,37.098815131171513],[-76.552160784081281,37.098806049890015],[-76.552160529001952,37.098796953336858],[-76.552159290289737,37.098787909025006],[-76.552157078575803,37.098778984727929],[-76.552153907935008,37.098770245571878],[-76.552149809220012,37.09876176056575],[-76.552141783895095,37.098753482852807],[-76.552146335223739,37.098745230946548],[-76.552147778434417,37.098736861873498],[-76.552149136352796,37.098728484180278],[-76.552150405651247,37.098720096009309],[-76.55215159183733,37.098711701958102],[-76.55215269385593,37.098703299305328],[-76.552153709411272,37.098694889815661],[-76.552154636300344,37.09868647165009],[-76.552155481016143,37.098678054830238],[-76.552156239361594,37.098669627569798],[-76.552156910096002,37.098661194354783],[-76.552157494181586,37.098652761510216],[-76.552157996349322,37.098644320101279],[-76.552158408494165,37.098635879007013],[-76.552158739706613,37.09862743477251],[-76.552158980965885,37.098618988149902],[-76.552159136747633,37.098610540114578],[-76.552159206958976,37.098602094270078],[-76.552159191785691,37.098593643409082],[-76.552159089824528,37.098585198324095],[-76.552158906931169,37.098576750098836],[-76.552158627174137,37.098568305680431],[-76.552158268687876,37.098559859960737],[-76.552157823437142,37.098551419116092],[-76.552157290297146,37.098542983127871],[-76.552156673859628,37.09853454846683],[-76.552155971828824,37.098526116897609],[-76.552155184042164,37.098517694726539],[-76.552154307311383,37.098509274690684],[-76.552153347143886,37.098500861387372],[-76.552152302461479,37.098492452996339],[-76.55215117085227,37.098484055786741],[-76.552149953626682,37.098475662569854],[-76.552148649544009,37.098467277831645],[-76.552147260760762,37.09845890521305],[-76.552145788541068,37.098450539327018],[-76.552144230542567,37.098442183740154],[-76.552142586765399,37.098433838452401],[-76.552140860606812,37.09842550261861],[-76.552139048553514,37.098417181588502],[-76.552137149620108,37.098408869938012],[-76.552135164838418,37.098400571289368],[-76.552133100910311,37.098392287555953],[-76.552130947783141,37.098384015867744],[-76.552128715509539,37.098375759094701],[-76.552126396123882,37.09836752071044],[-76.55212399210761,37.098359291742952],[-76.552121507750684,37.098351080374769],[-76.55211893403235,37.098342887358207],[-76.552116284518632,37.098334710213535],[-76.55211354899447,37.098326552377038],[-76.552110726381486,37.098318412028462],[-76.552107825584528,37.09831029291999],[-76.55210484121227,37.098302185949599],[-76.55210177411081,37.098294101946905],[-76.552098324911867,37.098286087337897],[-76.552094533269013,37.098278175224863],[-76.552090395599265,37.098270373660284],[-76.552085915021465,37.098262692610035],[-76.552081102480997,37.09825514397177],[-76.552075964609983,37.098247732361742],[-76.552070506590965,37.098240474990249],[-76.552064731960584,37.098233365606625],[-76.552058647918528,37.098226430467548],[-76.55205226913246,37.098219668012838],[-76.55204559309756,37.098213088115358],[-76.552038637530501,37.098206701883505],[-76.552031405666156,37.098200514778512],[-76.552023905307664,37.09819452963329],[-76.55201614948723,37.098188764689183],[-76.552008146147301,37.098183217373517],[-76.551999905061976,37.0981779013674],[-76.551991438649281,37.09817281507339],[-76.551982752138073,37.098167973900011],[-76.551973857876703,37.098163378952663],[-76.551964774822537,37.098159036853737],[-76.551955497305556,37.098154949312125],[-76.551946047517873,37.098151128411509],[-76.551936443501006,37.098147572647569],[-76.551926689567907,37.098144289301779],[-76.551916793475243,37.098141283009014],[-76.551906777647346,37.0981385568438],[-76.551896640912872,37.098136112589245],[-76.551886407922268,37.098133954258181],[-76.551875298219386,37.098133986920459],[-76.551864197255995,37.098133724098943],[-76.551853112812267,37.098133169527564],[-76.551841100605017,37.098135127771435],[-76.551831557609816,37.098133046636946],[-76.551819807170929,37.098130566686507],[-76.551809086113948,37.098128311051397],[-76.551798351909483,37.09812604167842],[-76.551787609693534,37.098123777579829],[-76.551776878794797,37.098121510963423],[-76.551766387258382,37.098119299677322],[-76.551755914796033,37.098117090508211],[-76.551745470289134,37.098114888109443],[-76.551736180035419,37.098109287052928],[-76.551726249974905,37.098105765538691],[-76.551716444728584,37.098102028873178],[-76.551706772146119,37.098098078087432],[-76.551697232111593,37.098093917686164],[-76.551687841472173,37.098089548849131],[-76.55167860350916,37.098084975235892],[-76.551669524831482,37.098080202363519],[-76.551660612117701,37.098075233046409],[-76.551651873147847,37.09807007101837],[-76.55164331352222,37.098064717273417],[-76.551634937600298,37.098059177291439],[-76.551626757591222,37.098053457583376],[-76.551618774526872,37.098047561771629],[-76.551610995132123,37.098041490868681],[-76.551601535462794,37.098037661664783],[-76.551592108470004,37.098033787033899],[-76.551582713168486,37.098029861551957],[-76.55157334604479,37.098025890568657],[-76.551564011667367,37.098021871455771],[-76.551554705514306,37.098017805039689],[-76.551545435411967,37.098013693252454],[-76.551536196884769,37.098009535118763],[-76.551526991103998,37.098005328855471],[-76.551517820226039,37.098001078103387],[-76.551508684436712,37.097996775655176],[-76.551499574366972,37.09799243577671],[-76.551490506064397,37.097988047016528],[-76.551481467157359,37.097983609170008],[-76.551472466434419,37.097979130494217],[-76.551463501831989,37.097974603744575],[-76.551454573233983,37.097970033425732],[-76.551445678553534,37.097965413194068],[-76.551436820816448,37.097960756619102],[-76.551428000371061,37.097956050187143],[-76.551420689374538,37.097949923924709],[-76.551413019974277,37.097944082856479],[-76.551405010848868,37.097938544415875],[-76.551396682057018,37.097933316144939],[-76.551388045529094,37.097928415365658],[-76.55137913250104,37.097923852508771],[-76.55136995403393,37.097919634967539],[-76.551360533467616,37.097915773943384],[-76.551350894257922,37.097912276133343],[-76.551341056277806,37.097909156286654],[-76.551331044247021,37.097906415713489],[-76.551320877146011,37.097904060135349],[-76.551310584054036,37.097902096342153],[-76.551300185029675,37.097900531876085],[-76.551289703714517,37.097899366226635],[-76.551279163610786,37.097898604288986],[-76.551268592789356,37.097898248329848],[-76.551258011564045,37.097898295981274],[-76.551248807003162,37.097893868896762],[-76.551239553348424,37.097889513103844],[-76.551230246077722,37.097885229429096],[-76.551220893063999,37.097881018002639],[-76.551211485449002,37.09787687327028],[-76.551202029818299,37.097872801649892],[-76.551192526148611,37.09786880404247],[-76.551183530087826,37.097865105949076],[-76.551182976782258,37.097864876881467],[-76.551173380408699,37.097861027355627],[-76.551163741758884,37.097857246530253],[-76.551154056194747,37.097853539736306],[-76.551144323600141,37.097849911478441],[-76.551134552103335,37.097846351976706],[-76.55112473362243,37.097842869209224],[-76.55111488277845,37.097839463417721],[-76.55110498851019,37.097836127208858],[-76.551095055060969,37.097832870567089],[-76.551085081375632,37.097829690771142],[-76.551075075443308,37.097826583446547],[-76.55106502925166,37.097823553868608],[-76.551054950603813,37.097820604870229],[-76.551044828461883,37.097817728157239],[-76.551034680635141,37.097814931234495],[-76.551024495946308,37.097812211213316],[-76.551014282291348,37.097809567322876],[-76.551004039600613,37.097807002265967],[-76.55099376335211,37.09780451686909],[-76.55098345813748,37.097802107603009],[-76.550973126089886,37.097799779009456],[-76.550962765029624,37.097797528348451],[-76.550952381681569,37.097795356632588],[-76.55094196927439,37.097793264651116],[-76.550931533477851,37.097791250695209],[-76.550922532979172,37.0977868963598],[-76.550913497625913,37.097782584709769],[-76.550904434142964,37.097778316757612],[-76.550895341475282,37.097774089781943],[-76.550886212828274,37.097769905473008],[-76.550877057083326,37.097765768484244],[-76.550867867817516,37.097761666091124],[-76.550858654781294,37.097757612875753],[-76.550849405765732,37.09775360232711],[-76.550840132040946,37.097749633730231],[-76.550830825641114,37.097745710558662],[-76.550821494485589,37.097741831140659],[-76.550812134098834,37.097737994501003],[-76.550802742184899,37.097734202404197],[-76.550793325538521,37.097730453160125],[-76.550783884066661,37.097726750372388],[-76.550774413340207,37.097723091263838],[-76.550764913382466,37.097719474933527],[-76.550755389700683,37.097715905979101],[-76.550745840161611,37.097712379858699],[-76.550736264649117,37.097708901076984],[-76.550726665482244,37.0977054669683],[-76.550717040365129,37.097702079297321],[-76.550707386132714,37.097698729899967],[-76.550697713660341,37.097695433376998],[-76.550688013104406,37.097692178749909],[-76.55067829114337,37.097688968833054],[-76.550668546536457,37.097685808112438],[-76.550658778321491,37.097682690263071],[-76.550648986335887,37.097679621591283],[-76.550639170718995,37.097676596691663],[-76.550628096637368,37.097674988552207],[-76.550622782196527,37.097667100770579],[-76.550616105992134,37.097660664994336],[-76.550609303935801,37.097654310055745],[-76.550602380386934,37.097648041434724],[-76.550595337594942,37.097641859168448],[-76.550588176614795,37.097635765978261],[-76.550580899719122,37.097629761000441],[-76.550573506814985,37.097623847838648],[-76.550565999050377,37.097618025610551],[-76.550558381955682,37.097612298012791],[-76.550550653211928,37.097606667710863],[-76.550542818581903,37.097601129392345],[-76.550534878934798,37.097595692985898],[-76.550526833331659,37.097590351265453],[-76.550518686062219,37.097585112413853],[-76.550510437080021,37.097579978232773],[-76.550502092217542,37.09757494070697],[-76.550493648969876,37.097570009709408],[-76.550485114201209,37.097565180846956],[-76.55047648660107,37.09756046130849],[-76.550467767317315,37.097555850211528],[-76.55045896429246,37.097551344983643],[-76.550450070638945,37.097546950918691],[-76.55044109987621,37.097542667338949],[-76.550432037336876,37.097538495804351],[-76.550422902163803,37.097534435730346],[-76.550413689788485,37.097530489745132],[-76.550404397891896,37.097526660514355],[-76.550395039008151,37.097522941936106],[-76.550385605008813,37.09751934379031],[-76.550376105054056,37.097515859919419],[-76.550366537879697,37.097512495710184],[-76.550356909109141,37.097509251255737],[-76.550347215368348,37.097506126500186],[-76.550337463475017,37.097503118852401],[-76.550327657695533,37.097500237396027],[-76.550317793786732,37.097497472146465],[-76.5503078782411,37.097494833125467],[-76.550297915650248,37.097492316803802],[-76.550288549817367,37.097488169983151],[-76.550279166371752,37.097484051712073],[-76.550269758518695,37.097479963680676],[-76.550260331928158,37.097475904180229],[-76.550250885452272,37.097471874092953],[-76.550241420122646,37.097467877041211],[-76.550231932727982,37.097463906662711],[-76.550222428798705,37.097459966654156],[-76.550212902641675,37.097456059625259],[-76.550203358918225,37.097452179344039],[-76.550193797488987,37.097448331215936],[-76.550184217275756,37.097444513420584],[-76.550174612724803,37.09744072316213],[-76.550164997216086,37.097436965168512],[-76.550155360604293,37.097433240173096],[-76.550145705301389,37.09742954190672],[-76.550136032339068,37.097425873991646],[-76.550126341670932,37.097422238229669],[-76.550116633343421,37.09741863281905],[-76.550106907449418,37.097415054156023],[-76.550097162562196,37.09741151393392],[-76.550087400108467,37.097408000459431],[-76.550077619995378,37.097404517336194],[-76.550067821098111,37.097401064545608],[-76.550058012344493,37.097397644939413],[-76.550048184876431,37.097394252963021],[-76.550038339632749,37.097390895842487],[-76.550028475651388,37.097387567252781],[-76.550018595042189,37.09738427263661],[-76.550008702443463,37.0973810066629],[-76.549998792161944,37.097377771941368],[-76.54998886417448,37.097374569372867],[-76.549855027923897,37.097377845463726],[-76.549669911527474,37.097374782012359],[-76.549467796576437,37.097365945284359],[-76.549316961760965,37.097363447775827],[-76.549306135147887,37.097363153200327],[-76.549295321149984,37.097362674966753],[-76.549284517448086,37.097362015740792],[-76.5492737364372,37.097361174826162],[-76.549262980413161,37.097360150458407],[-76.549252252680404,37.097358945396003],[-76.549241561111771,37.097357559769385],[-76.549230904443192,37.097355998965405],[-76.549220294223787,37.097354251458349],[-76.549209732516985,37.097352324492775],[-76.549199220215172,37.097350227096456],[-76.54918876769618,37.097347949526927],[-76.549178378264472,37.097345494542836],[-76.549168054006714,37.097342868487779],[-76.549157804129692,37.09734006340247],[-76.549147626035349,37.097337092763524],[-76.549137532327791,37.097333947766579],[-76.549127520618129,37.097330633779826],[-76.549117599904037,37.097327150952353],[-76.549107772341827,37.097323502924986],[-76.549098041352153,37.097319687951853],[-76.549088414714845,37.097315709766946],[-76.549078498977295,37.097312949863465],[-76.549068622990873,37.097310132032547],[-76.549058768923487,37.097307249669839],[-76.549048943569602,37.097304301085209],[-76.549039147961111,37.097301289900976],[-76.549029384347278,37.09729821615435],[-76.549019650409065,37.097295082510882],[-76.549009948512079,37.097291884503242],[-76.549000281960673,37.097288624889998],[-76.548990641757314,37.097285303522249],[-76.548981036946131,37.097281918747129],[-76.54897146853547,37.097278475087862],[-76.548961935493693,37.097274968922086],[-76.548952432220645,37.097271399255874],[-76.548942974368913,37.097267769953561],[-76.548933545068266,37.097264080735833],[-76.548924153269709,37.097260333553542],[-76.54891480581432,37.097256524914663],[-76.548905494875896,37.097252652887178],[-76.548896220268389,37.097248724678259],[-76.548886984403921,37.097244734018879],[-76.5488777916418,37.097240686388936],[-76.548868637483281,37.097236581714],[-76.548859526566559,37.097232414663047],[-76.548850458705729,37.09722819244346],[-76.548841429564803,37.097223908674266],[-76.548832445705841,37.097219570674632],[-76.548823506143762,37.097215173020381],[-76.54881359703262,37.097212157233862],[-76.548803650871434,37.09720922555551],[-76.548793670002553,37.097206374418981],[-76.548783647677837,37.097203603712458],[-76.548773596129209,37.097200919046301],[-76.548763508771373,37.097198314002334],[-76.548753392259371,37.097195792295977],[-76.548743238673907,37.097193355598641],[-76.54873305478624,37.097191003121253],[-76.548722841790905,37.097188732179582],[-76.548712599617929,37.097186545476383],[-76.548702330470235,37.097184444850768],[-76.548692036666949,37.097182427637122],[-76.548681718138212,37.09718049653835],[-76.548671375023545,37.097178646148777],[-76.548661004794511,37.097176887242306],[-76.548650615602881,37.097175209138172],[-76.548640202763849,37.097173618969244],[-76.548629775344622,37.097172114181753],[-76.548619327744987,37.097170693781727],[-76.548608860996609,37.097169361391352],[-76.548598375192498,37.097168113407001],[-76.548587875932654,37.097166950822732],[-76.548577365420044,37.097165875477558],[-76.548566838007844,37.097164888179321],[-76.548556301661833,37.097163985454735],[-76.548545749540935,37.097163170795667],[-76.548535191860211,37.097162440766056],[-76.548524625082806,37.097161801616508],[-76.548514048316562,37.097161244319196],[-76.548503466952269,37.097160777976384],[-76.54849287888014,37.097160397145366],[-76.548482286279622,37.097160104566107],[-76.548471691469899,37.0971598975731],[-76.548461520545047,37.097156781882852],[-76.548451076705078,37.097154300696189],[-76.548440430548709,37.097152465096514],[-76.54842964025687,37.097151287764213],[-76.548418768741655,37.097150772444955],[-76.54840787994678,37.097150926506863],[-76.548397038095118,37.097151746506839],[-76.548386306308004,37.097153228082533],[-76.548375746745066,37.097155360546367],[-76.548365421449546,37.097158137715468],[-76.548354909847262,37.097158804551498],[-76.548344367818487,37.097159037355759],[-76.548333824038579,37.097158814971998],[-76.548323312884463,37.097158156896867],[-76.548312857059216,37.097157055394639],[-76.548302491311929,37.097155515547314],[-76.548292236988402,37.097153538609625],[-76.548282130924207,37.097151136007511],[-76.548272192239082,37.097148308057477],[-76.54826245437124,37.097145067030368],[-76.548252941877735,37.097141420543338],[-76.548243683791128,37.097137377189021],[-76.548234703357537,37.097132951773318],[-76.548226023962926,37.097128153696566],[-76.54821767227395,37.097122996018875],[-76.548209672661571,37.097117493564689],[-76.548202041554021,37.097111663730956],[-76.548194805618124,37.097105519577624],[-76.5481879824533,37.097099076718408],[-76.548181591699006,37.097092358912604],[-76.548175650977925,37.097085380872976],[-76.548170174422424,37.09707816176099],[-76.548165181764901,37.097070721732166],[-76.548160680343074,37.097063081638211],[-76.548156690967573,37.09705526345499],[-76.548153216477218,37.09704728795964],[-76.548150274308554,37.097039177072283],[-76.548147863879976,37.097030953315908],[-76.54814599923057,37.09702263945551],[-76.548143277046577,37.097014114006733],[-76.548140302571113,37.097005642062669],[-76.548137080186677,37.096997228202383],[-76.548133613127888,37.096988877887284],[-76.548129900130519,37.096980596504189],[-76.548125944591931,37.096972383208055],[-76.548121751809987,37.096964250704865],[-76.548117316161324,37.096956198901481],[-76.548112644277751,37.096948232414178],[-76.548107745017276,37.096940356797461],[-76.54810260931265,37.096932574605063],[-76.548097248178109,37.096924895032394],[-76.548091665104153,37.096917313630733],[-76.548085859718498,37.096909844814704],[-76.548080370980671,37.096903141943073],[-76.548079835581447,37.096902481432878],[-76.548073595624984,37.096895240658519],[-76.548067143362843,37.09688811714193],[-76.548060485380262,37.096881117301365],[-76.548052523991416,37.096874963826522],[-76.548044424595489,37.096868926136004],[-76.548036188224003,37.096863007852043],[-76.548027826193561,37.096857206458132],[-76.548019330561658,37.096851524526613],[-76.54801071126424,37.096845969432493],[-76.548001969542241,37.096840536689726],[-76.547993107528754,37.096835230840163],[-76.54798412859779,37.096830051939676],[-76.547975033734403,37.096825005412306],[-76.547965828585234,37.09682009045035],[-76.547964073012949,37.096819188007821],[-76.547956514298164,37.096815306171464],[-76.547947094154154,37.096810656235135],[-76.547941046136827,37.096807791756397],[-76.547937573683498,37.096806144338203],[-76.547927949581975,37.096801767721999],[-76.547918234058102,37.096797532897853],[-76.547908421581482,37.096793436168888],[-76.547898711681285,37.096788940058254],[-76.547888820711322,37.096784702325394],[-76.547878765425239,37.096780727754293],[-76.54786854802586,37.096777018183957],[-76.547858190867032,37.096773579392526],[-76.547847692684385,37.096770416766816],[-76.547837073745271,37.0967675297412],[-76.547827375982621,37.096762868887083],[-76.547817388577087,37.096758618734995],[-76.547807140444505,37.096754792381979],[-76.547796654970227,37.096751399228516],[-76.547785965638482,37.096748449743473],[-76.547785543962377,37.096748352627763],[-76.547779137068403,37.096746881018227],[-76.547775096935979,37.096745954246849],[-76.547764079275424,37.096743911439752],[-76.547752947195761,37.096742334512641],[-76.547741719769746,37.096741225583969],[-76.547724866717829,37.096729958604229],[-76.547716483622906,37.096724582253692],[-76.547707778959136,37.096719545774583],[-76.547698763531187,37.096714866470421],[-76.54768947086977,37.096710553008478],[-76.547679922041212,37.096706617454522],[-76.547670140454244,37.096703068308194],[-76.547660142699542,37.096699916659738],[-76.547649969148992,37.096697167684624],[-76.547639631894725,37.09669483239869],[-76.547629162357623,37.096692914026384],[-76.547618590857155,37.096691414872545],[-76.547607931827869,37.096690342386779],[-76.547597224609817,37.096689698122113],[-76.547586488275854,37.096689484197107],[-76.547575752113801,37.096689699294423],[-76.547565041921217,37.096690346545294],[-76.547561535824144,37.096690699451983],[-76.547554387102238,37.09669142012784],[-76.547551080519426,37.096690626276562],[-76.547517364586255,37.096682548101178],[-76.547172644713257,37.096599932554206],[-76.547168017920541,37.096598893291599],[-76.547167956412622,37.0965988787528],[-76.547167170003064,37.096598701683938],[-76.547157863884266,37.096596609669383],[-76.547146219720261,37.096593994008572],[-76.546763479310158,37.096507987405985],[-76.546760175706098,37.096507253067585],[-76.546755395356854,37.096506191414768],[-76.546442948240113,37.096436742178021],[-76.546437177505695,37.096428201299979],[-76.546429675172575,37.096420574480028],[-76.546424873509949,37.0964171158939],[-76.546420658315228,37.096414082530586],[-76.546410393206457,37.096408914632626],[-76.546399181938199,37.09640522360764],[-76.546387346908745,37.096403116647245],[-76.546375238742016,37.09640265364208],[-76.546366405315354,37.096400732536253],[-76.546364550274745,37.096400327742636],[-76.546362158365511,37.096399755419412],[-76.54635952712735,37.096399126852894],[-76.546353936985412,37.09639779218346],[-76.546343399742611,37.096395056893307],[-76.546332944146585,37.096392122866291],[-76.54632685630358,37.096390280622373],[-76.54632258603587,37.096388986759877],[-76.546312321873557,37.096385654824516],[-76.546302161804959,37.096382126327129],[-76.546292106931645,37.096378402187305],[-76.546282169415392,37.096374490718446],[-76.546272347169918,37.096370385576883],[-76.546262653458555,37.096366095995563],[-76.546253090530627,37.09636162201172],[-76.546243660588956,37.096356965464636],[-76.546234374926883,37.096352124738893],[-76.546225237623986,37.096347116125671],[-76.546216248959695,37.096341928813928],[-76.546207423275405,37.09633657385718],[-76.546198755017528,37.096331048459454],[-76.546202034384436,37.096321226342759],[-76.546204567981022,37.096311265679198],[-76.546205663285136,37.096305106302729],[-76.546205756384452,37.096304595004412],[-76.546206358250259,37.096301202561349],[-76.546207388515811,37.096291072765027],[-76.546207438913896,37.096289209704501],[-76.546207579313943,37.096283951122352],[-76.546207661313787,37.096280908779164],[-76.546207172246014,37.096270750188218],[-76.546206636919592,37.096262120342736],[-76.546205759042493,37.096253510054559],[-76.546204533906632,37.096244927357318],[-76.546202964699816,37.096236379514259],[-76.546201051119496,37.096227878237279],[-76.546199706482838,37.096222831175837],[-76.546198799774174,37.096219429043828],[-76.546196204737868,37.096211043552493],[-76.546193281593062,37.096202728330802],[-76.546190019961713,37.096194493120954],[-76.546186430904413,37.096186345316788],[-76.546182516414319,37.096178294865624],[-76.546178280804085,37.096170349049295],[-76.546173726043605,37.096162518716177],[-76.54616886328661,37.096154807656347],[-76.546163688902936,37.096147225723811],[-76.54615821613254,37.096139783052521],[-76.546152447108454,37.09613248418426],[-76.546112798318788,37.096074136160368],[-76.546095082699196,37.096048066046265],[-76.546084885254189,37.09603305610193],[-76.546082224255969,37.096029139079377],[-76.546073151839735,37.096015788160138],[-76.546068198088506,37.096008159408179],[-76.546063264931519,37.096000517477904],[-76.546058356657838,37.09599287055218],[-76.546053474578343,37.09598521144229],[-76.54604925740685,37.09597855569217],[-76.546048615272582,37.095977541894122],[-76.546043782091147,37.095969862864536],[-76.546038970558712,37.095962173378034],[-76.54603418629857,37.095954473527875],[-76.546029426991595,37.095946765979527],[-76.546024687014366,37.095939050639693],[-76.546019976721709,37.095931318667084],[-76.546015288969926,37.095923585265425],[-76.546010626357457,37.095915836958206],[-76.546005990924158,37.095908081891039],[-76.54600137376579,37.095900316311024],[-76.545996783833147,37.095892542169189],[-76.545992217798712,37.095884757607784],[-76.545987680137983,37.095876963602322],[-76.545983166328853,37.095869160979085],[-76.545978672997435,37.095861349682153],[-76.545974206914977,37.095853528922547],[-76.545969765855418,37.095845697762002],[-76.545965353122853,37.095837858959243],[-76.545960959743354,37.095830011464166],[-76.545956594783917,37.095822152723159],[-76.545952251380285,37.095814287128952],[-76.545947937428309,37.095806413911227],[-76.545943645148455,37.09579852933571],[-76.545939377821639,37.095790637062088],[-76.545936295925017,37.095784896028171],[-76.545935136549161,37.095782738009838],[-76.545934295303113,37.095780678100894],[-76.545932943872501,37.09577737494601],[-76.545931785207813,37.09577453645506],[-76.545928334082078,37.095766364791167],[-76.545924782256932,37.095758214891291],[-76.545921133904969,37.095750099442853],[-76.545917385861941,37.095742010281661],[-76.545913536840132,37.0957339536955],[-76.545909594898447,37.095725922607436],[-76.545905551931511,37.095717925896238],[-76.545901413632492,37.09570996095232],[-76.545897176697224,37.095702025016976],[-76.545892844336763,37.095694124452592],[-76.545889678850216,37.095685610521848],[-76.54588638316703,37.095677127780363],[-76.545882959490044,37.095668678067184],[-76.545879404491828,37.095660259524529],[-76.545875725882041,37.095651878589386],[-76.545871918060683,37.095643534267559],[-76.545867983323703,37.095635224794499],[-76.545863923710925,37.095626958315755],[-76.545859737135956,37.095618728487608],[-76.545855424560671,37.095610541635061],[-76.545850991561622,37.095602399653195],[-76.545846430336155,37.09559429970875],[-76.545841748687153,37.095586244635015],[-76.545836945513145,37.095578233512349],[-76.545832020558009,37.095570276250854],[-76.545826974078011,37.095562362940427],[-76.545821807034798,37.095554499906115],[-76.545816521607833,37.095546689887975],[-76.545811118991679,37.095538930201883],[-76.545805570154883,37.095531212254613],[-76.545804165133532,37.09552928630292],[-76.545801313704757,37.095525381437582],[-76.54579995307131,37.095523522918384],[-76.545799100775923,37.09552236953683],[-76.54579427896428,37.095515863280639],[-76.545788536540741,37.095508234956554],[-76.545782731470482,37.095500636237688],[-76.545776863613753,37.095493072529422],[-76.545770933133682,37.095485537525427],[-76.545764937711056,37.095478033891048],[-76.545758881797923,37.095470563502758],[-76.545752764269636,37.095463126341933],[-76.545746582853639,37.095455723272131],[-76.545740339845807,37.095448352528848],[-76.545734037542033,37.095441012347443],[-76.54572767015604,37.095433708941201],[-76.545721245676887,37.095426437936041],[-76.545714758364838,37.095419203743226],[-76.545709465488514,37.095411421536689],[-76.54570413510379,37.095403654030036],[-76.545698762549037,37.095395907455078],[-76.545693348033808,37.095388173703576],[-76.545687895800668,37.095380462760154],[-76.545682404911119,37.095372767398885],[-76.545676872999564,37.095365092086979],[-76.545671302431671,37.095357432357197],[-76.545665694192394,37.095349793633666],[-76.545660043876282,37.095342172238141],[-76.545654355935397,37.095334570047015],[-76.545648629198439,37.09532698884351],[-76.545642860408037,37.095319424066979],[-76.545637054039432,37.095311876693096],[-76.545631208828283,37.095304352108556],[-76.545625326038945,37.095296844926644],[-76.545623956710429,37.095295366611246],[-76.545620578956232,37.095291714390484],[-76.545618680953197,37.095289664893649],[-76.54561798015628,37.095288918708619],[-76.54561197202645,37.095282517149776],[-76.545605211559987,37.095275404602852],[-76.545598388214188,37.095268330670095],[-76.545591508923309,37.095261288255976],[-76.545584570103713,37.095254285412842],[-76.545577576347199,37.095247318611634],[-76.545570525381208,37.095240388715936],[-76.545563419431744,37.095233496664001],[-76.545556250649497,37.095226641424226],[-76.545549033631715,37.095219824140074],[-76.545541756030488,37.095213043705471],[-76.545537832007042,37.09520514899755],[-76.545533667345694,37.095197335922279],[-76.545529251784913,37.095189609717359],[-76.545524593034372,37.095181976819674],[-76.54551969439801,37.095174439987964],[-76.545514561382859,37.095167003820023],[-76.545509191553279,37.095159675485853],[-76.545503589291457,37.095152459564645],[-76.545497768069964,37.095145357181117],[-76.545491723064131,37.095138380873379],[-76.545485453312395,37.09513152431645],[-76.545478970883167,37.095124799427396],[-76.545472275753198,37.095118207106999],[-76.545465377904605,37.095111752928744],[-76.545458273800321,37.095105443142913],[-76.545450974663709,37.095099278837019],[-76.545443481596067,37.095093260930561],[-76.54543580443972,37.095087400402413],[-76.545427940922067,37.095081698116147],[-76.54541990111845,37.095076156041436],[-76.545411685990388,37.095070780503349],[-76.545407420102109,37.095068885508837],[-76.545405761580383,37.095068148673832],[-76.545401754870824,37.095066368838317],[-76.545399850357185,37.095065485517075],[-76.545391927689423,37.095061810181249],[-76.545382206602383,37.095057108173059],[-76.545372599575401,37.09505225934079],[-76.545363105320774,37.09504726997222],[-76.54535373180434,37.095042136594259],[-76.545344474387761,37.095036864537882],[-76.545335344224327,37.095031457593215],[-76.545326341290817,37.095025916661271],[-76.54531746903109,37.095020239095334],[-76.545308726203999,37.095014429381266],[-76.545300125040939,37.095008493129924],[-76.545295217255287,37.095000658706084],[-76.545289487598183,37.094993192802278],[-76.545282971832123,37.094986148287198],[-76.545275728166018,37.094979580204516],[-76.545267803725196,37.094973537104906],[-76.54525925924716,37.0949680632583],[-76.54525015553935,37.094963200231916],[-76.545240563740492,37.094958981652617],[-76.545230554872845,37.094955445651848],[-76.545220202860094,37.094952605172701],[-76.545209585635362,37.094950492152122],[-76.545198777099003,37.094949120434279],[-76.545194306041438,37.094940975090061],[-76.545189682791147,37.09493288490453],[-76.545184908542794,37.094924847193568],[-76.545179980814183,37.094916870929005],[-76.545174907547775,37.094908953538663],[-76.545169678458706,37.094901101161028],[-76.54516431046325,37.094893312274102],[-76.545158793462903,37.094885585809017],[-76.545153133949484,37.094877931787828],[-76.545147327587316,37.094870343829392],[-76.545141379929902,37.094862824729844],[-76.54513529299355,37.094855383535574],[-76.545129068065961,37.094848013958774],[-76.545122706201994,37.094840718720846],[-76.545115214271917,37.094834441235733],[-76.545107676448779,37.094828198139709],[-76.545100096083118,37.094821990389612],[-76.545092467575103,37.094815816991193],[-76.545084797579335,37.094809681660116],[-76.545077080542541,37.094803581600246],[-76.545069322111175,37.094797516004036],[-76.545061518748355,37.094791491121924],[-76.545053669538945,37.094785498826937],[-76.545045777670595,37.094779546382377],[-76.545037841010554,37.09477362924639],[-76.54502986176135,37.094767749258047],[-76.54502183987654,37.094761908219176],[-76.545013776527284,37.0947561043467],[-76.545005671713568,37.094750337640484],[-76.544997524217635,37.094744611685599],[-76.544989334249095,37.094738918373771],[-76.544981102653054,37.094733268534668],[-76.544972828537837,37.094727653140389],[-76.544964515044342,37.094722081256101],[-76.544956160133026,37.094716544736265],[-76.544947766968136,37.094711051745065],[-76.544939333533264,37.094705593236014],[-76.544930859618844,37.09470017731735],[-76.544922351551207,37.094695124958307],[-76.544913945598537,37.094689952616726],[-76.544905649260627,37.094684674837907],[-76.544897461482734,37.094679288900451],[-76.544889386763444,37.094673794879057],[-76.544881424986244,37.094668197278274],[-76.544873581867563,37.094662492587823],[-76.544865855041621,37.094656685274927],[-76.544858246664546,37.094650778980672],[-76.544850764701991,37.094644770231938],[-76.544843402219755,37.094638666124183],[-76.544836171682093,37.094632463259039],[-76.544829063952008,37.094626166892688],[-76.544822089104798,37.094619778995003],[-76.544815247117057,37.094613300466868],[-76.544808541386047,37.094606730463333],[-76.544801967226832,37.094600076117224],[-76.544795537173428,37.094593331327353],[-76.544789238575248,37.094586506699457],[-76.544783082818569,37.094579597014665],[-76.54478115652573,37.094570420422123],[-76.544778011501194,37.094565776997236],[-76.544778350285199,37.094563423003962],[-76.544776315820442,37.094561213500334],[-76.54477399064082,37.094559194756165],[-76.544771407879878,37.094557390755135],[-76.544768595071034,37.094555824486655],[-76.544765583261722,37.094554513590616],[-76.544762413690748,37.094553473172084],[-76.544759117568546,37.094552714564536],[-76.544755740749025,37.094552248443129],[-76.544748954976455,37.094552210661895],[-76.544745750058865,37.094551231846438],[-76.544742610212055,37.094550129730557],[-76.544739540942686,37.094548908912174],[-76.544736547920564,37.094547567682696],[-76.544733991994306,37.094546292290332],[-76.544733639886573,37.094546116101647],[-76.544730819136603,37.094544552404365],[-76.544728098979945,37.094542884022189],[-76.544725479439848,37.094541110054266],[-76.544722973872368,37.094539236129897],[-76.544720578693727,37.094537270301437],[-76.544719881794606,37.094536635035801],[-76.544718310820215,37.094535211047017],[-76.5447161643024,37.094533070886094],[-76.544714150503225,37.094530845500756],[-76.544712275821027,37.094528548516692],[-76.544710020914891,37.094525422333092],[-76.544708191940899,37.094523098166952],[-76.544706354954741,37.094520779275648],[-76.544704507707067,37.094518465621903],[-76.544702651322638,37.094516157224369],[-76.544700786972584,37.094513852299769],[-76.544698915758346,37.094511551767802],[-76.544697033157973,37.094509256454742],[-76.544695141467372,37.094506964596],[-76.544693242912587,37.094504677129891],[-76.544691332948375,37.094502395783501],[-76.544689412722718,37.094500119674692],[-76.544687490108089,37.094497848934026],[-76.544685552803344,37.094495580653479],[-76.544683608611038,37.094493317666476],[-76.544681656406638,37.094491059954265],[-76.544679695065341,37.094488807498301],[-76.544677726836596,37.094486560335774],[-76.5446757472683,37.094484316590318],[-76.544673758516581,37.094482079902882],[-76.54467176179935,37.094479846688429],[-76.544669758217864,37.094477617866623],[-76.544667744351628,37.094475395183217],[-76.544665723667748,37.09447317509057],[-76.544663691504581,37.094470963820463],[-76.544661653695059,37.09446875335793],[-76.544659608881489,37.094466552693454],[-76.5446575494244,37.094464352687311],[-76.544655486407109,37.094462159832467],[-76.54465341427634,37.094459971332867],[-76.544651334133405,37.094457788108201],[-76.544649243705692,37.094455611021871],[-76.544647145265827,37.09445343921044],[-76.544645037712428,37.094451271754245],[-76.544642923248247,37.094449110492469],[-76.544640800771859,37.094446954505521],[-76.544638669158715,37.094444803774792],[-76.544636529603281,37.094442655616106],[-76.544634383067105,37.094440516354581],[-76.544632226362751,37.094438378726899],[-76.544630062700861,37.094436249095551],[-76.544627888754292,37.094434125602533],[-76.544625706818863,37.094432006483494],[-76.544623519167175,37.094429890874785],[-76.544621320059463,37.094427783187641],[-76.54461911518888,37.094425680812662],[-76.544616902306132,37.094423583712498],[-76.544614682535908,37.094421491905877],[-76.544612452504182,37.09441940533673],[-76.544610215584996,37.094417324061112],[-76.544607968357667,37.094415249824827],[-76.544605713188147,37.094413178160586],[-76.544603448835261,37.094411113554408],[-76.544601183217978,37.094409054334974],[-76.54459890839405,37.094407003074508],[-76.544596622253863,37.094404954330095],[-76.54459432924952,37.094402909978243],[-76.544592025890509,37.094400874467631],[-76.544589718994629,37.09439884520738],[-76.544587401860554,37.094396820283713],[-76.544585077839002,37.094394800653518],[-76.544582742338164,37.094392789845884],[-76.544580404541549,37.094390780802684],[-76.544578055265646,37.094388780581973],[-76.544575699102268,37.094386785654812],[-76.544573337222602,37.094384794237946],[-76.544570967237547,37.094382811699539],[-76.544568587037645,37.094380832596805],[-76.544566203324152,37.094378858843591],[-76.544563808154678,37.094376893011919],[-76.544561407199026,37.09437493339329],[-76.544558994880617,37.094372978092593],[-76.544556580149916,37.09437102906098],[-76.544554157337146,37.094369088006928],[-76.544551725364315,37.094367153109971],[-76.544549285425859,37.094365221685969],[-76.544546838576636,37.094363296456386],[-76.544544384769978,37.094361379223031],[-76.544541923021072,37.094359464561762],[-76.544539455346154,37.094357561519011],[-76.544536980876941,37.09435566016608],[-76.544534494975025,37.094353765833851],[-76.544532006684165,37.094351876869723],[-76.544529506867406,37.094349998529943],[-76.544527003653542,37.09434812103509],[-76.544524490085081,37.094346252381307],[-76.54452010588966,37.09434301785474],[-76.54451840107275,37.094340635358328],[-76.544516502434291,37.094338351492958],[-76.544514412037088,37.094336173503343],[-76.544512146424495,37.094334114282219],[-76.544509713352468,37.094332178464761],[-76.544507122639871,37.094330377930959],[-76.54450439204787,37.094328721988454],[-76.544501526028398,37.09432721251379],[-76.544498539953551,37.094325864182913],[-76.544495449544968,37.094324678157953],[-76.544492265932419,37.09432365913019],[-76.544489002471835,37.094322812729018],[-76.544485679173619,37.094322148299582],[-76.544482304189771,37.094321655161458],[-76.54447889964031,37.094321348102582],[-76.544475473444209,37.094321225451779],[-76.544472045868261,37.094321286644025],[-76.544468633828643,37.094321530157494],[-76.544465245174436,37.094321957023645],[-76.544461902491605,37.094322564012138],[-76.544458618197822,37.094323349526448],[-76.544455407076413,37.094324307502681],[-76.544452281521686,37.094325437245303],[-76.543965918785418,37.093592410982936],[-76.543612127184204,37.092967463378109],[-76.543571488559309,37.09289567936311],[-76.543263816664734,37.092352188258438],[-76.543115650233844,37.092090453121628],[-76.542888637210808,37.091687223840609],[-76.542886150361966,37.091682806703048],[-76.542833107711274,37.091641282292649],[-76.542833080179335,37.091641259302726],[-76.542778427049157,37.091591237655408],[-76.542778396143504,37.091591214609451],[-76.542726555978533,37.091534788745328],[-76.542680190210646,37.091473784676488],[-76.54268015991147,37.09147373820668],[-76.54264418148712,37.0914159795526],[-76.542613653712024,37.091355163731571],[-76.5425620920943,37.091120474495881],[-76.54256172774673,37.091118816351674],[-76.542554199124609,37.091054146017029],[-76.542549575414043,37.090989203322025],[-76.54254957311322,37.090989161823735],[-76.542547917069228,37.090906053927156],[-76.542551042406686,37.090822988307181],[-76.542551047832958,37.090822909082497],[-76.542559537998116,37.090735362533209],[-76.542573263236235,37.090648482736739],[-76.542592174137866,37.090562582451547],[-76.542577149368,37.090575818194594],[-76.54229688198464,37.090822703832309],[-76.542340989380961,37.090279469304903],[-76.542185420246824,37.089685934974995],[-76.542233269517226,37.089639196950372],[-76.542210488290806,37.089567248514825],[-76.542182859162338,37.0895152032627],[-76.542181060164253,37.089511816010813],[-76.542158346341935,37.089461989414268],[-76.542113893790955,37.089417876408888],[-76.542109737798256,37.089413751481381],[-76.542104853478847,37.089408904223625],[-76.542068073484529,37.089372580679317],[-76.542030511350418,37.089366461283078],[-76.542014438524888,37.0893249874402],[-76.542004391769737,37.089314651071952],[-76.541971020017414,37.089280311119118],[-76.541959881352241,37.089266306316809],[-76.541944448680482,37.089246903445904],[-76.541960908374861,37.089199757488949],[-76.542007515597774,37.089178384178147],[-76.54202877484181,37.089168637406274],[-76.542075133955123,37.089134078358711],[-76.542137877783105,37.089060562227964],[-76.542183211470942,37.089030493528732],[-76.542188828477236,37.089026769828493],[-76.542193310103158,37.089024531541945],[-76.542206083280533,37.089008650964651],[-76.542218491467224,37.088993223086142],[-76.542270901703205,37.088955633368748],[-76.542318697001903,37.088919780382277],[-76.542417775811174,37.088845439204036],[-76.542612075618024,37.088758011010661],[-76.542715260351798,37.088745989133415],[-76.542726476599199,37.08874326602951],[-76.542753260029869,37.088745544340092],[-76.54277924690571,37.088752416395167],[-76.542803655437268,37.088763675455731],[-76.542825751317963,37.088778982804072],[-76.54284486981507,37.08879787793375],[-76.542860435767494,37.088819792403456],[-76.542871980888933,37.088844066938023],[-76.542879157855822,37.088869971262056],[-76.542881750756194,37.088896726069564],[-76.542879681585205,37.088923526468605],[-76.542809284983107,37.08896774783657],[-76.54270152050151,37.088996218254721],[-76.542630211143745,37.089075733883469],[-76.542672044880476,37.089162168134308],[-76.542752810351914,37.08920386022038],[-76.542871591912274,37.089236093563642],[-76.542977921266541,37.089263078977289],[-76.543083594959924,37.089315269212797],[-76.543141020988642,37.089285960681849],[-76.543136811071818,37.089205195135513],[-76.543083177014523,37.089088301971053],[-76.543049331103376,37.088936432399947],[-76.543069906484604,37.0888712068773],[-76.543040789060214,37.088779936654767],[-76.54296681868739,37.088690666864579],[-76.542949323013119,37.088337436956571],[-76.542948933037422,37.088329553974859],[-76.542818953687828,37.088252361458146],[-76.542705929204118,37.088185235898742],[-76.542634852448543,37.0881430233148],[-76.542495823097951,37.088085637694441],[-76.542363609633398,37.08803106635569],[-76.542014948435352,37.087887153621708],[-76.542003780412202,37.087882544437939],[-76.541992811532339,37.087877978219701],[-76.541915309391385,37.087845710675339],[-76.541887739846672,37.087839877145726],[-76.541871240611783,37.087836387104566],[-76.541844211991432,37.08784854629851],[-76.541801156321782,37.087867913664873],[-76.541539086989445,37.08775043620269],[-76.541503386019343,37.087734432295974],[-76.541392346470829,37.087690556959764],[-76.541382827194084,37.087686796210804],[-76.541210311095057,37.087610518955522],[-76.541201112511104,37.08760645257226],[-76.541089176132019,37.087556953210573],[-76.541079924190186,37.08755286249658],[-76.540907312510242,37.087476606630815],[-76.540898086078911,37.087472530747199],[-76.540423803584986,37.087262952710098],[-76.540415063722648,37.087257728504369],[-76.539966094768104,37.086989332129207],[-76.539959161297375,37.086984819323874],[-76.539746488298221,37.086846415430522],[-76.539543275582901,37.086668770656225],[-76.53933101630524,37.086476513523969],[-76.539276574927115,37.086434349428643],[-76.539095025111976,37.086298438766541],[-76.538866744243691,37.086132177277733],[-76.538587438435769,37.085928726194823],[-76.538402151168668,37.085797427275473],[-76.538296541942927,37.085749913335597],[-76.5379102482691,37.085582774818803],[-76.53790344039885,37.085579804311472],[-76.537632480007034,37.085461566856814],[-76.537576407447347,37.085432815056635],[-76.537281148287164,37.085292432560593],[-76.537274485097697,37.085289264335934],[-76.536915639738382,37.085116545445139],[-76.536908290901735,37.085113008858364],[-76.536518215796505,37.084922036098298],[-76.536652382264649,37.084773174949319],[-76.536513779458289,37.084696694086496],[-76.536374512370571,37.08485910684751],[-76.536342056849776,37.084839432117882],[-76.53632905674904,37.084811744534022],[-76.536326912965663,37.084762258613083],[-76.536303562597169,37.084737144810894],[-76.536223085466517,37.084667123972963],[-76.536121687179531,37.084610490287922],[-76.536047423331041,37.084565297532436],[-76.535997365672344,37.084512266667339],[-76.535991224040316,37.084484692462567],[-76.53597951688667,37.084451065144449],[-76.535993506467833,37.084396820646433],[-76.535942466618877,37.08441092885321],[-76.535862263974934,37.084433093487831],[-76.535651187084923,37.084374631004934],[-76.535562857293755,37.084342939347366],[-76.535512159158344,37.084314622239738],[-76.535485451983149,37.084286705115964],[-76.535497303827071,37.084226465586042],[-76.535400118946811,37.084139681586663],[-76.535332212523159,37.084113824651126],[-76.535309072238746,37.084080472592952],[-76.53531149814755,37.083987108798134],[-76.53531127555425,37.083927181690868],[-76.535331207162315,37.083888540626511],[-76.535318425065142,37.083852613200612],[-76.535286331837725,37.083835128073829],[-76.535250803211824,37.083815772222344],[-76.535151977914296,37.083792147678118],[-76.535009381347436,37.083737572246179],[-76.534928050138049,37.083700501540662],[-76.534826440015948,37.083652104715114],[-76.534772456829572,37.083618238115108],[-76.534732184404035,37.083584601082457],[-76.534729346292835,37.083580352751042],[-76.534702479658975,37.083540153369796],[-76.534667744570484,37.083506508630883],[-76.534586562404485,37.08343138968204],[-76.534514210014024,37.083411804198072],[-76.534505766154226,37.083406347431065],[-76.534497469998527,37.083400748016935],[-76.534489324873633,37.083395007813785],[-76.534481330709212,37.083389129524392],[-76.534473494135042,37.083383117765926],[-76.534465821897925,37.083376972651074],[-76.534458875689069,37.08336994555053],[-76.534449955024527,37.083365650722001],[-76.534443795730965,37.083357779604782],[-76.53443679909175,37.083351134717169],[-76.534429979791526,37.08334437561755],[-76.534423341226997,37.083337501461429],[-76.534416884452469,37.083330514970207],[-76.534406752155746,37.083326568559976],[-76.534396669383014,37.083322534646946],[-76.534386647425933,37.083318411616872],[-76.534376682981232,37.083314196710781],[-76.53436677588509,37.083309896235022],[-76.534356931830175,37.083305507580711],[-76.534347149691953,37.083301030729118],[-76.53433742380129,37.083296467388209],[-76.534327761959261,37.083291820392219],[-76.534318171006376,37.083287086249889],[-76.534308643071412,37.083282264830025],[-76.534299180192448,37.083277364278359],[-76.534289791552695,37.083272377537689],[-76.534280469351145,37.083267301773958],[-76.53427122218541,37.083262152452825],[-76.53426470391183,37.083254892732072],[-76.534256293106623,37.083247343662428],[-76.534256001399967,37.083239308147846],[-76.534249214727637,37.083231165173629],[-76.534245490831438,37.08322273801172],[-76.534242518877562,37.083214119699633],[-76.534240319129964,37.083205352936865],[-76.534238897093871,37.083196485584672],[-76.534238265161889,37.083187560211194],[-76.534238418812635,37.083178620905144],[-76.534239363668405,37.083169711023046],[-76.534241095114282,37.083160878257196],[-76.5342435984617,37.083152168329136],[-76.534246868205557,37.08314361990324],[-76.534252213321196,37.083135207950164],[-76.534251909502146,37.083126859479783],[-76.534251606081085,37.083118452431009],[-76.53425122370102,37.083107976466017],[-76.534254923188143,37.083101418085718],[-76.53425543322524,37.083092876794176],[-76.534255576662133,37.083084330287683],[-76.534255424637678,37.083078537753295],[-76.534255348883974,37.083075782995664],[-76.534254751788367,37.083067248469462],[-76.534253786289256,37.083058734836129],[-76.534252453183271,37.083050254727105],[-76.534250755679992,37.083041814505222],[-76.534248693475078,37.083033425882356],[-76.534246273034427,37.083025099781963],[-76.534243490680197,37.083016847859682],[-76.534240357469812,37.083008677510477],[-76.534236870896891,37.083000598606851],[-76.534232058696333,37.082992709393487],[-76.534227534992212,37.082984714132351],[-76.534223301939733,37.082976616464798],[-76.534215692117655,37.082969024874096],[-76.534213512949975,37.082960505412046],[-76.53421132783231,37.082951955206255],[-76.534209133227378,37.082943380506755],[-76.534206938950845,37.082934793194411],[-76.534204738279314,37.08292619225567],[-76.534202541028506,37.082917589571373],[-76.534200340240872,37.082908993137167],[-76.534198311312949,37.082901055721976],[-76.534200530306137,37.082892076066059],[-76.534196621406565,37.082882847257061],[-76.534196060769403,37.082874078998707],[-76.534195812007354,37.082865300621535],[-76.53420403762216,37.082858595135555],[-76.534209544924721,37.082854329200245],[-76.534212474799773,37.082852059920668],[-76.534221115575221,37.082845698449155],[-76.534229958519646,37.082839522414083],[-76.534238994824733,37.082833524458053],[-76.534248221983844,37.082827714453558],[-76.534244182835934,37.082819298254861],[-76.534238674673261,37.082811437988873],[-76.534231813855484,37.082804287917526],[-76.534223744807093,37.082798004573867],[-76.534214630763458,37.082792713258861],[-76.534204665648161,37.082788527167246],[-76.534157752259617,37.082746536667599],[-76.534124263858942,37.082715761588538],[-76.53409363184214,37.08270700622969],[-76.534062998637694,37.08269825354688],[-76.534052729049407,37.082694442713361],[-76.534042588821478,37.082690415921057],[-76.534032576548555,37.08268618396221],[-76.534022706872051,37.082681746179794],[-76.53401298651535,37.082677103587464],[-76.53400341205834,37.082672257930675],[-76.533994008075226,37.082667215928758],[-76.533984765453255,37.082661981936106],[-76.533975693047537,37.082656561508472],[-76.533966804492337,37.082650949465538],[-76.533958093907543,37.08264515562356],[-76.533949578066483,37.082639183867734],[-76.533941254650031,37.082633036863349],[-76.533931277671542,37.082629567990594],[-76.533921498434665,37.082625762623827],[-76.533911929355554,37.082621619167526],[-76.533902592525223,37.082617153312732],[-76.533893506942547,37.082612369883009],[-76.533884682493351,37.08260727805645],[-76.533876141479595,37.082601885415713],[-76.533867894841407,37.082596203860447],[-76.533857501093649,37.082591501347217],[-76.533799528560053,37.082518581652685],[-76.533797038515772,37.082509776687054],[-76.53379380571954,37.082501458650718],[-76.533788895159958,37.082493418159068],[-76.533784019740821,37.082485367437904],[-76.533779175128231,37.082477300105793],[-76.53377436788152,37.082469223482647],[-76.53376959369028,37.08246113028607],[-76.533764855857555,37.08245302327515],[-76.533760149768412,37.082444906879282],[-76.533755478913292,37.082436776650368],[-76.533750845517673,37.082428633526753],[-76.533746247332729,37.082420477470876],[-76.533741676487224,37.0824123083515],[-76.53373714305431,37.082404128139281],[-76.533732648111666,37.08239593865477],[-76.533728185193667,37.082387728974474],[-76.533722781106121,37.082378897908619],[-76.533717705432011,37.082369939831068],[-76.533712958920702,37.08236086917524],[-76.533708548272102,37.082351687855684],[-76.533703731061294,37.082343648917863],[-76.533698836591896,37.082335639334993],[-76.533693870509694,37.082327658299903],[-76.533688827098587,37.082319709322434],[-76.533683712051214,37.082311789793629],[-76.533678523118681,37.082303899675978],[-76.533672204266963,37.082298882996547],[-76.53366792451186,37.082288215801107],[-76.533662517086483,37.082280422081318],[-76.533657034581267,37.082272660456702],[-76.533651481447194,37.08226493280398],[-76.533645856583306,37.08225723820361],[-76.533642755047993,37.0822488484459],[-76.533639022623092,37.082240623913947],[-76.533634677627845,37.082232595557905],[-76.533629730510469,37.082224794196478],[-76.533624199660494,37.0822172480771],[-76.533618106864424,37.082209984602478],[-76.533611475032956,37.082203031194084],[-76.533604330473651,37.082196414428886],[-76.533596695136836,37.082190155403183],[-76.533588602029781,37.082184282608253],[-76.533580082285923,37.082178810083292],[-76.533571155512661,37.082173762490683],[-76.533561866266453,37.082169156797519],[-76.533552245375958,37.082165018754921],[-76.533541707197017,37.082165224125013],[-76.533531167402543,37.08216518881806],[-76.533520634964844,37.08216491388513],[-76.53351011449891,37.082164394896786],[-76.533499614859977,37.082163637408598],[-76.533489148510839,37.082162638023348],[-76.533478722081099,37.082161401358242],[-76.533468343489034,37.082159925742914],[-76.533458022831326,37.082158212247101],[-76.533447766784477,37.082156263686265],[-76.533437584344298,37.082154080210501],[-76.533427484365816,37.08215166737547],[-76.533417472565205,37.08214902167142],[-76.533407562318786,37.082146147828119],[-76.533397756882849,37.082143050406543],[-76.533388064198974,37.08213972683528],[-76.533378497573224,37.082136184547032],[-76.533369060402435,37.082132422697072],[-76.533359761471445,37.082128449543923],[-76.533350605324969,37.082124263360868],[-76.53334160531594,37.082119869778609],[-76.533332765895267,37.082115270674109],[-76.533324092521411,37.082110472447731],[-76.533315591894151,37.082105477013876],[-76.533307277413186,37.082100288201516],[-76.533299146712608,37.082094910477778],[-76.533291213098295,37.082089351275187],[-76.533283483293616,37.082083611607345],[-76.533273979347058,37.082079735971469],[-76.533264874961404,37.082075290167644],[-76.533256220104462,37.082070299365363],[-76.533248069148115,37.082064792412794],[-76.533240465008731,37.08205880607882],[-76.533233453039017,37.08205236996244],[-76.533227075007488,37.08204552171452],[-76.533221367997186,37.082038306118363],[-76.533216365881842,37.082030761594346],[-76.533208563692511,37.082023307327361],[-76.533207188694121,37.082015015778609],[-76.533206537598986,37.082010897651237],[-76.533207541041008,37.082006875642371],[-76.533203925996787,37.081998206006276],[-76.533202799247249,37.081989712202081],[-76.533202483696712,37.08198117065038],[-76.533202986864197,37.08197263825901],[-76.533204297434239,37.081964160805754],[-76.533214980779718,37.08196114130341],[-76.53321956490727,37.081958676138505],[-76.533224390745659,37.081956087022576],[-76.533231939756391,37.081949314428648],[-76.533237148651793,37.081941253559009],[-76.533239689369921,37.081932407275097],[-76.533239407927823,37.081923332718773],[-76.533236311982506,37.081914600545502],[-76.533230611170538,37.081906757742907],[-76.533222653787192,37.081900296830788],[-76.533212937703425,37.081895625398907],[-76.533201932293338,37.081897274043691],[-76.533190818330922,37.081898381893446],[-76.533179643183914,37.081898944330931],[-76.533168447543602,37.081898953923719],[-76.533157269454165,37.081898418517348],[-76.53314615401105,37.081897334358082],[-76.533135141600852,37.08189570572528],[-76.533124273500533,37.081893545926413],[-76.533113590237306,37.081890853835446],[-76.53310313756235,37.081887643735818],[-76.53309294436005,37.081883929629363],[-76.533083055374235,37.081879721276181],[-76.533074368438108,37.081874364894738],[-76.533065808708017,37.08186887544008],[-76.53305738279002,37.081863258430317],[-76.533049094104328,37.081857512120074],[-76.53304093820006,37.081851634632365],[-76.533032930491373,37.081845638842928],[-76.533025066668003,37.081839517469326],[-76.533017348767928,37.081833278657385],[-76.533009782343058,37.081826925203792],[-76.533002369759515,37.08182045264148],[-76.53299511078292,37.081813869979648],[-76.53298801215999,37.08180717733098],[-76.532981073820238,37.081800377398245],[-76.532974300238223,37.081793471157496],[-76.532967692444586,37.081786462231207],[-76.532961253765635,37.081779352477511],[-76.532954984014083,37.08177214910377],[-76.532948888952589,37.0817648467984],[-76.53294499684516,37.081756018404192],[-76.532946047927211,37.081747527607959],[-76.532947106880727,37.081738993680325],[-76.53295077613555,37.081731437087065],[-76.532947956153919,37.08172174150819],[-76.532948989666892,37.081713147669475],[-76.532950432876419,37.081704588611288],[-76.532952275217127,37.081696081282061],[-76.532954518703434,37.081687634728503],[-76.532957156190065,37.081679264153486],[-76.532960190839233,37.081670977721579],[-76.532963613256968,37.081662790598173],[-76.532967419788548,37.081654713537844],[-76.532971607927138,37.081646756413171],[-76.532973179351245,37.081639582101246],[-76.532977177867764,37.081630481656433],[-76.532977412080854,37.081621997051002],[-76.532976882302691,37.081613518618106],[-76.532975578249051,37.081605095758086],[-76.532973511211026,37.081596770119468],[-76.532970693463554,37.081588588775126],[-76.532967136297643,37.081580593373765],[-76.532962860046879,37.081572823912218],[-76.532957891556961,37.081565329509253],[-76.532952252496671,37.081558142072339],[-76.532945977770353,37.081551303644211],[-76.532939092302883,37.081544850693298],[-76.532931641329355,37.081538817322944],[-76.532923663338295,37.081533237524141],[-76.532915192624884,37.081528133500761],[-76.53290628782382,37.081523543185121],[-76.532896981239205,37.081519478833648],[-76.532791947997609,37.081471024819848],[-76.532663281034615,37.081408438349264],[-76.532653402141264,37.081405531615253],[-76.532643589639619,37.081402494398084],[-76.532633841398209,37.081399322155619],[-76.532624161727156,37.081396022170352],[-76.532614550814131,37.081392587234852],[-76.532605015241742,37.081389023768352],[-76.532595554986528,37.081385332671722],[-76.532586177990026,37.081381511373671],[-76.532576878489337,37.081377565185804],[-76.532567664355639,37.081373494239614],[-76.532558540039844,37.081369300412049],[-76.532549504534771,37.081364979179803],[-76.532540561002762,37.081360538707393],[-76.532531712817189,37.08135597905126],[-76.532522961172901,37.081351297527377],[-76.532514311574772,37.081346498734284],[-76.532505761727236,37.081341584436295],[-76.532497320555365,37.081336557486338],[-76.532488984826614,37.081331412422671],[-76.532480758851165,37.08132615652768],[-76.532472641504668,37.081320789782652],[-76.532464644008002,37.081315313276313],[-76.532456759497421,37.081309731400644],[-76.532448997015294,37.081304042503952],[-76.532441354242422,37.081298249251532],[-76.532433833427703,37.081292351680929],[-76.532426438951703,37.081286354371876],[-76.532236080191041,37.081222737164836],[-76.53216546479662,37.081169361223715],[-76.532074713434483,37.081099165793468],[-76.532000452059478,37.081053971311398],[-76.531948760288088,37.081064095712875],[-76.531821091877944,37.081094929321772],[-76.53166957757233,37.081119869145837],[-76.531562974204832,37.081131824087201],[-76.531517843065075,37.081153047559646],[-76.531455297365227,37.081184968800194],[-76.53144497012569,37.081182953076571],[-76.531434689133533,37.081180802928529],[-76.531424450851304,37.081178524606123],[-76.531414262166422,37.081176112816628],[-76.531404124132948,37.081173570281585],[-76.531394033330812,37.08117089874645],[-76.531384002246142,37.081168093913341],[-76.531374028418924,37.081165163852965],[-76.53136411313794,37.081162102277645],[-76.531354259588795,37.081158916451166],[-76.531344471285706,37.081155601024335],[-76.531334753639698,37.081152164199459],[-76.53132510571406,37.081148598750325],[-76.531315528445646,37.081144911903131],[-76.531306030947277,37.081141099303636],[-76.531296604059236,37.081137167107897],[-76.531287263594137,37.081133112876252],[-76.53127800498379,37.0811289392364],[-76.531268828251825,37.081124645287296],[-76.531259740027465,37.081120235646374],[-76.531250740334301,37.081115709412728],[-76.531241833693585,37.08111106576056],[-76.531233024509149,37.081106308368824],[-76.531224309290479,37.081101441685625],[-76.53121423104929,37.081098417933248],[-76.53120417185545,37.081095353939389],[-76.531194130420303,37.081092255991699],[-76.531184111476293,37.081089115156182],[-76.531174107081966,37.081085934004072],[-76.531164123843155,37.081082718053636],[-76.531154158550862,37.081079460942021],[-76.531144214461037,37.081076167230243],[-76.531134289371721,37.081072835078892],[-76.531124388905226,37.081069464581866],[-76.531114502988444,37.081066053768296],[-76.531104642842337,37.081062603726977],[-76.531094800502046,37.08105911793006],[-76.531084979411204,37.081055593731122],[-76.531075179546477,37.081052032031153],[-76.531065402055631,37.081048431947984],[-76.531055645790886,37.081044794363741],[-76.53104591072875,37.081041120179414],[-76.53103620146085,37.081037405866432],[-76.531026509998796,37.081033655797917],[-76.531016846485997,37.081029869241995],[-76.531007202020845,37.081026042444748],[-76.530997582131732,37.081022179103741],[-76.530987986818559,37.081018279219009],[-76.530978412731557,37.081014341833303],[-76.530968861018621,37.081010366064476],[-76.530959337208088,37.081006355610114],[-76.530950315726102,37.081001500912592],[-76.530941258425827,37.080996682569378],[-76.530932179901626,37.080991901725675],[-76.530923066706976,37.080987156354126],[-76.530913920973589,37.080982450996927],[-76.530904753969239,37.080977784941091],[-76.530895551334282,37.080973148032086],[-76.530886317167628,37.08096855566086],[-76.530877061847306,37.080963998086389],[-76.530867770708639,37.08095947686612],[-76.530858451552405,37.080954994834315],[-76.530849106603881,37.080950552929664],[-76.530839726984979,37.080946146497091],[-76.530830329444854,37.08094178032308],[-76.53082089948316,37.080937449658727],[-76.530811444830206,37.080933160041162],[-76.530801962206425,37.080928907810204],[-76.530792450464006,37.080924693848068],[-76.530782914100612,37.080920518229874],[-76.530773349602228,37.080916386304708],[-76.530763759499166,37.080912287299213],[-76.530754148054626,37.080908230297695],[-76.530744504094599,37.080904212409486],[-76.530734838910291,37.08090023202066],[-76.53072514566135,37.080896292622121],[-76.530715431141189,37.080892392524795],[-76.530705982831563,37.080888507691917],[-76.530696566243464,37.080884571112577],[-76.530687187046041,37.080880581078965],[-76.530677838328486,37.080876543784697],[-76.53066852592417,37.080872451215519],[-76.530659249739102,37.08086830697512],[-76.530650011928486,37.080864114704788],[-76.530640805862959,37.080859869787133],[-76.530631639272784,37.080855577759245],[-76.530622509089767,37.080851226852815],[-76.530613417304608,37.080846827015506],[-76.530604363823542,37.080842381851099],[-76.530595346561853,37.080837885015491],[-76.530586372313195,37.080833334819644],[-76.530577432901467,37.080828742843913],[-76.530568536526204,37.080824096607074],[-76.530559678525378,37.080819402340396],[-76.530550863514165,37.080814655614404],[-76.530542086807074,37.080809863561306],[-76.530533356368963,37.080805022709029],[-76.530524660885192,37.080800135572375],[-76.530516011717395,37.080795197834675],[-76.53050740539841,37.080790213043251],[-76.530498840850697,37.0807851793775],[-76.530490322478258,37.080780100516229],[-76.530481845806705,37.080774975483379],[-76.530473415404245,37.080769801651407],[-76.530465027827191,37.08076458166672],[-76.530373563242208,37.08072184574219],[-76.530292380610817,37.080679279836886],[-76.530285829460539,37.080672657460269],[-76.530279142321589,37.080666116631392],[-76.530272329149497,37.080659663825955],[-76.530265387695493,37.080653299006208],[-76.530258319084012,37.080647022191059],[-76.53025112879638,37.080640838879894],[-76.53024381348277,37.080634748115358],[-76.530236377593965,37.080628751774505],[-76.530228823355429,37.080622850795805],[-76.530221154093425,37.080617047037499],[-76.530213368589742,37.080611344084424],[-76.530205470241029,37.080605741091986],[-76.530197460148287,37.080600238979905],[-76.530189340513417,37.08059483958759],[-76.530181115693424,37.080589548395729],[-76.530172788077792,37.080584360036411],[-76.530164355276995,37.080579279877448],[-76.530155824060969,37.080574307130767],[-76.530147193187943,37.08056944628207],[-76.530138463829232,37.080564695548389],[-76.530129645987429,37.080560059603393],[-76.53012073525862,37.080555534768209],[-76.530111302309123,37.080551365329605],[-76.53010193191048,37.080547126633995],[-76.530092598318291,37.080542813744401],[-76.530083320506947,37.080538432386],[-76.530074096251113,37.080533981620185],[-76.53006492569159,37.08052945604156],[-76.530055808593787,37.080524864659282],[-76.530046747347257,37.080520202105383],[-76.530037739609412,37.0805154719461],[-76.530028792220648,37.080510670690437],[-76.530019898246692,37.080505805433013],[-76.530011066870713,37.080500869116875],[-76.530002288909486,37.080495868798899],[-76.529993574600297,37.08049080014392],[-76.529984920569873,37.080485663095395],[-76.529976326700876,37.080480462157936],[-76.529967796390025,37.080475196487079],[-76.529959328536378,37.080469865163117],[-76.529950924170521,37.080464471808511],[-76.52994258455773,37.080459011036567],[-76.529934310681526,37.080453488271615],[-76.529926100293153,37.080447903476077],[-76.529917959038158,37.08044225584301],[-76.529909346213202,37.080436876124459],[-76.529900648045825,37.080431576997256],[-76.529891868728569,37.080426370248524],[-76.529883008425756,37.080421249571835],[-76.529874070440243,37.080416217726309],[-76.529865054795479,37.080411273810967],[-76.52985596816761,37.080406420641474],[-76.529846800436701,37.080401658048437],[-76.529837561699225,37.080396987102134],[-76.529828250877571,37.080392405981797],[-76.529818873406128,37.080387921988844],[-76.529809426028976,37.080383530562187],[-76.529799909870448,37.080379231720649],[-76.529790326008069,37.080375027284873],[-76.529780681094437,37.080370920971205],[-76.529770969577825,37.080366909983056],[-76.529761202725908,37.080362993607416],[-76.529751372573884,37.080359175316261],[-76.529741481276574,37.080355458750958],[-76.529731536916273,37.080351835934863],[-76.529721537056233,37.080348314037614],[-76.529711968279784,37.080343833145811],[-76.529702483491363,37.080339237389047],[-76.529693084892969,37.080334528606627],[-76.529683774780352,37.080329705034451],[-76.529674556315626,37.080324774837173],[-76.529665433059847,37.080319730863877],[-76.529656402576336,37.080314580284323],[-76.529647470534286,37.080309321390722],[-76.529638636863268,37.080303956885857],[-76.529629902617245,37.080298489491248],[-76.529621276932545,37.080292913951887],[-76.529612749548448,37.080287235504095],[-76.529604331591869,37.080281458840439],[-76.529596023180204,37.080275579456455],[-76.529587821947217,37.080269601819033],[-76.529579737918851,37.080263529701185],[-76.529569223767524,37.080262131685458],[-76.52955872955593,37.080260659193605],[-76.529548249638509,37.080259113032596],[-76.529537786334529,37.080257490537299],[-76.529527345266132,37.080255791801697],[-76.52951692076438,37.08025401853363],[-76.529506517397309,37.080252168105559],[-76.529496137296462,37.080250245059709],[-76.529485776081557,37.080248244816325],[-76.529475441529669,37.080246171110559],[-76.52946512804219,37.080244022947653],[-76.529454837985455,37.080241795860566],[-76.529444577824179,37.080239500773089],[-76.529434339898799,37.080237129445472],[-76.529424130838535,37.080234686494961],[-76.529413950831156,37.080232164714396],[-76.529403797440011,37.080229571273392],[-76.529393672937516,37.08022690530867],[-76.529383581797916,37.080224167796473],[-76.529373519640927,37.080221354156883],[-76.529363489651956,37.080218471653708],[-76.529353496587035,37.080215510452113],[-76.529343533417958,37.080212481250271],[-76.529333604712747,37.080209381420609],[-76.529323713915232,37.080206208316916],[-76.529313854231958,37.080202963628118],[-76.529304035759196,37.080199648424333],[-76.529294255123773,37.080196262649316],[-76.529284512349122,37.080192805402007],[-76.529274807411866,37.080189277583422],[-76.529265143685251,37.080185679249986],[-76.529255522223281,37.08018201312322],[-76.529245939746687,37.08017827554314],[-76.529236708172348,37.080173591148629],[-76.529227205941581,37.080169278071729],[-76.529217443899455,37.080165351816035],[-76.529207452240769,37.080161819195659],[-76.529197251111256,37.08015868415292],[-76.529186870517847,37.080155960709178],[-76.529176332690753,37.080153659150689],[-76.529165663655789,37.080151773603625],[-76.529154893373132,37.080150319891352],[-76.529144044495411,37.080149292083668],[-76.529133146022573,37.080148699678681],[-76.529122226018174,37.080148544948528],[-76.529111304909392,37.080148821024331],[-76.529100417412351,37.080149533894804],[-76.529089590700863,37.08015067680401],[-76.529078844943925,37.080152252793283],[-76.529068211860022,37.080154253380229],[-76.529057710611156,37.080156677082776],[-76.529048286532912,37.080162140891908],[-76.52904058915108,37.080163851694884],[-76.529028657391166,37.080168591261291],[-76.529018872773335,37.08017247985839],[-76.529009109729941,37.08017636070381],[-76.528999387681353,37.080180222405481],[-76.528992617533419,37.080182914018835],[-76.528905207633656,37.080227519374269],[-76.528766183909241,37.080299366628857],[-76.528636311133539,37.080361504719917],[-76.528547350330484,37.080408366881642],[-76.528543320027126,37.080410384169774],[-76.528534316711202,37.080414980710081],[-76.528525308896434,37.080419577174474],[-76.528516302205048,37.080424173656922],[-76.528507294388092,37.080428770119894],[-76.528498287764975,37.080433363898237],[-76.528489287793306,37.080437961392491],[-76.528480286860585,37.080442552560754],[-76.52847129728849,37.080447139411966],[-76.528462311112079,37.080451725418037],[-76.528455512411313,37.080459048348942],[-76.5284470847688,37.080464302556919],[-76.528438733744466,37.080469638262869],[-76.528428236728672,37.08047323458387],[-76.528420647363419,37.080479213950277],[-76.528413047712675,37.080485199453186],[-76.528405447919795,37.080491190361187],[-76.52839784018424,37.080497183839675],[-76.528394623219654,37.080499717663706],[-76.528389722709989,37.08050279474444],[-76.528382306887607,37.080508934741623],[-76.528374880826775,37.080515079073528],[-76.528367455865649,37.080521224324706],[-76.528360029731871,37.080527371358464],[-76.528352596826878,37.080533519179717],[-76.528345167317454,37.080539666156014],[-76.528335054842202,37.080543268904087],[-76.528325293529221,37.080547338998059],[-76.528315776120678,37.080551761979393],[-76.528306520818816,37.080556530041022],[-76.528297551447935,37.080561635469955],[-76.52828888293098,37.080567066798956],[-76.528280534782581,37.080572809032489],[-76.528272528531318,37.080578856221599],[-76.528264874790324,37.080585189616613],[-76.528257591808924,37.080591799608591],[-76.528252525926703,37.080600916290209],[-76.528243905282338,37.080605417365234],[-76.528238125580472,37.080613134084686],[-76.528232476955225,37.080620698873695],[-76.528227264031258,37.080628465636856],[-76.528222507612213,37.080636413090986],[-76.528216334786478,37.080643675279752],[-76.528209861537974,37.080650767500934],[-76.528203098150968,37.080657683617396],[-76.528194373442659,37.080663414135152],[-76.528187470216849,37.080670127819843],[-76.528180515168856,37.080676887505],[-76.528173581906614,37.080683631330729],[-76.528166679848567,37.080690343231218],[-76.528156838647803,37.08069506001565],[-76.528148264530955,37.080700537078719],[-76.528139467043118,37.08070577966776],[-76.528130456304211,37.080710787952036],[-76.528121241591691,37.080715551271105],[-76.528111831947996,37.080720067973651],[-76.528102243350176,37.080724329313853],[-76.528092480343034,37.080728333565169],[-76.528082556607728,37.080732073746091],[-76.528072484560155,37.080735548261757],[-76.528063471026869,37.080740232023111],[-76.52805450124805,37.080744963384184],[-76.528045568453592,37.080749743132948],[-76.528037639053764,37.080756939860393],[-76.528029199103358,37.080761196985925],[-76.528020116326076,37.080765775033299],[-76.528011041465675,37.080770351409846],[-76.52800196550325,37.080774926865999],[-76.527992894084448,37.080779500594893],[-76.527983829505132,37.080784070832323],[-76.52797476834499,37.0807886393237],[-76.527965414186838,37.080793357034089],[-76.527957222838822,37.08079890808856],[-76.5279490270389,37.080804457265309],[-76.52794083100278,37.080810015450709],[-76.527932631686184,37.080815569975364],[-76.527924432203875,37.080821130805859],[-76.527916234009282,37.080826685348192],[-76.527908031221727,37.080832243418357],[-76.527899831829828,37.080837800643472],[-76.527891629016366,37.080843359613418],[-76.527883429645541,37.080848915936457],[-76.527875231350947,37.080854474079651],[-76.527867032024659,37.080860028599695],[-76.527858839443795,37.080865583232132],[-76.527849487998907,37.080871921532278],[-76.52784102820354,37.080874738922304],[-76.527831170298953,37.080878024122249],[-76.527821302132608,37.080881314557473],[-76.52781143063909,37.080884603133597],[-76.527801555653909,37.080887896156945],[-76.527791673921257,37.080891189066506],[-76.527781791016338,37.080894483758307],[-76.527771905861712,37.080897778411618],[-76.527762017356366,37.080901072106748],[-76.527752135620332,37.080904365013019],[-76.527742245941837,37.080907660489473],[-76.527732364180522,37.080910954295042],[-76.527722482441902,37.080914247198812],[-76.527712604122684,37.080917538356466],[-76.527702732572692,37.080920828725247],[-76.527692864465649,37.080924116446987],[-76.527683003080895,37.080927405181733],[-76.527673151979627,37.080930687778611],[-76.527663304321379,37.080933967728427],[-76.52765346788307,37.080937248766567],[-76.527642008272778,37.080937377793362],[-76.527632031370501,37.080940394197434],[-76.527531594480877,37.080965497878807],[-76.527431554202622,37.080988547723798],[-76.527420960939693,37.080987290599815],[-76.527410280460387,37.080986616964161],[-76.52739956774424,37.080986532243799],[-76.527388871235814,37.080987033644668],[-76.527378243712775,37.080988124754263],[-76.527367736080052,37.080989794707925],[-76.527357397835999,37.080992043433099],[-76.527347271289713,37.080994844598976],[-76.527337411467713,37.080998201830859],[-76.527327860608622,37.081002091500665],[-76.527318665260665,37.081006497262983],[-76.526994543446222,37.080692459959899],[-76.525982385951323,37.08134798447373],[-76.522982403151062,37.082647995603594],[-76.522963400655399,37.083575998706351],[-76.522938395512156,37.084864004849017],[-76.522921393035816,37.085698009532969],[-76.522914392607717,37.086030010203572],[-76.522901390075504,37.086638013690362],[-76.522882386746758,37.087648017620864],[-76.522282383123624,37.089948029736377],[-76.521564382594136,37.091555038516816],[-76.519682393219924,37.092648046625648],[-76.518782386345791,37.096248064489103],[-76.518537387538615,37.096355065964879],[-76.517905390575081,37.09663106873095],[-76.515963399580372,37.098009078726541],[-76.514887405659991,37.09877508526602],[-76.513622409384141,37.100108093750869],[-76.513254406353539,37.101733101950295],[-76.513328401639711,37.103005107601206],[-76.513344399062959,37.10348710955158],[-76.513349398967051,37.103624110061467],[-76.513660397319057,37.103515109102055],[-76.513948395141242,37.10342710783717],[-76.514829389883687,37.103209105203661],[-76.517638370789655,37.102877097912142],[-76.518868363241538,37.102736094339299],[-76.51935435958903,37.102677093671062],[-76.520057354607644,37.102591092224493],[-76.520957348070198,37.102488089210318],[-76.52226733939132,37.102329085882026],[-76.522375338770473,37.102311085610985],[-76.522512337338341,37.102287085105033],[-76.52279133636975,37.102225084593172],[-76.523065333921224,37.102148083783007],[-76.523607331206875,37.101946081481913],[-76.524158328137659,37.101728079782873],[-76.52457332562814,37.101557077782388],[-76.524728324404308,37.101498076723445],[-76.524857323477463,37.101461076890814],[-76.524989322580879,37.101432076729331],[-76.525139321344582,37.10141007565926],[-76.525328320337223,37.101398075327964],[-76.525833317158259,37.101408075025823],[-76.526409311646532,37.101428073594498],[-76.52640431293959,37.10132107227669],[-76.52640431393219,37.101054071642011],[-76.526427314337425,37.100733070350927],[-76.526649318260198,37.099250062900218],[-76.526687318549449,37.099038062685359],[-76.526749318900386,37.098776060483125],[-76.526829320014272,37.098517059058217],[-76.52695631912232,37.098183057082991],[-76.527565320741815,37.09664804974858],[-76.527730320799378,37.096219047980057],[-76.527780320702362,37.096072046880089],[-76.527827322112486,37.095886046469467],[-76.527857321867685,37.095697044975886],[-76.527869322765497,37.095507043749663],[-76.527859323073358,37.095331042985322],[-76.527839323170042,37.095193042537943],[-76.527808324432812,37.095053041876255],[-76.527754325546937,37.094882041548274],[-76.527651327807774,37.094640039864032],[-76.527835325852379,37.094597039962466],[-76.52812732407007,37.094519038501147],[-76.528326322837927,37.094465037827128],[-76.528766319998638,37.094359037737846],[-76.529063318491737,37.094305035631187],[-76.529483314628166,37.094253035497431],[-76.530088310706134,37.094220034660076],[-76.530475308281453,37.094199033249843],[-76.531257302900869,37.094167031387975],[-76.532119296010833,37.094129029067396],[-76.532387293700864,37.09410202961034],[-76.532652292848709,37.094059028159457],[-76.532825291640989,37.094017027536161],[-76.532994290567203,37.09396602704571],[-76.533200288818065,37.09389002600922],[-76.533397288577575,37.093801025420341],[-76.533584287168566,37.09370002526741],[-76.533761285713467,37.093587023814614],[-76.53387528640404,37.093501023293911],[-76.534078284326469,37.09332402256365],[-76.534100284834366,37.09330502231893],[-76.534331283560689,37.093080021440002],[-76.534375283610942,37.093057020382886],[-76.53441628350383,37.093048020635102],[-76.534469282569106,37.093049020019905],[-76.534518282442093,37.093064020268926],[-76.534709280669247,37.093185020086217],[-76.536188266920163,37.094173022368558],[-76.536512262806554,37.094397022186797],[-76.536878259852486,37.094628021801853],[-76.537263256627142,37.094849022144047],[-76.537420254499494,37.094953022993352],[-76.537565253512597,37.09506802343406],[-76.537692251473686,37.095189023164245],[-76.537860250462899,37.095376023953008],[-76.538156247191779,37.095787024392315],[-76.538220246336579,37.095869025241079],[-76.538496242636043,37.096283026619659],[-76.538791238604347,37.096598027748414],[-76.53912423630328,37.096888028192616],[-76.539194235315961,37.096937028770938],[-76.539494232438912,37.097148028524813],[-76.539621231186075,37.097228028386574],[-76.540142226367522,37.097557028530957],[-76.540294224465626,37.097713029517259],[-76.540450223026994,37.097901029141525],[-76.540826218410544,37.098457031300924],[-76.541692207930879,37.099726035072663],[-76.542131203433158,37.100370036419996],[-76.542752195408298,37.101299039688413],[-76.542893193223193,37.101514040285863],[-76.543139189679124,37.101887041399827],[-76.543167189708555,37.101945041043471],[-76.54324018854669,37.102121042035286],[-76.543293187774054,37.102281042664096],[-76.543445185490881,37.102779044368923],[-76.543903177796039,37.104261049638524]]]},"properties":{"OBJECTID":45,"ADDRESS":"125 CITY FARM RD","PrecinctName":"Riverview","Num":217,"TOTAL":3118,"BLACKNH":502,"WHITENH":2119,"TOTALHISP":160,"ASIANNH":223,"TOTAL18":2527,"USCON":"C03","STSEN":"S024","STHOD":"H070","COUNCIL":"CENTRAL","POLLINGLOC":"RIVERVIEW GYMNASTIC CTR","GlobalID":"{D9CE4764-A229-4B6E-BE78-A60548D48377}"}},{"type":"Feature","id":48,"geometry":{"type":"Polygon","coordinates":[[[-76.414418300070437,37.008722392191864],[-76.414695097532075,37.008632697100026],[-76.414789098100613,37.00860369641314],[-76.415436096130989,37.008376695741433],[-76.415809096390376,37.008239695433858],[-76.416806094467148,37.007855693551278],[-76.41736009359839,37.00763169356398],[-76.418049093635275,37.007357691820594],[-76.418566092240084,37.007165690703452],[-76.418025337594543,37.006290177478796],[-76.41778909961829,37.005907687114956],[-76.417746307596204,37.005842058233377],[-76.417736003213292,37.005825508578219],[-76.41733110424741,37.005175231580175],[-76.417290104378665,37.005107684642951],[-76.417257783341,37.005057476135939],[-76.416972107140722,37.004613683545195],[-76.416932107196303,37.004553683022969],[-76.416735109230331,37.004224682384425],[-76.416082542267944,37.003194204512191],[-76.416026262623745,37.003106429155459],[-76.41601048621169,37.003080322920191],[-76.415815118535633,37.002770677697193],[-76.415384122721449,37.002048676084883],[-76.415386456428308,37.002047752092217],[-76.416230120610976,37.001713674448538],[-76.41755611916561,37.001182671921725],[-76.417973119087648,37.001010671710176],[-76.418161117786028,37.000937670690092],[-76.419414116395387,37.000440668747281],[-76.419929115723235,37.000241667829336],[-76.421606110045488,36.999579665771222],[-76.423311102798621,36.998893665068081],[-76.424005099739844,36.998613665856517],[-76.424813095706043,36.998298665222116],[-76.425306094063572,36.998107664350229],[-76.425421093484104,36.998061665224952],[-76.42634208934065,36.997691665110288],[-76.426806086458114,36.997506664566124],[-76.42688808711047,36.997474664405765],[-76.427490084502139,36.997231664353073],[-76.42709708379077,36.996602664032125],[-76.426954082460412,36.996360665113698],[-76.426715082082538,36.995958665023309],[-76.426647080516673,36.995844664521051],[-76.426546081124968,36.995675665636739],[-76.426353080424249,36.995371664791534],[-76.426313080338488,36.995307664883875],[-76.425916079734108,36.994673665742532],[-76.425530077457054,36.994039666125687],[-76.425131077545871,36.993379666875782],[-76.424920075115651,36.993031666619864],[-76.424737076150791,36.992749666749752],[-76.424335073928134,36.992107667024236],[-76.423965711879234,36.991481615658032],[-76.423958072243963,36.991468667548382],[-76.423931620534134,36.991479214225784],[-76.423228841479855,36.991759409378275],[-76.421635454809419,36.992395224745749],[-76.42148763285121,36.992454009763797],[-76.42124208568832,36.992548668203632],[-76.417367004621681,36.994088803980468],[-76.417007102996124,36.994231670101264],[-76.411906125562155,36.996271672549135],[-76.411388128639956,36.996478672026335],[-76.410154134042926,36.996950672308223],[-76.409287138419373,36.997293673218159],[-76.408011143473729,36.997799673360142],[-76.407728551694632,36.997912904454424],[-76.407728658258847,36.997913073997253],[-76.407764188705272,36.997969749767918],[-76.407763988760806,36.99796982823451],[-76.407804941467063,36.99803475206172],[-76.407840065855467,36.998092015468487],[-76.407908116471759,36.998206431062023],[-76.407908484419892,36.998207023470599],[-76.407970430838745,36.998306441363908],[-76.40828661869395,36.998814809862971],[-76.40851882395269,36.999188156746293],[-76.408519237143551,36.999188820260876],[-76.409718344468473,37.001120487959305],[-76.409718757575817,37.00112115507541],[-76.40986915820001,37.001364926760196],[-76.409869574754381,37.001365591232968],[-76.410390774881122,37.002198368447196],[-76.4103911858533,37.002199031917471],[-76.410445085136615,37.002286351408237],[-76.410642349451393,37.002605924560179],[-76.411201318197925,37.003511450046318],[-76.412084025645498,37.00494138322864],[-76.412085356272343,37.004943542100655],[-76.412085445652792,37.004943683393407],[-76.414418300070437,37.008722392191864]]]},"properties":{"OBJECTID":48,"ADDRESS":"4200 MARSHALL AVE","PrecinctName":"Newsome Park","Num":312,"TOTAL":1176,"BLACKNH":1083,"WHITENH":49,"TOTALHISP":24,"ASIANNH":8,"TOTAL18":797,"USCON":"C03","STSEN":"S023","STHOD":"H085","COUNCIL":"SOUTH","POLLINGLOC":"NEWSOME PARK ELEM SCH","GlobalID":"{12C8ED1C-E940-444D-943F-D02A37874CC6}"}},{"type":"Feature","id":49,"geometry":{"type":"Polygon","coordinates":[[[-76.411906125562155,36.996271672549135],[-76.416204325076464,36.994552742044291],[-76.416932751891096,36.994261407572125],[-76.418989977619503,36.993443695221373],[-76.42124208568832,36.992548668203632],[-76.42057808276374,36.991483669503573],[-76.420058082026216,36.990633669670139],[-76.41966280258643,36.98999979729652],[-76.419230198886012,36.989313884786846],[-76.418896883922471,36.988777502799593],[-76.418788962079503,36.988602888770266],[-76.418731054407573,36.988509155256956],[-76.418625527710503,36.988338341983585],[-76.418465674520576,36.988079588069333],[-76.418331149912277,36.987860364703344],[-76.418218121155377,36.987676086691529],[-76.418123211873976,36.987521349460131],[-76.418022096147496,36.987356281212627],[-76.417910399547395,36.987173583947929],[-76.417809876985601,36.987009165039524],[-76.417731743891181,36.986881365024303],[-76.417703273594412,36.986834795868752],[-76.417690475432025,36.986813863058778],[-76.41767507424359,36.986788671351022],[-76.415576524250596,36.987618306829994],[-76.413429093013207,36.988465673035329],[-76.412367097032359,36.988883674339036],[-76.411453368045528,36.989251939565591],[-76.411047104098671,36.989415674791111],[-76.408352114963449,36.990483674948962],[-76.407011121403173,36.99102067571431],[-76.406354124814868,36.991274676120675],[-76.4063241242402,36.991290675514932],[-76.40624612456601,36.991337675818578],[-76.406169124897843,36.991402675499714],[-76.405790128280387,36.991823675738132],[-76.405269131781907,36.992400676608689],[-76.404703135528024,36.993021676698987],[-76.404681135027417,36.993068675354586],[-76.404676135818207,36.993108675925058],[-76.404097092235148,36.993365253686385],[-76.404182048272062,36.993375589105341],[-76.404200138745622,36.993377677022067],[-76.40433113742283,36.993393676139505],[-76.404395138527647,36.993427675919044],[-76.404655138247477,36.993566676061434],[-76.404678137266416,36.993571676092174],[-76.404853194010343,36.993613264770048],[-76.405024870728184,36.993600154072304],[-76.40502619440511,36.993602266031765],[-76.405034135951155,36.993601675533576],[-76.405255137305318,36.993953675742645],[-76.405539138223475,36.994406675561457],[-76.406157139269681,36.99539067538678],[-76.406576140992144,36.996058675009721],[-76.406687141066513,36.996236674854231],[-76.406773142187248,36.996373674356811],[-76.406960141498971,36.9966756739598],[-76.406976141796576,36.9966976743967],[-76.407289143686498,36.997199673547065],[-76.407386144058947,36.997359673720652],[-76.407395142897272,36.997374674212907],[-76.407477485162943,36.997512417480976],[-76.407728551694632,36.997912904454424],[-76.408011143473729,36.997799673360142],[-76.409287138419373,36.997293673218159],[-76.410154134042926,36.996950672308223],[-76.411388128639956,36.996478672026335],[-76.411906125562155,36.996271672549135]]]},"properties":{"OBJECTID":49,"ADDRESS":"3700 CHESTNUT AVE","PrecinctName":"Washington","Num":317,"TOTAL":998,"BLACKNH":879,"WHITENH":49,"TOTALHISP":35,"ASIANNH":2,"TOTAL18":764,"USCON":"C03","STSEN":"S023","STHOD":"H085","COUNCIL":"SOUTH","POLLINGLOC":"BOOKER T. WASHINGTON SCH","GlobalID":"{BE64E1B4-5AC1-4F6D-9FDF-4803D9C2DB9E}"}}]}