{"type": "FeatureCollection", "features": [{"type": "Feature", "id": 450, "geometry": {"type": "Polygon", "coordinates": [[[-76.30277270417595, 36.91743751435031], [-76.30286421361392, 36.91742423245818], [-76.30327223991283, 36.9173650096702], [-76.30372075616118, 36.9172999088776], [-76.30377929153991, 36.91729141294988], [-76.30448895478943, 36.91718840226291], [-76.30473395509472, 36.91723340215899], [-76.30493603161474, 36.917269546356515], [-76.30497995564176, 36.91727740258067], [-76.305491955881, 36.917369402297204], [-76.30597220943268, 36.91745680698969], [-76.306002955075, 36.917462402317796], [-76.30603162557016, 36.91746278509999], [-76.30617733787217, 36.91746473122917], [-76.3065361668059, 36.917469521974034], [-76.30795095575125, 36.91748840208411], [-76.30798041535874, 36.91748785538224], [-76.30809434633828, 36.91748573895688], [-76.30850511414353, 36.91747810967041], [-76.30892387772948, 36.91747032963778], [-76.30903738633005, 36.91746822065107], [-76.30971743033443, 36.91745558261363], [-76.30978095675586, 36.91745440200093], [-76.30985895680952, 36.91745340178603], [-76.31004795674923, 36.91762840207737], [-76.31012495644441, 36.917699401647596], [-76.31023495684562, 36.91780240214246], [-76.31037180662338, 36.91773015204191], [-76.31039595661235, 36.91771740237982], [-76.3108309570092, 36.91812140190186], [-76.31147295732414, 36.91871540236725], [-76.31177014918775, 36.91898712063213], [-76.31192795719477, 36.91913140197462], [-76.31198195688363, 36.91918040263643], [-76.31224001937659, 36.91941698285493], [-76.31302695772884, 36.92013840258778], [-76.31364895758814, 36.920708402819606], [-76.31474157532159, 36.92170150135146], [-76.31516395814842, 36.92208540238484], [-76.31520195819465, 36.922129402643804], [-76.31544795882088, 36.92235040293354], [-76.31583169573824, 36.92280119953286], [-76.31623195904609, 36.92327140335337], [-76.31634395903538, 36.92340340278553], [-76.31639995954268, 36.92349440297469], [-76.31645095914014, 36.92357740263754], [-76.31655695942365, 36.92374840302277], [-76.31657995901215, 36.92378640328286], [-76.31676495927086, 36.92404040298417], [-76.31677595922605, 36.9240644031046], [-76.31679095929461, 36.92409740275203], [-76.31679247579955, 36.924100605496136], [-76.31680047618369, 36.924117507602695], [-76.31694195892766, 36.92441640306689], [-76.31709095880606, 36.92473140366152], [-76.31712595917271, 36.924804403709494], [-76.31736976529572, 36.92544100818537], [-76.3173959589555, 36.92550940365003], [-76.31741195914198, 36.925569403005206], [-76.31745695950323, 36.925742403101566], [-76.31754196010232, 36.92607040313994], [-76.31765195909335, 36.9267164035992], [-76.31744295962915, 36.92673140360293], [-76.31741450833856, 36.92650379555642], [-76.31740695970193, 36.92644340328329], [-76.3173829594806, 36.926248403337325], [-76.3168759595622, 36.926294403278504], [-76.31575220266745, 36.926361406221815], [-76.31538681644808, 36.92638318921982], [-76.31467797141015, 36.92642544503353], [-76.31251883286342, 36.92655413113206], [-76.31145695812957, 36.92661740427468], [-76.30967535152, 36.92672395996933], [-76.30821295705456, 36.92681140417756], [-76.30758795595001, 36.92685740414248], [-76.307499956221, 36.92686240426159], [-76.30753795691693, 36.9269384044016], [-76.30710002961023, 36.92708089896804], [-76.30706188567186, 36.92709331037201], [-76.30651263880688, 36.92727202326927], [-76.30648995632733, 36.92727940403971], [-76.3065111995858, 36.92732174336132], [-76.30660033070883, 36.92749938596232], [-76.30663395624889, 36.92756640385045], [-76.30650809521211, 36.92760879915726], [-76.30625395661517, 36.92769440418012], [-76.30646695622106, 36.9281224042363], [-76.30628095665341, 36.928187404647666], [-76.30638017886392, 36.92838864400486], [-76.30640770646235, 36.92844447406846], [-76.30649395652102, 36.928619404857834], [-76.30623737869468, 36.92870805605954], [-76.30619295575332, 36.92872340474348], [-76.30669095679565, 36.92970440438662], [-76.30650495603702, 36.92977040480306], [-76.30666561976933, 36.93008177714902], [-76.30680575166659, 36.93035335519677], [-76.30685995611353, 36.930458404854974], [-76.30715136984843, 36.93035980195855], [-76.30790473679504, 36.93010488705254], [-76.30798595687386, 36.93007740464609], [-76.3080018665667, 36.930106697999406], [-76.30814943531209, 36.93037841300883], [-76.30817495708435, 36.93042540525221], [-76.30893295693198, 36.93015340469856], [-76.30914095715242, 36.930592404726305], [-76.30838395658877, 36.93081940512419], [-76.3073609561201, 36.93147140494861], [-76.30731111210326, 36.931895513209405], [-76.30730395618396, 36.93195640539037], [-76.3072101312875, 36.932137776627904], [-76.3070633168008, 36.932421580546965], [-76.3070349560989, 36.93247640495508], [-76.30672440774931, 36.93307056884351], [-76.3067150532639, 36.93308846659911], [-76.30664295705829, 36.93322640514279], [-76.30792228204419, 36.93315304516962], [-76.30832246114547, 36.93313009452106], [-76.30871362807379, 36.93310765958491], [-76.31042775068244, 36.93300933312188], [-76.31061619758906, 36.93299852160185], [-76.31178265887179, 36.93293159358006], [-76.3125718409373, 36.932886305890555], [-76.31337795597379, 36.932840041601374], [-76.31363295909549, 36.932825405522316], [-76.31394322891633, 36.932807785435074], [-76.31569295969908, 36.93270840496347], [-76.31604595955368, 36.93270340530098], [-76.31706995957789, 36.93261640502332], [-76.3172483616927, 36.93256132816105], [-76.31752340834994, 36.93254745958974], [-76.3176458408164, 36.932541285571574], [-76.31766195940332, 36.932736404976524], [-76.31770896017217, 36.93325140512041], [-76.31771696006075, 36.93333440544287], [-76.31772096006394, 36.933410405496154], [-76.31773495985502, 36.93363840491295], [-76.31777625735954, 36.93407260244824], [-76.3178328930085, 36.934668049851766], [-76.31783898799536, 36.93473213317656], [-76.31784396012563, 36.934784405010795], [-76.31787095964242, 36.93487040521563], [-76.31791195977954, 36.934979405581096], [-76.31800195995355, 36.935133405150715], [-76.31808948185362, 36.93526020798192], [-76.31812896057528, 36.935317405186616], [-76.31825823152525, 36.935505834103736], [-76.31830519453499, 36.93557428835577], [-76.31830596069165, 36.93557540583268], [-76.31833912797183, 36.93564731587394], [-76.31837636308224, 36.93572804814778], [-76.31841896081919, 36.93582040555676], [-76.31845496025227, 36.93592440593461], [-76.31846296072864, 36.936056405745994], [-76.31848407282564, 36.9363284041908], [-76.31848740531784, 36.936371345364314], [-76.31855831700153, 36.937284931363415], [-76.31856596030987, 36.93738340577633], [-76.31856847932795, 36.937416696348826], [-76.31858262966028, 36.93760373981177], [-76.31859748045196, 36.937800036072865], [-76.31862096068639, 36.938110405879385], [-76.31863002730852, 36.93820082962985], [-76.31868632446415, 36.93876231235658], [-76.31881212182601, 36.94001692502572], [-76.31883060638536, 36.940201281653664], [-76.31888296064635, 36.94072340632549], [-76.31893191216157, 36.94127333957979], [-76.31898858043995, 36.94190997137649], [-76.31908067028994, 36.94294450136804], [-76.31908974464817, 36.943046437312226], [-76.31910199494288, 36.943184059170356], [-76.31910451931591, 36.94321241939559], [-76.31911334865667, 36.943311595345016], [-76.31911796040907, 36.94336340701512], [-76.31916296073337, 36.943774407417486], [-76.31905756931567, 36.94377881727123], [-76.3189239611585, 36.94378440723631], [-76.31892481695033, 36.94386920379172], [-76.31892496053955, 36.94388340732516], [-76.31833696026344, 36.94391440736845], [-76.31781698146258, 36.94394216722221], [-76.31772799411728, 36.94394691816121], [-76.3176050469008, 36.94395348145045], [-76.31636996022499, 36.94401940774582], [-76.31569496040191, 36.94405540762287], [-76.31493770562187, 36.944104363643014], [-76.31485284260293, 36.944109849745445], [-76.31479759218314, 36.94411342176867], [-76.31456942388283, 36.9441281713082], [-76.31249232613041, 36.94426242177481], [-76.3124467532755, 36.944265366910415], [-76.31214398796106, 36.944284932571016], [-76.3120273077785, 36.944292472854436], [-76.31198434390903, 36.94429524912823], [-76.31162595861842, 36.94431840791061], [-76.31015595858766, 36.94441140780552], [-76.30996423987429, 36.94442300365316], [-76.30990795839813, 36.944426408165434], [-76.30969140103083, 36.944440013387045], [-76.3095259583435, 36.944450407897655], [-76.30922495838598, 36.94446940766493], [-76.30908295736931, 36.944478407617304], [-76.30808895813082, 36.94454140805613], [-76.30764395705818, 36.94454340776084], [-76.30730695756478, 36.944546407462326], [-76.3072131981716, 36.94454700988019], [-76.30697705371915, 36.94454852630196], [-76.3066839574756, 36.94455040776039], [-76.30657298924983, 36.94455110331545], [-76.30636495649676, 36.94455240825932], [-76.30598895726091, 36.944555407658854], [-76.30587895640407, 36.94454840767705], [-76.30567295725741, 36.94453540781339], [-76.30526695691444, 36.94450940807782], [-76.3051627431609, 36.944502784038654], [-76.30497510304832, 36.94449635400834], [-76.30484021785442, 36.944482284287034], [-76.30478705331099, 36.94447673905649], [-76.3045478499344, 36.944451788165196], [-76.30309242911262, 36.94429996363207], [-76.30309095657293, 36.94428440749314], [-76.30223995616099, 36.94425040810722], [-76.30219495597791, 36.94425240814457], [-76.30194595593971, 36.94426740820128], [-76.30151895542757, 36.9442934080195], [-76.30128307453776, 36.94430740717208], [-76.30084495499877, 36.94433340756765], [-76.3000847534962, 36.94437890508489], [-76.29929095524467, 36.94442640813906], [-76.29866095419511, 36.94446440820186], [-76.29800995415366, 36.94450340789219], [-76.29775683472647, 36.94451816062891], [-76.29735795375332, 36.944541408178225], [-76.29691995414498, 36.94456340862735], [-76.29649195431605, 36.94458540824997], [-76.29642822242141, 36.94458884157926], [-76.29610517082295, 36.94460624267202], [-76.29606495372785, 36.94460840843306], [-76.29555070730078, 36.94463471371114], [-76.29471595303293, 36.94467740804196], [-76.29436621146897, 36.944697756953246], [-76.29416595377012, 36.94470940850941], [-76.29388853600899, 36.94471232196247], [-76.29359735533836, 36.94471537943593], [-76.2927369526682, 36.94472440838263], [-76.29246717188087, 36.944721315445236], [-76.29195195277269, 36.94471540812985], [-76.2915439519213, 36.94467640866762], [-76.29145656694389, 36.94475186012279], [-76.29131695244041, 36.94487240817726], [-76.29118095253084, 36.94482940864306], [-76.29089749383346, 36.94473021690958], [-76.29054812074006, 36.94460795862667], [-76.29039795209407, 36.944555408816065], [-76.28931088991146, 36.94417357508154], [-76.28908524515602, 36.94409431506319], [-76.28884167348052, 36.944008757697915], [-76.28863735847033, 36.94393698800175], [-76.28837095183766, 36.943843408033814], [-76.28758795103553, 36.94356240803961], [-76.28741770650164, 36.94345730570855], [-76.28709912894271, 36.94326062836931], [-76.28696595079339, 36.94317840815735], [-76.28573612553959, 36.94455044414611], [-76.2853748705949, 36.944953461531334], [-76.28519295085435, 36.94515640885748], [-76.28533880859004, 36.94524452409509], [-76.28600628485555, 36.945647755681236], [-76.28674357362202, 36.94609315160771], [-76.28743595171669, 36.94651140858899], [-76.2873189427953, 36.946760674745065], [-76.28724914782924, 36.9469093591351], [-76.28714060531493, 36.947233783279394], [-76.28732595173571, 36.94733740873445], [-76.28728756950822, 36.94740399674091], [-76.28725003539024, 36.94746911344488], [-76.28719395123616, 36.947566409484615], [-76.2869928336792, 36.94751795874383], [-76.28693529389707, 36.94757761338038], [-76.2868993789957, 36.94763726393749], [-76.28668795128269, 36.94798840937752], [-76.28626995094905, 36.94811140947584], [-76.28631395127077, 36.94830440935493], [-76.28616664318511, 36.94834876950573], [-76.28613795108217, 36.94835740974825], [-76.28610671885083, 36.94827412347439], [-76.28607195066456, 36.948181409060076], [-76.28606462986534, 36.948183361498415], [-76.28577426148222, 36.94826080649465], [-76.28548385402749, 36.94833826086559], [-76.28429095056892, 36.9486564091641], [-76.2843799505844, 36.9488534097637], [-76.28429595068229, 36.94887740964304], [-76.28421495061727, 36.948896409334445], [-76.28413795027373, 36.94870540974795], [-76.28336294272906, 36.9489151057871], [-76.28335895694828, 36.94891618440455], [-76.28333595016566, 36.94892240912008], [-76.28299078736053, 36.94901992264266], [-76.28281815919688, 36.9490686921198], [-76.28244394993742, 36.949174409573764], [-76.2825259505167, 36.94936940933247], [-76.28220295022439, 36.949456409453596], [-76.2821239493688, 36.9492554097628], [-76.2821129501174, 36.949257409762154], [-76.2817644983479, 36.94935230595159], [-76.28064817437196, 36.94965631290477], [-76.2791634843899, 36.95006061599437], [-76.27897694904905, 36.95011141036374], [-76.27850034017973, 36.950244298286265], [-76.27639094862576, 36.950832410390426], [-76.27592246770138, 36.95096095291593], [-76.27567632219233, 36.95102848975873], [-76.27463384857678, 36.95131451293019], [-76.27412394785301, 36.951454410526004], [-76.2739686167211, 36.951510526161144], [-76.27395884435445, 36.95151405751794], [-76.27358694766431, 36.951648410296755], [-76.27307494769977, 36.95178641047115], [-76.27290394669238, 36.95192241084997], [-76.27280594690251, 36.951980410185804], [-76.27256294736439, 36.95199941024421], [-76.2721969468278, 36.95211641092228], [-76.27175894642603, 36.95225241089665], [-76.2718059468616, 36.953049410904256], [-76.27181477756174, 36.95308767807736], [-76.27182498400163, 36.953131904109405], [-76.27185681148528, 36.953269825803055], [-76.27187794656565, 36.95336141116822], [-76.27202394715411, 36.953537410793544], [-76.27197394673652, 36.95373141110026], [-76.27182794645493, 36.954120411401455], [-76.27180543370861, 36.954187948810656], [-76.27180347259828, 36.95419383363317], [-76.27170494721096, 36.95448941156215], [-76.27170394717902, 36.95489841111036], [-76.27189794696669, 36.955092411061905], [-76.27218994710974, 36.95530741121582], [-76.27245694687065, 36.955521411603584], [-76.27252994681285, 36.95587141115544], [-76.2725409473816, 36.95610541138068], [-76.27254414573383, 36.956172340714176], [-76.27255394734024, 36.95637741140975], [-76.27255310490048, 36.95671726912288], [-76.2725526625526, 36.956895784443], [-76.27255252980673, 36.956949416825864], [-76.27255175886486, 36.957260641282275], [-76.27255082957177, 36.95763522968185], [-76.27254994732996, 36.957991412167196], [-76.27249994707634, 36.95834141214101], [-76.27247921610349, 36.9584786545246], [-76.27244994689238, 36.958672412200066], [-76.2724019475987, 36.958944412454784], [-76.27242916764645, 36.959192870397786], [-76.27244894697185, 36.95937341188133], [-76.27239085629112, 36.959431503481824], [-76.27235194782884, 36.95947041224537], [-76.27235194114427, 36.95947205260522], [-76.27235112298041, 36.959678988080206], [-76.27234351721867, 36.95972636405079], [-76.27220494720902, 36.959781412444016], [-76.27222560839839, 36.959873528620015], [-76.27228055905267, 36.96011851247424], [-76.27230094732491, 36.96020941202674], [-76.27233730177426, 36.96056311343176], [-76.27234894767773, 36.96067641218967], [-76.27234838631722, 36.960678007792026], [-76.27231094708492, 36.960784412536505], [-76.27228594758579, 36.96079541252831], [-76.27223394687114, 36.96076941288894], [-76.27217675204237, 36.96076507923012], [-76.27216794766346, 36.96076441220487], [-76.27205994684061, 36.96088741209838], [-76.27200394761627, 36.96104141245756], [-76.27198794748814, 36.96121041298354], [-76.27203394684258, 36.96133841301885], [-76.27203994723624, 36.961476412269974], [-76.27198294754032, 36.96158941305937], [-76.27196294702932, 36.9617074124161], [-76.27197294787275, 36.96181541246645], [-76.27199807874796, 36.96187793315174], [-76.27201394792519, 36.96191741253533], [-76.27206994750978, 36.961999412364726], [-76.2720649471997, 36.96205641288477], [-76.27197294786339, 36.96211241261864], [-76.27195803747098, 36.96212732270084], [-76.2718859469189, 36.96219941301347], [-76.27173694775985, 36.96241541323254], [-76.27169692526076, 36.962515758556684], [-76.27166794784084, 36.96258841313213], [-76.27165494753359, 36.96268141317252], [-76.27165193463073, 36.962690970064216], [-76.2716518317528, 36.96269129801522], [-76.27162594674532, 36.96277341331939], [-76.27159216718907, 36.96289253336594], [-76.27159047905083, 36.96289848555317], [-76.27158794744399, 36.96290741249327], [-76.27155794778652, 36.962953413207615], [-76.27135294673062, 36.96304541280666], [-76.27117859857337, 36.96311104205794], [-76.27095320559027, 36.96319588620392], [-76.2708269470072, 36.963243412865744], [-76.27076794755344, 36.96325541316829], [-76.27075794732256, 36.96322541274599], [-76.27074794735545, 36.96317941307419], [-76.27077294711414, 36.96312241306391], [-76.2707806978473, 36.96311408351132], [-76.27078145873658, 36.963113266872384], [-76.27083994752468, 36.963050412612276], [-76.27090094656344, 36.962912413014344], [-76.27088974975052, 36.962895018068586], [-76.27084494757595, 36.96282541275276], [-76.27068594696782, 36.962782412825405], [-76.27036494690428, 36.96273141321724], [-76.27043182046714, 36.962886338616876], [-76.27048494646783, 36.96300941319553], [-76.27042847914342, 36.96307646901407], [-76.27039667565417, 36.96311423552294], [-76.27036019890681, 36.96315755148403], [-76.27035951798419, 36.96315836062257], [-76.27032331354246, 36.96320135363746], [-76.27031354690381, 36.96321295115865], [-76.27028501284288, 36.96324683433515], [-76.27026941012797, 36.96326536359594], [-76.27026279429307, 36.963273218878804], [-76.27026179447033, 36.963274405953534], [-76.27021294709816, 36.96333241308924], [-76.27027394638716, 36.96329041293445], [-76.2702872190439, 36.963281093832485], [-76.2702904913344, 36.96327879608706], [-76.27032094660532, 36.96325741342424], [-76.27034394726326, 36.96323441300392], [-76.27035739685682, 36.96323156004612], [-76.27040994735346, 36.963220412982466], [-76.27045694677568, 36.96325341325941], [-76.27051294733465, 36.96332341306377], [-76.27052225275422, 36.96334415952961], [-76.27052321403805, 36.963346304073916], [-76.2705739470196, 36.963459412803026], [-76.2706216919643, 36.963517350823], [-76.2706342073466, 36.96353253810047], [-76.27066294720652, 36.96356741316729], [-76.27067531172486, 36.963578453097945], [-76.27074694655124, 36.963642413398404], [-76.27084094742382, 36.96369341314627], [-76.27096294754966, 36.963696412967025], [-76.27100994659983, 36.96369841321491], [-76.27103944353843, 36.96370886829425], [-76.27108894718685, 36.96372641316384], [-76.2711549474553, 36.96376841280674], [-76.27121738778261, 36.96382119019366], [-76.27123894725409, 36.96383941331892], [-76.27128594709994, 36.96384841348001], [-76.27136594757903, 36.96381541329589], [-76.27141789160504, 36.96375975924446], [-76.27143594779632, 36.96374041281215], [-76.27143653105728, 36.96373998309507], [-76.27143901795372, 36.963738150865424], [-76.27145494745496, 36.9637264131299], [-76.27148294729106, 36.96373541286877], [-76.27151065264066, 36.963773013680445], [-76.2715175158063, 36.9637823277316], [-76.27152158358814, 36.963787848150936], [-76.27152494710974, 36.96379241329944], [-76.27158661070507, 36.96384556245513], [-76.27176394783147, 36.96399841274795], [-76.27179678658895, 36.96402063157412], [-76.27188498557587, 36.96408030707185], [-76.27191465583508, 36.964100381884535], [-76.27194876232858, 36.96412345844451], [-76.27199894742414, 36.96415741348159], [-76.272068301251, 36.96419209032407], [-76.27216007608486, 36.96423797754], [-76.27217653147727, 36.96424620501039], [-76.2723549472625, 36.96433541312289], [-76.27240578219987, 36.96436007819043], [-76.27252394789123, 36.9644174129047], [-76.27255010100686, 36.96442371567624], [-76.27288494776333, 36.96450441354796], [-76.27290792564696, 36.964505781531166], [-76.27296894738176, 36.96450941296365], [-76.27309594750537, 36.964500413391626], [-76.27317994768286, 36.96446241301203], [-76.27324094827763, 36.9644154132864], [-76.27331182723665, 36.96436893494275], [-76.27336294768182, 36.964335412822145], [-76.27342275697805, 36.96430860177844], [-76.27350794848849, 36.96427041280363], [-76.2736379479501, 36.964210413372804], [-76.27374694851802, 36.96413441281394], [-76.27381044931998, 36.96404868517751], [-76.2738269476204, 36.964026412815294], [-76.27389194774386, 36.96392341270244], [-76.27398194802485, 36.96385741263362], [-76.2740939482157, 36.96381041318917], [-76.27416394862661, 36.9637684128358], [-76.27419694760323, 36.96368941336084], [-76.27423652601799, 36.96356502302431], [-76.27423936259811, 36.96356405545403], [-76.27423663863469, 36.96356466911598], [-76.27423894787819, 36.96355741265411], [-76.2743279477084, 36.963435413191355], [-76.27443194824924, 36.963445413150346], [-76.27451950705316, 36.96349660710685], [-76.2745248054356, 36.963499704396376], [-76.27458492722221, 36.96353485675636], [-76.27465973170723, 36.963578592957994], [-76.27467994792572, 36.96359041286395], [-76.27481094790029, 36.96364241314315], [-76.27496127650973, 36.963666177686456], [-76.27518486440776, 36.96370152310305], [-76.27525856975718, 36.96371317385401], [-76.27537394890915, 36.96373141304489], [-76.27589394893144, 36.964012412668616], [-76.27646294930504, 36.96432541349438], [-76.27659694898287, 36.964382413330625], [-76.27740200830725, 36.96474278180254], [-76.27765386915533, 36.964855519661754], [-76.27781894919042, 36.96492941277987], [-76.27800294934087, 36.96501041339625], [-76.27812094938992, 36.965039412972956], [-76.27863594998117, 36.96517041324519], [-76.27877194946117, 36.96520341342508], [-76.27878425732062, 36.965204905053824], [-76.27880494987471, 36.96520741311592], [-76.27883294927072, 36.96520341339373], [-76.27884889690432, 36.96518746564395], [-76.27886594966816, 36.965170412956496], [-76.27886594975821, 36.96513241323435], [-76.278874875898, 36.96503521910195], [-76.27887491879845, 36.9650347521039], [-76.27887495008875, 36.96503441288036], [-76.27888895011579, 36.96497341330493], [-76.27891294951962, 36.96495941310841], [-76.27895247540481, 36.96497680406502], [-76.27898795022448, 36.96499241313295], [-76.27909935767495, 36.9650466705617], [-76.27914194965328, 36.965067412930594], [-76.2793489495476, 36.96509941303898], [-76.27951396506066, 36.96512209240493], [-76.27955994995133, 36.96512841284418], [-76.27972394981033, 36.96510941348543], [-76.2799249504864, 36.96510041344959], [-76.28017395021197, 36.96513241341222], [-76.28076409156613, 36.96508751140666], [-76.28090994993671, 36.965076412897865], [-76.28101295061307, 36.965095413473605], [-76.28104065691623, 36.96509669600234], [-76.28112095012315, 36.96510041272732], [-76.28119095011364, 36.965081412849564], [-76.2812367745802, 36.96506905604793], [-76.28138795033014, 36.965048412657225], [-76.28152795068901, 36.96508141298792], [-76.28179595069645, 36.96516041344125], [-76.28204895011271, 36.96525041278955], [-76.28214666456853, 36.96528343344872], [-76.28233895042196, 36.965348412943776], [-76.28242795119604, 36.96536741331615], [-76.28249895080309, 36.96534841348034], [-76.2825341215766, 36.96531324281648], [-76.28253513063262, 36.965312233383386], [-76.282540951148, 36.96530641304068], [-76.28255495087504, 36.965240413214715], [-76.28271395046961, 36.965268413484345], [-76.28274195042468, 36.96533441274352], [-76.28338610367759, 36.96545710931495], [-76.2836386726663, 36.96550521703018], [-76.28374995069778, 36.965526412740495], [-76.28379695168206, 36.96551741305819], [-76.28382095121856, 36.96550741302906], [-76.28382690757483, 36.96548623685355], [-76.28382982241443, 36.96547587471594], [-76.28382995162434, 36.96547541294826], [-76.28384895133692, 36.96544641261544], [-76.28390995146086, 36.965442413308864], [-76.28423633956815, 36.96544786357258], [-76.28434891286236, 36.96544974346483], [-76.28438721161241, 36.96545038285422], [-76.28444895084156, 36.965451413276895], [-76.2844492709267, 36.96544603906893], [-76.28444959494371, 36.96544060724776], [-76.28445314894996, 36.96538093634291], [-76.28445340737356, 36.9653765948371], [-76.28449371719934, 36.96469972184335], [-76.28449695142665, 36.96464541253126], [-76.28451395082429, 36.964455412579284], [-76.28468223678937, 36.964489551243126], [-76.28483140260614, 36.96451981065776], [-76.28486395169513, 36.96452641320082], [-76.28559807651264, 36.96467803397483], [-76.28624026328669, 36.964810661414], [-76.28645695249709, 36.96485541255397], [-76.28659582740086, 36.964884086139], [-76.28685895197917, 36.964938412982974], [-76.28694395173491, 36.96483241298929], [-76.28701695170426, 36.96478441249777], [-76.28723595207516, 36.96475241318826], [-76.2872919516784, 36.96463841312456], [-76.28778688956167, 36.964538652488145], [-76.28793195221009, 36.96450941296094], [-76.28797995294235, 36.964363412518146], [-76.28802895203158, 36.96397541230491], [-76.28797195220334, 36.9638784128657], [-76.28790695274414, 36.96375641238404], [-76.28791495269826, 36.96366741267647], [-76.28879452373673, 36.96404463319178], [-76.28887795297544, 36.96408041276883], [-76.28886995221843, 36.96420141266838], [-76.2896564801371, 36.96433710789741], [-76.28980895292545, 36.96436341295329], [-76.29014095263037, 36.964339412924666], [-76.29026295311996, 36.96427541249591], [-76.29022995355132, 36.964149412188334], [-76.2905619532897, 36.96409241213273], [-76.29060995292332, 36.964104412223506], [-76.29065895300121, 36.96416941223622], [-76.29075995345102, 36.964294412809146], [-76.2908489533877, 36.964302412869365], [-76.29096195354258, 36.96432341236381], [-76.29096595373477, 36.964416412483935], [-76.2911279533746, 36.96446841228997], [-76.29113195317969, 36.96457441273321], [-76.29141595346704, 36.96461841229286], [-76.29141095384594, 36.964569412333255], [-76.2915369531229, 36.964569412955356], [-76.2915769537291, 36.9645904121772], [-76.29157695301582, 36.96467141302912], [-76.29157695365845, 36.96475641234652], [-76.29154095334542, 36.96479241282886], [-76.29154895330299, 36.96491341309666], [-76.2915979532029, 36.96494641254657], [-76.29169895370022, 36.965019412709744], [-76.29179195388781, 36.96510441294358], [-76.29190095338343, 36.96512841274884], [-76.29204695327246, 36.965144412467616], [-76.29215195423092, 36.965172412936816], [-76.29230195340297, 36.96523341306274], [-76.29248295402928, 36.965310412603685], [-76.29250695372271, 36.965362412776294], [-76.2925129533532, 36.9654224127267], [-76.2925249543752, 36.96545841298621], [-76.29252499125931, 36.965458457845095], [-76.29255295419665, 36.965492413218136], [-76.29259495387531, 36.96551341263895], [-76.292630954319, 36.96551941257712], [-76.29267695365233, 36.96553441275181], [-76.29277695389271, 36.96553441265831], [-76.29284595396155, 36.9655374127957], [-76.29286195441867, 36.96556141252626], [-76.29286195420947, 36.96562841251268], [-76.29300395415409, 36.965628412517084], [-76.29300395401619, 36.96559241304568], [-76.2930129539016, 36.96557741290086], [-76.29314802195141, 36.96557741336776], [-76.29327295464259, 36.96557741281936], [-76.29346095417984, 36.96561041238195], [-76.29356395429402, 36.965634412552035], [-76.29357077170643, 36.96564975180547], [-76.29357595406921, 36.96566141257937], [-76.29356995426701, 36.96582541266418], [-76.29368195382168, 36.965825412439266], [-76.29372195472027, 36.96578941244018], [-76.29380695474244, 36.96574341307167], [-76.29393395428414, 36.96574041299543], [-76.29397444781024, 36.96574082992924], [-76.29397550562976, 36.96574084075472], [-76.29397332846688, 36.96573946050012], [-76.29376917420716, 36.965610103411564], [-76.29374382012487, 36.96559403881467], [-76.29371510996994, 36.965575843540094], [-76.29371360430655, 36.96548551153103], [-76.29369972499111, 36.964652759432724], [-76.29369731943589, 36.964508372133366], [-76.29368631153743, 36.96401799641859], [-76.29367947953266, 36.963713613786766], [-76.29367329081273, 36.96343789478547], [-76.29367208900834, 36.9633843322859], [-76.29405575656621, 36.96299480694435], [-76.29412017551398, 36.96292940449458], [-76.29443480973012, 36.96300191535877], [-76.29462160650768, 36.96304496423852], [-76.29470025548606, 36.963108331726296], [-76.29488292289395, 36.963255497385944], [-76.29513068325343, 36.963455104598964], [-76.29519449261734, 36.96350651192625], [-76.29559661729198, 36.963650757509235], [-76.2955985804746, 36.96365146130908], [-76.2956029848302, 36.9636530410131], [-76.29562361033796, 36.96366044014856], [-76.29572595441934, 36.96364041182211], [-76.29575963466394, 36.96362807872422], [-76.29579695485243, 36.96361441221255], [-76.29583081654725, 36.963591713240945], [-76.29588795448997, 36.96355341252347], [-76.29600622676222, 36.96340698086199], [-76.29615610182084, 36.96322142096575], [-76.29624495471357, 36.96311141256895], [-76.29633595447305, 36.9630294117502], [-76.29634118576232, 36.96302511472524], [-76.29638535367525, 36.96298883409705], [-76.29639195548334, 36.96298341170884], [-76.29651395491963, 36.96296841189111], [-76.2966059547434, 36.96298341240242], [-76.29664516293529, 36.96299166693466], [-76.29665249774577, 36.96299321045756], [-76.29668195525583, 36.962999411998], [-76.2967033964702, 36.9630071480116], [-76.29677895479708, 36.96303441167576], [-76.29681439628182, 36.96305453862182], [-76.2968931302612, 36.96309925164359], [-76.29694095543682, 36.96312641216931], [-76.29707374954586, 36.96321830529131], [-76.29709204296992, 36.96323096499794], [-76.29713488624392, 36.963260612731624], [-76.29718556049724, 36.963295679165256], [-76.29719095473352, 36.96329941176968], [-76.2972969552731, 36.96340641259654], [-76.29742194514087, 36.96354742661483], [-76.29748096437059, 36.96361401201625], [-76.29753095574294, 36.9636704124235], [-76.29755869573104, 36.96370494197985], [-76.29758455063352, 36.963737125143886], [-76.29762686425181, 36.96378979433074], [-76.29767395515921, 36.9638484117919], [-76.29769621088205, 36.96387234048354], [-76.29771623377174, 36.963893867603254], [-76.29785859331517, 36.96404692582756], [-76.29792453421733, 36.96411782108714], [-76.29794400499951, 36.96413875464911], [-76.29794938679383, 36.96414454118388], [-76.29798382666814, 36.96418156844283], [-76.29801995594953, 36.96422041201118], [-76.29802892122578, 36.9642365825964], [-76.2980789869363, 36.96432688881017], [-76.29809977569366, 36.96436438787829], [-76.2981269555172, 36.96441341239339], [-76.29815200020977, 36.964452037600175], [-76.29817903379173, 36.96449373040462], [-76.29819641330687, 36.964520534091704], [-76.29826895567743, 36.96463241227394], [-76.29835524534634, 36.964751730664254], [-76.29845280795605, 36.96488663898608], [-76.29847795593328, 36.96492141273533], [-76.29853498366884, 36.9649914647803], [-76.29862346785661, 36.96510015733413], [-76.29863995629596, 36.96512041211628], [-76.29894204474962, 36.96531265049036], [-76.29903834955877, 36.96537393510711], [-76.29904695645668, 36.96537941237777], [-76.29906959139406, 36.96539271814915], [-76.29907324369027, 36.96539486502489], [-76.29919495561596, 36.96546641277692], [-76.29920195560312, 36.965502412465746], [-76.29903395570989, 36.965534412140066], [-76.29891395623704, 36.965554412246135], [-76.29871701876999, 36.965711764724475], [-76.29871387659058, 36.965714559626306], [-76.29858495569793, 36.96585157736231], [-76.2982808145578, 36.96617481726715], [-76.29807795613486, 36.96639041285412], [-76.29796537899261, 36.96653740298487], [-76.29784895531385, 36.966689412785705], [-76.29765795551602, 36.96700041333948], [-76.29761971814953, 36.96708235034081], [-76.2975086916024, 36.96732026496665], [-76.29786422742878, 36.96751671827129], [-76.29805247433556, 36.96763084191158], [-76.29810795532086, 36.967659413422346], [-76.29840895549644, 36.96783641314285], [-76.29845036564647, 36.96786411181007], [-76.29870795628699, 36.96803641340868], [-76.29894022275276, 36.96821428327677], [-76.29897695560665, 36.968242413413044], [-76.29936695613391, 36.96855941298157], [-76.29946295645155, 36.968684413086976], [-76.299985230463, 36.96859868771652], [-76.3003256134727, 36.96854281719234], [-76.30142483402356, 36.96836238237273], [-76.30244195707314, 36.968195413087], [-76.30245734841584, 36.96819267746994], [-76.30304710323335, 36.96808785561542], [-76.30560451848879, 36.96763326910868], [-76.30560829089629, 36.9676325985675], [-76.30562410545144, 36.967629786609166], [-76.30702821828625, 36.967380176422814], [-76.30889252663576, 36.967048727473056], [-76.31044095991004, 36.966773412102725], [-76.31270040130403, 36.96640389079509], [-76.3136928001583, 36.96624157255974], [-76.31780964604931, 36.96556812241956], [-76.31820266238091, 36.96550382283825], [-76.32291579182909, 36.964732621274166], [-76.32390696300867, 36.964570411279304], [-76.32586720820579, 36.964931075649], [-76.32604296395897, 36.96496341172312], [-76.32780002833987, 36.965286537843895], [-76.33225896640667, 36.96610641178236], [-76.3332184820671, 36.95964573496801], [-76.3334292099043, 36.9582267055793], [-76.33474052564458, 36.94939513370249], [-76.33479419584314, 36.949033626645885], [-76.3350036965824, 36.947622458208585], [-76.33500738901785, 36.94759758395415], [-76.33566696633989, 36.94315440638078], [-76.33612914676483, 36.9399195161531], [-76.33613323371479, 36.93989090671261], [-76.33720559377262, 36.93238416718187], [-76.33736696587395, 36.93125440370167], [-76.3373823334912, 36.931169889806974], [-76.33836696574588, 36.925754402426634], [-76.33816296583416, 36.925162402343304], [-76.341826967331, 36.92477940261303], [-76.34245096749191, 36.924714402587334], [-76.34557096855241, 36.92453840232406], [-76.34540573956734, 36.92358684353986], [-76.34515605150173, 36.92214882640668], [-76.34466496802705, 36.91932040162922], [-76.34365676497701, 36.913517316877396], [-76.34335470499536, 36.91177852481359], [-76.34331583813518, 36.91155478292511], [-76.34280931262926, 36.90863879734873], [-76.3423152681262, 36.905794437483316], [-76.3422749656344, 36.90556239793194], [-76.3416734776106, 36.90398194307493], [-76.34167331156166, 36.90398150737633], [-76.34125962386112, 36.902894470332186], [-76.34113612784854, 36.902569958370336], [-76.34103244106808, 36.90229749642804], [-76.3410304372054, 36.90229223357348], [-76.34083988124425, 36.9017914952894], [-76.34077096516718, 36.90161039754215], [-76.34018931867564, 36.90121363967571], [-76.33840608512826, 36.89999720037468], [-76.33503034197257, 36.897694244387566], [-76.33352891421795, 36.89666988352306], [-76.33308996247195, 36.89637039700315], [-76.33246396275712, 36.896471396621116], [-76.3310029622245, 36.89658839679174], [-76.3307819625393, 36.896619396608095], [-76.33146612256762, 36.89762852981977], [-76.33313361012918, 36.900087941391895], [-76.33341918978502, 36.900509129319595], [-76.33446696366414, 36.902054398188625], [-76.33337389626593, 36.902093831035515], [-76.32638674151889, 36.90234565489364], [-76.32375324595375, 36.902440461070825], [-76.3233659596804, 36.902454397944595], [-76.32128795944637, 36.90254839849961], [-76.32105854039803, 36.903648720720206], [-76.32088095905435, 36.90450039896992], [-76.32017377623067, 36.904303442389136], [-76.31948976226866, 36.90411293420585], [-76.3181809581663, 36.90374839854271], [-76.3160429579481, 36.9065473997691], [-76.3131483031718, 36.90654276311796], [-76.31230495653803, 36.90654139931536], [-76.31016895568258, 36.90653839985485], [-76.30506295455254, 36.90614139942968], [-76.30491195437106, 36.90612939992837], [-76.30261453283883, 36.906133586720635], [-76.30215993589634, 36.90613441039408], [-76.30161195375838, 36.90613540011539], [-76.30092895385252, 36.90597539996697], [-76.30026933708726, 36.9058207070997], [-76.29877995213923, 36.905471400213294], [-76.29821995226874, 36.90534039954678], [-76.29667595174159, 36.90454439981728], [-76.29421243440231, 36.90291098931518], [-76.29509081413524, 36.90342387932513], [-76.29418566427026, 36.902893238397326], [-76.2918649507881, 36.901354399501464], [-76.29177586587997, 36.901487927540195], [-76.29177573797017, 36.90148811893009], [-76.29147943250544, 36.901932247872786], [-76.29141595053208, 36.902027398989546], [-76.2913857584752, 36.902072966111575], [-76.29130795013853, 36.90219039916629], [-76.29109736336761, 36.90248862722575], [-76.29091306464247, 36.90274962427662], [-76.29026599847768, 36.90366595777479], [-76.28974594927213, 36.904402400159604], [-76.28805594906596, 36.9068254008996], [-76.28776794938855, 36.90734640077599], [-76.28793594953234, 36.90793240032865], [-76.28811594957799, 36.90821340089317], [-76.28827553628318, 36.90842815433751], [-76.28852095005756, 36.90875840080296], [-76.28902695007328, 36.90981840066553], [-76.28907639166911, 36.91001893506684], [-76.28913356504854, 36.91025083181677], [-76.28914283328567, 36.910288426279536], [-76.28915195010644, 36.91032540136025], [-76.2892412369536, 36.910848834456736], [-76.28926094977815, 36.91096440135491], [-76.28926836619713, 36.9109759385942], [-76.28927403565572, 36.91098475691078], [-76.28928186440073, 36.91099693556324], [-76.2893014680028, 36.911027429659725], [-76.28935995032799, 36.91111840098594], [-76.28949294995802, 36.9113254010651], [-76.28983999192387, 36.91122234563175], [-76.2898869499763, 36.91120840115849], [-76.29035769261705, 36.911069064690466], [-76.29087059484867, 36.91091724617468], [-76.29163829807266, 36.910690001557455], [-76.29172341498146, 36.91066480589172], [-76.29171771669363, 36.91063030821139], [-76.29171333837652, 36.91060382591726], [-76.29170104422141, 36.91052938568009], [-76.29190585877217, 36.910508769602174], [-76.29207439633018, 36.91049180908743], [-76.29220703887947, 36.91047845558145], [-76.29225286549156, 36.910473843276584], [-76.292349315577, 36.91046413634388], [-76.292455569912, 36.91045344350037], [-76.29263038348623, 36.91043584652541], [-76.29264609220135, 36.91053062874368], [-76.29264916688322, 36.91054919778353], [-76.29266235559587, 36.910628797882374], [-76.29266439442114, 36.91064107848696], [-76.29266454911249, 36.910642010697565], [-76.29267715875758, 36.91071813868427], [-76.2926842613537, 36.910761012009885], [-76.29269296879764, 36.910813531216306], [-76.29270429748824, 36.910881921276264], [-76.29301420454992, 36.91084995821179], [-76.29312506730028, 36.910838524734736], [-76.29319841737153, 36.9108542191535], [-76.29322295084445, 36.911007401332334], [-76.29332195090745, 36.91160140148438], [-76.2933354881268, 36.911598738816174], [-76.2933829514214, 36.91158940119416], [-76.29411596890182, 36.911525026231686], [-76.29423695167071, 36.91151440084883], [-76.2943739513161, 36.91152340111662], [-76.29442823879819, 36.9115391084055], [-76.29457095179787, 36.91158040151403], [-76.29467095121623, 36.911602401594486], [-76.29469875124332, 36.91161950915857], [-76.29470106920635, 36.9116209353387], [-76.29480095201963, 36.91168240109179], [-76.29486061795531, 36.91168335552536], [-76.29492595203436, 36.91168440094008], [-76.29510995224018, 36.911664400989366], [-76.29514824188351, 36.91164771121997], [-76.2952237899819, 36.9116147801093], [-76.29526595187166, 36.911596401673386], [-76.29541095166277, 36.911547401177934], [-76.29546678292344, 36.911536822556634], [-76.29558305159962, 36.911514793472925], [-76.29569595219313, 36.91149340147089], [-76.29588186100763, 36.91146332823787], [-76.29603595260207, 36.911438401606546], [-76.29613246861135, 36.91141317042884], [-76.29628268920322, 36.91137389962474], [-76.29632984830786, 36.91136157070815], [-76.29642995188723, 36.91133540153099], [-76.29663824474903, 36.91127377182345], [-76.29669695243072, 36.9112564006976], [-76.29688617218812, 36.91121765465857], [-76.29719995226792, 36.91115340146656], [-76.29737844415845, 36.9111609611825], [-76.29762495298057, 36.911171401319685], [-76.29786095226359, 36.91119640114182], [-76.29763547264619, 36.9113988967303], [-76.29736445638991, 36.91164228518343], [-76.29724591740124, 36.91174874013288], [-76.29713036555044, 36.911852511711416], [-76.29706696265825, 36.911909450497454], [-76.2969563514129, 36.91200878426205], [-76.2968940189745, 36.91206476234039], [-76.29680259889183, 36.912146860175596], [-76.29675073166672, 36.9121934393386], [-76.29642040215157, 36.912490085898064], [-76.2963480794521, 36.91255503335303], [-76.29622295169914, 36.91266740112301], [-76.2961999524052, 36.9127154010189], [-76.29615915584048, 36.91279069398582], [-76.29606395236266, 36.91296640164685], [-76.2959541501143, 36.9130453825004], [-76.29583595191951, 36.913130401781665], [-76.29562895207302, 36.91336740188886], [-76.29546695167961, 36.913562402058275], [-76.29534195155561, 36.91367240165402], [-76.2953263825462, 36.91374428444986], [-76.29529495254435, 36.91388940201218], [-76.29549695152328, 36.91389940188951], [-76.29639295274579, 36.91387440195217], [-76.29639265946197, 36.913883137866264], [-76.29638932167556, 36.91398261003603], [-76.29638795268863, 36.914023401665446], [-76.29639080767426, 36.914079561390146], [-76.29639500342087, 36.914162074143256], [-76.29640595215594, 36.914377402145014], [-76.29642595286626, 36.9146164019586], [-76.29642895267283, 36.9146504016978], [-76.29642195232539, 36.9146684022706], [-76.29642895346868, 36.91493040091134], [-76.2964291379134, 36.91493729979096], [-76.2964409526868, 36.91537940244019], [-76.29644831607546, 36.915676782727445], [-76.29645221936973, 36.91583445369077], [-76.2964571590904, 36.916033966391204], [-76.29645867622713, 36.91609521896419], [-76.29645895276975, 36.91610640194213], [-76.29637295223974, 36.91610840241482], [-76.29600395287169, 36.91611340215951], [-76.29581395270597, 36.91611640236928], [-76.29580706587197, 36.91611640212635], [-76.29576395211167, 36.91611640219594], [-76.29576725102879, 36.91620051340106], [-76.29576865331634, 36.91623628502709], [-76.2957711920631, 36.916301027922685], [-76.29577595205105, 36.916422402708164], [-76.29580006623621, 36.9170312168376], [-76.29580432454605, 36.91713873457954], [-76.29583553737953, 36.917926753648686], [-76.29583998636484, 36.918039066601985], [-76.29584506184113, 36.91816720209895], [-76.29584912497133, 36.91826977851007], [-76.2958557487228, 36.918437007179485], [-76.29585695270634, 36.91846740296232], [-76.29585802588548, 36.91846721036335], [-76.29587498028444, 36.918464160774356], [-76.2958757745998, 36.91848062012285], [-76.29589838339447, 36.9184781903282], [-76.29591948885232, 36.91847592162796], [-76.2960464086975, 36.9184622795769], [-76.2962798612798, 36.91843718626372], [-76.29643344373292, 36.91842067794719], [-76.29688683612218, 36.918371942359904], [-76.29700908004254, 36.918358802033545], [-76.2975325747682, 36.918302528140536], [-76.29788142893709, 36.918265025985725], [-76.2985502210802, 36.91819325647351], [-76.29880493761318, 36.91816670770481], [-76.29952678120613, 36.918090133018126], [-76.29978076419683, 36.91806318894356], [-76.30013546024634, 36.918020421877756], [-76.3003863686382, 36.917990168655734], [-76.30048101136944, 36.9179806328951], [-76.30069940658797, 36.9179580298187], [-76.30090296003193, 36.91793693788793], [-76.3011065145108, 36.91791584472487], [-76.30115753070731, 36.91791063280489], [-76.30120930901053, 36.91790519265193], [-76.30133470369148, 36.91764621907058], [-76.30136460192375, 36.91758447259455], [-76.30150030200518, 36.91757040844856], [-76.30156372927301, 36.91756383486957], [-76.30169719314941, 36.9175500017884], [-76.30170385316798, 36.91754931150646], [-76.30190740306935, 36.917528215091835], [-76.30222818994876, 36.91749498316678], [-76.30239780590816, 36.917477393212984], [-76.30263531884528, 36.917452999644816], [-76.3027452011734, 36.917441506168785], [-76.30277270417595, 36.91743751435031]]]}, "properties": {"OBJECTID": 450, "PERIMETER": 117714.625, "PRECINCTS": 3, "PRECINCTS1": 38, "ELECTION": 0, "ELECTION_I": 0, "PRECNAME": "Second Presbyterian", "SUPWARD": 6, "WARD": 1, "ADDRESSNUM": 7305, "POLLPLACE": "Second Presbyterian Church", "ADDRESSSTR": "Hampton Boulevard", "PRECNUM": 106, "POLLADDRESS": "7305 Hampton Boulevard", "NAME_1": "Second", "NAME_2": "Presbyterian", "created_user": "CSIEMER", "created_date": 1662571027000, "last_edited_user": "CSIEMER", "last_edited_date": 1666096338000, "Shape__Area": 277096625.8567116, "Shape__Length": 125750.44968095305, "NORFOLKGIS.Precincts.AREA": null}}, {"type": "Feature", "id": 451, "geometry": {"type": "Polygon", "coordinates": [[[-76.24477700431363, 36.93675384842355], [-76.24477693769393, 36.936753408176955], [-76.24475125375056, 36.93658525379936], [-76.24464653834083, 36.93589966171691], [-76.24461793703951, 36.93571240801815], [-76.24453744586712, 36.93520388022496], [-76.24448893783602, 36.934897407535665], [-76.2444549377759, 36.934675407723006], [-76.24438505234461, 36.93421351477255], [-76.24432693679084, 36.93382940804827], [-76.24429289632747, 36.93383102102839], [-76.24414026963018, 36.93383825481983], [-76.24411593733919, 36.933839407730815], [-76.24402954096122, 36.93384602373347], [-76.24389393676766, 36.933856407829], [-76.24363789904817, 36.933881691431225], [-76.24362091575198, 36.93388336835754], [-76.24350967798095, 36.93389435303016], [-76.24343133586062, 36.93390208854363], [-76.2431665037938, 36.93392823981948], [-76.24308185631614, 36.93393659860534], [-76.24305606433893, 36.93393914474486], [-76.24290451168231, 36.93395410971034], [-76.24288126025628, 36.93395640532682], [-76.24273854887205, 36.9339704969185], [-76.24263675804606, 36.93398054803916], [-76.24262109003651, 36.933982095038346], [-76.24256269281801, 36.933987861223], [-76.24255915335674, 36.933988210601356], [-76.24250631588046, 36.93399342820652], [-76.24242014235179, 36.93400193659132], [-76.24241815019668, 36.934002133598085], [-76.24239089305549, 36.93400482452331], [-76.24222293674482, 36.93402140798849], [-76.24209602498591, 36.934034086887955], [-76.24206441977415, 36.934037244977134], [-76.24160728726498, 36.93408291270572], [-76.2414785294811, 36.93409577541929], [-76.24146730817212, 36.934096896604046], [-76.24146068508517, 36.9340975580813], [-76.24143178041523, 36.934100446086596], [-76.24142982873433, 36.93410064115006], [-76.24127117631296, 36.934116489797155], [-76.24126491697862, 36.93411711498553], [-76.24125627575549, 36.93411797834774], [-76.24123124854296, 36.934120478389254], [-76.24121193671334, 36.934122407688974], [-76.24120549838601, 36.93412304836434], [-76.24109352509196, 36.934134197810494], [-76.2410670971387, 36.934136829547384], [-76.24105092075521, 36.934138440484034], [-76.24102773395427, 36.934140748695704], [-76.24100181390324, 36.934143329784256], [-76.24095988640919, 36.934147504305685], [-76.24093016777982, 36.93415046308122], [-76.24092868571451, 36.93415061127434], [-76.24091540248945, 36.93415193345628], [-76.24090543357744, 36.93415292631906], [-76.24089851210672, 36.93415361538248], [-76.2408665771611, 36.934156794758735], [-76.24085574673788, 36.93415787291919], [-76.24084658867464, 36.934158784909926], [-76.24080455866817, 36.93416297002582], [-76.2407958781042, 36.93416383440125], [-76.24077408547376, 36.934166004400645], [-76.24073875059396, 36.934169522227606], [-76.2407288132061, 36.93417051207576], [-76.24072125431663, 36.934171264595854], [-76.24067793484969, 36.93417557722122], [-76.24066953243066, 36.93417641448275], [-76.24063167491822, 36.934180183058835], [-76.24063007461885, 36.934180342496816], [-76.24062323648069, 36.934181023230416], [-76.24060458135487, 36.93418288122267], [-76.24052222747248, 36.93419108034429], [-76.24051755608156, 36.934191545819125], [-76.2404056389095, 36.93420268848165], [-76.24039529946734, 36.93420371834785], [-76.24038346785763, 36.934204896205244], [-76.24037438187183, 36.93420580053094], [-76.24036490621114, 36.934206744238395], [-76.24028793651557, 36.93421440759916], [-76.24026905043776, 36.93421629084517], [-76.24025616242174, 36.93421757548006], [-76.24023424802652, 36.93421976106725], [-76.24021689018518, 36.93422149159962], [-76.24021243388108, 36.93422193595791], [-76.24016017224743, 36.93422714735808], [-76.24015156033732, 36.93422800579475], [-76.2401385563018, 36.93422930260886], [-76.24013473404673, 36.934229683435525], [-76.24002143552917, 36.934240981261894], [-76.24000669943416, 36.934242450281985], [-76.2399623841346, 36.93424686879476], [-76.23995865309769, 36.9342472405526], [-76.23993102443066, 36.934249995879526], [-76.23989002686496, 36.93425408333773], [-76.23985050682188, 36.93425802431753], [-76.23983001929746, 36.93426006689881], [-76.23982092311813, 36.93426097369024], [-76.23976395962382, 36.93426665338225], [-76.2397636510418, 36.934266684406474], [-76.23970406690296, 36.93427262556658], [-76.23969448870308, 36.93427358076974], [-76.23965883485312, 36.93427713540809], [-76.23963624022839, 36.934279388029665], [-76.23960484333087, 36.93428251881982], [-76.23958554504608, 36.93428444270618], [-76.23953788942723, 36.934289194347535], [-76.23952984507596, 36.93428999694893], [-76.23949127214442, 36.934293842444454], [-76.23946887908073, 36.93429607547353], [-76.239464378868, 36.934296523466266], [-76.23944679010917, 36.93429827738858], [-76.2393475304254, 36.93430817423856], [-76.23934046699277, 36.9343088785088], [-76.2392362092832, 36.93431927317229], [-76.23920200251312, 36.93432268423656], [-76.23919715879248, 36.93432316707729], [-76.23918626181676, 36.93432425372028], [-76.23874381259742, 36.93436836563615], [-76.23870885237498, 36.93437185130325], [-76.23862449195701, 36.93438026199605], [-76.23859293505996, 36.93438340836914], [-76.23845195201234, 36.934397393726776], [-76.238282444118, 36.93441420855946], [-76.23800976981754, 36.93444125564842], [-76.23799562395955, 36.93444265915642], [-76.23758129262018, 36.93448375715826], [-76.23751733271702, 36.93449010156244], [-76.23735293499973, 36.93450640767334], [-76.23729732388257, 36.93451213293462], [-76.23723325313013, 36.9345187283384], [-76.23713699268849, 36.93452863688723], [-76.23710850289326, 36.9345315696786], [-76.2370508767893, 36.9345375021185], [-76.23687445960111, 36.93455566291118], [-76.23680893472154, 36.93456240766664], [-76.23668293522371, 36.93457740854348], [-76.23661540190021, 36.93458726123033], [-76.23638610778691, 36.93462071556602], [-76.2362516161135, 36.934640336989204], [-76.23578946107952, 36.93470776372135], [-76.23564322460928, 36.93472909803905], [-76.23537646547616, 36.93476801502912], [-76.23459605306557, 36.93488186594703], [-76.23451693479397, 36.93489340784538], [-76.23440393381878, 36.93490940850487], [-76.2342919348148, 36.9349264081603], [-76.23338093454399, 36.9350584085184], [-76.2333718007108, 36.935026223675365], [-76.23333893453456, 36.93491040865058], [-76.2332433113803, 36.93503964957021], [-76.23321093417809, 36.935083408217125], [-76.23272593431125, 36.935151408344396], [-76.2326806041445, 36.93515177090309], [-76.23260093350302, 36.93515240864228], [-76.23253293366184, 36.93514640832216], [-76.23245892990546, 36.935130354500714], [-76.23243170687664, 36.93512444916815], [-76.23234393323376, 36.93510540845283], [-76.23230690321424, 36.93509282674172], [-76.23227236753627, 36.935081091747136], [-76.23213747173364, 36.9350352553828], [-76.23193017248688, 36.93496481807364], [-76.23193006022349, 36.934964779853], [-76.23177617542386, 36.934911923703275], [-76.23174224718727, 36.93490026967426], [-76.23163055977646, 36.93486190757677], [-76.23133057668085, 36.934758868369265], [-76.23129632422881, 36.9347470592259], [-76.23127993372488, 36.934741408612865], [-76.23126729450834, 36.93473714999733], [-76.23105927558457, 36.93466706319283], [-76.2308260231664, 36.934588473975616], [-76.23057425940834, 36.93450364640264], [-76.23043603263072, 36.934457073127525], [-76.23032272963404, 36.93441889761067], [-76.23028768583603, 36.9344070900173], [-76.22892721447184, 36.933948687259104], [-76.22891121734898, 36.93394329719456], [-76.22885223892362, 36.933923423721204], [-76.22884593612235, 36.933921300013374], [-76.22859993265627, 36.9338384082901], [-76.2285095359719, 36.93380791427391], [-76.22812379419418, 36.93367778561354], [-76.227827556057, 36.93357784999216], [-76.22759372610116, 36.93349896724832], [-76.22754295026297, 36.93348183769162], [-76.22753463119973, 36.93347903135836], [-76.22750494980842, 36.93346901844847], [-76.22727193198318, 36.93339040854249], [-76.2269226797609, 36.93327261708896], [-76.22690423984714, 36.93326639712288], [-76.22684111012101, 36.93324510561819], [-76.22682756000624, 36.9332405359566], [-76.22668964585151, 36.933194021017705], [-76.2263409312158, 36.93307640855533], [-76.22629914076785, 36.9330622338634], [-76.22628588825602, 36.933057739299464], [-76.22616085713318, 36.93301533076492], [-76.22608355971344, 36.93298911283328], [-76.22593176270803, 36.9329376250963], [-76.22568517370019, 36.93285398570766], [-76.22568323968135, 36.93285332995096], [-76.22567566037125, 36.9328507586308], [-76.22538148758186, 36.93275097835761], [-76.22534328094919, 36.932738019205885], [-76.22533415445733, 36.93273492307368], [-76.22525893166149, 36.9327094081404], [-76.22523821792721, 36.93270249041571], [-76.22513727508658, 36.932668778204906], [-76.22506540464829, 36.9326447756217], [-76.22502472984446, 36.932631191725186], [-76.22502128477521, 36.93263004160819], [-76.22493792314324, 36.932602200266246], [-76.22491046274212, 36.93259303008842], [-76.22490006866553, 36.93258955875729], [-76.22482833510486, 36.932565601941], [-76.22477223051398, 36.93254686364494], [-76.22475493855363, 36.932541089197464], [-76.2247416363756, 36.932536646675956], [-76.22471943535156, 36.93252923135937], [-76.22470080497813, 36.93252300915757], [-76.2245383442969, 36.932468751500174], [-76.22448032997053, 36.93244937668498], [-76.2243845069979, 36.932417373668514], [-76.22405335945425, 36.93230538808693], [-76.22340661922865, 36.93208399485138], [-76.22334690058837, 36.93206355168155], [-76.22256680926569, 36.931796501779445], [-76.22255193027954, 36.931791408312705], [-76.2223518698142, 36.93172441917348], [-76.2218992620559, 36.93157286272639], [-76.22189192988229, 36.931570407716805], [-76.22198694429339, 36.93138812500068], [-76.22219426043918, 36.93099039364872], [-76.22224285596046, 36.930897164498624], [-76.22233184324975, 36.930726442124325], [-76.22239493064882, 36.93060540761059], [-76.22247537073507, 36.93045108058728], [-76.22251168374031, 36.93038141340279], [-76.22252993016426, 36.93034640758266], [-76.22253636496214, 36.93033952942308], [-76.22255150017638, 36.930323349917515], [-76.22255893030086, 36.930315407580395], [-76.22259493026009, 36.9302904075334], [-76.22259500473231, 36.930276199643735], [-76.22259578329535, 36.930126681423125], [-76.22259593020537, 36.930098408022], [-76.22259593050944, 36.929978407493664], [-76.22253543140204, 36.929986085289165], [-76.22239893025517, 36.930003407423676], [-76.22218392989309, 36.930003407380966], [-76.22189393018543, 36.93000740795708], [-76.22171393049027, 36.92998640799538], [-76.22154593031165, 36.92994840774502], [-76.2214459296422, 36.929936407609404], [-76.22135193053667, 36.92989340810814], [-76.22118293025923, 36.92983640761172], [-76.22102692972894, 36.929798407542265], [-76.22088993006422, 36.929798407278014], [-76.22067693003922, 36.929842408009726], [-76.22035192971764, 36.93006740777751], [-76.21995793009452, 36.9303614077051], [-76.21963292912619, 36.93054240742832], [-76.21927992950081, 36.930815407758494], [-76.21907092974976, 36.93099240787026], [-76.2187899291944, 36.93112340765849], [-76.2187282501713, 36.931145766632156], [-76.21854992865477, 36.93121040835291], [-76.2184740067085, 36.93125122958937], [-76.21816492909302, 36.931417408343066], [-76.21789592927591, 36.93161140834061], [-76.21760267580727, 36.93198364806028], [-76.2175469291641, 36.9320544085095], [-76.21739692945592, 36.93222240792853], [-76.21734492844793, 36.93225040834419], [-76.21731501046179, 36.93226690502252], [-76.2172379289981, 36.93230940839102], [-76.21712538659192, 36.932370477549036], [-76.21710892881963, 36.93237940794895], [-76.21705755885216, 36.932481821285094], [-76.2170298532046, 36.93253705618551], [-76.21695192883676, 36.932692408380674], [-76.21694490325704, 36.932706870703505], [-76.21692251335308, 36.932752959745564], [-76.21689634430192, 36.93280682731742], [-76.21684376423684, 36.93291506161811], [-76.21678092862307, 36.93304440806309], [-76.21672276935689, 36.93316212915776], [-76.21667421074515, 36.933260415439364], [-76.21666860861457, 36.933271754167485], [-76.21664887967005, 36.93331168883976], [-76.2166420996836, 36.9333254122776], [-76.2166149283379, 36.93338040868605], [-76.21655509013357, 36.93350251926953], [-76.21641881412847, 36.93378061179658], [-76.21640457439726, 36.933809669732135], [-76.21636857898163, 36.93388312352131], [-76.2162459288734, 36.93413340884817], [-76.21613721309058, 36.93438043132286], [-76.21611243372142, 36.934436733318826], [-76.2160769285611, 36.93451740849252], [-76.21600492878882, 36.9346824091084], [-76.21599671444407, 36.93470109468895], [-76.21584546085748, 36.935045155210624], [-76.21573692750793, 36.935292035779426], [-76.21573192815107, 36.935303408712834], [-76.21572781223684, 36.935312815773614], [-76.2156899281515, 36.935399409057574], [-76.21566680664945, 36.93545235669512], [-76.21552092828709, 36.935786408696885], [-76.215336771259, 36.93621079759848], [-76.21520892805275, 36.936505409177194], [-76.2151032201033, 36.93675359524723], [-76.21506775595816, 36.93683685971177], [-76.21494751553145, 36.937119160811015], [-76.21493292829517, 36.937153409192256], [-76.21495739030418, 36.93716093068004], [-76.21495277667898, 36.93717149443014], [-76.21495258249757, 36.937171938642294], [-76.21574892037813, 36.93743605322071], [-76.21712019888878, 36.93781572787843], [-76.22036974709465, 36.93890287073799], [-76.22141549221837, 36.939296788115975], [-76.22314395670797, 36.93986532777451], [-76.22407147046509, 36.940208165187784], [-76.2246632070671, 36.94044902506429], [-76.22678315230166, 36.941204353545], [-76.22799165724474, 36.94165149756129], [-76.22867780088252, 36.94194086659845], [-76.22943395415633, 36.942292713868774], [-76.23055370231218, 36.94284732597482], [-76.23161701847961, 36.94334383005849], [-76.2336710845843, 36.9444755279305], [-76.23389384624946, 36.944580787680536], [-76.23478311001182, 36.94506154466757], [-76.23478348240705, 36.94506114622228], [-76.23487068292128, 36.94510828592705], [-76.23491641339257, 36.94513300638], [-76.23496052750278, 36.9451577777056], [-76.2349628363207, 36.94515436179814], [-76.23496293480935, 36.94515441056673], [-76.23497045834014, 36.945143085483565], [-76.2349915872542, 36.94511128001533], [-76.2349987121737, 36.94510055387815], [-76.2350467189678, 36.945028289589274], [-76.23506339695432, 36.945003184833155], [-76.23509669889619, 36.94495305359461], [-76.23537309354278, 36.94453699025913], [-76.23542376065578, 36.944460720874005], [-76.23561786198633, 36.94416853007176], [-76.23562047908861, 36.9441657312212], [-76.2358391632171, 36.94393177898077], [-76.23629295146199, 36.94344630256746], [-76.2364506661594, 36.94327498295665], [-76.2364510329524, 36.94327458349713], [-76.23645325669499, 36.94327216915527], [-76.23656413916926, 36.94315172016325], [-76.23657564684865, 36.94313921966487], [-76.23664698278182, 36.94306172876543], [-76.23681249737032, 36.94287746816251], [-76.23687093592571, 36.94281240944509], [-76.2369709337819, 36.942701569281155], [-76.23702711712589, 36.94263929380003], [-76.23711993588599, 36.942536409701944], [-76.23728699980832, 36.94235238380082], [-76.23731859713695, 36.94231757860365], [-76.23740445971724, 36.94222299820952], [-76.2376419351899, 36.94196140949491], [-76.23772363063166, 36.94187307816002], [-76.23777056461708, 36.941822332350924], [-76.23792038375548, 36.941660343250156], [-76.23811973152647, 36.941445367548084], [-76.23846134953892, 36.941077594821934], [-76.23863893587462, 36.94088640976966], [-76.23903741519683, 36.940459627139795], [-76.23917393560329, 36.94031340906359], [-76.23924872064768, 36.94023417483934], [-76.23937578979994, 36.940099545875164], [-76.23946476528361, 36.94000527719986], [-76.2394943182243, 36.93997396553747], [-76.23975485888681, 36.93969783718697], [-76.23976491856426, 36.939687164490614], [-76.23980023347342, 36.93964969896273], [-76.23984450519673, 36.93960273113994], [-76.23995189791994, 36.939488798406146], [-76.24016803804241, 36.93925949216114], [-76.24020393580666, 36.93922140856176], [-76.24022821472434, 36.939196166173545], [-76.24064358441133, 36.93876430920204], [-76.24069667383846, 36.93870911150553], [-76.2407329370062, 36.93867140884542], [-76.24079093657461, 36.93862340918359], [-76.2408519363666, 36.93859540914033], [-76.24090593625137, 36.938581409025105], [-76.2415713692447, 36.93851486575238], [-76.2416172122783, 36.93851028123424], [-76.24172593628052, 36.93849940858073], [-76.24242399060186, 36.938429002697426], [-76.24253893646815, 36.93841740867649], [-76.2425982142123, 36.9384113366521], [-76.24266480185788, 36.93840451527812], [-76.24344625834735, 36.93832456892033], [-76.24416893759151, 36.93825140832375], [-76.24427805567807, 36.9382405102388], [-76.24434927010351, 36.93823339810162], [-76.24498993816471, 36.93816940895875], [-76.24498716301822, 36.93815086316353], [-76.24496019052266, 36.937970624674186], [-76.24495787148626, 36.93795512795724], [-76.24492693749252, 36.93774840865249], [-76.244905483854, 36.937605796550685], [-76.24489506263951, 36.937536522645786], [-76.24483438464209, 36.93713315620494], [-76.24482157605281, 36.9370480092867], [-76.24481157866174, 36.93698155307946], [-76.24481064312695, 36.93697533458892], [-76.24480493820286, 36.936937408051485], [-76.24478772589369, 36.93682430349703], [-76.24477700431363, 36.93675384842355]]]}, "properties": {"OBJECTID": 451, "PERIMETER": 23580.242, "PRECINCTS": 8, "PRECINCTS1": 2, "ELECTION": 8, "ELECTION_I": 6, "PRECNAME": "Bayview", "SUPWARD": 6, "WARD": 5, "ADDRESSNUM": 1434, "POLLPLACE": "Bayview Recreation Center", "ADDRESSSTR": "8613 Willow Terrace", "PRECNUM": 501, "POLLADDRESS": "8613 Willow Terrace", "NAME_1": "Bayview", "NAME_2": " ", "created_user": "CSIEMER", "created_date": 1662571027000, "last_edited_user": "CSIEMER", "last_edited_date": 1687295282000, "Shape__Area": 22675961.542425144, "Shape__Length": 23724.51867000184, "NORFOLKGIS.Precincts.AREA": null}}, {"type": "Feature", "id": 452, "geometry": {"type": "Polygon", "coordinates": [[[-76.18755386672598, 36.92294748863023], [-76.18751091885711, 36.92291940748834], [-76.18683591486051, 36.92286710087592], [-76.18673350483569, 36.92285916448967], [-76.18342091735278, 36.92260240774997], [-76.18348991787974, 36.92207840702745], [-76.18250868956208, 36.92178384623328], [-76.18247391762883, 36.92177340770779], [-76.17997999799005, 36.92128624812132], [-76.17946891664647, 36.92118640729867], [-76.17856007026634, 36.92113663311688], [-76.17690607574207, 36.92104603157107], [-76.17676691595668, 36.92103840759266], [-76.17632691579571, 36.92201340737858], [-76.17661277525164, 36.92501307780635], [-76.17666967569546, 36.92561014065553], [-76.17703372430454, 36.929429886042485], [-76.17709391676603, 36.93006140961719], [-76.17715158339674, 36.93066617686471], [-76.17724791607306, 36.9316764091403], [-76.17896070498733, 36.93171699374194], [-76.17904081242384, 36.931718890663774], [-76.17906402236157, 36.93156756491249], [-76.17906299101168, 36.93126601290986], [-76.17907915307602, 36.931185282698884], [-76.17910919213413, 36.930651498222474], [-76.17914593228483, 36.930345884744014], [-76.17913637934764, 36.9300991131689], [-76.17916172938867, 36.93005359409464], [-76.17917168831328, 36.9298401777887], [-76.17925117250968, 36.92981495844668], [-76.17956394371691, 36.92977099142845], [-76.17968166036941, 36.92972660840931], [-76.17992193466237, 36.92970318907517], [-76.18008043979711, 36.92966785287781], [-76.18044042106705, 36.92964679458186], [-76.18099818410248, 36.929648868617356], [-76.18135457681127, 36.92963323160778], [-76.18254045501588, 36.92979879297699], [-76.18321072763472, 36.92992670945619], [-76.18331335436464, 36.929928044924516], [-76.1843651194412, 36.93011498492268], [-76.18487311561834, 36.930177877425244], [-76.18551618064257, 36.93030043594654], [-76.1864193739349, 36.93042192935958], [-76.18689178864257, 36.93052944541583], [-76.18801207911828, 36.93071426635582], [-76.18843678212772, 36.93081534301186], [-76.18894157550426, 36.930871286242436], [-76.18949964922169, 36.930975667471714], [-76.18991874989436, 36.931036104990376], [-76.19086901512004, 36.9312979196868], [-76.19130159059311, 36.93136548453006], [-76.1917119722763, 36.93148756140553], [-76.1922601489382, 36.93158005850618], [-76.19239941852456, 36.93161438746403], [-76.19258817489079, 36.93170944393559], [-76.19269347197744, 36.931735550381404], [-76.19335216652966, 36.931795181545056], [-76.19377644396307, 36.93191065427023], [-76.19445985057172, 36.93205799546235], [-76.19509385548727, 36.93214185941691], [-76.19546416420151, 36.932231541138236], [-76.19593750058509, 36.93230950366843], [-76.19645100518679, 36.932417100101695], [-76.19653227889712, 36.932445479797416], [-76.19717579926196, 36.932554245621624], [-76.19770932868889, 36.93267871232197], [-76.19832017217094, 36.93284933570784], [-76.19863002591946, 36.93290142049209], [-76.19914468661914, 36.93308389478381], [-76.19922687919156, 36.93308206896455], [-76.19938017069674, 36.93310567425843], [-76.2000163807959, 36.933230078952015], [-76.20046253188812, 36.9333019964098], [-76.20100128809048, 36.93348012572027], [-76.2013153788154, 36.93350549887742], [-76.20166605384277, 36.933565929056314], [-76.2019917458474, 36.93366021258214], [-76.20224329245569, 36.93371664291756], [-76.20274461886545, 36.93388785001222], [-76.20328928108702, 36.93398434844418], [-76.20346568507837, 36.934035873983106], [-76.20373827762464, 36.93407554081208], [-76.20436187085689, 36.93427797659192], [-76.20467192175386, 36.93432386742564], [-76.20507226689719, 36.934439518408645], [-76.2052900923465, 36.93447948719822], [-76.20562864301067, 36.934601485580195], [-76.20578871695241, 36.93462727533301], [-76.20626000083952, 36.93477384108286], [-76.20660147612315, 36.93491237904015], [-76.20758893253027, 36.93519264012138], [-76.20949473717428, 36.93566250075805], [-76.21118405697973, 36.93616177181321], [-76.21256044978831, 36.93648390453106], [-76.21344682560171, 36.93671269571732], [-76.21390435155449, 36.93686239788872], [-76.21448495661583, 36.9370165503915], [-76.21471314891917, 36.93709237691776], [-76.21472641677175, 36.93709338654444], [-76.21485973467709, 36.93713213560797], [-76.21493292829517, 36.937153409192256], [-76.21494751553145, 36.937119160811015], [-76.21500072595919, 36.93699423333722], [-76.21501932398188, 36.9369505677545], [-76.21503653707944, 36.936910154476166], [-76.21506775595816, 36.93683685971177], [-76.2151032201033, 36.93675359524723], [-76.21520892805275, 36.936505409177194], [-76.21521662339312, 36.936487675332614], [-76.215336771259, 36.93621079759848], [-76.21552092828709, 36.935786408696885], [-76.21563096527403, 36.93553443137019], [-76.2156652254463, 36.93545597656383], [-76.21566680664945, 36.93545235669512], [-76.2156899281515, 36.935399409057574], [-76.21572781223684, 36.935312815773614], [-76.21573192815107, 36.935303408712834], [-76.21573692750793, 36.935292035779426], [-76.21584546085748, 36.935045155210624], [-76.21599671444407, 36.93470109468895], [-76.21600492878882, 36.9346824091084], [-76.2160769285611, 36.93451740849252], [-76.21611243372142, 36.934436733318826], [-76.21613721309058, 36.93438043132286], [-76.21622976580703, 36.93417013350043], [-76.2162459288734, 36.93413340884817], [-76.21625688335642, 36.93411105467843], [-76.21636857898163, 36.93388312352131], [-76.21640457439726, 36.933809669732135], [-76.21641881412847, 36.93378061179658], [-76.21655509013357, 36.93350251926953], [-76.2166149283379, 36.93338040868605], [-76.2166420996836, 36.9333254122776], [-76.21664887967005, 36.93331168883976], [-76.21666860861457, 36.933271754167485], [-76.21667421074515, 36.933260415439364], [-76.21672276935689, 36.93316212915776], [-76.21678092862307, 36.93304440806309], [-76.21684376423684, 36.93291506161811], [-76.2168611612579, 36.93287925051477], [-76.21689634430192, 36.93280682731742], [-76.21692251335308, 36.932752959745564], [-76.21692552634819, 36.93274675817048], [-76.21694490325704, 36.932706870703505], [-76.21695192883676, 36.932692408380674], [-76.2170298532046, 36.93253705618551], [-76.21705755885216, 36.932481821285094], [-76.21710892881963, 36.93237940794895], [-76.2170243190162, 36.93239689413183], [-76.21680892910699, 36.932441408600106], [-76.21646492849439, 36.93240540857616], [-76.21635147031596, 36.93239986256524], [-76.21574892811351, 36.932370408497775], [-76.21521192876533, 36.93213140844343], [-76.21490817890032, 36.93183250162742], [-76.21461092281854, 36.93153998119468], [-76.21445892835709, 36.93139040801307], [-76.21363492805725, 36.93071040809821], [-76.21322992708504, 36.930398408185376], [-76.2126899275642, 36.92998240756228], [-76.21240892687136, 36.92986940824971], [-76.21204148345969, 36.92972227181132], [-76.21194692708742, 36.929684407935], [-76.21187992682621, 36.929657408311144], [-76.21143892740909, 36.929480407896584], [-76.21080892710008, 36.92937440797531], [-76.21032892653331, 36.929275407514666], [-76.20985834846253, 36.92904950012262], [-76.20972692590972, 36.92898640771337], [-76.20811692624096, 36.92883940799399], [-76.20700492496034, 36.928359408073625], [-76.20676192493997, 36.92825440758958], [-76.20642588114592, 36.928146650392605], [-76.20610911406429, 36.928045074144265], [-76.20381192469532, 36.927308407267624], [-76.20141192381071, 36.926698407477666], [-76.20059592372637, 36.92654840809488], [-76.20027176518933, 36.92647143137639], [-76.19983792364457, 36.92636840760157], [-76.19910452369724, 36.92609925899343], [-76.19840192324388, 36.92584140723], [-76.19714592271272, 36.925367407348936], [-76.19429263905316, 36.92514716798334], [-76.1942439211183, 36.925143407356074], [-76.19254392072075, 36.925361408117574], [-76.19205867527563, 36.92540670597938], [-76.19168692074086, 36.9254414080973], [-76.19157692095831, 36.92539940782911], [-76.1909527966429, 36.92502014065406], [-76.18962692019072, 36.92421440795732], [-76.18960021186086, 36.924198219663914], [-76.18841778074128, 36.92348150408247], [-76.18777091914205, 36.92308940704811], [-76.18777057019913, 36.92308917934495], [-76.18755386672598, 36.92294748863023]]]}, "properties": {"OBJECTID": 452, "PERIMETER": 31033.387, "PRECINCTS": 11, "PRECINCTS1": 3, "ELECTION": 11, "ELECTION_I": 29, "PRECNAME": "East Ocean View", "SUPWARD": 6, "WARD": 5, "ADDRESSNUM": 9520, "POLLPLACE": "East Ocean View Recreation Center", "ADDRESSSTR": "20th Bay Street", "PRECNUM": 503, "POLLADDRESS": "9520 E. 20th Bay Street", "NAME_1": "East Ocean", "NAME_2": "View", "created_user": "CSIEMER", "created_date": 1662571027000, "last_edited_user": "CSIEMER", "last_edited_date": 1687295334000, "Shape__Area": 29790182.425399315, "Shape__Length": 30920.191997095288, "NORFOLKGIS.Precincts.AREA": null}}, {"type": "Feature", "id": 453, "geometry": {"type": "Polygon", "coordinates": [[[-76.2371889344669, 36.91349540324919], [-76.23713520202152, 36.913512674876415], [-76.23712423519773, 36.91351619995163], [-76.2369649339239, 36.91356740399073], [-76.23688143724483, 36.91358780530591], [-76.23681444878052, 36.91360417257232], [-76.23669206225071, 36.91363407540488], [-76.23656793422793, 36.913664403377666], [-76.23645765715668, 36.91368968974892], [-76.23633413434814, 36.91371801365641], [-76.23627148224423, 36.91373238014693], [-76.23618302034888, 36.91375266461766], [-76.23611298638987, 36.91376872315429], [-76.23593993358494, 36.91380840368629], [-76.23612863207809, 36.914379293893205], [-76.23625493328052, 36.91476140393244], [-76.23610544378687, 36.91497083678043], [-76.23594987880968, 36.915188779502344], [-76.2357913863351, 36.91541082098714], [-76.23542193401607, 36.91592840392555], [-76.23534093365984, 36.91604240432011], [-76.23542253063285, 36.916668635378265], [-76.23542829278678, 36.91671285432395], [-76.23545199868124, 36.916894785062055], [-76.23546693359417, 36.91700940422102], [-76.2357597356243, 36.91738414455012], [-76.23595293359153, 36.91763140495336], [-76.23600993413287, 36.918495404366915], [-76.23615955747826, 36.91934793456176], [-76.23621881565595, 36.919685572865156], [-76.23623493363078, 36.91977740535152], [-76.23628181570008, 36.91995249273352], [-76.2362839346109, 36.919960405252134], [-76.23621493124674, 36.919951204718195], [-76.23553518333439, 36.91986057156766], [-76.23504693379076, 36.9204104050481], [-76.2349529340599, 36.920541405332024], [-76.23487793418951, 36.92067940487906], [-76.23480893354113, 36.92080440496199], [-76.23471593327844, 36.92095440550926], [-76.23467193368943, 36.921029405720674], [-76.23458393368122, 36.921148405053145], [-76.23453325815487, 36.921209938900816], [-76.23452793324232, 36.921216405510485], [-76.2344598990822, 36.92131872918374], [-76.23440293327178, 36.92140440499511], [-76.23436593391506, 36.92147940570954], [-76.23433493393188, 36.92155440576328], [-76.23425476341187, 36.921762654100654], [-76.2342529340204, 36.921767405148856], [-76.23422193359737, 36.92188540531947], [-76.2341599340746, 36.92203540536224], [-76.23402193306222, 36.922216405286804], [-76.23400572666048, 36.9222518009157], [-76.23389693343971, 36.92248940587321], [-76.23386220338556, 36.92251607873525], [-76.23383525582281, 36.92253677495791], [-76.23377193386509, 36.92258540578746], [-76.23374545843676, 36.92260653023203], [-76.23367793344575, 36.92266040531842], [-76.23360293354237, 36.92272340601217], [-76.2335469338906, 36.922823405814015], [-76.23350893383015, 36.92289840592062], [-76.23349176255546, 36.92297096645897], [-76.23347793366838, 36.92302940557626], [-76.23340253622328, 36.92314250149121], [-76.2333779337865, 36.9231794054103], [-76.23332288899714, 36.923264350711264], [-76.23329693370609, 36.923304405881574], [-76.23320293291353, 36.92340440562535], [-76.23307958867167, 36.923513518441055], [-76.23284193140826, 36.923794138087985], [-76.23284102713856, 36.92379520590611], [-76.23277017291024, 36.92389380659434], [-76.23275393300426, 36.92391640638167], [-76.23271964655106, 36.923963902066184], [-76.23268806441934, 36.924007651498165], [-76.23264425580409, 36.92406833723489], [-76.23250993308139, 36.92425440639163], [-76.23229893286549, 36.92444840580903], [-76.23220793269277, 36.9245024059498], [-76.23205693286869, 36.924572406239456], [-76.2319678363919, 36.924595761868396], [-76.2319539327794, 36.924599406507205], [-76.23184922017933, 36.92463406959958], [-76.23180893281443, 36.924647406061666], [-76.23168920080482, 36.92472054654027], [-76.23158793329193, 36.924782406415524], [-76.2314799327402, 36.92485240641323], [-76.23139393311564, 36.92490640599025], [-76.23131789150852, 36.92499277502463], [-76.23131293234948, 36.924998406670724], [-76.23125893233404, 36.925165406433926], [-76.23121593273902, 36.925294406405264], [-76.23116693283013, 36.92546140618098], [-76.23116693238877, 36.92549940641498], [-76.2311559327536, 36.92555840647338], [-76.2311475201516, 36.925635169414015], [-76.23113993239157, 36.925704406453505], [-76.23112993330979, 36.92581240663437], [-76.23112993264479, 36.92595240666039], [-76.23115093289427, 36.9260064069112], [-76.23116193269446, 36.92611940666969], [-76.23116693285114, 36.92615140649696], [-76.23111893272153, 36.92626440694668], [-76.23105893281368, 36.92638340700357], [-76.23098393296495, 36.926459406690235], [-76.23093007631527, 36.926483281274805], [-76.23088693226282, 36.92650240683283], [-76.23072396756929, 36.92662569381909], [-76.23065693231422, 36.92667640658431], [-76.23050679459702, 36.926743968082654], [-76.23049693213714, 36.92674840626328], [-76.23041593223485, 36.92679240627203], [-76.23034693304845, 36.926867406412136], [-76.23025293256455, 36.926960406562195], [-76.23018393221123, 36.92704240668318], [-76.23004093211154, 36.92714840672555], [-76.22990893223037, 36.92722940659297], [-76.22978393252558, 36.927298407156435], [-76.22959693282127, 36.92737340685635], [-76.22945293224609, 36.927454407025145], [-76.2293907798699, 36.92751705299015], [-76.22932693252663, 36.92758140674638], [-76.22928324118232, 36.927621833325915], [-76.22915293241343, 36.92774240665199], [-76.22906593278289, 36.927792406621364], [-76.2289529320148, 36.92786040682743], [-76.22880893264663, 36.92792340665835], [-76.22864693234052, 36.92796740724272], [-76.22847193182803, 36.92798540677946], [-76.22821293194265, 36.928040406934144], [-76.22797382956217, 36.92817402250847], [-76.22794093198206, 36.9281924067026], [-76.2278339320633, 36.92825440689028], [-76.22757193140919, 36.928235406764635], [-76.22737193204773, 36.92821540704168], [-76.22713272317333, 36.92825967343429], [-76.22709093153793, 36.928267406933195], [-76.22705390204825, 36.928276506132796], [-76.22691593216304, 36.92831040751183], [-76.22686844502924, 36.92833415105075], [-76.22672793146819, 36.92840440697241], [-76.22659093166315, 36.928492407596586], [-76.22646751229837, 36.92857101783663], [-76.22643393118892, 36.92859240711508], [-76.22627193112689, 36.92867940741787], [-76.22609093114542, 36.9287104069781], [-76.22598396270672, 36.92869582056267], [-76.22595893114723, 36.92869240691062], [-76.22577193137255, 36.92863540738625], [-76.22576329166273, 36.9286338773738], [-76.22566776251757, 36.928616954743056], [-76.22559693179662, 36.928604407404364], [-76.22545893092791, 36.92863540766661], [-76.22510293166064, 36.928767407578206], [-76.22498446513606, 36.92879702398635], [-76.22490293152644, 36.92881740738474], [-76.2245479314249, 36.9287904074498], [-76.22437893139396, 36.92876540777142], [-76.22430142368354, 36.928750542765485], [-76.224295773932, 36.92874945991608], [-76.2241577334406, 36.92872298601966], [-76.22401393056504, 36.928695407085364], [-76.22388500767808, 36.92869130130922], [-76.22385693083224, 36.928690407093676], [-76.22383659265395, 36.928701228283586], [-76.22359193034616, 36.92883140771333], [-76.223504930127, 36.92891840703769], [-76.22347868692994, 36.928938133018626], [-76.22335593083757, 36.92903040699246], [-76.22324298660303, 36.92907457770158], [-76.22324230563139, 36.92907541902091], [-76.22324049058092, 36.929075553330414], [-76.22297493088823, 36.92917940768442], [-76.22281266973562, 36.92924181586715], [-76.22277992987821, 36.929254407643256], [-76.22270593077216, 36.929336407696965], [-76.22268896263043, 36.929371629392435], [-76.22263993092766, 36.92947340794189], [-76.22263945838797, 36.929488532935515], [-76.22263593013416, 36.92960140733138], [-76.22265593097853, 36.9297344073833], [-76.22264816129933, 36.92978555343568], [-76.22264393000162, 36.92981340790019], [-76.22261484663875, 36.92991338160139], [-76.22259593050944, 36.929978407493664], [-76.22259593020537, 36.930098408022], [-76.22259578329535, 36.930126681423125], [-76.22259500473231, 36.930276199643735], [-76.22259493026009, 36.9302904075334], [-76.22255893030086, 36.930315407580395], [-76.22255150017638, 36.930323349917515], [-76.22253636496214, 36.93033952942308], [-76.22252993016426, 36.93034640758266], [-76.2225259517682, 36.93035404090811], [-76.22251168374031, 36.93038141340279], [-76.22247762622222, 36.93044675349526], [-76.22247537073507, 36.93045108058728], [-76.22239493064882, 36.93060540761059], [-76.22233184324975, 36.930726442124325], [-76.22228560115826, 36.93081515682676], [-76.22228465628008, 36.93081697012274], [-76.22224285596046, 36.930897164498624], [-76.22219426043918, 36.93099039364872], [-76.22208069164084, 36.931208273021646], [-76.22204419671561, 36.9312782880992], [-76.22198694429339, 36.93138812500068], [-76.22189192988229, 36.931570407716805], [-76.2218992620559, 36.93157286272639], [-76.22204337326518, 36.93162111874021], [-76.22250393075647, 36.931775336253], [-76.22255193027954, 36.931791408312705], [-76.2225609290252, 36.93179448867018], [-76.22256680926569, 36.931796501779445], [-76.22261349114439, 36.93181248248914], [-76.22323312809402, 36.932024603844425], [-76.22323336590678, 36.932024685968194], [-76.22334690058837, 36.93206355168155], [-76.22340661922865, 36.93208399485138], [-76.22372537221142, 36.93219311120175], [-76.22389781831639, 36.93225214321935], [-76.22405335945425, 36.93230538808693], [-76.22421993129818, 36.93236240850741], [-76.22438444809164, 36.93241735359945], [-76.2243845069979, 36.932417373668514], [-76.22448032997053, 36.93244937668498], [-76.22461799049034, 36.9324953512373], [-76.22477223051398, 36.93254686364494], [-76.22482833510486, 36.932565601941], [-76.22490006866553, 36.93258955875729], [-76.22491046274212, 36.93259303008842], [-76.22493792314324, 36.932602200266246], [-76.22513727508658, 36.932668778204906], [-76.22523821792721, 36.93270249041571], [-76.22525893166149, 36.9327094081404], [-76.22568517370019, 36.93285398570766], [-76.22593176270803, 36.9329376250963], [-76.22608355971344, 36.93298911283328], [-76.22616085713318, 36.93301533076492], [-76.2263409312158, 36.93307640855533], [-76.22668964585151, 36.933194021017705], [-76.22682756000624, 36.9332405359566], [-76.22684111012101, 36.93324510561819], [-76.22727193198318, 36.93339040854249], [-76.22754295026297, 36.93348183769162], [-76.22759372610116, 36.93349896724832], [-76.227827556057, 36.93357784999216], [-76.22824487810357, 36.93371863298447], [-76.22859993265627, 36.9338384082901], [-76.22885223892362, 36.933923423721204], [-76.22892721447184, 36.933948687259104], [-76.23043603263072, 36.934457073127525], [-76.23057425940834, 36.93450364640264], [-76.2308260231664, 36.934588473975616], [-76.23105927558457, 36.93466706319283], [-76.23126729450834, 36.93473714999733], [-76.2312963264462, 36.93474706017005], [-76.23133057668085, 36.934758868369265], [-76.23193017248688, 36.93496481807364], [-76.23213747173364, 36.9350352553828], [-76.23227236753627, 36.935081091747136], [-76.23230690321424, 36.93509282674172], [-76.23234393323376, 36.93510540845283], [-76.23243170687664, 36.93512444916815], [-76.23245892990546, 36.935130354500714], [-76.23253293366184, 36.93514640832216], [-76.23260093350302, 36.93515240864228], [-76.23272593431125, 36.935151408344396], [-76.23321093417809, 36.935083408217125], [-76.2332433113803, 36.93503964957021], [-76.23333893453456, 36.93491040865058], [-76.2333718007108, 36.935026223675365], [-76.23338093454399, 36.9350584085184], [-76.2342919348148, 36.9349264081603], [-76.23440393381878, 36.93490940850487], [-76.23451693479397, 36.93489340784538], [-76.23459605306557, 36.93488186594703], [-76.23527657858216, 36.934782588043824], [-76.23537646547616, 36.93476801502912], [-76.23564322460928, 36.93472909803905], [-76.23578946107952, 36.93470776372135], [-76.2362516161135, 36.934640336989204], [-76.23638610778691, 36.93462071556602], [-76.23661540190021, 36.93458726123033], [-76.23668293522371, 36.93457740854348], [-76.23680893472154, 36.93456240766664], [-76.23687445960111, 36.93455566291118], [-76.2370508767893, 36.9345375021185], [-76.23710850289326, 36.9345315696786], [-76.23713699268849, 36.93452863688723], [-76.23723325313013, 36.9345187283384], [-76.23729732388257, 36.93451213293462], [-76.23734664235779, 36.93450705544916], [-76.23735293499973, 36.93450640767334], [-76.23751733271702, 36.93449010156244], [-76.23758129262018, 36.93448375715826], [-76.23761735832895, 36.934480179522915], [-76.23799562395955, 36.93444265915642], [-76.23800976981754, 36.93444125564842], [-76.238282444118, 36.93441420855946], [-76.23845195201234, 36.934397393726776], [-76.23859293505996, 36.93438340836914], [-76.23862449195701, 36.93438026199605], [-76.2389022085652, 36.934350426060135], [-76.23901830144858, 36.93433907758084], [-76.23924557614018, 36.93431685912384], [-76.24000669943416, 36.934242450281985], [-76.24002143552917, 36.934240981261894], [-76.24013473404673, 36.934229683435525], [-76.2401385563018, 36.93422930260886], [-76.24015156033732, 36.93422800579475], [-76.24016017224743, 36.93422714735808], [-76.24021243388108, 36.93422193595791], [-76.24021689018518, 36.93422149159962], [-76.24023424802652, 36.93421976106725], [-76.24025616242174, 36.93421757548006], [-76.24026905043776, 36.93421629084517], [-76.24028793651557, 36.93421440759916], [-76.24036490621114, 36.934206744238395], [-76.24037438187183, 36.93420580053094], [-76.24038346785763, 36.934204896205244], [-76.24039529946734, 36.93420371834785], [-76.2404056389095, 36.93420268848165], [-76.24051755608156, 36.934191545819125], [-76.24052222747248, 36.93419108034429], [-76.24060458135487, 36.93418288122267], [-76.24062323648069, 36.934181023230416], [-76.24063007461885, 36.934180342496816], [-76.24063167491822, 36.934180183058835], [-76.24066953243066, 36.93417641448275], [-76.24067793484969, 36.93417557722122], [-76.24069581289436, 36.9341737971266], [-76.24072125431663, 36.934171264595854], [-76.2407288132061, 36.93417051207576], [-76.24073875059396, 36.934169522227606], [-76.24077408547376, 36.934166004400645], [-76.2407958781042, 36.93416383440125], [-76.24080455866817, 36.93416297002582], [-76.24084658867464, 36.934158784909926], [-76.24085574673788, 36.93415787291919], [-76.2408665771611, 36.934156794758735], [-76.24089851210672, 36.93415361538248], [-76.24090543357744, 36.93415292631906], [-76.24091540248945, 36.93415193345628], [-76.24092868571451, 36.93415061127434], [-76.24093016777982, 36.93415046308122], [-76.24095988640919, 36.934147504305685], [-76.24100181390324, 36.934143329784256], [-76.24102773395427, 36.934140748695704], [-76.24105092075521, 36.934138440484034], [-76.2410670971387, 36.934136829547384], [-76.24109352509196, 36.934134197810494], [-76.24114222764285, 36.93412934847758], [-76.24120549838601, 36.93412304836434], [-76.24121193671334, 36.934122407688974], [-76.24123124854296, 36.934120478389254], [-76.24125627575549, 36.93411797834774], [-76.24126491697862, 36.93411711498553], [-76.24127117631296, 36.934116489797155], [-76.24142982873433, 36.93410064115006], [-76.24143178041523, 36.934100446086596], [-76.24146068508517, 36.9340975580813], [-76.24146730817212, 36.934096896604046], [-76.2414785294811, 36.93409577541929], [-76.24160728726498, 36.93408291270572], [-76.24206441977415, 36.934037244977134], [-76.24209602498591, 36.934034086887955], [-76.24222293674482, 36.93402140798849], [-76.24239089305549, 36.93400482452331], [-76.24241815019668, 36.934002133598085], [-76.24242014235179, 36.93400193659132], [-76.24250631588046, 36.93399342820652], [-76.24255915335674, 36.933988210601356], [-76.24256269281801, 36.933987861223], [-76.24262109003651, 36.933982095038346], [-76.24263675804606, 36.93398054803916], [-76.24273854887205, 36.9339704969185], [-76.2427752869858, 36.933966869326326], [-76.24343133586062, 36.93390208854363], [-76.24363789904817, 36.933881691431225], [-76.24389393676766, 36.933856407829], [-76.24402954096122, 36.93384602373347], [-76.24411593733919, 36.933839407730815], [-76.24414026963018, 36.93383825481983], [-76.24429289632747, 36.93383102102839], [-76.24432693679084, 36.93382940804827], [-76.24426732582944, 36.933445729584456], [-76.24423481966012, 36.93323650285289], [-76.24421693734872, 36.933121407698266], [-76.24416425638881, 36.9327884913635], [-76.24414493744703, 36.932666407319566], [-76.24411993755025, 36.93250840720366], [-76.2440799376503, 36.93225840720707], [-76.24400893685242, 36.93181040700826], [-76.2439769380465, 36.931609830468815], [-76.2439679368394, 36.931553407524916], [-76.24394277299281, 36.93138823017168], [-76.2439289373549, 36.93129740727217], [-76.24384893704647, 36.93076840715082], [-76.24375093658809, 36.93013340698193], [-76.24368593690289, 36.92971140729711], [-76.2436759363638, 36.929667406802075], [-76.24364893656191, 36.92955540671741], [-76.2436229369127, 36.929409407070786], [-76.24359466969429, 36.92924209417751], [-76.243585936722, 36.92919040674654], [-76.24358279971291, 36.92916729480515], [-76.24350993713807, 36.928630406383306], [-76.2434739365464, 36.92840240694417], [-76.24344893678055, 36.928239406688725], [-76.24332993637964, 36.927452406232845], [-76.24331602249943, 36.927361582619874], [-76.24318393640715, 36.926499405840545], [-76.24311093637175, 36.92602340579959], [-76.24303893703413, 36.92554640634655], [-76.24295993669678, 36.92502540614073], [-76.24290393664455, 36.92465940606978], [-76.24282893597366, 36.924172405732754], [-76.2427849358527, 36.92385240595017], [-76.24276949633216, 36.92371473646862], [-76.24276093613042, 36.92363840598617], [-76.24271593646901, 36.92331440559833], [-76.24265493612221, 36.92302740581719], [-76.24263493655555, 36.92290240589359], [-76.24259393600198, 36.92264340550785], [-76.24249493657166, 36.92200940487884], [-76.24245693627778, 36.92176040509511], [-76.24236916798284, 36.92119038500588], [-76.24236393614245, 36.92115640547218], [-76.24224293581013, 36.92036640477023], [-76.2422059363987, 36.92012840462629], [-76.24217928999752, 36.919957326654874], [-76.24211793585748, 36.91956340494763], [-76.24209593555821, 36.919421404389325], [-76.24201293537294, 36.91888640463376], [-76.24185693578701, 36.91787440482318], [-76.24167793600007, 36.91670540395634], [-76.24163851649747, 36.916454897339946], [-76.24159692738908, 36.91619060125264], [-76.2415271475235, 36.91574715160064], [-76.2414779350514, 36.91543440430671], [-76.24143323883112, 36.91500187714161], [-76.24141293519753, 36.914805403754556], [-76.24140393486257, 36.9147174035628], [-76.24138284644884, 36.91471861902362], [-76.24136840369557, 36.914719451098215], [-76.2413248752788, 36.914721958788675], [-76.24130480564125, 36.91472311539213], [-76.2412950789348, 36.91472367572675], [-76.24125264237665, 36.91472612054353], [-76.24123731127759, 36.91472700403605], [-76.24123208360882, 36.91472730469184], [-76.24106693193299, 36.914736819635756], [-76.24093656923412, 36.91474433037766], [-76.2409179355563, 36.91474540364353], [-76.24089534173768, 36.91474665858941], [-76.24085668911975, 36.914748806423944], [-76.24082081267876, 36.91475079938555], [-76.24079193565099, 36.914752404067556], [-76.24071845233908, 36.914753283893546], [-76.24062493565654, 36.914754404160185], [-76.2404029353503, 36.91474940397658], [-76.2400289350995, 36.91472240344535], [-76.23977193444541, 36.914688403415255], [-76.23945793441906, 36.91462840346325], [-76.23923793526828, 36.914577403617265], [-76.23897893414853, 36.91450140343902], [-76.2388209341013, 36.914444404192935], [-76.23860893452307, 36.91435640414557], [-76.23852893444202, 36.91432040363874], [-76.23829593390826, 36.91420340373037], [-76.23807393432135, 36.9140754037317], [-76.23786193443254, 36.91393640336379], [-76.23761893439907, 36.913753403796214], [-76.23746693450727, 36.91361740351957], [-76.23731293421882, 36.9134554040053], [-76.2371889344669, 36.91349540324919]]]}, "properties": {"OBJECTID": 453, "PERIMETER": 24459.779, "PRECINCTS": 12, "PRECINCTS1": 42, "ELECTION": 12, "ELECTION_I": 7, "PRECNAME": "Third Presbyterian", "SUPWARD": 6, "WARD": 5, "ADDRESSNUM": 8565, "POLLPLACE": "Third Presbyterian Church", "ADDRESSSTR": "Carlton Street", "PRECNUM": 510, "POLLADDRESS": "8065 Carlton Street", "NAME_1": "Third", "NAME_2": "Presbyterian", "created_user": "CSIEMER", "created_date": 1662571027000, "last_edited_user": "CSIEMER", "last_edited_date": 1687295443000, "Shape__Area": 25651989.524203572, "Shape__Length": 24830.00370976373, "NORFOLKGIS.Precincts.AREA": null}}, {"type": "Feature", "id": 454, "geometry": {"type": "Polygon", "coordinates": [[[-76.21635692835402, 36.91704440494543], [-76.21615261558428, 36.91704600424153], [-76.21575955640931, 36.91750796715898], [-76.21500915656408, 36.91816234968633], [-76.21422323066969, 36.9188124592809], [-76.2134672013569, 36.91891337506752], [-76.21340363024568, 36.91895514879905], [-76.21339858854144, 36.918958461553835], [-76.21335090760624, 36.91898979267956], [-76.2131890318868, 36.91909616330173], [-76.2129661897801, 36.91924259388579], [-76.2128606313902, 36.91931195566328], [-76.21236640186629, 36.919636711440546], [-76.2116059267649, 36.92013640556796], [-76.21153571460381, 36.920167500179026], [-76.21146592683918, 36.920198405608964], [-76.21136592677115, 36.92018540600909], [-76.21127192635485, 36.92015440626827], [-76.21122792683198, 36.92017340613128], [-76.2111339264764, 36.92020440600826], [-76.21087192665463, 36.92031640641453], [-76.2107159260883, 36.92042340645196], [-76.21067689699522, 36.92046582886545], [-76.2106469263456, 36.92049840611938], [-76.21049092574353, 36.92062340646304], [-76.21037792595496, 36.92071040632134], [-76.21023206468688, 36.920771371359756], [-76.21012192554613, 36.92081740571924], [-76.21004092579952, 36.92085440610154], [-76.20994692577614, 36.92086740626899], [-76.20971592591115, 36.92096640622568], [-76.20946053945791, 36.92107613474712], [-76.20945292557457, 36.92107940623346], [-76.2093719259254, 36.92109840647212], [-76.20923473306229, 36.921116817312445], [-76.20914092574205, 36.9211294059639], [-76.20901592584319, 36.92116040580115], [-76.20876592579489, 36.9212674065786], [-76.20873392615769, 36.9213604067272], [-76.2086779257937, 36.92146040610843], [-76.2085659259766, 36.9214984066189], [-76.20843392504494, 36.921554406229774], [-76.20827092563194, 36.921665406750975], [-76.20802272477317, 36.921698499787816], [-76.20801603360238, 36.92170474029908], [-76.20801668383515, 36.92173680432651], [-76.20802292601522, 36.9220444064406], [-76.20796018627986, 36.92208797557614], [-76.20752248533002, 36.92239193461792], [-76.20751982028752, 36.92239378456324], [-76.20748292560624, 36.922419406164074], [-76.20725261829459, 36.922700783523766], [-76.20719823544263, 36.9227672237848], [-76.2070229248658, 36.92298140626182], [-76.20697462366346, 36.923138730656916], [-76.20692511781796, 36.923299981395346], [-76.20688292511144, 36.923437407009345], [-76.20702492505579, 36.92357540671778], [-76.20693979619622, 36.923826591224646], [-76.20688765057757, 36.92398045230863], [-76.20686292511732, 36.92405340653632], [-76.20689828862528, 36.924440637970996], [-76.20689982933901, 36.92445750674903], [-76.20692292500567, 36.92471040741978], [-76.2070476331053, 36.92546221851625], [-76.20706292489342, 36.92555440729431], [-76.20708191598752, 36.925707152778415], [-76.20708981519107, 36.92577068303635], [-76.2071117745475, 36.9259472973205], [-76.20713761124819, 36.92615510113368], [-76.20716230062912, 36.926353666827886], [-76.20716312133209, 36.92636027193879], [-76.20716485511029, 36.926374214081754], [-76.20716660425724, 36.92638827911246], [-76.20717218635174, 36.92643318037101], [-76.20718881498593, 36.92656691286332], [-76.20720292585841, 36.92668040708799], [-76.20720002716448, 36.92675034559329], [-76.20719887303147, 36.92677817399404], [-76.20719035364782, 36.92698370688224], [-76.20717827821474, 36.92727503789352], [-76.20716292527966, 36.92764540758423], [-76.2071624679808, 36.92765139285758], [-76.20712336561876, 36.92816264060293], [-76.2071229250091, 36.928168408067116], [-76.20700492496034, 36.928359408073625], [-76.20811692624096, 36.92883940799399], [-76.20972692590972, 36.92898640771337], [-76.20985834846253, 36.92904950012262], [-76.21032892653331, 36.929275407514666], [-76.21065453040563, 36.92934256366135], [-76.21080892710008, 36.92937440797531], [-76.21127405211682, 36.929452667228176], [-76.21143892740909, 36.929480407896584], [-76.21187992682621, 36.929657408311144], [-76.21194692708742, 36.929684407935], [-76.21204148345969, 36.92972227181132], [-76.21240892687136, 36.92986940824971], [-76.2126899275642, 36.92998240756228], [-76.21305018516942, 36.930259941015024], [-76.21322992708504, 36.930398408185376], [-76.21363492805725, 36.93071040809821], [-76.21445892835709, 36.93139040801307], [-76.21461092281854, 36.93153998119468], [-76.21470545388266, 36.931633006842674], [-76.21490817890032, 36.93183250162742], [-76.21521192876533, 36.93213140844343], [-76.21574892811351, 36.932370408497775], [-76.21601355681302, 36.93238334469446], [-76.21635147031596, 36.93239986256524], [-76.21646492849439, 36.93240540857616], [-76.21680892910699, 36.932441408600106], [-76.21710892881963, 36.93237940794895], [-76.2172379289981, 36.93230940839102], [-76.21734492844793, 36.93225040834419], [-76.21739692945592, 36.93222240792853], [-76.2174976621861, 36.93210958728605], [-76.21752425831076, 36.9320798001296], [-76.2175469291641, 36.9320544085095], [-76.21758746986688, 36.93200294886248], [-76.21760267580727, 36.93198364806028], [-76.21764946457628, 36.931924257661485], [-76.21780537256417, 36.931726356685445], [-76.21789592927591, 36.93161140834061], [-76.21816492909302, 36.931417408343066], [-76.2184740067085, 36.93125122958937], [-76.21854992865477, 36.93121040835291], [-76.2187282501713, 36.931145766632156], [-76.2187899291944, 36.93112340765849], [-76.2188938994129, 36.93107493778621], [-76.21907092974976, 36.93099240787026], [-76.21917817190736, 36.930901585022255], [-76.21927992950081, 36.930815407758494], [-76.21963292912619, 36.93054240742832], [-76.21995793009452, 36.9303614077051], [-76.22035192971764, 36.93006740777751], [-76.220481261342, 36.92997787112076], [-76.22054521840651, 36.92993359332131], [-76.22067693003922, 36.929842408009726], [-76.22088993006422, 36.929798407278014], [-76.22102692972894, 36.929798407542265], [-76.22118293025923, 36.92983640761172], [-76.22135193053667, 36.92989340810814], [-76.2214459296422, 36.929936407609404], [-76.22154593031165, 36.92994840774502], [-76.22171393049027, 36.92998640799538], [-76.22189393018543, 36.93000740795708], [-76.22218392989309, 36.930003407380966], [-76.22226384348097, 36.93000340706571], [-76.22239893025517, 36.930003407423676], [-76.22253543140204, 36.929986085289165], [-76.22259593050944, 36.929978407493664], [-76.22261484663875, 36.92991338160139], [-76.2226204636739, 36.92989407471247], [-76.22264393000162, 36.92981340790019], [-76.22264816129933, 36.92978555343568], [-76.22265593097853, 36.9297344073833], [-76.22263593013416, 36.92960140733138], [-76.22263945838797, 36.929488532935515], [-76.22263993092766, 36.92947340794189], [-76.22268896263043, 36.929371629392435], [-76.22270593077216, 36.929336407696965], [-76.22277992987821, 36.929254407643256], [-76.22281266973562, 36.92924181586715], [-76.22297493088823, 36.92917940768442], [-76.22324049058092, 36.929075553330414], [-76.22324230563139, 36.92907541902091], [-76.22324298660303, 36.92907457770158], [-76.22335593083757, 36.92903040699246], [-76.22347868692994, 36.928938133018626], [-76.223504930127, 36.92891840703769], [-76.22359193034616, 36.92883140771333], [-76.22383659265395, 36.928701228283586], [-76.22388500767808, 36.92869130130922], [-76.22401393056504, 36.928695407085364], [-76.2241577334406, 36.92872298601966], [-76.224295773932, 36.92874945991608], [-76.22430142368354, 36.928750542765485], [-76.22437893139396, 36.92876540777142], [-76.2245479314249, 36.9287904074498], [-76.22490293152644, 36.92881740738474], [-76.22498446513606, 36.92879702398635], [-76.22510293166064, 36.928767407578206], [-76.22540738527145, 36.928654520149074], [-76.22545893092791, 36.92863540766661], [-76.22559693179662, 36.928604407404364], [-76.22566776251757, 36.928616954743056], [-76.22576329166273, 36.9286338773738], [-76.22577193137255, 36.92863540738625], [-76.22595893114723, 36.92869240691062], [-76.22598396270672, 36.92869582056267], [-76.22609093114542, 36.9287104069781], [-76.22627193112689, 36.92867940741787], [-76.22643393118892, 36.92859240711508], [-76.22646751229837, 36.92857101783663], [-76.22659093166315, 36.928492407596586], [-76.22672793146819, 36.92840440697241], [-76.2267469760678, 36.928394884403055], [-76.22686844502924, 36.92833415105075], [-76.22691593216304, 36.92831040751183], [-76.22705390204825, 36.928276506132796], [-76.22709093153793, 36.928267406933195], [-76.22713272317333, 36.92825967343429], [-76.22737193204773, 36.92821540704168], [-76.22757193140919, 36.928235406764635], [-76.2278339320633, 36.92825440689028], [-76.22794093198206, 36.9281924067026], [-76.22797382956217, 36.92817402250847], [-76.22821293194265, 36.928040406934144], [-76.22847193182803, 36.92798540677946], [-76.22864693234052, 36.92796740724272], [-76.22880893264663, 36.92792340665835], [-76.2289529320148, 36.92786040682743], [-76.22906593278289, 36.927792406621364], [-76.22915293241343, 36.92774240665199], [-76.22928324118232, 36.927621833325915], [-76.22932693252663, 36.92758140674638], [-76.2293907798699, 36.92751705299015], [-76.22945293224609, 36.927454407025145], [-76.22959693282127, 36.92737340685635], [-76.22978393252558, 36.927298407156435], [-76.22986546307853, 36.927253401961096], [-76.22990893223037, 36.92722940659297], [-76.23004093211154, 36.92714840672555], [-76.23018393221123, 36.92704240668318], [-76.23025293256455, 36.926960406562195], [-76.23034693304845, 36.926867406412136], [-76.23041593223485, 36.92679240627203], [-76.23049693213714, 36.92674840626328], [-76.23050679459702, 36.926743968082654], [-76.23057800888314, 36.92671192156152], [-76.23065693231422, 36.92667640658431], [-76.23072396756929, 36.92662569381909], [-76.23088693226282, 36.92650240683283], [-76.23093007631527, 36.926483281274805], [-76.23098393296495, 36.926459406690235], [-76.23105893281368, 36.92638340700357], [-76.23111893272153, 36.92626440694668], [-76.23116693285114, 36.92615140649696], [-76.23116193269446, 36.92611940666969], [-76.23115093289427, 36.9260064069112], [-76.23112993264479, 36.92595240666039], [-76.23112993330979, 36.92581240663437], [-76.23113993239157, 36.925704406453505], [-76.2311475201516, 36.925635169414015], [-76.2311559327536, 36.92555840647338], [-76.23116693238877, 36.92549940641498], [-76.23116693283013, 36.92546140618098], [-76.23120594920904, 36.92532843270162], [-76.23121593273902, 36.925294406405264], [-76.23122901144608, 36.925255171293806], [-76.23125893233404, 36.925165406433926], [-76.23131293234948, 36.924998406670724], [-76.23131789150852, 36.92499277502463], [-76.23139393311564, 36.92490640599025], [-76.2314799327402, 36.92485240641323], [-76.23158793329193, 36.924782406415524], [-76.23168920080482, 36.92472054654027], [-76.23180893281443, 36.924647406061666], [-76.23184922017933, 36.92463406959958], [-76.2319539327794, 36.924599406507205], [-76.2319678363919, 36.924595761868396], [-76.23205693286869, 36.924572406239456], [-76.23220793269277, 36.9245024059498], [-76.23229893286549, 36.92444840580903], [-76.23250993308139, 36.92425440639163], [-76.23264425580409, 36.92406833723489], [-76.23268806441934, 36.924007651498165], [-76.23271964655106, 36.923963902066184], [-76.23275393300426, 36.92391640638167], [-76.23277017291024, 36.92389380659434], [-76.23284102713856, 36.92379520590611], [-76.23289693351137, 36.92371740551493], [-76.2329222965505, 36.92368781480227], [-76.23296146648303, 36.923642117740734], [-76.23304693366568, 36.92354240611108], [-76.23307958752267, 36.92351351932023], [-76.23320293291353, 36.92340440562535], [-76.23329693370609, 36.923304405881574], [-76.23332288899714, 36.923264350711264], [-76.2333779337865, 36.9231794054103], [-76.23342711861865, 36.92310562872911], [-76.23347793366838, 36.92302940557626], [-76.23349176255546, 36.92297096645897], [-76.23350893383015, 36.92289840592062], [-76.2335469338906, 36.922823405814015], [-76.23360293354237, 36.92272340601217], [-76.23367793344575, 36.92266040531842], [-76.23374545843676, 36.92260653023203], [-76.23377193386509, 36.92258540578746], [-76.23383525582281, 36.92253677495791], [-76.23386220338556, 36.92251607873525], [-76.23389693343971, 36.92248940587321], [-76.23402193306222, 36.922216405286804], [-76.2341599340746, 36.92203540536224], [-76.23422193359737, 36.92188540531947], [-76.2342529340204, 36.921767405148856], [-76.23425476341187, 36.921762654100654], [-76.23433493393188, 36.92155440576328], [-76.23436593391506, 36.92147940570954], [-76.23440293327178, 36.92140440499511], [-76.2344598990822, 36.92131872918374], [-76.23452793324232, 36.921216405510485], [-76.23453325815487, 36.921209938900816], [-76.23470664637003, 36.9208321360557], [-76.23477950917845, 36.92071058790793], [-76.2348719332132, 36.92056640541322], [-76.23504693379076, 36.9204104050481], [-76.23513393411321, 36.92026740502657], [-76.23520293369391, 36.92019240497926], [-76.23529093387963, 36.920123405451584], [-76.23536593359653, 36.920048405532775], [-76.23545293404847, 36.91996040545466], [-76.2354659341972, 36.91992940518506], [-76.23552807047955, 36.91986635478689], [-76.23553393434014, 36.91986040509038], [-76.23553518333439, 36.91986057156766], [-76.2362839346109, 36.919960405252134], [-76.23623493363078, 36.91977740535152], [-76.23621881565595, 36.919685572865156], [-76.23615955747826, 36.91934793456176], [-76.23600993413287, 36.918495404366915], [-76.23595293359153, 36.91763140495336], [-76.2357597356243, 36.91738414455012], [-76.23546693359417, 36.91700940422102], [-76.23545199868124, 36.916894785062055], [-76.23534093365984, 36.91604240432011], [-76.23542193401607, 36.91592840392555], [-76.2357913863351, 36.91541082098714], [-76.23594987880968, 36.915188779502344], [-76.23610544378687, 36.91497083678043], [-76.23625493328052, 36.91476140393244], [-76.23612863207809, 36.914379293893205], [-76.23593993358494, 36.91380840368629], [-76.23550065619847, 36.9139144705714], [-76.23521301377448, 36.91398392322426], [-76.23503293381607, 36.914027404254], [-76.23496146348084, 36.91404545802602], [-76.23491958202098, 36.91405603805852], [-76.23478664329188, 36.91408961962338], [-76.23455393320846, 36.91414840418652], [-76.23429593368242, 36.91420540375382], [-76.23411593270474, 36.91424440417906], [-76.23356123524543, 36.914383078923606], [-76.2334759331957, 36.914404403911504], [-76.23266649820314, 36.914599048476305], [-76.23234521441337, 36.91467630471475], [-76.23222835509128, 36.914704404987695], [-76.23219093288546, 36.91471340434957], [-76.23240493274464, 36.91525840405314], [-76.2325409321993, 36.915648404153906], [-76.23258175193047, 36.91576029075026], [-76.23259230213587, 36.91578920761539], [-76.23267993238696, 36.916029404011], [-76.23275293297147, 36.91622940429086], [-76.23287593337719, 36.916540404426286], [-76.23257693334187, 36.916608404133854], [-76.23218593319278, 36.91667940458984], [-76.23170093216929, 36.91674740456688], [-76.23140393242522, 36.916778404148225], [-76.23102593278402, 36.916809404296636], [-76.23054393266966, 36.916834404983064], [-76.23018293163597, 36.91683440415253], [-76.22983393213539, 36.91682840457729], [-76.22940693221723, 36.91680540443257], [-76.22911893204265, 36.91678140419279], [-76.22901158839947, 36.91676931969413], [-76.22898170515845, 36.91676595529512], [-76.2286659319639, 36.91673040433079], [-76.2281189317108, 36.91664040504486], [-76.22804693144586, 36.91662540444696], [-76.22760293092838, 36.9165314047094], [-76.22716193068116, 36.91642240466758], [-76.22697493096446, 36.91637540455081], [-76.22669893041534, 36.91630640463002], [-76.22627993078271, 36.916205404594926], [-76.225815930197, 36.91609540468791], [-76.22487293000889, 36.915864404221935], [-76.22463671439, 36.91580670113133], [-76.22457890610225, 36.9157907958962], [-76.22439860378284, 36.91574605933571], [-76.22413324562157, 36.91568021945664], [-76.22395738748914, 36.91563658501055], [-76.22379071936936, 36.915600034621555], [-76.223296930203, 36.91547940462135], [-76.22282993017268, 36.915367404809366], [-76.22276726367384, 36.91535439172277], [-76.22275312123482, 36.915351455063615], [-76.22263623447807, 36.91532718334845], [-76.222463929405, 36.91529140429031], [-76.22206092910815, 36.91522140447991], [-76.22154192882256, 36.91515040413296], [-76.22099492914613, 36.9151014048203], [-76.22090074009834, 36.91509677261596], [-76.22085700941123, 36.915094621311134], [-76.2206331056337, 36.91508360949616], [-76.22062892916904, 36.91508340411801], [-76.22051024736068, 36.915079734346534], [-76.22044035137479, 36.915077572132866], [-76.22033792926773, 36.915074404998975], [-76.22016556623082, 36.91507482442733], [-76.2197943391614, 36.91507572713268], [-76.21975269268833, 36.9150758278329], [-76.21947155728742, 36.915076510358034], [-76.21913432590809, 36.91507732870132], [-76.21910292798748, 36.91507740449385], [-76.2188322715221, 36.91507793999434], [-76.21809092850191, 36.91507940494497], [-76.21793443378034, 36.91507967576058], [-76.21697417286228, 36.91508133071092], [-76.21654242538429, 36.91508207253986], [-76.21634892814862, 36.91508240481678], [-76.21635003369947, 36.91512663179831], [-76.21635192756513, 36.91520240438521], [-76.21636192738032, 36.915595404957806], [-76.21636173101751, 36.91563399825566], [-76.21636020259189, 36.91593447980289], [-76.2163599281648, 36.91598840496712], [-76.21636060639183, 36.916188271321936], [-76.21636096470088, 36.91629388221668], [-76.21636106878825, 36.91632447889486], [-76.21636189483341, 36.91656787127491], [-76.21636192749783, 36.91657740490931], [-76.21636178641201, 36.91659058125215], [-76.21636162493827, 36.916605663618554], [-76.21635939321165, 36.91681418077169], [-76.21635894717443, 36.91685580686971], [-76.2163588445831, 36.91686535860809], [-76.21635694708604, 36.91704266564511], [-76.21635692835402, 36.91704440494543]]]}, "properties": {"OBJECTID": 454, "PERIMETER": 26621.953, "PRECINCTS": 13, "PRECINCTS1": 4, "ELECTION": 13, "ELECTION_I": 21, "PRECNAME": "Tarrallton", "SUPWARD": 6, "WARD": 5, "ADDRESSNUM": 2100, "POLLPLACE": "Tarrallton Recreation Center", "ADDRESSSTR": "Tarrallton Drive", "PRECNUM": 509, "POLLADDRESS": "2100 Tarrallton Drive", "NAME_1": "Tarralton", "NAME_2": " ", "created_user": "CSIEMER", "created_date": 1662571027000, "last_edited_user": "CSIEMER", "last_edited_date": 1666096338000, "Shape__Area": 35223092.52325517, "Shape__Length": 27082.98292136394, "NORFOLKGIS.Precincts.AREA": null}}, {"type": "Feature", "id": 455, "geometry": {"type": "Polygon", "coordinates": [[[-76.216298573797, 36.91704486219328], [-76.21635692835402, 36.91704440494543], [-76.21635694708604, 36.91704266564511], [-76.2163588445831, 36.91686535860809], [-76.21635894717443, 36.91685580686971], [-76.21635939321165, 36.91681418077169], [-76.21636178641201, 36.91659058125215], [-76.21636192749783, 36.91657740490931], [-76.21636189483341, 36.91656787127491], [-76.21636096470088, 36.91629388221668], [-76.21636060639183, 36.916188271321936], [-76.2163599281648, 36.91598840496712], [-76.21636020259189, 36.91593447980289], [-76.21636192738032, 36.915595404957806], [-76.21635192756513, 36.91520240438521], [-76.21635003369947, 36.91512663179831], [-76.21634892814862, 36.91508240481678], [-76.21538692762343, 36.91508440510785], [-76.2149124748866, 36.91508535742317], [-76.21488589001838, 36.91508541027928], [-76.21438892753002, 36.91508640512075], [-76.21400792700247, 36.915093404676696], [-76.21371173633798, 36.91511009203026], [-76.21358192652606, 36.91511740478541], [-76.21312092679624, 36.91515940446525], [-76.21275692610811, 36.91520440484787], [-76.21231192649105, 36.915275404583475], [-76.21192492662536, 36.91534740456453], [-76.21133708306469, 36.915458347321405], [-76.21111832264855, 36.91549963276327], [-76.21070092554967, 36.91557840474572], [-76.21030650057395, 36.91565332225068], [-76.2097269255299, 36.91576340495818], [-76.20926410100678, 36.91585089100143], [-76.20902497542282, 36.91589609153135], [-76.20847882611213, 36.91599932462704], [-76.20777081100717, 36.91613314929952], [-76.20774265640385, 36.916138470967006], [-76.20621392476468, 36.91642740539445], [-76.20487992383562, 36.91667940518957], [-76.2035733921094, 36.91692644625471], [-76.20308332463503, 36.9170191052087], [-76.20296784557044, 36.91704093903125], [-76.20270092326759, 36.91709140569331], [-76.2009359225648, 36.9174264060008], [-76.20010092314023, 36.91758340608628], [-76.19947692313855, 36.91768840613531], [-76.19885192203849, 36.91777540609611], [-76.19857992275733, 36.91780840615523], [-76.19840192195217, 36.91782540590856], [-76.19820892175949, 36.91784540624388], [-76.19791692179793, 36.9178754063283], [-76.19774892255028, 36.91788340594386], [-76.19763092255, 36.91789640571816], [-76.19736543420296, 36.917912750332476], [-76.19702992137978, 36.917933405710734], [-76.19694916624915, 36.91793638006172], [-76.19648692147837, 36.91795340609929], [-76.19645592179093, 36.917954405788215], [-76.19623792138184, 36.917961406267516], [-76.19585476044978, 36.91796694748338], [-76.1957539218644, 36.917968406022325], [-76.19524983805668, 36.91797897339211], [-76.19501292501546, 36.917983938632446], [-76.19460892113393, 36.91799240581787], [-76.19415223885899, 36.918000613477055], [-76.19411241506785, 36.918001329485456], [-76.19349592083958, 36.91801240638628], [-76.19321306500628, 36.91801965111764], [-76.1932014718106, 36.91801994731661], [-76.19306532818227, 36.918023433801594], [-76.19289202870554, 36.91802787196966], [-76.19267592001995, 36.91803340578135], [-76.19253291994984, 36.91804240605381], [-76.1925489203234, 36.918084406533595], [-76.19257092021506, 36.91815740626088], [-76.19257424874931, 36.91816769331488], [-76.19258192051741, 36.91819140613578], [-76.1925229208048, 36.918239405977104], [-76.19245191994315, 36.91824940573615], [-76.19221592021182, 36.91829740644417], [-76.1920009208995, 36.9183454061796], [-76.19175014602034, 36.918397639920684], [-76.19118821509429, 36.91851468134107], [-76.19113192024247, 36.918526405963334], [-76.19099892027032, 36.91855040607954], [-76.19046291993953, 36.918644406505436], [-76.19038591971912, 36.91866440612232], [-76.19031891946535, 36.91864540628594], [-76.19015292023442, 36.918639406115936], [-76.19005491974956, 36.91864240644855], [-76.19000291996211, 36.918643406410844], [-76.18984991972094, 36.918675405918755], [-76.18977391950658, 36.91870840656074], [-76.18974691981197, 36.918738406793636], [-76.18973991998452, 36.918785406333406], [-76.18974791988785, 36.91883640626883], [-76.18958249610064, 36.918877762843806], [-76.18936370229969, 36.91893246166902], [-76.18916792000896, 36.91898140641354], [-76.18915191965789, 36.918985406812], [-76.18861652385688, 36.92025046732906], [-76.18836091899033, 36.92085440643638], [-76.18802844554754, 36.92163068918471], [-76.1879970441755, 36.92170400786298], [-76.18792491930652, 36.921872407015634], [-76.18776620415994, 36.92224209802948], [-76.18776091914452, 36.922254407076295], [-76.18768457484241, 36.922456267319724], [-76.18764291965182, 36.922566406888976], [-76.187610872458, 36.922652108646865], [-76.18760254892457, 36.92267436782049], [-76.18754938403063, 36.92281654430154], [-76.18754929607142, 36.92281677783329], [-76.18751091885711, 36.92291940748834], [-76.18755386672598, 36.92294748863023], [-76.18762993088747, 36.92299722348327], [-76.18777057019913, 36.92308917934495], [-76.18777091914205, 36.92308940704811], [-76.18819954628076, 36.923349221119445], [-76.18831124719676, 36.92341692959267], [-76.18841778074128, 36.92348150408247], [-76.18921189254621, 36.92396284748621], [-76.18959846136522, 36.924197158581826], [-76.18960021186086, 36.924198219663914], [-76.18962692019072, 36.92421440795732], [-76.190601823099, 36.924806857896165], [-76.1909527966429, 36.92502014065406], [-76.1909540665316, 36.9250209110429], [-76.19157692095831, 36.92539940782911], [-76.19168692074086, 36.9254414080973], [-76.19205867527563, 36.92540670597938], [-76.19254392072075, 36.925361408117574], [-76.1942439211183, 36.925143407356074], [-76.19429263905316, 36.92514716798334], [-76.19582412486643, 36.92526538927376], [-76.19714592271272, 36.925367407348936], [-76.19840192324388, 36.92584140723], [-76.19910452369724, 36.92609925899343], [-76.19983792364457, 36.92636840760157], [-76.19998949306057, 36.926404400647655], [-76.20027176518933, 36.92647143137639], [-76.20059592372637, 36.92654840809488], [-76.2009427991862, 36.9266121721985], [-76.2013333328583, 36.926683961221606], [-76.20141192381071, 36.926698407477666], [-76.20175819753885, 36.92678642262847], [-76.20381192469532, 36.927308407267624], [-76.20610911406429, 36.928045074144265], [-76.20642588114592, 36.928146650392605], [-76.20676192493997, 36.92825440758958], [-76.20700492496034, 36.928359408073625], [-76.2071229250091, 36.928168408067116], [-76.20712336561876, 36.92816264060293], [-76.2071624679808, 36.92765139285758], [-76.20716292527966, 36.92764540758423], [-76.20717827821474, 36.92727503789352], [-76.20719035364782, 36.92698370688224], [-76.20719887303147, 36.92677817399404], [-76.20720002716448, 36.92675034559329], [-76.20720292585841, 36.92668040708799], [-76.20718881498593, 36.92656691286332], [-76.20717218635174, 36.92643318037101], [-76.20716660425724, 36.92638827911246], [-76.20716485511029, 36.926374214081754], [-76.20716312133209, 36.92636027193879], [-76.20716230062912, 36.926353666827886], [-76.20713761124819, 36.92615510113368], [-76.2071117745475, 36.9259472973205], [-76.20708981519107, 36.92577068303635], [-76.20706292489342, 36.92555440729431], [-76.20692292500567, 36.92471040741978], [-76.20689828862528, 36.924440637970996], [-76.20686292511732, 36.92405340653632], [-76.20693979619622, 36.923826591224646], [-76.20702492505579, 36.92357540671778], [-76.20688292511144, 36.923437407009345], [-76.20692511781796, 36.923299981395346], [-76.2070229248658, 36.92298140626182], [-76.20725261829459, 36.922700783523766], [-76.20748292560624, 36.922419406164074], [-76.20751982028752, 36.92239378456324], [-76.20752248533002, 36.92239193461792], [-76.20802292601522, 36.9220444064406], [-76.20801603360238, 36.92170474029908], [-76.20802272477317, 36.921698499787816], [-76.20827092563194, 36.921665406750975], [-76.20843392504494, 36.921554406229774], [-76.2085659259766, 36.9214984066189], [-76.2086779257937, 36.92146040610843], [-76.20873392615769, 36.9213604067272], [-76.20876592579489, 36.9212674065786], [-76.20901592584319, 36.92116040580115], [-76.20914092574205, 36.9211294059639], [-76.20923473306229, 36.921116817312445], [-76.2093719259254, 36.92109840647212], [-76.20945292557457, 36.92107940623346], [-76.20946053945791, 36.92107613474712], [-76.20971592591115, 36.92096640622568], [-76.20994692577614, 36.92086740626899], [-76.21004092579952, 36.92085440610154], [-76.21012192554613, 36.92081740571924], [-76.21037792595496, 36.92071040632134], [-76.21049092574353, 36.92062340646304], [-76.2106469263456, 36.92049840611938], [-76.2107159260883, 36.92042340645196], [-76.21087192665463, 36.92031640641453], [-76.2111339264764, 36.92020440600826], [-76.21122792683198, 36.92017340613128], [-76.21127192635485, 36.92015440626827], [-76.21136592677115, 36.92018540600909], [-76.21146592683918, 36.920198405608964], [-76.21153571460381, 36.920167500179026], [-76.2116059267649, 36.92013640556796], [-76.21236640186629, 36.919636711440546], [-76.21325222299757, 36.91905463918316], [-76.21335090760624, 36.91898979267956], [-76.21339858854144, 36.918958461553835], [-76.21340363024568, 36.91895514879905], [-76.2134672013569, 36.91891337506752], [-76.21422323066969, 36.9188124592809], [-76.21500915656408, 36.91816234968633], [-76.21575955640931, 36.91750796715898], [-76.21615261558428, 36.91704600424153], [-76.216298573797, 36.91704486219328]]]}, "properties": {"OBJECTID": 455, "PERIMETER": 21690.992, "PRECINCTS": 15, "PRECINCTS1": 5, "ELECTION": 16, "ELECTION_I": 51, "PRECNAME": "Little Creek", "SUPWARD": 6, "WARD": 5, "ADDRESSNUM": 7900, "POLLPLACE": "Little Creek Elementary School", "ADDRESSSTR": "Tarpon Place", "PRECNUM": 505, "POLLADDRESS": "7900 Tarpon Place", "NAME_1": "Little Creek", "NAME_2": " ", "created_user": "CSIEMER", "created_date": 1662571027000, "last_edited_user": "CSIEMER", "last_edited_date": 1666096338000, "Shape__Area": 20906414.88025871, "Shape__Length": 22337.623941223625, "NORFOLKGIS.Precincts.AREA": null}}, {"type": "Feature", "id": 456, "geometry": {"type": "Polygon", "coordinates": [[[-76.28912994990274, 36.916209402818325], [-76.28936661977765, 36.9162064447103], [-76.28936995049142, 36.91620640279013], [-76.28958025747541, 36.91620428158107], [-76.28991686517172, 36.91620088599068], [-76.29006395044527, 36.91619940229898], [-76.29047095059666, 36.91619140203412], [-76.29096375314951, 36.91618212127184], [-76.29163895133617, 36.916169402253225], [-76.29227595139707, 36.9161574023289], [-76.29256095108256, 36.916152402540106], [-76.29273795135894, 36.91614940233931], [-76.29277995152486, 36.91614840268721], [-76.29273995113289, 36.915905402131834], [-76.2926659514733, 36.915627402248504], [-76.29255042964621, 36.91563914993778], [-76.2924889510661, 36.91564540190064], [-76.29243175777387, 36.915294498829724], [-76.29229695091635, 36.91446740172049], [-76.29221876171302, 36.914018806494624], [-76.2922050966718, 36.91394040974371], [-76.29217895083596, 36.91379040140742], [-76.29212223153533, 36.9137061573318], [-76.29207975591862, 36.913643068070044], [-76.29207924915498, 36.91364231492631], [-76.29204479161815, 36.913591135446396], [-76.29204295062414, 36.9135884021831], [-76.29203800372086, 36.91358084957675], [-76.29198595047433, 36.91350140179903], [-76.29187995132364, 36.91334040198405], [-76.29174195092699, 36.91313040125796], [-76.29165995029503, 36.91300540185121], [-76.29151995097867, 36.912896401625574], [-76.2912739506083, 36.912807401794055], [-76.2910599503675, 36.91272940184088], [-76.29087795090713, 36.91268440153919], [-76.29062195069974, 36.91256940182617], [-76.2904359500643, 36.91248640164164], [-76.29036201509321, 36.91241322807688], [-76.29033894988153, 36.91239040189867], [-76.29027424355486, 36.91227120506614], [-76.29027360117982, 36.912270022118236], [-76.29026295051203, 36.912250402007906], [-76.29018595024868, 36.9120734011891], [-76.29004595061105, 36.91189540152677], [-76.28980018285829, 36.91171313876486], [-76.28978553467665, 36.91170227500286], [-76.28974795065504, 36.911674401166835], [-76.28971761357563, 36.91163174151271], [-76.28967368829169, 36.91156997159707], [-76.28958795026283, 36.91144940177381], [-76.28958259234727, 36.91144240738371], [-76.28953856316964, 36.91138493857095], [-76.28949294995802, 36.9113254010651], [-76.28935995032799, 36.91111840098594], [-76.2893014680028, 36.911027429659725], [-76.28928186440073, 36.91099693556324], [-76.28927403565572, 36.91098475691078], [-76.28926836619713, 36.9109759385942], [-76.28926094977815, 36.91096440135491], [-76.2892412369536, 36.910848834456736], [-76.28915195010644, 36.91032540136025], [-76.28914283328567, 36.910288426279536], [-76.28913356504854, 36.91025083181677], [-76.28902695007328, 36.90981840066553], [-76.28873066407182, 36.90919772789579], [-76.28869048992652, 36.90911356794424], [-76.28852095005756, 36.90875840080296], [-76.28827553628318, 36.90842815433751], [-76.28811594957799, 36.90821340089317], [-76.28793594953234, 36.90793240032865], [-76.28776794938855, 36.90734640077599], [-76.28802930735574, 36.90687359662264], [-76.28805594906596, 36.9068254008996], [-76.28964230106047, 36.90455100937138], [-76.28981836397337, 36.904299854511336], [-76.29026599847768, 36.90366595777479], [-76.29039884402907, 36.90347783225747], [-76.29065884009378, 36.90310964461287], [-76.29109736336761, 36.90248862722575], [-76.29130795013853, 36.90219039916629], [-76.28912563124533, 36.90155219879431], [-76.28887830202771, 36.90147986595192], [-76.28880218814962, 36.90145760609073], [-76.28802687992543, 36.90123085856093], [-76.28753294948397, 36.90108639964794], [-76.28735594871226, 36.90114039957699], [-76.2870369493106, 36.901102399373066], [-76.28727494852016, 36.90084739932862], [-76.28715594870457, 36.90081339917046], [-76.28709594923185, 36.90080939948779], [-76.28702594896176, 36.90078939881705], [-76.28695261257297, 36.90073524296063], [-76.28695257081596, 36.90073521242928], [-76.28689789791558, 36.90069527097179], [-76.28680519595449, 36.90062754805186], [-76.28673640599781, 36.90057986384252], [-76.28665494898215, 36.90052339879546], [-76.28655094811273, 36.90045739900322], [-76.28653394861531, 36.900442399202355], [-76.28651794832025, 36.900410399546814], [-76.28651804811005, 36.90040875012574], [-76.28651463507661, 36.90040152630151], [-76.28651886394212, 36.90039530090192], [-76.28651994894513, 36.90037739949811], [-76.28658094867285, 36.90028839926239], [-76.28663494903688, 36.900224399032275], [-76.2862369482061, 36.90009539952943], [-76.28620758432064, 36.900085356831305], [-76.28614262040945, 36.900063139387605], [-76.28604084199205, 36.900028331263826], [-76.28585837290476, 36.89996592726567], [-76.28573694853463, 36.89992439952388], [-76.28567540512448, 36.899901855971706], [-76.28547687371741, 36.899829130954366], [-76.2854257518343, 36.89981040442912], [-76.28528583025279, 36.899759149847974], [-76.2852785069909, 36.89975646728651], [-76.28497042193693, 36.89964361123751], [-76.28488794755556, 36.89961339874224], [-76.28484712509753, 36.89959767744621], [-76.28457894782221, 36.899494398725224], [-76.28437993150013, 36.89942094067946], [-76.28433006671062, 36.899402535718956], [-76.2843206233709, 36.899399050570864], [-76.28405251876418, 36.89930009043378], [-76.2840245419385, 36.899289764164386], [-76.2839639482709, 36.899267398949135], [-76.2839517244381, 36.89925924995448], [-76.2839459482765, 36.899255399467634], [-76.28373199813387, 36.89917923492694], [-76.28361563914929, 36.89913781128868], [-76.28334829651486, 36.89904263789831], [-76.2833333282281, 36.89903730882335], [-76.28332058029353, 36.899032770661464], [-76.28327254313243, 36.89901566973942], [-76.28291802433412, 36.898889460136424], [-76.2828497586919, 36.89886515768389], [-76.28283038419859, 36.898858259965074], [-76.28280433752668, 36.89884898745548], [-76.28269594682713, 36.898810399290156], [-76.28247866742453, 36.89873276347471], [-76.2824570934631, 36.89872505442437], [-76.28226494710437, 36.89865639863761], [-76.2822529466982, 36.89865239905914], [-76.2819805376508, 36.89855781282238], [-76.2819649469186, 36.898552398811084], [-76.28192516493476, 36.89853832398218], [-76.28189190107575, 36.89852655617417], [-76.28174700587645, 36.898475293552124], [-76.28168794727546, 36.89845439920035], [-76.28165397784272, 36.8984423151462], [-76.28131852595274, 36.89832298371406], [-76.2809633009347, 36.89819661684865], [-76.28086365588872, 36.898161169307656], [-76.28082494614675, 36.89814739917744], [-76.28081133450812, 36.8981427020121], [-76.28075653906357, 36.89812379407553], [-76.28068294670781, 36.89809839914655], [-76.280213354484, 36.89793644566188], [-76.28004794606075, 36.897879398753865], [-76.27985594602421, 36.897824399215125], [-76.27986525273764, 36.897929869964855], [-76.27986794658999, 36.89796039876141], [-76.27986194615991, 36.89810239935167], [-76.27984225720512, 36.89821807202033], [-76.27983794656048, 36.898243399204695], [-76.27978194658519, 36.89846039893453], [-76.27976194640829, 36.8985203991205], [-76.27968194653535, 36.89871939939226], [-76.2796632093098, 36.89876164126598], [-76.27951294658081, 36.89910039942427], [-76.27938653371531, 36.899405406613425], [-76.27934094673098, 36.89951539888961], [-76.27919694659822, 36.899844399655514], [-76.27892494616903, 36.90047139953979], [-76.27871194631173, 36.90096439916876], [-76.27863894627123, 36.901130399583955], [-76.278359946202, 36.901778399456255], [-76.27834401451396, 36.90181493354391], [-76.27803594607997, 36.90252140022474], [-76.2777009462118, 36.90330440038636], [-76.27765794624776, 36.903402400547165], [-76.27736294575578, 36.90408939988074], [-76.27702794544264, 36.90486440051445], [-76.2768429455112, 36.905291400455674], [-76.27669094554903, 36.90564240098841], [-76.27659606787492, 36.90586215498029], [-76.27655494615783, 36.90595740058559], [-76.27641049260774, 36.90629371697325], [-76.2762959456732, 36.906560400568765], [-76.27616194980622, 36.90686775081267], [-76.2760099462542, 36.90721640063603], [-76.27567894614252, 36.90798040117487], [-76.27529894536873, 36.90885340147077], [-76.2748449451563, 36.909915401917964], [-76.27468094537895, 36.91029840137077], [-76.27449394513323, 36.910721401370935], [-76.2743619455261, 36.91103840158414], [-76.27408028940005, 36.911687047069464], [-76.2739229452175, 36.912049402319774], [-76.27391592000652, 36.91206551371575], [-76.27385465934107, 36.91220601511651], [-76.2737770478354, 36.9123840155683], [-76.27375409916753, 36.91243664713017], [-76.2737491139125, 36.912448081199436], [-76.2737389448721, 36.91247140257054], [-76.27373518387509, 36.91247264643177], [-76.27361597886457, 36.91251207595334], [-76.27347894464542, 36.912557402390064], [-76.27342294507199, 36.91268640264323], [-76.27352547948354, 36.9127218135637], [-76.27361694499078, 36.912753402054975], [-76.273537945121, 36.91293640209529], [-76.2734048284236, 36.91323915572003], [-76.27331194506061, 36.91345040198725], [-76.27323894556334, 36.9136174026714], [-76.27303594482662, 36.914094402195936], [-76.27286794501556, 36.91454540302695], [-76.27282694515661, 36.9147944023769], [-76.27281094486428, 36.91486540280122], [-76.27272194550697, 36.915294402538684], [-76.27258568411547, 36.91594411240168], [-76.27258394522342, 36.915952402680176], [-76.27245066834351, 36.9165891739534], [-76.27239494562768, 36.91685540325095], [-76.27260238369907, 36.91699431842882], [-76.27272306684574, 36.91707513590424], [-76.27308165545094, 36.917315269475445], [-76.27340960890764, 36.917534885186285], [-76.27373900864286, 36.91775546836306], [-76.27391109317222, 36.91787070327423], [-76.27459608407776, 36.918329398325], [-76.27490865176948, 36.91853870151484], [-76.27507994606967, 36.91865340320367], [-76.27542790401321, 36.91888951443191], [-76.27577469965269, 36.91912483282811], [-76.27657312530904, 36.91966659677495], [-76.2766491338898, 36.91971817111002], [-76.27770104472339, 36.92043191469781], [-76.2777956383131, 36.920496096378336], [-76.2779449467057, 36.920597403838066], [-76.2781139469176, 36.920702403927585], [-76.27833385511042, 36.9207591188392], [-76.27860498342874, 36.92082904358821], [-76.27871494730927, 36.9208574035189], [-76.27881394727474, 36.920883403721874], [-76.27896831890256, 36.92090360774973], [-76.27912579173963, 36.920924218089354], [-76.27930294739767, 36.92094740387976], [-76.27980594769922, 36.920936404153395], [-76.28027994796219, 36.920883403584135], [-76.28079194783597, 36.920823403691756], [-76.28103294780976, 36.92080240384273], [-76.28151994757238, 36.920759403669805], [-76.2815679478793, 36.92075540338258], [-76.28275094804486, 36.92063940335269], [-76.28303994821023, 36.92061140338576], [-76.28333191562189, 36.92055510352094], [-76.28344472391301, 36.92053335077014], [-76.28362594866277, 36.92049840382123], [-76.28538198222735, 36.92030085506272], [-76.28591877339576, 36.92024046176875], [-76.28596418417982, 36.9202353527228], [-76.2860259490529, 36.92022840371603], [-76.2863201809202, 36.92019463990815], [-76.28635533437061, 36.9201906057741], [-76.28637736090394, 36.92018807759552], [-76.28644599282997, 36.92018020218279], [-76.28646927527605, 36.92017752998227], [-76.2865139500618, 36.920172403261176], [-76.28651009222551, 36.92015035986265], [-76.28650783623094, 36.92013746843371], [-76.28650127225045, 36.92009995804381], [-76.28648887634458, 36.92002912346271], [-76.286487541044, 36.92002149260638], [-76.286482581625, 36.919993156770474], [-76.28648225836601, 36.919991310097394], [-76.28647924632219, 36.91997409410672], [-76.28647894995333, 36.91997240297473], [-76.28647625606797, 36.91995655493646], [-76.28647289630733, 36.91993679235316], [-76.28646647666456, 36.91989903049355], [-76.28646490064305, 36.91988976363448], [-76.28646405006187, 36.91988475496055], [-76.28646195006516, 36.91987240368095], [-76.28676495005239, 36.91985440290447], [-76.28776595006708, 36.91974940289243], [-76.28766494967513, 36.91916640346625], [-76.28744394974501, 36.917960402826445], [-76.2878399503874, 36.91713440303877], [-76.28798794969882, 36.91682940292516], [-76.28818395041809, 36.916423402136125], [-76.28824195013745, 36.91625840269535], [-76.28835551734934, 36.91622583517479], [-76.2883779495829, 36.916219402357015], [-76.28850234304224, 36.916217363881096], [-76.28852681406005, 36.916216962561684], [-76.28858922867896, 36.91621593924828], [-76.28862194990988, 36.916215402879466], [-76.2888889501963, 36.91621140287924], [-76.28912994990274, 36.916209402818325]]]}, "properties": {"OBJECTID": 456, "PERIMETER": 24745.576, "PRECINCTS": 16, "PRECINCTS1": 39, "ELECTION": 0, "ELECTION_I": 0, "PRECNAME": "Granby", "SUPWARD": 6, "WARD": 1, "ADDRESSNUM": 7101, "POLLPLACE": "Granby Elementary School", "ADDRESSSTR": "Newport Avenue", "PRECNUM": 101, "POLLADDRESS": "7101 Newport Avenue", "NAME_1": "Granby", "NAME_2": " ", "created_user": "CSIEMER", "created_date": 1662571027000, "last_edited_user": "CSIEMER", "last_edited_date": 1666096339000, "Shape__Area": 31081861.739687573, "Shape__Length": 25009.43785154742, "NORFOLKGIS.Precincts.AREA": null}}, {"type": "Feature", "id": 457, "geometry": {"type": "Polygon", "coordinates": [[[-76.18710991824277, 36.910532404996346], [-76.18701291798483, 36.910557404408614], [-76.18832257408054, 36.91145427456256], [-76.18859291883547, 36.91163940532599], [-76.18920191858962, 36.91204140536017], [-76.18949497140012, 36.91229057774181], [-76.18957591975325, 36.91235940517619], [-76.18981191957246, 36.912636405083795], [-76.18994491983882, 36.91282140473565], [-76.19007391952066, 36.91304240540795], [-76.19023291970235, 36.91329740535125], [-76.19103491931698, 36.91493440595431], [-76.19111895725797, 36.91511014597231], [-76.19119221747049, 36.91526334598502], [-76.19175892038734, 36.916448406014496], [-76.19188792044442, 36.91671440615643], [-76.19228691989571, 36.91751240592211], [-76.1923015085603, 36.91754357922048], [-76.19233765711267, 36.91762082556767], [-76.19237665158305, 36.91770415353651], [-76.19239221844018, 36.91773741741013], [-76.19245492009983, 36.917871406227135], [-76.19249240389743, 36.91795067530125], [-76.19251592046741, 36.918000405789385], [-76.19253291994984, 36.91804240605381], [-76.19267592001995, 36.91803340578135], [-76.19289202870554, 36.91802787196966], [-76.19306532818227, 36.918023433801594], [-76.1932014718106, 36.91801994731661], [-76.19321306500628, 36.91801965111764], [-76.19349592083958, 36.91801240638628], [-76.19415223885899, 36.918000613477055], [-76.19460892113393, 36.91799240581787], [-76.19501292501546, 36.917983938632446], [-76.1957539218644, 36.917968406022325], [-76.19623792138184, 36.917961406267516], [-76.19645592179093, 36.917954405788215], [-76.19648692147837, 36.91795340609929], [-76.19694916624915, 36.91793638006172], [-76.19702992137978, 36.917933405710734], [-76.19736543420296, 36.917912750332476], [-76.19763092255, 36.91789640571816], [-76.19774892255028, 36.91788340594386], [-76.19791692179793, 36.9178754063283], [-76.19820892175949, 36.91784540624388], [-76.19840192195217, 36.91782540590856], [-76.19857992275733, 36.91780840615523], [-76.19885192203849, 36.91777540609611], [-76.19947692313855, 36.91768840613531], [-76.20010092314023, 36.91758340608628], [-76.2009359225648, 36.9174264060008], [-76.20270092326759, 36.91709140569331], [-76.20296784557044, 36.91704093903125], [-76.2035733921094, 36.91692644625471], [-76.20487992383562, 36.91667940518957], [-76.20621392476468, 36.91642740539445], [-76.20847882611213, 36.91599932462704], [-76.20926410100678, 36.91585089100143], [-76.2097269255299, 36.91576340495818], [-76.21070092554967, 36.91557840474572], [-76.21192492662536, 36.91534740456453], [-76.21231192649105, 36.915275404583475], [-76.21275692610811, 36.91520440484787], [-76.21312092679624, 36.91515940446525], [-76.21358192652606, 36.91511740478541], [-76.21371173633798, 36.91511009203026], [-76.21400792700247, 36.915093404676696], [-76.21438892753002, 36.91508640512075], [-76.21488589001838, 36.91508541027928], [-76.21538692762343, 36.91508440510785], [-76.21634892814862, 36.91508240481678], [-76.21809092850191, 36.91507940494497], [-76.21910292798748, 36.91507740449385], [-76.21913432590809, 36.91507732870132], [-76.21975269268833, 36.9150758278329], [-76.2197943391614, 36.91507572713268], [-76.22016556623082, 36.91507482442733], [-76.22033792926773, 36.915074404998975], [-76.22062892916904, 36.91508340411801], [-76.22065020810534, 36.91504063706188], [-76.2206787452307, 36.914983283106885], [-76.22071679502893, 36.91490681146351], [-76.22073092913763, 36.91487840453968], [-76.22086892946928, 36.91462440445975], [-76.2209176922681, 36.91452811813561], [-76.22092433836501, 36.91451499491682], [-76.22098692900572, 36.91439140437928], [-76.2210569286756, 36.914269404172906], [-76.2208922026348, 36.91420454877135], [-76.22023093379961, 36.91394419378325], [-76.21996844354965, 36.91384084394568], [-76.21994192896925, 36.91383040453586], [-76.21972292815441, 36.91379740401637], [-76.21913292828596, 36.913728404606864], [-76.2190137726399, 36.913712725819096], [-76.21886692821218, 36.913693404306976], [-76.21816792870592, 36.91367640439624], [-76.21799511920022, 36.91354848061592], [-76.2177710541206, 36.91338261561739], [-76.21775648626098, 36.91337183078216], [-76.21770592747698, 36.913334404496666], [-76.21750392796399, 36.9131584041296], [-76.21739392844262, 36.91295440391897], [-76.2173939278849, 36.912663404083695], [-76.21738592778922, 36.91249340433052], [-76.21739953029324, 36.91237693522566], [-76.21740192781355, 36.91235640417278], [-76.21741792731615, 36.91210540372662], [-76.2174179283697, 36.911911404160925], [-76.21741708001079, 36.911822426853306], [-76.2174169283558, 36.91180640367511], [-76.21729092758298, 36.91165040386074], [-76.21721592752323, 36.91149040347663], [-76.21707092824245, 36.911280404091485], [-76.21662092770688, 36.91080040409709], [-76.21659749401432, 36.91078004096399], [-76.215979927405, 36.910243404095866], [-76.2159289268454, 36.910116403603716], [-76.21585939796616, 36.909942871591944], [-76.21580992680424, 36.90981940352637], [-76.2157249267687, 36.90953840378974], [-76.2156059275344, 36.90934340373959], [-76.21544410626245, 36.90924658340893], [-76.21524992676036, 36.90913040315087], [-76.2148929269457, 36.90901140327185], [-76.21455292682312, 36.908892403839154], [-76.21400892700603, 36.908706403207944], [-76.21366892670171, 36.9086464037782], [-76.21344878001122, 36.908633693278524], [-76.21323592678705, 36.908621403695875], [-76.21311259401999, 36.908579998580535], [-76.2129559263458, 36.90852740303499], [-76.21261592567456, 36.90813640329528], [-76.21226092593167, 36.907181403580665], [-76.21159281434392, 36.906892905926654], [-76.21140686361744, 36.90681260917521], [-76.2106567657709, 36.90648869965144], [-76.21047871247266, 36.90641181101502], [-76.21038246360145, 36.906370248181624], [-76.20931992504828, 36.90591140287797], [-76.20922992555505, 36.90582740300724], [-76.20911892501434, 36.905761402649574], [-76.20606357504072, 36.90550663106924], [-76.20592711695566, 36.90549525033447], [-76.2054759385344, 36.90545762114485], [-76.20478992338033, 36.90540040264759], [-76.20464133702374, 36.90556855638553], [-76.20425203222352, 36.906009122324804], [-76.20357902738944, 36.906770728168475], [-76.20351998431157, 36.9068375442661], [-76.20247358619726, 36.9080216609189], [-76.20233907936522, 36.90817386675316], [-76.20156092312904, 36.90905440431781], [-76.20018282105697, 36.909907227019445], [-76.19989883791729, 36.910082962776514], [-76.19922636267731, 36.91049909988454], [-76.19802192209305, 36.91124440460049], [-76.19769435577776, 36.911446951457044], [-76.19762692178959, 36.91148864736028], [-76.1975529211553, 36.91153440423108], [-76.19736092166355, 36.91165440499876], [-76.19708892103887, 36.911601404527794], [-76.19699992194948, 36.91158340427804], [-76.19631992104475, 36.911451405032615], [-76.19610092124346, 36.91140840439144], [-76.19604292112136, 36.9113974045471], [-76.19440392104617, 36.91107840443565], [-76.19376092095946, 36.910954404608546], [-76.19196091983467, 36.9099544044435], [-76.19168891962218, 36.90998540410666], [-76.19104691971891, 36.91006040430398], [-76.1910257053521, 36.9100628873156], [-76.18779443137741, 36.91044102344735], [-76.18719291897591, 36.91051140441309], [-76.18710991824277, 36.910532404996346]]]}, "properties": {"OBJECTID": 457, "PERIMETER": 24618.664, "PRECINCTS": 17, "PRECINCTS1": 34, "ELECTION": 0, "ELECTION_I": 0, "PRECNAME": "Azalea Gardens", "SUPWARD": 6, "WARD": 5, "ADDRESSNUM": 7721, "POLLPLACE": "Azalea Gardens Middle School", "ADDRESSSTR": "Azalea Garden Road", "PRECNUM": 512, "POLLADDRESS": "7721 Azalea Garden Road", "NAME_1": "Azalea", "NAME_2": "Gardens", "created_user": "CSIEMER", "created_date": 1662571027000, "last_edited_user": "CSIEMER", "last_edited_date": 1666096339000, "Shape__Area": 23595819.34188936, "Shape__Length": 24683.118160275248, "NORFOLKGIS.Precincts.AREA": null}}, {"type": "Feature", "id": 458, "geometry": {"type": "Polygon", "coordinates": [[[-76.2371889344669, 36.91349540324919], [-76.23686961090635, 36.91306427124193], [-76.23678017870546, 36.91294352351685], [-76.23658251013833, 36.91267663994605], [-76.23653493347797, 36.91261240302631], [-76.23585616224368, 36.911681737371374], [-76.2355643928332, 36.911281684416686], [-76.23545131383322, 36.911126636954656], [-76.23536899417846, 36.9110137643106], [-76.23536828034509, 36.91101278518309], [-76.2350750302219, 36.91061069230807], [-76.23429593338967, 36.90954240298287], [-76.23395593261773, 36.90906740300553], [-76.23384093313426, 36.908905402370436], [-76.23369759820464, 36.90871350282443], [-76.23357246548709, 36.90854597306905], [-76.23341593275825, 36.90833640225486], [-76.23337869443752, 36.908285463022075], [-76.23320794429382, 36.908051886279026], [-76.23309662182541, 36.90789960139993], [-76.23157945473321, 36.90582411682088], [-76.23157893175889, 36.90582340185012], [-76.23134893277903, 36.90550836860061], [-76.23126361753404, 36.90539150950584], [-76.23058093129171, 36.904456402200196], [-76.22969344946938, 36.90324181953562], [-76.22939738879663, 36.902836629223614], [-76.2291529988387, 36.90250215267484], [-76.22914282637981, 36.902488230839154], [-76.22898231894446, 36.902268555285964], [-76.22884504438377, 36.9020806756916], [-76.2285214766022, 36.901637821841746], [-76.22843076341707, 36.90151366678783], [-76.22835093106089, 36.9014044018207], [-76.22825287712612, 36.901270510457195], [-76.22815393073556, 36.901135401116946], [-76.22781793086135, 36.90129740095413], [-76.22734993012295, 36.90151640139606], [-76.22711093055173, 36.90162840157598], [-76.22702930616262, 36.90166639436469], [-76.22689603018681, 36.90173525091299], [-76.22650482525215, 36.901914943330965], [-76.22650293032395, 36.90191140121276], [-76.2264289305368, 36.9017544016516], [-76.22640092966576, 36.90169540195158], [-76.22637988863514, 36.90165814022907], [-76.22635293055737, 36.90161040178203], [-76.22634093002237, 36.90159840121779], [-76.22633783292885, 36.90159194511797], [-76.22625793031756, 36.901425401013725], [-76.22609283802761, 36.90147040986927], [-76.22539592946737, 36.90166040183433], [-76.22512892940742, 36.90183040157194], [-76.2249909292797, 36.90187840129308], [-76.2247709291961, 36.90190240151156], [-76.22453192933739, 36.90185440176949], [-76.22439792972894, 36.901806401171676], [-76.22434579819259, 36.901811232682995], [-76.22419292966768, 36.901825401457295], [-76.22397792940983, 36.90189740170692], [-76.22383492913409, 36.90199740206538], [-76.22361092878796, 36.90212640183132], [-76.22331854223546, 36.902309652775145], [-76.22326963599258, 36.90234030411071], [-76.22325192957443, 36.90235140140128], [-76.2230089288206, 36.902480401538774], [-76.2227459287603, 36.902613401586024], [-76.22221592895251, 36.902914402335874], [-76.22189406734617, 36.902994783733305], [-76.22127092843515, 36.903150402254944], [-76.22108621494156, 36.90324116629836], [-76.22103892861118, 36.90326440184726], [-76.22086192885881, 36.903400402142694], [-76.22075992858501, 36.903508402309555], [-76.22066798188497, 36.90364881629417], [-76.22063092851093, 36.90370540199331], [-76.22041992787246, 36.904032402628296], [-76.21997165925481, 36.9045580776033], [-76.21989292811215, 36.90465040279447], [-76.21926492831378, 36.904819402263165], [-76.21909532990826, 36.904840507714546], [-76.21881492792237, 36.90487540233505], [-76.21842092789788, 36.904875402522805], [-76.21794292758727, 36.90483840202377], [-76.21745492748313, 36.90485640230346], [-76.21685092817829, 36.90521124118739], [-76.21675192721631, 36.905269402168955], [-76.2165133522176, 36.90529484079515], [-76.21613707374695, 36.90533496192734], [-76.21578592674823, 36.90537240284835], [-76.21554191485191, 36.90535368426181], [-76.21542092687336, 36.90534440270442], [-76.21521092642394, 36.9053074029267], [-76.21468992647513, 36.905410403117], [-76.21411568340196, 36.905823427666384], [-76.21369086868143, 36.906128970557646], [-76.21335904338879, 36.90636762960292], [-76.21295892576119, 36.90665540288763], [-76.21226092593167, 36.907181403580665], [-76.21233701505712, 36.90738609479574], [-76.21261592567456, 36.90813640329528], [-76.2129559263458, 36.90852740303499], [-76.21323592678705, 36.908621403695875], [-76.21344878001122, 36.908633693278524], [-76.21365216947306, 36.908645436025466], [-76.21366892670171, 36.9086464037782], [-76.21400892700603, 36.908706403207944], [-76.21455292682312, 36.908892403839154], [-76.2148031497729, 36.9089799816335], [-76.2148929269457, 36.90901140327185], [-76.21524992676036, 36.90913040315087], [-76.21544410626245, 36.90924658340893], [-76.2156059275344, 36.90934340373959], [-76.2157249267687, 36.90953840378974], [-76.21580992680424, 36.90981940352637], [-76.21585939796616, 36.909942871591944], [-76.2159289268454, 36.910116403603716], [-76.215979927405, 36.910243404095866], [-76.21624447272815, 36.91047328306028], [-76.21659749401432, 36.91078004096399], [-76.21662092770688, 36.91080040409709], [-76.21707092824245, 36.911280404091485], [-76.21721592752323, 36.91149040347663], [-76.21729092758298, 36.91165040386074], [-76.2174169283558, 36.91180640367511], [-76.21741708001079, 36.911822426853306], [-76.2174179283697, 36.911911404160925], [-76.21741792731615, 36.91210540372662], [-76.21740192781355, 36.91235640417278], [-76.21739953029324, 36.91237693522566], [-76.21738592778922, 36.91249340433052], [-76.2173939278849, 36.912663404083695], [-76.21739392844262, 36.91295440391897], [-76.21750392796399, 36.9131584041296], [-76.21763949695371, 36.913276525054165], [-76.21770592747698, 36.913334404496666], [-76.21775648626098, 36.91337183078216], [-76.2177710541206, 36.91338261561739], [-76.21799511920022, 36.91354848061592], [-76.21816792870592, 36.91367640439624], [-76.21886692821218, 36.913693404306976], [-76.2190137726399, 36.913712725819096], [-76.21913292828596, 36.913728404606864], [-76.21972292815441, 36.91379740401637], [-76.21994192896925, 36.91383040453586], [-76.21996844354965, 36.91384084394568], [-76.22023093379961, 36.91394419378325], [-76.2208922026348, 36.91420454877135], [-76.2210569286756, 36.914269404172906], [-76.22098692900572, 36.91439140437928], [-76.22092433836501, 36.91451499491682], [-76.2209176922681, 36.91452811813561], [-76.22086892946928, 36.91462440445975], [-76.22073092913763, 36.91487840453968], [-76.22062892916904, 36.91508340411801], [-76.22099492914613, 36.9151014048203], [-76.22154192882256, 36.91515040413296], [-76.22206092910815, 36.91522140447991], [-76.222463929405, 36.91529140429031], [-76.22263623447807, 36.91532718334845], [-76.22276726367384, 36.91535439172277], [-76.22282993017268, 36.915367404809366], [-76.223296930203, 36.91547940462135], [-76.22379071936936, 36.915600034621555], [-76.22395738748914, 36.91563658501055], [-76.22413324562157, 36.91568021945664], [-76.22457890610225, 36.9157907958962], [-76.22463671439, 36.91580670113133], [-76.22487293000889, 36.915864404221935], [-76.225815930197, 36.91609540468791], [-76.22627993078271, 36.916205404594926], [-76.22669893041534, 36.91630640463002], [-76.22697493096446, 36.91637540455081], [-76.22716193068116, 36.91642240466758], [-76.22721205028982, 36.91643479240314], [-76.22760293092838, 36.9165314047094], [-76.22779936835617, 36.91657299319483], [-76.22804693144586, 36.91662540444696], [-76.2281189317108, 36.91664040504486], [-76.2286659319639, 36.91673040433079], [-76.22898170515845, 36.91676595529512], [-76.22901158839947, 36.91676931969413], [-76.22911893204265, 36.91678140419279], [-76.22940693221723, 36.91680540443257], [-76.22983393213539, 36.91682840457729], [-76.23018293163597, 36.91683440415253], [-76.23054393266966, 36.916834404983064], [-76.23102593278402, 36.916809404296636], [-76.23140393242522, 36.916778404148225], [-76.23170093216929, 36.91674740456688], [-76.23180051509291, 36.91673344299765], [-76.23192732244738, 36.91671566380728], [-76.23218593319278, 36.91667940458984], [-76.23257693334187, 36.916608404133854], [-76.23287593337719, 36.916540404426286], [-76.23275293297147, 36.91622940429086], [-76.23267993238696, 36.916029404011], [-76.23259230213587, 36.91578920761539], [-76.23258175193047, 36.91576029075026], [-76.2325409321993, 36.915648404153906], [-76.23240493274464, 36.91525840405314], [-76.23226346741261, 36.914898132083785], [-76.2322584857214, 36.91488544554242], [-76.23220171710672, 36.914740868244905], [-76.23219093288546, 36.91471340434957], [-76.23222835509128, 36.914704404987695], [-76.23234521441337, 36.91467630471475], [-76.23266649820314, 36.914599048476305], [-76.23343656314732, 36.91441387177762], [-76.2334759331957, 36.914404403911504], [-76.23349315828821, 36.91440009756625], [-76.23356123524543, 36.914383078923606], [-76.23411593270474, 36.91424440417906], [-76.23429593368242, 36.91420540375382], [-76.23455393320846, 36.91414840418652], [-76.23478664329188, 36.91408961962338], [-76.23491958202098, 36.91405603805852], [-76.23496146348084, 36.91404545802602], [-76.23503293381607, 36.914027404254], [-76.23593993358494, 36.91380840368629], [-76.23611298638987, 36.91376872315429], [-76.23618302034888, 36.91375266461766], [-76.23627148224423, 36.91373238014693], [-76.23633413434814, 36.91371801365641], [-76.23656793422793, 36.913664403377666], [-76.23669206225071, 36.91363407540488], [-76.23688143724483, 36.91358780530591], [-76.2369649339239, 36.91356740399073], [-76.23712423519773, 36.91351619995163], [-76.23713520202152, 36.913512674876415], [-76.2371889344669, 36.91349540324919]]]}, "properties": {"OBJECTID": 458, "PERIMETER": 21870.971, "PRECINCTS": 20, "PRECINCTS1": 6, "ELECTION": 21, "ELECTION_I": 49, "PRECNAME": "Larrymore", "SUPWARD": 6, "WARD": 5, "ADDRESSNUM": 7600, "POLLPLACE": "Larrymore Elementary School", "ADDRESSSTR": "Halprin Drive", "PRECNUM": 504, "POLLADDRESS": "7600 Halprin Drive", "NAME_1": "Larrymore", "NAME_2": " ", "created_user": "CSIEMER", "created_date": 1662571027000, "last_edited_user": "CSIEMER", "last_edited_date": 1666096339000, "Shape__Area": 23719791.086098097, "Shape__Length": 21162.410051150415, "NORFOLKGIS.Precincts.AREA": null}}, {"type": "Feature", "id": 459, "geometry": {"type": "Polygon", "coordinates": [[[-76.27230404297914, 36.91679424077506], [-76.27232940861462, 36.91681130755034], [-76.27239494562768, 36.91685540325095], [-76.27243875537565, 36.916646092207166], [-76.27245066834351, 36.9165891739534], [-76.27252721139287, 36.91622346583198], [-76.27252784217025, 36.91622045189368], [-76.27258394522342, 36.915952402680176], [-76.27258568411547, 36.91594411240168], [-76.27272194550697, 36.915294402538684], [-76.27281094486428, 36.91486540280122], [-76.27282694515661, 36.9147944023769], [-76.27286794501556, 36.91454540302695], [-76.2730016043296, 36.91418659064666], [-76.27303594482662, 36.914094402195936], [-76.27323894556334, 36.9136174026714], [-76.27331194506061, 36.91345040198725], [-76.2734048284236, 36.91323915572003], [-76.273537945121, 36.91293640209529], [-76.27357742883349, 36.91284494008187], [-76.27361694499078, 36.912753402054975], [-76.27352547948354, 36.9127218135637], [-76.27342294507199, 36.91268640264323], [-76.27347894464542, 36.912557402390064], [-76.27361597886457, 36.91251207595334], [-76.27373518387509, 36.91247264643177], [-76.2737389448721, 36.91247140257054], [-76.2737770478354, 36.9123840155683], [-76.2739229452175, 36.912049402319774], [-76.2743619455261, 36.91103840158414], [-76.27449394513323, 36.910721401370935], [-76.27468094537895, 36.91029840137077], [-76.2748449451563, 36.909915401917964], [-76.27529894536873, 36.90885340147077], [-76.27567894614252, 36.90798040117487], [-76.2760099462542, 36.90721640063603], [-76.27616194980622, 36.90686775081267], [-76.2762959456732, 36.906560400568765], [-76.27655494615783, 36.90595740058559], [-76.27669094554903, 36.90564240098841], [-76.2768429455112, 36.905291400455674], [-76.27702794544264, 36.90486440051445], [-76.27736294575578, 36.90408939988074], [-76.27765794624776, 36.903402400547165], [-76.2777009462118, 36.90330440038636], [-76.27803594607997, 36.90252140022474], [-76.27834401451396, 36.90181493354391], [-76.278359946202, 36.901778399456255], [-76.27863894627123, 36.901130399583955], [-76.27871194631173, 36.90096439916876], [-76.27892494616903, 36.90047139953979], [-76.27919694659822, 36.899844399655514], [-76.27934094673098, 36.89951539888961], [-76.27938653371531, 36.899405406613425], [-76.27951294658081, 36.89910039942427], [-76.27968194653535, 36.89871939939226], [-76.27976194640829, 36.8985203991205], [-76.27978194658519, 36.89846039893453], [-76.27983794656048, 36.898243399204695], [-76.27984225720512, 36.89821807202033], [-76.27986194615991, 36.89810239935167], [-76.27986794658999, 36.89796039876141], [-76.27985594602421, 36.897824399215125], [-76.27975483689792, 36.89779571214837], [-76.27964094576652, 36.89776339886451], [-76.27964715224897, 36.8978158071046], [-76.27965894612542, 36.897915399283754], [-76.27965694616391, 36.89805839935396], [-76.2796369460384, 36.89819939902163], [-76.27959494581306, 36.89835839884236], [-76.2795649468233, 36.898450398781954], [-76.27908424936163, 36.89833043835515], [-76.27844283955287, 36.898148966323795], [-76.27796686728146, 36.89801429734641], [-76.27730334429219, 36.89782656092277], [-76.27713994538854, 36.89777339852373], [-76.2770564054998, 36.897756690702664], [-76.27690994578234, 36.89772739931269], [-76.27624094515235, 36.89757639926646], [-76.27590994520197, 36.8978023988745], [-76.275676945622, 36.89792639875334], [-76.27555494481172, 36.898045399183424], [-76.27463789806421, 36.89737367878279], [-76.27445594483186, 36.897240399216294], [-76.2743850517397, 36.89720702923276], [-76.27349994489313, 36.896790398476426], [-76.27332241743986, 36.896723767868], [-76.27306611931488, 36.89662757211383], [-76.27277131282288, 36.89651692263972], [-76.27232872008756, 36.89635080229212], [-76.27199994370953, 36.89622739881568], [-76.27161791925332, 36.89665113746814], [-76.27129562431661, 36.89700861962126], [-76.27028694354318, 36.89812739887447], [-76.26956556493778, 36.89892751878474], [-76.26816094342615, 36.90048540024718], [-76.2680602783884, 36.90063338258553], [-76.26786135666832, 36.90092580621852], [-76.2677687298446, 36.901061969913854], [-76.26746442960494, 36.901509296276146], [-76.26721345920348, 36.90187822357111], [-76.26716009990255, 36.901956661915186], [-76.26702694291022, 36.902152399911294], [-76.26724094236504, 36.90253439987997], [-76.26681094230189, 36.9024683999209], [-76.26606394213691, 36.90235440009249], [-76.26610994206364, 36.90215540027361], [-76.26349288371533, 36.90200710897994], [-76.26345018909664, 36.90200468935139], [-76.2633075973665, 36.901996607134215], [-76.26290479430305, 36.901973777621556], [-76.26143394053025, 36.90189040041925], [-76.26136794120431, 36.90175840037603], [-76.26134994112176, 36.90164640022635], [-76.26127494035701, 36.90160840025496], [-76.26110594109169, 36.90162740056014], [-76.2609559410616, 36.901683400606174], [-76.2608429411131, 36.901805400711694], [-76.26070294016495, 36.90206840054906], [-76.26061794102272, 36.90223640091326], [-76.2605529403703, 36.90236840026626], [-76.26043094105584, 36.902480400877444], [-76.26042048662671, 36.902490228506586], [-76.26028094028993, 36.902621400256066], [-76.2602610882373, 36.90267764784692], [-76.26024986926589, 36.90270943631182], [-76.26022961786389, 36.9027668147189], [-76.2602149409312, 36.90280840098119], [-76.26013994048041, 36.90302440029202], [-76.25998994096541, 36.90331540098138], [-76.25982094017795, 36.903511400786336], [-76.25964294003849, 36.90363340112954], [-76.25952577028471, 36.90374354055474], [-76.2594929399862, 36.90377440048442], [-76.25938993988349, 36.90386840044674], [-76.25936961425663, 36.90390410834889], [-76.25935294079956, 36.903933400511384], [-76.25921194034075, 36.90400840055557], [-76.25904294065974, 36.90403640089138], [-76.25885594074519, 36.904074400975865], [-76.25868694027893, 36.90408340078826], [-76.25846079917294, 36.90402530135573], [-76.25843394037982, 36.90401840107596], [-76.2583041329221, 36.90402540947439], [-76.2580079394839, 36.90404140063643], [-76.25768493980632, 36.90407140071641], [-76.25716193948938, 36.904034400868426], [-76.2567961102109, 36.90399830384393], [-76.25674847516801, 36.903993603479954], [-76.25663494004388, 36.9039824010438], [-76.25663175533276, 36.90411613714886], [-76.25662988211485, 36.90419478932982], [-76.2566268259772, 36.90432315661519], [-76.25662093905896, 36.90458240129947], [-76.25661093934669, 36.904992401193795], [-76.25661254499228, 36.905514015002844], [-76.25661293960636, 36.90564240127986], [-76.25660927450886, 36.90577146902102], [-76.25660919327349, 36.90577432752235], [-76.25660521335244, 36.905914486940404], [-76.25659357958608, 36.90621517785383], [-76.25658193926444, 36.90638840118423], [-76.25657301921242, 36.90660729755497], [-76.25656926630745, 36.90669939566673], [-76.25656893955276, 36.906707401721235], [-76.25665312037644, 36.90676977447277], [-76.2567346060567, 36.906830148758594], [-76.25676301897381, 36.90685120085917], [-76.25681680575381, 36.906891053098605], [-76.25685619116773, 36.90692023404132], [-76.2568726608002, 36.906932436555124], [-76.25688956645801, 36.90694496286804], [-76.25689450571303, 36.90694862205749], [-76.25694442646125, 36.906985609806895], [-76.25717493947944, 36.907156401956726], [-76.25743845610974, 36.907356678953235], [-76.25777517564491, 36.907612587371695], [-76.2586249399287, 36.9082584022186], [-76.25920735909826, 36.90869862846291], [-76.25937729482852, 36.908827074845824], [-76.25943594025094, 36.9088714018195], [-76.25952694071105, 36.90894340196611], [-76.26022894077772, 36.9095044019069], [-76.26071049838927, 36.90990092066872], [-76.26071594127716, 36.909905402321314], [-76.26074986430068, 36.9099379688388], [-76.26083898071835, 36.910023521988464], [-76.26121282552045, 36.91038241305221], [-76.26144094135412, 36.910601402034395], [-76.26213694131245, 36.911321402702576], [-76.26253794209956, 36.91177940268352], [-76.26265077389154, 36.91191459176891], [-76.26286094171525, 36.91216640209159], [-76.26303708937127, 36.91239659600062], [-76.26309931741177, 36.91247791745346], [-76.26326394922923, 36.91269306069886], [-76.26330094154635, 36.912741402926464], [-76.2638179420644, 36.91349040257459], [-76.26392094248115, 36.91370140319199], [-76.26405194241656, 36.91389540288131], [-76.26425562911602, 36.91416649280271], [-76.26432694218462, 36.91426140323541], [-76.26467794233471, 36.9146974027511], [-76.2650370911405, 36.915068935998725], [-76.26506953086624, 36.91510249423401], [-76.26511294329704, 36.915147402909795], [-76.26518459764533, 36.91521200081071], [-76.26550894254913, 36.91550440301459], [-76.26644757058077, 36.91630746247616], [-76.26659594344068, 36.91643440286531], [-76.26670874496223, 36.916519858666], [-76.26688314972799, 36.91665198397499], [-76.26702494389714, 36.91675940316068], [-76.26708223146639, 36.91673198380023], [-76.26714194313976, 36.91670340352617], [-76.26737794404345, 36.916590403572975], [-76.2674237085852, 36.916633393745535], [-76.26747694363286, 36.916683403226], [-76.2675149431405, 36.91666440297231], [-76.26778394420158, 36.916531402933934], [-76.26803794415531, 36.91640440360716], [-76.26846894421165, 36.91618940314248], [-76.26896011165601, 36.91591633223666], [-76.2690139435647, 36.91588640276137], [-76.26935194426613, 36.91568640309871], [-76.26946694457797, 36.91561040337837], [-76.26975394388097, 36.91540340284578], [-76.26984471866525, 36.91533717456068], [-76.26994994420684, 36.915260403043966], [-76.27000894388163, 36.91521840269848], [-76.27006294425148, 36.91518340305484], [-76.27130471792736, 36.91607783575776], [-76.27223294485262, 36.91674640351082], [-76.27230404297914, 36.91679424077506]]]}, "properties": {"OBJECTID": 459, "PERIMETER": 23400.225, "PRECINCTS": 21, "PRECINCTS1": 7, "ELECTION": 22, "ELECTION_I": 15, "PRECNAME": "Suburban Park", "SUPWARD": 6, "WARD": 2, "ADDRESSNUM": 310, "POLLPLACE": "Suburban Park Elementary School", "ADDRESSSTR": "Thole Street", "PRECNUM": 215, "POLLADDRESS": "310 Thole Street", "NAME_1": "Surburban", "NAME_2": "Park", "created_user": "CSIEMER", "created_date": 1662571027000, "last_edited_user": "CSIEMER", "last_edited_date": 1666096339000, "Shape__Area": 26981116.949026644, "Shape__Length": 24566.813216949566, "NORFOLKGIS.Precincts.AREA": null}}, {"type": "Feature", "id": 460, "geometry": {"type": "Polygon", "coordinates": [[[-76.24082081267876, 36.91475079938555], [-76.24085668911975, 36.914748806423944], [-76.24089534173768, 36.91474665858941], [-76.2409179355563, 36.91474540364353], [-76.24093656923412, 36.91474433037766], [-76.24106693193299, 36.914736819635756], [-76.24123208360882, 36.91472730469184], [-76.24123731127759, 36.91472700403605], [-76.24125264237665, 36.91472612054353], [-76.2412950789348, 36.91472367572675], [-76.24130480564125, 36.91472311539213], [-76.2413248752788, 36.914721958788675], [-76.24136840369557, 36.914719451098215], [-76.24138284644884, 36.91471861902362], [-76.24140393486257, 36.9147174035628], [-76.24140808279292, 36.914717173191335], [-76.24141248034914, 36.91471692868739], [-76.24141971025762, 36.914716527684206], [-76.24149232662703, 36.91471249307784], [-76.24150892510433, 36.914711570807235], [-76.24158393530787, 36.91470740366705], [-76.24166193515191, 36.91470296221212], [-76.24172467279138, 36.914699390261646], [-76.24179519052284, 36.91469537464039], [-76.24186493572908, 36.914691403626875], [-76.24193940522724, 36.914688654552045], [-76.24242967083845, 36.91467055267744], [-76.2424956670192, 36.91466811553617], [-76.24251493533754, 36.9146674039428], [-76.2429269360628, 36.9146684040923], [-76.24331593613189, 36.91468040326734], [-76.24360691400054, 36.91469600802418], [-76.243632935661, 36.914697403499964], [-76.24392304049884, 36.91471322777474], [-76.24398304741638, 36.914716500425925], [-76.24407293616984, 36.91472140385606], [-76.24474210709998, 36.914766242593856], [-76.24475777239765, 36.9147672921946], [-76.24482634099914, 36.914771886044015], [-76.24485735565165, 36.91477396473729], [-76.24505793607128, 36.91478740339433], [-76.245636449859, 36.91485085808112], [-76.24567679495344, 36.91485528330668], [-76.2458105935135, 36.9148699583246], [-76.24584699227884, 36.91487395086762], [-76.24594589925935, 36.914884799100044], [-76.24606993667393, 36.91489840329367], [-76.24609931216557, 36.914901776147474], [-76.24694560954742, 36.91499892236123], [-76.24696767089462, 36.915001454434915], [-76.24697593718219, 36.915002403382026], [-76.2480102690849, 36.91511941833468], [-76.24813749650518, 36.91513381065887], [-76.24817839266228, 36.915138437569674], [-76.24882237658599, 36.91521128629361], [-76.24884993798865, 36.91521440377783], [-76.2489512842551, 36.915220101567606], [-76.249023685651, 36.915224172350975], [-76.24903632016593, 36.9152248830127], [-76.24904379285653, 36.91522530283367], [-76.24904981986015, 36.91522564178888], [-76.24909893804006, 36.91522840404575], [-76.24914500298901, 36.91522840369748], [-76.24915490274411, 36.91522840397686], [-76.24944693846807, 36.91522840359507], [-76.24981593842288, 36.91521940369409], [-76.24996493772261, 36.91521940395815], [-76.25014893799029, 36.91522640340451], [-76.25042493844703, 36.91525040369543], [-76.25055093784447, 36.91526640318042], [-76.25082493797093, 36.91531140318506], [-76.250890938044, 36.91532340319163], [-76.2512429386915, 36.915401403918665], [-76.2512867613555, 36.91541141283978], [-76.25140493867042, 36.915438403625394], [-76.25142979356397, 36.915444441453346], [-76.25193593858513, 36.91556740341564], [-76.25275093947549, 36.91578440353426], [-76.25325293932018, 36.915930403390554], [-76.25387493958874, 36.916098403528295], [-76.25397393913677, 36.916121403524976], [-76.25405479164637, 36.91614140306893], [-76.25405517726406, 36.91613964104392], [-76.25407193898408, 36.91614340364373], [-76.25417693888188, 36.91570340318725], [-76.25418587940001, 36.91567550528418], [-76.254202222948, 36.91562450604646], [-76.25430576813241, 36.915301400949616], [-76.25442653006728, 36.91492457121942], [-76.25445093912309, 36.91484840289551], [-76.25445953273557, 36.91482364413507], [-76.25471193951822, 36.91409640317167], [-76.25471826724072, 36.914080829356685], [-76.25477784032223, 36.91393728089536], [-76.25478288948729, 36.913922691290395], [-76.25478501204893, 36.913916557437204], [-76.2548739033574, 36.91369777799896], [-76.25489212105597, 36.91365294109976], [-76.25489293236498, 36.9136509420301], [-76.25494393964564, 36.91352540334249], [-76.25500393934178, 36.91338940290319], [-76.25505193994461, 36.913282402948255], [-76.25512000878352, 36.913082059818834], [-76.2551929396283, 36.912867402886256], [-76.2552782261748, 36.91260061037859], [-76.2554142432961, 36.91217566294439], [-76.25555716109243, 36.911731536159735], [-76.25563893957705, 36.91147740290868], [-76.25565655262065, 36.911422815942274], [-76.25566892034203, 36.91138448781176], [-76.25581809889584, 36.910922154514985], [-76.25582149884177, 36.91091161749768], [-76.25585694559365, 36.91080175817987], [-76.25597730138247, 36.91043522291182], [-76.256026201696, 36.91028733554707], [-76.25614338030906, 36.90995742890451], [-76.25617773054749, 36.90987164854191], [-76.25618507445822, 36.909853310622395], [-76.25627793972254, 36.90962140193555], [-76.2563609400663, 36.90936940169097], [-76.25638893972176, 36.9092674024557], [-76.25642993941084, 36.90908240249513], [-76.25645993951429, 36.90894440189454], [-76.25650093937887, 36.90862040232049], [-76.25653493987255, 36.908192402293906], [-76.25654093946535, 36.908016401439575], [-76.25654526535787, 36.90789027216969], [-76.25656594005694, 36.90728740138159], [-76.25655993921026, 36.90709340182521], [-76.25656093978026, 36.90691640147099], [-76.25656893955276, 36.906707401721235], [-76.25656926630745, 36.90669939566673], [-76.25658193926444, 36.90638840118423], [-76.2565930523496, 36.90622301783486], [-76.25659357977271, 36.906215171547785], [-76.25660521335244, 36.905914486940404], [-76.25660528464289, 36.905911964460834], [-76.25660919327349, 36.90577432752235], [-76.25660927450886, 36.90577146902102], [-76.25661293960636, 36.90564240127986], [-76.25661254499228, 36.905514015002844], [-76.25661093934669, 36.904992401193795], [-76.25662093905896, 36.90458240129947], [-76.2566268259772, 36.90432315661519], [-76.25662771307243, 36.904285901832985], [-76.25662938076418, 36.904215862841504], [-76.25663175533276, 36.90411613714886], [-76.25663494004388, 36.9039824010438], [-76.25659323472121, 36.90398641739399], [-76.2564999391759, 36.903995400691535], [-76.25650393945182, 36.90383040075549], [-76.25650842400925, 36.90365631882916], [-76.25653470728841, 36.90263612173264], [-76.25654193930826, 36.902355400491636], [-76.25653293927412, 36.90206040083634], [-76.25651527202993, 36.901888929156435], [-76.25649893898617, 36.90173040049843], [-76.25647258921781, 36.90159185151437], [-76.25646793910683, 36.9015674004704], [-76.25608293921731, 36.90163840017222], [-76.25575393912256, 36.901696400297865], [-76.25542393890895, 36.901753400619995], [-76.25509693839598, 36.9018074007714], [-76.25495076265646, 36.901831763238164], [-76.25446693871716, 36.90191240020181], [-76.25429425860426, 36.90193985642412], [-76.2542279384905, 36.90195040072199], [-76.25384121978702, 36.90201324345607], [-76.25374384474819, 36.9020290663937], [-76.25339789242211, 36.90208528297045], [-76.25326793882883, 36.90210640025461], [-76.25309146352994, 36.902135962593945], [-76.25307093812388, 36.90213940101032], [-76.25216200026512, 36.9022827724181], [-76.25191554712134, 36.90231203925691], [-76.25185193853466, 36.902318400346275], [-76.2517449377754, 36.902322400790524], [-76.25164403263551, 36.90232575428889], [-76.25143520403358, 36.902332694508225], [-76.25141393796963, 36.902333400828], [-76.25088596483806, 36.90233825095611], [-76.25076700064545, 36.90233934268389], [-76.25049568304586, 36.90234183403896], [-76.25046695969755, 36.90234209729382], [-76.25043393764314, 36.90234240084665], [-76.24991031682562, 36.902348005031314], [-76.24952244680205, 36.902352154757075], [-76.24918490356339, 36.902355765369336], [-76.24903193696245, 36.9023574011576], [-76.24879934228697, 36.90235987039509], [-76.24879696773374, 36.9023598961191], [-76.24856585390381, 36.90236234909314], [-76.2485287280346, 36.90236274295263], [-76.24847177056166, 36.902363347272754], [-76.2483115784872, 36.9023650474106], [-76.24824412251358, 36.90236576325462], [-76.24780693688412, 36.90237040103343], [-76.24774181507416, 36.90237025904487], [-76.24770556072612, 36.90237017990041], [-76.24752416436871, 36.9023697852276], [-76.24750014966354, 36.902369733286], [-76.24734793616022, 36.90236940099987], [-76.24729940161424, 36.902369866039365], [-76.2472422931518, 36.90237041368884], [-76.24715693922423, 36.90237123111469], [-76.24684156961055, 36.902374252308675], [-76.24662336899564, 36.90237634240762], [-76.24630393637801, 36.90237940053519], [-76.24610048429257, 36.90238308758862], [-76.24595916473099, 36.90238564852204], [-76.24569693658185, 36.90239040063216], [-76.24566693645028, 36.90239340093597], [-76.24536293614122, 36.90240140091096], [-76.244819248811, 36.9024083461366], [-76.24481493618208, 36.90240840129246], [-76.24474684632322, 36.90240899119693], [-76.24434669785592, 36.90241245648024], [-76.24389093550721, 36.90241640137189], [-76.24351701573896, 36.90242064495811], [-76.24346990667766, 36.90242117905262], [-76.24318593523051, 36.90242440119823], [-76.2430550379665, 36.90242687574804], [-76.2426569355317, 36.90243440101539], [-76.24267244258871, 36.90252197357621], [-76.24267393464717, 36.90253040124471], [-76.24267630066015, 36.90255376615639], [-76.2426968888571, 36.90275711604322], [-76.24271403582779, 36.90292647478623], [-76.24271885611113, 36.902974086944695], [-76.24273394259303, 36.90312309002091], [-76.24273893566512, 36.903172400982385], [-76.24274459815621, 36.90324035261152], [-76.24274493553278, 36.90324440085577], [-76.24275793568381, 36.90337840103407], [-76.24236471813242, 36.903381111241636], [-76.24203680366566, 36.90338337117429], [-76.24174193537574, 36.903385401654965], [-76.24161155288232, 36.903386436913024], [-76.24160108762314, 36.90338651974641], [-76.24154554717204, 36.90338696046973], [-76.2413639351681, 36.9033884018145], [-76.24113778415152, 36.90338426003979], [-76.24081793446308, 36.9033784014599], [-76.24014193485077, 36.90331640174189], [-76.24007388964021, 36.903304884343086], [-76.23969293426588, 36.90324040121572], [-76.23955193444631, 36.9032164016012], [-76.23939793443404, 36.90319040128953], [-76.239222270761, 36.90314602684347], [-76.23891893418015, 36.90306940094447], [-76.23867207680037, 36.90299579262927], [-76.23864393339653, 36.902987401037315], [-76.23846756358574, 36.9029213554048], [-76.23816593327125, 36.902808401566816], [-76.23788319251308, 36.9026744118573], [-76.23787912975568, 36.90267248673883], [-76.2377940178764, 36.902632152420104], [-76.23766793336655, 36.90257240150062], [-76.23740684253663, 36.90242833264231], [-76.23731279765089, 36.90237643890332], [-76.23726101959744, 36.90234786712676], [-76.2371949336669, 36.90231140141663], [-76.23705155570651, 36.902211648190054], [-76.23701110647302, 36.90218350625858], [-76.23687996003277, 36.902092262967905], [-76.23670193277577, 36.901968400879326], [-76.23642569911377, 36.90174929151541], [-76.23625572738632, 36.90160002354552], [-76.23617290314426, 36.90152149028474], [-76.23616242309869, 36.901511553546484], [-76.23590493295198, 36.90126740135581], [-76.2356647532587, 36.900984097295904], [-76.23561900895017, 36.900930140176044], [-76.2355080158504, 36.9007992173963], [-76.23550393299868, 36.90079440109102], [-76.23517072224956, 36.900267802025674], [-76.23513693290296, 36.90021440048865], [-76.23497992783238, 36.89988412261701], [-76.23494393257022, 36.89980840097925], [-76.23477520507018, 36.899382775483055], [-76.2346339323886, 36.899026400800125], [-76.23445088092653, 36.898584028688965], [-76.23438332232485, 36.89842076238012], [-76.234303946718, 36.89822893973109], [-76.23427897776197, 36.89816859700504], [-76.23418993239385, 36.89795340081893], [-76.23417174168745, 36.897908961046134], [-76.2340314956132, 36.897566335985516], [-76.23387393165282, 36.897181400561756], [-76.23374593173193, 36.897234400262256], [-76.23312215989264, 36.897264010453846], [-76.23190714284097, 36.897524137465126], [-76.23231818471739, 36.89872224120233], [-76.23237370549694, 36.89888018822566], [-76.23239313368808, 36.898935457879745], [-76.2324669318616, 36.89914540102788], [-76.2326878535888, 36.89909663994995], [-76.23313293189261, 36.89899840107391], [-76.23314256227627, 36.89899540497462], [-76.23317793221277, 36.89898440086969], [-76.23326893220586, 36.89896340085127], [-76.23332531356093, 36.89895665445501], [-76.23338593222982, 36.8989494002567], [-76.23340950768004, 36.898949620596866], [-76.2334929316973, 36.89895040028551], [-76.23352502923345, 36.89895421199549], [-76.2335570294842, 36.89895801190522], [-76.23360721285445, 36.898963971535395], [-76.23365293181828, 36.89896940067013], [-76.23378293226844, 36.8990014006783], [-76.23385659969833, 36.89902813459927], [-76.23390693263204, 36.89904640077874], [-76.23392089215012, 36.89907977121703], [-76.23397966545193, 36.89922026547307], [-76.23398410148846, 36.899230869175014], [-76.23401579366414, 36.89930662894594], [-76.23406174832742, 36.89941648066066], [-76.23407301497228, 36.89944341199982], [-76.23412440932584, 36.89956626727164], [-76.23414066307899, 36.89960511901888], [-76.23419637953599, 36.89973830624062], [-76.23427417411003, 36.89992426654035], [-76.23430545528574, 36.89999903940161], [-76.2344068378223, 36.90024138477679], [-76.23446768067045, 36.900386822135815], [-76.23449093204273, 36.9004424012658], [-76.23442971808659, 36.900479413447194], [-76.23442787901433, 36.90048052544659], [-76.23440493231534, 36.900494400551295], [-76.23439920137791, 36.9004968887395], [-76.23432893242459, 36.90052740134663], [-76.23426893277075, 36.90054740083596], [-76.23395993255782, 36.900630400962385], [-76.23336393182251, 36.90078940118343], [-76.23313993231965, 36.900841401487575], [-76.23302693254855, 36.900863401260054], [-76.23281672440349, 36.90090465305894], [-76.23260181273236, 36.90094682778954], [-76.23254793151676, 36.90095740157949], [-76.23196493220429, 36.901064400926856], [-76.2314929318282, 36.901134401324626], [-76.23140793135565, 36.901147401637836], [-76.23117793193168, 36.90117940164906], [-76.23066293147679, 36.90123940159658], [-76.23054693152386, 36.90124940142975], [-76.23047929413103, 36.90125536940812], [-76.23030893178637, 36.90127040168897], [-76.22979193129956, 36.90131540175667], [-76.22966472568989, 36.90132532217399], [-76.22938583151303, 36.901347071018236], [-76.2292896897957, 36.90135456887664], [-76.22898174281785, 36.90137858304792], [-76.22870193026891, 36.90140040176693], [-76.22861496817173, 36.9013969228316], [-76.22857693127844, 36.90139540168389], [-76.22846793041244, 36.90137740093596], [-76.2284156489129, 36.901389466705034], [-76.22835093106089, 36.9014044018207], [-76.22843076341707, 36.90151366678783], [-76.2285214766022, 36.901637821841746], [-76.22898231894446, 36.902268555285964], [-76.22914282637981, 36.902488230839154], [-76.2291529988387, 36.90250215267484], [-76.23058093129171, 36.904456402200196], [-76.23126361753404, 36.90539150950584], [-76.23309662182541, 36.90789960139993], [-76.23341593275825, 36.90833640225486], [-76.23357246548709, 36.90854597306905], [-76.23369759820464, 36.90871350282443], [-76.23384093313426, 36.908905402370436], [-76.23395593261773, 36.90906740300553], [-76.23429593338967, 36.90954240298287], [-76.2355643928332, 36.911281684416686], [-76.23585616224368, 36.911681737371374], [-76.23653493347797, 36.91261240302631], [-76.23678017870546, 36.91294352351685], [-76.23706332362929, 36.91332581048961], [-76.2371889344669, 36.91349540324919], [-76.23731293421882, 36.9134554040053], [-76.23746693450727, 36.91361740351957], [-76.23761893439907, 36.913753403796214], [-76.23786193443254, 36.91393640336379], [-76.23807393432135, 36.9140754037317], [-76.23829593390826, 36.91420340373037], [-76.23852893444202, 36.91432040363874], [-76.23860893452307, 36.91435640414557], [-76.2388209341013, 36.914444404192935], [-76.23897893414853, 36.91450140343902], [-76.23923793526828, 36.914577403617265], [-76.23945793441906, 36.91462840346325], [-76.23977193444541, 36.914688403415255], [-76.2400289350995, 36.91472240344535], [-76.2404029353503, 36.91474940397658], [-76.24062493565654, 36.914754404160185], [-76.24071845233908, 36.914753283893546], [-76.24079193565099, 36.914752404067556], [-76.24082081267876, 36.91475079938555]]]}, "properties": {"OBJECTID": 460, "PERIMETER": 28009.164, "PRECINCTS": 22, "PRECINCTS1": 37, "ELECTION": 0, "ELECTION_I": 0, "PRECNAME": "Rosemont", "SUPWARD": 7, "WARD": 3, "ADDRESSNUM": 1401, "POLLPLACE": "Rosemont Middle School", "ADDRESSSTR": "Branch Road", "PRECNUM": 310, "POLLADDRESS": "1330 Branch Road", "NAME_1": "Rosemont", "NAME_2": " ", "created_user": "CSIEMER", "created_date": 1662571027000, "last_edited_user": "CSIEMER", "last_edited_date": 1687295048000, "Shape__Area": 31487174.825587742, "Shape__Length": 27996.016961149307, "NORFOLKGIS.Precincts.AREA": null}}, {"type": "Feature", "id": 461, "geometry": {"type": "Polygon", "coordinates": [[[-76.2266532046617, 36.90184678769384], [-76.22668759720385, 36.901830990187946], [-76.22681628258655, 36.90177188182002], [-76.22689603018681, 36.90173525091299], [-76.22702930616262, 36.90166639436469], [-76.22711093055173, 36.90162840157598], [-76.22734993012295, 36.90151640139606], [-76.2275532798462, 36.90142124503203], [-76.22778820374029, 36.901311311359564], [-76.22781793086135, 36.90129740095413], [-76.22815393073556, 36.901135401116946], [-76.22825287712612, 36.901270510457195], [-76.22835093106089, 36.9014044018207], [-76.2284156489129, 36.901389466705034], [-76.22846793041244, 36.90137740093596], [-76.22824293018998, 36.901070401522496], [-76.22815793080882, 36.900953400953966], [-76.2280795064835, 36.900845833254316], [-76.22800993081263, 36.90075040145758], [-76.22774237384229, 36.9003850784545], [-76.22734493063258, 36.89984240092908], [-76.22697284378356, 36.89933353002837], [-76.2268199295882, 36.8991244009272], [-76.22634593011796, 36.89847440081746], [-76.22607392926612, 36.89810140080231], [-76.22527992982491, 36.89701440056131], [-76.22521534265371, 36.896925786008616], [-76.22498692969513, 36.896612400495655], [-76.22436792901159, 36.89576340027287], [-76.2241739029503, 36.89549852052499], [-76.22374418124701, 36.89491186632035], [-76.22362264596238, 36.89474594600008], [-76.22355192864556, 36.89464940035071], [-76.22351719756163, 36.89466676594468], [-76.2234539289167, 36.894698400064755], [-76.2234187632743, 36.89465011245357], [-76.22338692916323, 36.894606399876196], [-76.22343274045556, 36.894582786086346], [-76.2234496394123, 36.89457407533529], [-76.22348392862227, 36.8945564001409], [-76.22340831175218, 36.894452983812165], [-76.22339901314328, 36.89444026638239], [-76.2232388556137, 36.894221226341216], [-76.22321192904828, 36.89418439978522], [-76.22314392845968, 36.894090399720625], [-76.22313735156746, 36.89408141263115], [-76.22278717297229, 36.893602879398344], [-76.22270999787969, 36.893497415097166], [-76.22264237283146, 36.89340500121161], [-76.22258192835406, 36.89332240005284], [-76.22252228098392, 36.89324031547606], [-76.22232677794878, 36.89297127186197], [-76.2221539288467, 36.892733399568094], [-76.2215959280683, 36.89196539928285], [-76.22138874450903, 36.89168277715678], [-76.22128259088032, 36.89153797074059], [-76.22121692851907, 36.89144839911762], [-76.22116869979342, 36.891382532921405], [-76.22107312972018, 36.891252012904026], [-76.22104192741556, 36.89120939985276], [-76.22101092756198, 36.89116639951996], [-76.2204989272554, 36.89046739939363], [-76.2202022310378, 36.890063364064495], [-76.22017899610503, 36.890031721906155], [-76.22011255131997, 36.88994123755852], [-76.22003575433459, 36.889836655726576], [-76.22000692777488, 36.8897973992429], [-76.21997396858158, 36.88975231085609], [-76.21972067918666, 36.88940580605423], [-76.21971240254793, 36.889394483645745], [-76.21960497257159, 36.889247515443074], [-76.21954865750004, 36.8891704740205], [-76.2195104046013, 36.88911814292107], [-76.21932777742654, 36.888868301602656], [-76.21889292697792, 36.88827339901054], [-76.21864307947965, 36.88793030712963], [-76.21848714103648, 36.88771617065676], [-76.21836030338423, 36.88754199388305], [-76.21832188753794, 36.88748924005676], [-76.21804892633783, 36.887114398427606], [-76.21783892645196, 36.886829398253], [-76.21764930760723, 36.88657021700611], [-76.21755847190241, 36.88644605765018], [-76.21733192610006, 36.88613639870129], [-76.21719286994411, 36.88594527969643], [-76.21712092634286, 36.88584639847872], [-76.21708888818632, 36.885802399750084], [-76.2168387478278, 36.88545887616041], [-76.21658432541135, 36.885109468387846], [-76.21654469227667, 36.88505503804161], [-76.21652092599463, 36.885022398659636], [-76.21610316594919, 36.88445380650257], [-76.21606392573159, 36.88440039857288], [-76.21597292553618, 36.884283397964545], [-76.21592859260952, 36.88422606823008], [-76.21572377830388, 36.883961209671575], [-76.21567407478858, 36.88389693574003], [-76.21566592606929, 36.88388639790778], [-76.2152241124566, 36.88328122717365], [-76.21521873737876, 36.883273863825956], [-76.21510019230395, 36.88311148582393], [-76.21507092571004, 36.883071398308246], [-76.21506904546102, 36.88306881714279], [-76.21495913433999, 36.882917905708716], [-76.21462592540782, 36.88246039792004], [-76.21432790894707, 36.882051785035905], [-76.21428079824297, 36.88198719133797], [-76.21427292581495, 36.881976397375226], [-76.21427213747057, 36.88197615849601], [-76.21424630212145, 36.88196833396527], [-76.21423116452476, 36.88196374889517], [-76.21421045179194, 36.881957475238686], [-76.21414088823373, 36.88193640595987], [-76.21408104285274, 36.88191827943553], [-76.21406492568033, 36.881913397659616], [-76.21395420479348, 36.88188049459502], [-76.2136409249983, 36.881787397358615], [-76.21285592492804, 36.88157139742942], [-76.21224192516905, 36.881418397947186], [-76.21145992485133, 36.881249397257115], [-76.21125392476198, 36.88120439779431], [-76.21056782488564, 36.88108605193243], [-76.21036692385975, 36.88105139807537], [-76.20971392421141, 36.88095439787978], [-76.20815392344751, 36.880733397783885], [-76.207750923187, 36.88067939775368], [-76.20706592327788, 36.88056339810586], [-76.20664592306112, 36.88048139811983], [-76.20644235897609, 36.88043432663426], [-76.20599292241994, 36.88033039767284], [-76.20541492273001, 36.88017939809522], [-76.20518592184717, 36.880113397922884], [-76.20469092258145, 36.879960397698376], [-76.2041920890547, 36.87978534648256], [-76.20393292249395, 36.879694398063776], [-76.20384692247403, 36.87965939768854], [-76.20323592123952, 36.87941439757274], [-76.20264292126781, 36.879148397805295], [-76.2022489214278, 36.87895839780239], [-76.20181592132937, 36.87873739751197], [-76.20139051742811, 36.87849308294826], [-76.20126571482145, 36.87842140668732], [-76.2011229211397, 36.878339397224], [-76.20094592135796, 36.878227397071655], [-76.20084992117208, 36.87816439733643], [-76.20032292052495, 36.877816397179586], [-76.1999879209141, 36.87758539722826], [-76.19964692059759, 36.87732839731286], [-76.19925729466938, 36.87701613024861], [-76.19923392076788, 36.87699739692129], [-76.19873192048222, 36.87655839729488], [-76.19838391974716, 36.87622839741439], [-76.19823509098661, 36.87607720640382], [-76.19800592035904, 36.87584439703805], [-76.19766091953178, 36.8754643970105], [-76.19731691975976, 36.87505139685491], [-76.19715791929092, 36.875132396727025], [-76.1966629192453, 36.875403397115775], [-76.19621991985855, 36.87568139680072], [-76.19572666548525, 36.87596494425897], [-76.19571891974259, 36.87596939751922], [-76.1950779195316, 36.87632439706794], [-76.1942529183221, 36.87678839691635], [-76.19403562937545, 36.876913757024035], [-76.1938109187502, 36.87704339776913], [-76.1931239182749, 36.87743239744756], [-76.19333091865334, 36.877926397933], [-76.19366404328335, 36.878528158609356], [-76.19427091934129, 36.87962439769081], [-76.19429506450362, 36.879668010992916], [-76.19556091911572, 36.88195439804319], [-76.19746092070503, 36.88490939935342], [-76.1975219204442, 36.88498239909654], [-76.19755491997122, 36.885041398749195], [-76.197590919796, 36.88510439894264], [-76.19769292028968, 36.88528439874795], [-76.19836023973492, 36.886470458933125], [-76.19846092049089, 36.886649399155274], [-76.19704251492905, 36.88878058127238], [-76.19646092027784, 36.889654399656656], [-76.1954615906272, 36.89133333596189], [-76.1939609200742, 36.89385440130799], [-76.19256091878765, 36.89505440147869], [-76.19140274088028, 36.89633042648477], [-76.18860791808231, 36.89940940266384], [-76.18828691874812, 36.89976340218803], [-76.18207791611809, 36.90660440396642], [-76.18201391626621, 36.906675404288755], [-76.18206391637905, 36.90669240446879], [-76.1824459172848, 36.90686240391733], [-76.18277091652953, 36.907006404453824], [-76.18289344452647, 36.90707559679152], [-76.18289401829169, 36.90707592088496], [-76.18311091722265, 36.907198403971115], [-76.18346591678838, 36.90744240443679], [-76.1837759175787, 36.90769340414597], [-76.18414191757637, 36.90802640419894], [-76.18439991740284, 36.908307404220025], [-76.18470691765617, 36.908628404411], [-76.18514991741343, 36.909097404103996], [-76.18529297221012, 36.90924484195919], [-76.18550891842423, 36.909467404377274], [-76.1857599176166, 36.90969640470842], [-76.18601491860167, 36.90989140449214], [-76.18641694258271, 36.91015969164834], [-76.18701291798483, 36.910557404408614], [-76.18710991824277, 36.910532404996346], [-76.18719291897591, 36.91051140441309], [-76.18751806499391, 36.91047336084154], [-76.19092820848466, 36.91007429807316], [-76.1910257053521, 36.9100628873156], [-76.19104691971891, 36.91006040430398], [-76.19168891962218, 36.90998540410666], [-76.19196091983467, 36.9099544044435], [-76.19376092095946, 36.910954404608546], [-76.19440392104617, 36.91107840443565], [-76.19604292112136, 36.9113974045471], [-76.19610092124346, 36.91140840439144], [-76.19631992104475, 36.911451405032615], [-76.19699992194948, 36.91158340427804], [-76.19708892103887, 36.911601404527794], [-76.19736092166355, 36.91165440499876], [-76.1975529211553, 36.91153440423108], [-76.19762692178959, 36.91148864736028], [-76.19769435577776, 36.911446951457044], [-76.19802192209305, 36.91124440460049], [-76.19922636267731, 36.91049909988454], [-76.19989883791729, 36.910082962776514], [-76.20018282105697, 36.909907227019445], [-76.20156092312904, 36.90905440431781], [-76.20174032427306, 36.908851401734495], [-76.20228663501577, 36.90823321170091], [-76.20233907936522, 36.90817386675316], [-76.20247358619726, 36.9080216609189], [-76.20351998431157, 36.9068375442661], [-76.20357902738944, 36.906770728168475], [-76.20425203222352, 36.906009122324804], [-76.20464133702374, 36.90556855638553], [-76.20478992338033, 36.90540040264759], [-76.2054759385344, 36.90545762114485], [-76.20592711695566, 36.90549525033447], [-76.20606357504072, 36.90550663106924], [-76.20911892501434, 36.905761402649574], [-76.20922992555505, 36.90582740300724], [-76.20931992504828, 36.90591140287797], [-76.21047871247266, 36.90641181101502], [-76.2106567657709, 36.90648869965144], [-76.21140686361744, 36.90681260917521], [-76.21159281434392, 36.906892905926654], [-76.21226092593167, 36.907181403580665], [-76.21295892576119, 36.90665540288763], [-76.21335904338879, 36.90636762960292], [-76.21369086868143, 36.906128970557646], [-76.21411568340196, 36.905823427666384], [-76.21468992647513, 36.905410403117], [-76.21521092642394, 36.9053074029267], [-76.21542092687336, 36.90534440270442], [-76.21578592674823, 36.90537240284835], [-76.2165133522176, 36.90529484079515], [-76.21675192721631, 36.905269402168955], [-76.21685092817829, 36.90521124118739], [-76.21745492748313, 36.90485640230346], [-76.21794292758727, 36.90483840202377], [-76.21842092789788, 36.904875402522805], [-76.21881492792237, 36.90487540233505], [-76.21909532990826, 36.904840507714546], [-76.21926492831378, 36.904819402263165], [-76.2193120738804, 36.90480671532223], [-76.21989292811215, 36.90465040279447], [-76.21997165925481, 36.9045580776033], [-76.22041992787246, 36.904032402628296], [-76.22063092851093, 36.90370540199331], [-76.22066798188497, 36.90364881629417], [-76.22072837034035, 36.90355659639684], [-76.22075992858501, 36.903508402309555], [-76.22086192885881, 36.903400402142694], [-76.22103892861118, 36.90326440184726], [-76.22108621494156, 36.90324116629836], [-76.22127092843515, 36.903150402254944], [-76.22132507892115, 36.903136879565515], [-76.22189406734617, 36.902994783733305], [-76.22221592895251, 36.902914402335874], [-76.2227459287603, 36.902613401586024], [-76.2230089288206, 36.902480401538774], [-76.22325192957443, 36.90235140140128], [-76.22326963599258, 36.90234030411071], [-76.22331854223546, 36.902309652775145], [-76.22361092878796, 36.90212640183132], [-76.22383492913409, 36.90199740206538], [-76.22397792940983, 36.90189740170692], [-76.22419292966768, 36.901825401457295], [-76.22434579819259, 36.901811232682995], [-76.22439792972894, 36.901806401171676], [-76.22453192933739, 36.90185440176949], [-76.2247709291961, 36.90190240151156], [-76.2249909292797, 36.90187840129308], [-76.22512892940742, 36.90183040157194], [-76.22539592946737, 36.90166040183433], [-76.22608057481229, 36.9014737528701], [-76.22609283802761, 36.90147040986927], [-76.22625793031756, 36.901425401013725], [-76.22633783292885, 36.90159194511797], [-76.22634093002237, 36.90159840121779], [-76.22635293055737, 36.90161040178203], [-76.22637988863514, 36.90165814022907], [-76.22640092966576, 36.90169540195158], [-76.2264289305368, 36.9017544016516], [-76.22650293032395, 36.90191140121276], [-76.22650482525215, 36.901914943330965], [-76.2266532046617, 36.90184678769384]]]}, "properties": {"OBJECTID": 461, "PERIMETER": 44373.926, "PRECINCTS": 23, "PRECINCTS1": 33, "ELECTION": 0, "ELECTION_I": 0, "PRECNAME": "Barron Black", "SUPWARD": 7, "WARD": 4, "ADDRESSNUM": 6700, "POLLPLACE": "Barron F. Black Library", "ADDRESSSTR": "E. Tanners Creek Drive", "PRECNUM": 406, "POLLADDRESS": "6700 E. Tanners Creek Drive", "NAME_1": "Barron", "NAME_2": "Black", "created_user": "CSIEMER", "created_date": 1662571027000, "last_edited_user": "CSIEMER", "last_edited_date": 1666096339000, "Shape__Area": 88983240.9094244, "Shape__Length": 44520.346358709714, "NORFOLKGIS.Precincts.AREA": null}}, {"type": "Feature", "id": 462, "geometry": {"type": "Polygon", "coordinates": [[[-76.33146612256762, 36.89762852981977], [-76.3307819625393, 36.896619396608095], [-76.32938296205448, 36.89681339726335], [-76.32734296115126, 36.89701039676966], [-76.32628296044214, 36.897048397056125], [-76.32504196037313, 36.89697839695742], [-76.32471696010866, 36.89695539736351], [-76.3238419599834, 36.89689539724398], [-76.32297606889573, 36.8968262663396], [-76.3212680992844, 36.89668988788208], [-76.3212619589389, 36.89668939727557], [-76.31707007388627, 36.895870785789164], [-76.31680159228476, 36.89581834991305], [-76.31643549988, 36.8957468486647], [-76.31560538386614, 36.8955847145181], [-76.31521359097462, 36.89550818975148], [-76.31517134417714, 36.89549993836534], [-76.31479995741789, 36.89542739702196], [-76.3145285040657, 36.89537697466191], [-76.31440695679296, 36.895354397530944], [-76.31392095662608, 36.89532239745839], [-76.31362795699009, 36.895294397300695], [-76.31355295692633, 36.895271397233735], [-76.31353495704134, 36.89526039745456], [-76.31347595709067, 36.895238397188194], [-76.31342695648507, 36.895230397175204], [-76.31322297312357, 36.89521383200305], [-76.3131897108195, 36.895210693742726], [-76.3128963120966, 36.8951830124163], [-76.31271637190672, 36.89516698486629], [-76.31262710294514, 36.8951581448725], [-76.3126031275767, 36.89515577059846], [-76.31236689889954, 36.89513237803715], [-76.31236495608542, 36.89514739727503], [-76.31169215725295, 36.895095150533706], [-76.31163095652461, 36.895090397323266], [-76.31149395564782, 36.895091397377755], [-76.31094995620765, 36.89512139729453], [-76.31078195591469, 36.89511539687986], [-76.31061956136305, 36.89509707271508], [-76.31059218681588, 36.895095125941744], [-76.31058467704842, 36.89509313643854], [-76.3105801769567, 36.89509262895885], [-76.31052495559605, 36.89508639747477], [-76.30999195504751, 36.895001396888944], [-76.30975469433066, 36.89497973837364], [-76.30943433155701, 36.8949743439052], [-76.30930437290726, 36.89497215567093], [-76.30893556211382, 36.89497779338617], [-76.30868192979939, 36.89498166944519], [-76.30808458737113, 36.89499079722635], [-76.30808140946553, 36.894990904703185], [-76.30752924903858, 36.895009539880355], [-76.30714306202474, 36.89503019885986], [-76.30689822238305, 36.89504329562314], [-76.3068378863437, 36.89504652317355], [-76.30673568545096, 36.89505025108538], [-76.3065219549548, 36.89505939743407], [-76.30635838243875, 36.89506401474658], [-76.30630064230236, 36.8950656445945], [-76.30583842713774, 36.89508209302527], [-76.30574898723818, 36.8950862413202], [-76.30574894680736, 36.89508624236799], [-76.30552995385786, 36.895096397330036], [-76.30530027694812, 36.8951026053967], [-76.3048048613141, 36.895120670503694], [-76.30441801075614, 36.895134775995174], [-76.30440310377104, 36.895135406955454], [-76.30390468428057, 36.895156501118535], [-76.30315095325314, 36.895188397956886], [-76.30298395353158, 36.89519639782648], [-76.30278895281128, 36.89520439761414], [-76.30220595277457, 36.89521839762615], [-76.30205916581404, 36.8952246830461], [-76.3013333961406, 36.89525575630791], [-76.30089795291015, 36.89527439792594], [-76.30034495256298, 36.89528839757694], [-76.30032806392212, 36.89528530525982], [-76.30029062179284, 36.89527844990835], [-76.30028908911336, 36.895278168837635], [-76.30027395307198, 36.89527539775448], [-76.30023261713146, 36.89526454677021], [-76.30019395309347, 36.89525439747198], [-76.2997339522708, 36.895084397710995], [-76.29932995199306, 36.894915397958016], [-76.2993242403379, 36.894913215160244], [-76.29885095159874, 36.894732397256725], [-76.29829495224344, 36.894512397720874], [-76.2981814644464, 36.894467697349285], [-76.29780495202743, 36.89431939777351], [-76.29749349193604, 36.89417928556163], [-76.29745595154424, 36.89416239708663], [-76.29728395129221, 36.89409539727119], [-76.29718695199253, 36.89407739778214], [-76.29700895139868, 36.89407439720833], [-76.29686395137962, 36.89408539759391], [-76.29677295093087, 36.894100397350044], [-76.29663016957535, 36.89413668441599], [-76.29659195161244, 36.894146397497316], [-76.29648296893724, 36.8941802624942], [-76.29641495154985, 36.89420139765804], [-76.29602195102954, 36.89434339784264], [-76.29600991605562, 36.89431545791891], [-76.29597913322063, 36.89422621891171], [-76.29594365057497, 36.89410127528967], [-76.29589995068523, 36.8939473979116], [-76.2958526678401, 36.89372650997969], [-76.29584747981858, 36.893702270562905], [-76.29583295098168, 36.89363439762584], [-76.29581870101693, 36.893562337677714], [-76.29577298575767, 36.89333116570987], [-76.29576308182115, 36.89328108138079], [-76.29568776663204, 36.89290022903485], [-76.29565816363899, 36.89275053059145], [-76.29565695155702, 36.89274439751431], [-76.2956437010923, 36.89267842155845], [-76.29560895116958, 36.89250539752052], [-76.29558983799191, 36.89241188039458], [-76.2955529508435, 36.8922313971219], [-76.29552838173403, 36.89210959020412], [-76.29548195074457, 36.891879397055426], [-76.29548010677384, 36.89188033052617], [-76.2951848590617, 36.89202975270353], [-76.29516390796684, 36.89204035533236], [-76.29466623679818, 36.89229221990795], [-76.29276495067383, 36.893254397530605], [-76.2932103361832, 36.894056093932996], [-76.29326495051626, 36.89415439738526], [-76.29322135538344, 36.89428262424677], [-76.29316387921732, 36.89445167817737], [-76.29297974172442, 36.89499327284663], [-76.29297942141615, 36.89499421416419], [-76.29289806136347, 36.89523351427537], [-76.29217695045324, 36.89735439803432], [-76.2920776641789, 36.8976471641826], [-76.29205995061129, 36.89769939801683], [-76.29201746535226, 36.8978247123109], [-76.29159502916646, 36.89907072868616], [-76.29150134894613, 36.899347039907575], [-76.29146495046177, 36.899454398773536], [-76.2914846579647, 36.89954801251218], [-76.29171073103699, 36.900621871286056], [-76.2918649507881, 36.901354399501464], [-76.29418566427026, 36.902893238397326], [-76.29509081413524, 36.90342387932513], [-76.29421243440231, 36.90291098931518], [-76.29585935118081, 36.904002974522115], [-76.29667595174159, 36.90454439981728], [-76.29713441825893, 36.90478076353728], [-76.29821995226874, 36.90534039954678], [-76.29877995213923, 36.905471400213294], [-76.30026933708726, 36.9058207070997], [-76.30079937360983, 36.90594501156115], [-76.30092895385252, 36.90597539996697], [-76.30113120705282, 36.90602278017438], [-76.30161195375838, 36.90613540011539], [-76.30215993589634, 36.90613441039408], [-76.30261453283883, 36.906133586720635], [-76.30491195437106, 36.90612939992837], [-76.30500334640753, 36.906136662755216], [-76.30506295455254, 36.90614139942968], [-76.30770532183021, 36.90634687596349], [-76.31016895568258, 36.90653839985485], [-76.31230495653803, 36.90654139931536], [-76.31306917407555, 36.90654263562645], [-76.3131483031718, 36.90654276311796], [-76.3160429579481, 36.9065473997691], [-76.3181809581663, 36.90374839854271], [-76.31948976226866, 36.90411293420585], [-76.32017377623067, 36.904303442389136], [-76.32088095905435, 36.90450039896992], [-76.32105854039803, 36.903648720720206], [-76.32128795944637, 36.90254839849961], [-76.3233659596804, 36.902454397944595], [-76.32375324595375, 36.902440461070825], [-76.32638674151889, 36.90234565489364], [-76.33306520951716, 36.90210496553049], [-76.33337389626593, 36.902093831035515], [-76.33446696366414, 36.902054398188625], [-76.33341918978502, 36.900509129319595], [-76.33146612256762, 36.89762852981977]]]}, "properties": {"OBJECTID": 462, "PERIMETER": 27930.051, "PRECINCTS": 24, "PRECINCTS1": 52, "ELECTION": 25, "ELECTION_I": 47, "PRECNAME": "Larchmont UMC", "SUPWARD": 6, "WARD": 2, "ADDRESSNUM": 1101, "POLLPLACE": "Larchmont United Methodist Church", "ADDRESSSTR": "Jamestown Crescent", "PRECNUM": 208, "POLLADDRESS": "1101 Jamestown Crescent", "NAME_1": "Larchmont", "NAME_2": "UMC", "created_user": "CSIEMER", "created_date": 1662571027000, "last_edited_user": "WTILGHM", "last_edited_date": 1753452364000, "Shape__Area": 38876145.205723196, "Shape__Length": 32409.87011982903, "NORFOLKGIS.Precincts.AREA": null}}, {"type": "Feature", "id": 463, "geometry": {"type": "Polygon", "coordinates": [[[-76.24946793986243, 36.898471028812004], [-76.24954393712942, 36.89844840036049], [-76.2497079370716, 36.898414399695255], [-76.24975802179742, 36.89840854523773], [-76.24981311022513, 36.89840210693119], [-76.24986193695698, 36.89839639960337], [-76.24992988716221, 36.898394225827246], [-76.2499869373477, 36.89839240037081], [-76.25014193756193, 36.89840040024762], [-76.25018593587409, 36.8984060838422], [-76.25038193724153, 36.898431400412015], [-76.250382192801, 36.89845799761469], [-76.25038398702033, 36.898644718056744], [-76.25038486987665, 36.89873662994855], [-76.25038562820463, 36.89881549298153], [-76.25038609087915, 36.89886362615009], [-76.2503866959236, 36.898926589631856], [-76.25038811051846, 36.89907383798439], [-76.25038856773779, 36.899121436533854], [-76.25039210893888, 36.89949004244047], [-76.25039316850423, 36.899600279923675], [-76.2503944428302, 36.89973285483912], [-76.2503949378065, 36.89978440032176], [-76.25039797450252, 36.89998813902776], [-76.25039839150169, 36.90001606614054], [-76.25040513768101, 36.9004686079544], [-76.25040597229928, 36.9005246307476], [-76.25040598360003, 36.90052538451184], [-76.25040693791682, 36.90058940026859], [-76.25040894889962, 36.90072521529464], [-76.25041397696131, 36.90106479027538], [-76.25041443157038, 36.90109553489782], [-76.25041831535094, 36.90135779252604], [-76.25041953887582, 36.901458611989284], [-76.25041964613264, 36.901467402429724], [-76.25042118458241, 36.901594143297565], [-76.25042118487534, 36.901594171245726], [-76.25042131502052, 36.90160737164125], [-76.25042582379385, 36.9020658034394], [-76.2504259375373, 36.90207740087951], [-76.25042819847027, 36.90215230318802], [-76.25042868609026, 36.90216843447988], [-76.25043234684298, 36.90228973291557], [-76.25043271941614, 36.902302063619224], [-76.25043315946586, 36.90231662110448], [-76.25043363235886, 36.90233230323063], [-76.25043393764314, 36.90234240084665], [-76.25046695969755, 36.90234209729382], [-76.25088596483806, 36.90233825095611], [-76.25141393796963, 36.902333400828], [-76.25143520403358, 36.902332694508225], [-76.2517449377754, 36.902322400790524], [-76.25185193853466, 36.902318400346275], [-76.25185940976836, 36.90231765360836], [-76.25191554712134, 36.90231203925691], [-76.25216200026512, 36.9022827724181], [-76.25290814595304, 36.90216507926752], [-76.25291072032411, 36.90216467329643], [-76.25307093812388, 36.90213940101032], [-76.25309146352994, 36.902135962593945], [-76.25326793882883, 36.90210640025461], [-76.25339789242211, 36.90208528297045], [-76.25374384474819, 36.9020290663937], [-76.25384121978702, 36.90201324345607], [-76.2542279384905, 36.90195040072199], [-76.25429425860426, 36.90193985642412], [-76.2543033475699, 36.90193841123403], [-76.25443549498516, 36.90191739963243], [-76.25446693871716, 36.90191240020181], [-76.25461949767329, 36.90188697408013], [-76.25495076265646, 36.901831763238164], [-76.25509693839598, 36.9018074007714], [-76.25542393890895, 36.901753400619995], [-76.25550302561166, 36.90173974005845], [-76.25575393912256, 36.901696400297865], [-76.25608293921731, 36.90163840017222], [-76.25646793910683, 36.9015674004704], [-76.25647258921781, 36.90159185151437], [-76.25649893898617, 36.90173040049843], [-76.25651527202993, 36.901888929156435], [-76.25653293927412, 36.90206040083634], [-76.25654193930826, 36.902355400491636], [-76.25653692440308, 36.902550061430034], [-76.25653470728841, 36.90263612173264], [-76.25650842400925, 36.90365631882916], [-76.25650393945182, 36.90383040075549], [-76.2564999391759, 36.903995400691535], [-76.25659323472121, 36.90398641739399], [-76.25663494004388, 36.9039824010438], [-76.25664171121987, 36.90366411176236], [-76.25664193955475, 36.90365340061525], [-76.25664892791103, 36.9034304310171], [-76.25664959685635, 36.90340907947617], [-76.25666293903026, 36.90298340091335], [-76.25666698455004, 36.902790842401416], [-76.25666841457532, 36.90272276386123], [-76.25666901372453, 36.90269428925066], [-76.25667293967135, 36.90250740078673], [-76.2566735635664, 36.90247516973145], [-76.25667893999353, 36.902197400216814], [-76.25666793994311, 36.90199340093899], [-76.25665926712402, 36.90193527719509], [-76.25665705580046, 36.901920458799715], [-76.25662093949764, 36.9016784000994], [-76.2566118221393, 36.90163928139816], [-76.25658993927858, 36.90154540045444], [-76.25657593951925, 36.90149040012396], [-76.25652647772105, 36.9013428117793], [-76.25651393951975, 36.90130540076438], [-76.25649553263679, 36.90126029087095], [-76.25639770116548, 36.9009421968171], [-76.25624777856581, 36.9005753057023], [-76.2560284185402, 36.90012741449073], [-76.25594200118304, 36.899926579255784], [-76.25584764436775, 36.89964729106521], [-76.25578709085322, 36.899381699268105], [-76.25573744013357, 36.89897894565649], [-76.25573573500131, 36.898574360248574], [-76.25577902216126, 36.898152089218854], [-76.25587292251188, 36.8977534505924], [-76.25594454504052, 36.897529532079034], [-76.25603712685796, 36.89729090404358], [-76.25613931420517, 36.897074438403244], [-76.2562550541431, 36.896862351613684], [-76.25639507118842, 36.896639052747034], [-76.25654125340449, 36.89643853641863], [-76.25669750820617, 36.89624439470993], [-76.25686725433685, 36.896056691035454], [-76.25768028814858, 36.892739628343996], [-76.25872975178848, 36.890678504407106], [-76.26024467535103, 36.886405672223795], [-76.26063986078034, 36.88530051316168], [-76.2628040195358, 36.87964847334219], [-76.25938863911225, 36.87880038547395], [-76.25925916264661, 36.87878417928477], [-76.25913002999239, 36.87875630314182], [-76.25897096883868, 36.87869969534043], [-76.25882618838993, 36.87862275437686], [-76.25869560646117, 36.878528225214076], [-76.25856923527162, 36.87840699016828], [-76.2542986863691, 36.87733844012725], [-76.25365244208078, 36.879066557361135], [-76.25357850806826, 36.87913794944055], [-76.2541207966305, 36.87976510544038], [-76.25559389389073, 36.88141284084676], [-76.25475011339994, 36.881957873538745], [-76.25363225762705, 36.88228748582474], [-76.25274438270114, 36.88258851706678], [-76.2525301805039, 36.882661346736484], [-76.25246344909668, 36.88268023127708], [-76.25223589922143, 36.88274462513483], [-76.25219293653731, 36.88275839645217], [-76.25213205702062, 36.882774009907166], [-76.25176793709088, 36.88286739664591], [-76.25179093642355, 36.88295139672437], [-76.25180503690625, 36.883036334312166], [-76.25183293714848, 36.88320439647322], [-76.25187865354503, 36.883392639636604], [-76.25188229484857, 36.88340379799997], [-76.25190903827264, 36.88351033460885], [-76.25206888297643, 36.88414710320114], [-76.25226601337283, 36.88522716435445], [-76.25217896893729, 36.88527907318835], [-76.25217580116022, 36.88528278483328], [-76.25216793759681, 36.88528739725393], [-76.25194593742687, 36.885418397472044], [-76.25201493685019, 36.88550839736736], [-76.25202270590069, 36.88554080794823], [-76.25207798199655, 36.88577141273177], [-76.25208507399273, 36.88580100077461], [-76.25213782198463, 36.8860210579628], [-76.25214293678644, 36.8860423975691], [-76.25219341172257, 36.88630605572099], [-76.25222367292854, 36.886464118903426], [-76.25222793742402, 36.88648639769393], [-76.25220893703272, 36.886580397155655], [-76.25218628431605, 36.88662329280895], [-76.25214973122944, 36.88669251214179], [-76.25211493766915, 36.88675839759582], [-76.2521087323928, 36.886766493998145], [-76.25208571820436, 36.88679652282986], [-76.25192793689627, 36.88700239742753], [-76.25191666390926, 36.88702139722068], [-76.25182486527545, 36.88717611292163], [-76.25174993681698, 36.88730239754516], [-76.25173127241534, 36.887472830796284], [-76.25172783286484, 36.8875042454399], [-76.25172583418824, 36.88752248974805], [-76.2517119367879, 36.88764939766537], [-76.25173489760007, 36.88770995767626], [-76.25176286861057, 36.887783731226676], [-76.25185769529115, 36.8880338350646], [-76.25186868557665, 36.88806282347361], [-76.25187193692638, 36.888071397345534], [-76.2519929374165, 36.88843639777576], [-76.25206793527205, 36.88851727777127], [-76.2520835631254, 36.888534132258776], [-76.25211399029864, 36.88856694653847], [-76.25234993730733, 36.88882139811637], [-76.25243159706626, 36.888856097261346], [-76.25256267590082, 36.88891179711072], [-76.25270293751046, 36.888971397806145], [-76.25303275548754, 36.888979251006035], [-76.2531649379297, 36.888982397808576], [-76.25318675608614, 36.88898239766], [-76.25364193772178, 36.888982397552866], [-76.25380195776813, 36.88898993188188], [-76.25425793763458, 36.88901139821343], [-76.25425918666336, 36.889016548189986], [-76.25429975056016, 36.88918376726977], [-76.25430089952987, 36.88918850701177], [-76.25430693787155, 36.88921339753683], [-76.25436693823706, 36.88945739828835], [-76.25454194441632, 36.89014863854073], [-76.25455062055188, 36.89018290775861], [-76.25455179101901, 36.89018752892707], [-76.25456100160294, 36.890223910357186], [-76.25456723237022, 36.89024852331391], [-76.25457009567756, 36.890259830761494], [-76.2545744468564, 36.890277015645914], [-76.25458888361665, 36.890334041018725], [-76.25460004233608, 36.890378114125525], [-76.25460593767356, 36.89040139835672], [-76.25452637867944, 36.890379908166636], [-76.25443193861425, 36.89035439825743], [-76.25433859869851, 36.89033819613616], [-76.25430230550546, 36.89033189600011], [-76.25419521672664, 36.89031330647135], [-76.2541669384555, 36.89030839796041], [-76.2541067295109, 36.89030004885163], [-76.25387558329685, 36.890267997386566], [-76.25384233842121, 36.89026338776075], [-76.25380137774597, 36.890257707629296], [-76.25367239818581, 36.890239822275795], [-76.25366939634492, 36.89023940614466], [-76.25352476169404, 36.89021935010559], [-76.25350316882121, 36.89021635576398], [-76.25341693815399, 36.89020439817589], [-76.25338161201593, 36.890199436752646], [-76.25337301041856, 36.89019822850857], [-76.25325746153553, 36.890182000210814], [-76.25324449153253, 36.89018017842574], [-76.2532404583842, 36.89017961186567], [-76.25323893743854, 36.89017939800342], [-76.25323826197153, 36.89018257594762], [-76.25322872056732, 36.890227469358656], [-76.25320570616417, 36.89033575378931], [-76.25319390364645, 36.8903912834282], [-76.25319304681116, 36.89039531781392], [-76.2531906826097, 36.89040644241942], [-76.25317162982456, 36.890496082885136], [-76.25316799558047, 36.890513180940054], [-76.25313411983358, 36.89067256742155], [-76.25312044066409, 36.89073692797435], [-76.25310593605619, 36.89080517117951], [-76.25309451671393, 36.89085889908238], [-76.25308555932166, 36.890901044549494], [-76.2530830320933, 36.89091293580828], [-76.25307769212507, 36.89093805951723], [-76.25307261037206, 36.89096196770469], [-76.25303893762229, 36.891120398084304], [-76.25265393781619, 36.89110239849475], [-76.25255471166138, 36.891118024341615], [-76.25252693792588, 36.89112239841326], [-76.25243293731741, 36.89114439855879], [-76.25235093742852, 36.89118539836399], [-76.25232993457114, 36.891200800399375], [-76.25221593806124, 36.89128439809967], [-76.25209293730174, 36.891382398645824], [-76.25201138413091, 36.89146856825636], [-76.25192156850721, 36.89153572392307], [-76.25189993775672, 36.8915493985599], [-76.2518571960856, 36.89154317170887], [-76.25174893743876, 36.89152739871907], [-76.25163693708791, 36.891493398581275], [-76.25150593758387, 36.8913903988407], [-76.25145893709247, 36.89129639846945], [-76.25145893749763, 36.89123039813825], [-76.25146532550474, 36.89118425920343], [-76.25146793738811, 36.89116539837502], [-76.25148693766143, 36.89101539849554], [-76.2514779373202, 36.8909113980112], [-76.2514499377997, 36.89086439825578], [-76.25136493766382, 36.890799397980985], [-76.25124393673711, 36.89079239800259], [-76.25108393685528, 36.89079839836849], [-76.25098993742152, 36.89085239793378], [-76.25089693684312, 36.89094939852584], [-76.25071193677566, 36.89107339818817], [-76.25056793701853, 36.89107139887623], [-76.2504649371246, 36.89105239838365], [-76.2502779364997, 36.89110839823707], [-76.25027157610063, 36.89116141062151], [-76.25026893732861, 36.891183398679736], [-76.25033393721274, 36.89123039861581], [-76.25046493752447, 36.89130539855288], [-76.25057793648783, 36.8913903988085], [-76.25061493730693, 36.89143639839674], [-76.25060793758536, 36.89153539833836], [-76.25055393737075, 36.891635398665485], [-76.25049393677273, 36.89174639893761], [-76.25044280618984, 36.89179740772807], [-76.25027932754998, 36.89196049668605], [-76.25007493664154, 36.89216439867974], [-76.25005293664688, 36.89229039867111], [-76.2498839372333, 36.892411399040604], [-76.24988645632477, 36.892419045854545], [-76.24991193636141, 36.89249639836566], [-76.24999675479748, 36.8925203548644], [-76.25011793652, 36.89254339857479], [-76.25019793648869, 36.89262739869348], [-76.25015476716375, 36.892852998970504], [-76.25013593723688, 36.89295139922649], [-76.25013177090383, 36.89297172745155], [-76.25012748648881, 36.89299263119606], [-76.24994127983153, 36.893901115162706], [-76.24992613768632, 36.89397499203197], [-76.24984936889047, 36.89434953448522], [-76.24984693720475, 36.89436139957218], [-76.24978551012708, 36.894693662991145], [-76.24978093668985, 36.89471839923924], [-76.24956493737969, 36.89502739919273], [-76.24955873980677, 36.89503293572399], [-76.2495471413277, 36.895043294830984], [-76.24938693705171, 36.895186399766324], [-76.2492649364662, 36.89529939931945], [-76.2492050300954, 36.895364540739294], [-76.24916193691489, 36.89541139981636], [-76.24914502418748, 36.895462739899884], [-76.24913393682348, 36.89549639934804], [-76.24916193662212, 36.89558939944334], [-76.24916977183729, 36.89562547195338], [-76.24917202971037, 36.89563587017823], [-76.24917237333355, 36.895637450557906], [-76.24920354444224, 36.89578095945357], [-76.24923229077157, 36.895913307060354], [-76.24924084475786, 36.89595269055475], [-76.24926293681439, 36.896054399211195], [-76.24929608540924, 36.896171268899465], [-76.24934093652456, 36.896329399530565], [-76.24937141169156, 36.896442918964325], [-76.24938093686379, 36.896478399169474], [-76.24935997289529, 36.89654095770857], [-76.2493179364416, 36.89666639989754], [-76.24931193673964, 36.89679839929523], [-76.24930322424485, 36.896915626407605], [-76.24930093692434, 36.89694639965689], [-76.24926593712274, 36.897061399882254], [-76.24919155210094, 36.89717370780981], [-76.24918386086486, 36.897185319817815], [-76.24917933729691, 36.897192149416334], [-76.24916393718765, 36.89721540013382], [-76.24907717792154, 36.89735173415919], [-76.24906593668905, 36.897369399391145], [-76.24902093740604, 36.8975464000891], [-76.24901691667367, 36.89758660004733], [-76.24900893678286, 36.897666399926756], [-76.24899964970344, 36.897713383701515], [-76.24899193697871, 36.89775239974481], [-76.24897397015168, 36.897836457506976], [-76.24896944249181, 36.89787407433271], [-76.24894007499385, 36.89811801296886], [-76.24883201954742, 36.89808686031786], [-76.24849175757542, 36.89798876138693], [-76.24849246720976, 36.897981116912575], [-76.24849164785519, 36.89796694964946], [-76.24848860579921, 36.897951440922846], [-76.2484829151777, 36.897935250491365], [-76.24847626170823, 36.897922193716006], [-76.2484668458101, 36.897908283595314], [-76.24845365163851, 36.89789352590444], [-76.24844402249522, 36.89788490636475], [-76.24844036890758, 36.89788220345286], [-76.24843110073438, 36.89787533588723], [-76.24841874182418, 36.89786782411288], [-76.24840093608601, 36.897859228185766], [-76.24838549613027, 36.89785354214874], [-76.24836654971354, 36.8978484748719], [-76.24836014227792, 36.89784719924978], [-76.24833949991967, 36.897844480002306], [-76.24833564995068, 36.89784438370243], [-76.24831606283576, 36.897843884021], [-76.24829503715095, 36.8978455687437], [-76.24815338367425, 36.89786532756906], [-76.24794779729183, 36.89789401144349], [-76.24773632125634, 36.89792351590864], [-76.24754756937192, 36.89794984374161], [-76.24753225729482, 36.89795209303353], [-76.2475184547819, 36.89795003384652], [-76.2474439361406, 36.89800240041668], [-76.24745429880029, 36.898027197535264], [-76.24746736066386, 36.898058450650595], [-76.24747193637855, 36.89806939990956], [-76.24748270911893, 36.898100150347155], [-76.24749964772599, 36.89814850291333], [-76.24751604942496, 36.89819532276537], [-76.24752693594718, 36.89822639987351], [-76.24753946582175, 36.89827540795909], [-76.24756364000893, 36.89836995308764], [-76.24756373756773, 36.89837033353448], [-76.24757691200841, 36.898421861590904], [-76.24758610390415, 36.89845781148857], [-76.24761693626373, 36.89857840051433], [-76.2476411500574, 36.8986909585335], [-76.24764293589065, 36.89869926016056], [-76.24764885447951, 36.898726773554166], [-76.24765393683474, 36.89875040042157], [-76.24765751959248, 36.898783363821366], [-76.24766891845528, 36.89888823448401], [-76.24767393608607, 36.89893439986173], [-76.24775695942898, 36.89893098117383], [-76.24801393673343, 36.89892040035735], [-76.24808208811729, 36.898911510852486], [-76.24814712647688, 36.89890302766876], [-76.24817493617283, 36.89889939979728], [-76.24827490876584, 36.898878026555074], [-76.24846493695391, 36.89883740004291], [-76.2486579365038, 36.89877940029003], [-76.24866743227291, 36.89877566122595], [-76.2487678940523, 36.89873610452002], [-76.24880735445355, 36.89872056719541], [-76.2489779371357, 36.89865340049875], [-76.24905679511461, 36.89862250747426], [-76.24931677477402, 36.898512045170186], [-76.24941172064165, 36.898487767830545], [-76.24946793986243, 36.898471028812004]]]}, "properties": {"OBJECTID": 463, "PERIMETER": 27236.473, "PRECINCTS": 28, "PRECINCTS1": 11, "ELECTION": 29, "ELECTION_I": 45, "PRECNAME": "Lafayette-Winona", "SUPWARD": 7, "WARD": 3, "ADDRESSNUM": 1701, "POLLPLACE": "Academy for Discovery", "ADDRESSSTR": "Alsace Avenue", "PRECNUM": 305, "POLLADDRESS": "1701 Alsace Avenue", "NAME_1": "Lafayette", "NAME_2": "Winona", "created_user": "CSIEMER", "created_date": 1662571027000, "last_edited_user": "NORFOLKGIS", "last_edited_date": 1684863452000, "Shape__Area": 18560789.75978367, "Shape__Length": 28741.830382430915, "NORFOLKGIS.Precincts.AREA": null}}, {"type": "Feature", "id": 464, "geometry": {"type": "Polygon", "coordinates": [[[-76.22846793041244, 36.90137740093596], [-76.22857693127844, 36.90139540168389], [-76.22861496817173, 36.9013969228316], [-76.22870193026891, 36.90140040176693], [-76.2292896897957, 36.90135456887664], [-76.22938583151303, 36.901347071018236], [-76.22966472568989, 36.90132532217399], [-76.22979193129956, 36.90131540175667], [-76.23030893178637, 36.90127040168897], [-76.23054693152386, 36.90124940142975], [-76.23066293147679, 36.90123940159658], [-76.23117793193168, 36.90117940164906], [-76.23140793135565, 36.901147401637836], [-76.2314929318282, 36.901134401324626], [-76.23196493220429, 36.901064400926856], [-76.23254793151676, 36.90095740157949], [-76.23281672440349, 36.90090465305894], [-76.23302693254855, 36.900863401260054], [-76.23313993231965, 36.900841401487575], [-76.23336393182251, 36.90078940118343], [-76.23395993255782, 36.900630400962385], [-76.23426893277075, 36.90054740083596], [-76.23432893242459, 36.90052740134663], [-76.23440493231534, 36.900494400551295], [-76.23442787901433, 36.90048052544659], [-76.23442971808659, 36.900479413447194], [-76.23449093204273, 36.9004424012658], [-76.23446768067045, 36.900386822135815], [-76.23427417411003, 36.89992426654035], [-76.23419637953599, 36.89973830624062], [-76.23407301497228, 36.89944341199982], [-76.23406174832742, 36.89941648066066], [-76.23392089215012, 36.89907977121703], [-76.23390693263204, 36.89904640077874], [-76.23385659969833, 36.89902813459927], [-76.23378293226844, 36.8990014006783], [-76.23365293181828, 36.89896940067013], [-76.23360721285445, 36.898963971535395], [-76.2335570294842, 36.89895801190522], [-76.2334929316973, 36.89895040028551], [-76.23340950768004, 36.898949620596866], [-76.23338593222982, 36.8989494002567], [-76.23332531356093, 36.89895665445501], [-76.23326893220586, 36.89896340085127], [-76.23317793221277, 36.89898440086969], [-76.23314256227627, 36.89899540497462], [-76.23313293189261, 36.89899840107391], [-76.2326878535888, 36.89909663994995], [-76.2324669318616, 36.89914540102788], [-76.23239313368808, 36.898935457879745], [-76.23237370549694, 36.89888018822566], [-76.23231818471739, 36.89872224120233], [-76.23229293150123, 36.8986504008838], [-76.23224135397409, 36.89849829782078], [-76.23216971399819, 36.8982894841135], [-76.2321602066436, 36.898261771679785], [-76.23202693115944, 36.89787940074862], [-76.23199319499, 36.8977749650838], [-76.23191193126229, 36.897523400614304], [-76.23197863964083, 36.89750883103261], [-76.23312215989264, 36.897264010453846], [-76.23354900953292, 36.897243748251704], [-76.23374593173193, 36.897234400262256], [-76.23387393165282, 36.897181400561756], [-76.23384453137045, 36.89710934812036], [-76.2338029322672, 36.897007400620126], [-76.23377852975975, 36.89694623131456], [-76.23377526814511, 36.89693805602407], [-76.23373365561262, 36.896833748431284], [-76.23371399631986, 36.896784467803016], [-76.23367737445281, 36.89669267019478], [-76.23320693236707, 36.8955134000842], [-76.23288993215158, 36.89469740016958], [-76.23265911483281, 36.89416816778059], [-76.23263349260576, 36.89410941829741], [-76.23263320586369, 36.894108761970415], [-76.23259387102146, 36.89401856925479], [-76.23221393174414, 36.89314739994936], [-76.23214441761583, 36.89300927258148], [-76.23213722629541, 36.892994983070594], [-76.23190493077458, 36.892533399476875], [-76.23167405350573, 36.89214212946008], [-76.23151726891602, 36.8918764234255], [-76.23148893150201, 36.89182839901352], [-76.23132393088207, 36.89157939885875], [-76.2312499308357, 36.891595399194784], [-76.2311599311199, 36.89161339899482], [-76.23107693129288, 36.89149139939464], [-76.23124093120813, 36.89145539922447], [-76.23111630056147, 36.891267836385175], [-76.23107747069447, 36.891209400267606], [-76.23094122201013, 36.89100435241317], [-76.23083693100759, 36.8908473988898], [-76.2303208260476, 36.89013142169256], [-76.23028693104547, 36.890084399210586], [-76.22946493015405, 36.888924398658396], [-76.22936864387647, 36.88878291730705], [-76.22921993079018, 36.88856439868503], [-76.22921749445985, 36.88856084343855], [-76.22915548635287, 36.88847035818303], [-76.22908492976742, 36.888367398459835], [-76.22905643744502, 36.888327075389704], [-76.22905442759105, 36.88832423055556], [-76.22889230075718, 36.888094779918696], [-76.22879389352894, 36.88795550689905], [-76.22873093062249, 36.88786639827728], [-76.22862790815789, 36.88773193398606], [-76.22854810105777, 36.887627769326265], [-76.22829816825497, 36.887308441233195], [-76.22829344662395, 36.88730292455136], [-76.22825832925223, 36.88726476088468], [-76.22817318436944, 36.887172230501285], [-76.2281319302076, 36.887127398726705], [-76.22803885545794, 36.887042994980085], [-76.22740192968986, 36.88646539811227], [-76.2269826640002, 36.886166296167275], [-76.22675992962998, 36.88600739802833], [-76.22620892927829, 36.88568339841453], [-76.2258978175228, 36.88552727717495], [-76.22565892871158, 36.88540739768821], [-76.22540443548918, 36.88529944733963], [-76.22534437898413, 36.88527397272328], [-76.22517092869985, 36.885200398234105], [-76.22515138034827, 36.88519411663442], [-76.22494127111597, 36.8851265987057], [-76.22470568471795, 36.8850508928708], [-76.22433569740517, 36.884931996289076], [-76.22425292901747, 36.88490539797812], [-76.22403257365997, 36.884836778562445], [-76.22402492840065, 36.884834397754524], [-76.22389807447588, 36.88479521738045], [-76.22367511814267, 36.884726354903414], [-76.22362992810321, 36.88471239769093], [-76.22356330878941, 36.884690569974964], [-76.22333692847828, 36.88461639808302], [-76.22328715056702, 36.88469256371952], [-76.2232678770907, 36.88472205387219], [-76.22325392799335, 36.88474339776536], [-76.22322148872901, 36.884792620892036], [-76.22305760932531, 36.885041290746635], [-76.22302392827223, 36.885092397980216], [-76.22295374400586, 36.88520211940373], [-76.22289845123821, 36.88528856010693], [-76.22279492857514, 36.88545039851215], [-76.2227301037016, 36.8855509394707], [-76.22267050893075, 36.885643371096286], [-76.22252489523069, 36.88586921350627], [-76.22251095892994, 36.88589082707945], [-76.22234885618545, 36.886142241817936], [-76.2221749614947, 36.88641194210058], [-76.22213488556417, 36.88647409683428], [-76.22211792767781, 36.886500398454935], [-76.22209219715909, 36.8865418940246], [-76.22186492826589, 36.88690839852639], [-76.22179192827893, 36.88702839814473], [-76.22165092827419, 36.88724739830973], [-76.22159292751624, 36.887336399045125], [-76.22146986164994, 36.88752709639742], [-76.22139434557927, 36.887644113008356], [-76.22137092761166, 36.88768039913498], [-76.22132934370575, 36.88774470571463], [-76.22131127321622, 36.88777264960041], [-76.22127392828857, 36.88783039880183], [-76.22057085134014, 36.88892314484561], [-76.2205179277992, 36.88900539940769], [-76.220346430661, 36.8892743811627], [-76.22030647903672, 36.88933704070887], [-76.22030395398222, 36.88934100196143], [-76.22020072450171, 36.88950290796668], [-76.22013792710436, 36.88960139935941], [-76.22012312529478, 36.889623014810205], [-76.2200749274983, 36.889693399564045], [-76.22004656265668, 36.889736780678675], [-76.22003689006063, 36.889751574843366], [-76.22000692777488, 36.8897973992429], [-76.22003575433459, 36.889836655726576], [-76.2204989272554, 36.89046739939363], [-76.22101092756198, 36.89116639951996], [-76.22104192741556, 36.89120939985276], [-76.22107312972018, 36.891252012904026], [-76.22116869979342, 36.891382532921405], [-76.22121692851907, 36.89144839911762], [-76.2215959280683, 36.89196539928285], [-76.2221539288467, 36.892733399568094], [-76.22258192835406, 36.89332240005284], [-76.22264237283146, 36.89340500121161], [-76.22278717297229, 36.893602879398344], [-76.22313735156746, 36.89408141263115], [-76.22314392845968, 36.894090399720625], [-76.22321192904828, 36.89418439978522], [-76.22340831175218, 36.894452983812165], [-76.22343477392874, 36.8944891739626], [-76.22348392862227, 36.8945564001409], [-76.2234496394123, 36.89457407533529], [-76.22343274045556, 36.894582786086346], [-76.22338692916323, 36.894606399876196], [-76.2234187632743, 36.89465011245357], [-76.22342688669664, 36.89466126755839], [-76.2234539289167, 36.894698400064755], [-76.22351719756163, 36.89466676594468], [-76.22352441652703, 36.894663156954365], [-76.22355192864556, 36.89464940035071], [-76.22356254643444, 36.89466389560371], [-76.22362264596238, 36.89474594600008], [-76.22371121621421, 36.89486686278864], [-76.22374418124701, 36.89491186632035], [-76.2241739029503, 36.89549852052499], [-76.22436792901159, 36.89576340027287], [-76.22453418197209, 36.8959914298435], [-76.22463689479937, 36.896132307639924], [-76.22470967141096, 36.896232125697225], [-76.22498692969513, 36.896612400495655], [-76.22521534265371, 36.896925786008616], [-76.22525721611964, 36.89698323739968], [-76.22527992982491, 36.89701440056131], [-76.22553614935423, 36.897365173804495], [-76.22607392926612, 36.89810140080231], [-76.22609029378651, 36.89812384178691], [-76.22618752922489, 36.89825718386285], [-76.2262670928431, 36.89836629019646], [-76.22634593011796, 36.89847440081746], [-76.2268199295882, 36.8991244009272], [-76.22697284378356, 36.89933353002837], [-76.22734493063258, 36.89984240092908], [-76.2276524624177, 36.90026231194435], [-76.22774237384229, 36.9003850784545], [-76.22780860812792, 36.900475514380375], [-76.22800993081263, 36.90075040145758], [-76.2280795064835, 36.900845833254316], [-76.22815793080882, 36.900953400953966], [-76.22817009250761, 36.90097014118704], [-76.22824293018998, 36.901070401522496], [-76.22840862276394, 36.90129647994004], [-76.22846793041244, 36.90137740093596]]]}, "properties": {"OBJECTID": 464, "PERIMETER": 16787.512, "PRECINCTS": 29, "PRECINCTS1": 12, "ELECTION": 30, "ELECTION_I": 17, "PRECNAME": "Tanners Creek", "SUPWARD": 7, "WARD": 3, "ADDRESSNUM": 1335, "POLLPLACE": "Tanners Creek Elementary School", "ADDRESSSTR": "Longdale Drive", "PRECNUM": 302, "POLLADDRESS": "1335 Longdale Drive", "NAME_1": "Tanners", "NAME_2": "Creek", "created_user": "CSIEMER", "created_date": 1662571027000, "last_edited_user": "CSIEMER", "last_edited_date": 1666096339000, "Shape__Area": 13534605.105509438, "Shape__Length": 16907.91164462529, "NORFOLKGIS.Precincts.AREA": null}}, {"type": "Feature", "id": 465, "geometry": {"type": "Polygon", "coordinates": [[[-76.21122630012688, 36.87125128687759], [-76.21105992323318, 36.87137639586402], [-76.2109439232255, 36.87148239531627], [-76.2109129239611, 36.87184739574029], [-76.21089192415376, 36.87209539592136], [-76.2108709234017, 36.872303395419046], [-76.21080992379656, 36.87289139563881], [-76.21075702703422, 36.873323828141835], [-76.21072992320333, 36.87354539619463], [-76.21070828914065, 36.87370919845093], [-76.21070192325678, 36.873757397531996], [-76.2106649446196, 36.874171659146626], [-76.21062350333833, 36.874635910110506], [-76.21062292381094, 36.87464239598427], [-76.21059207778667, 36.87463529771474], [-76.21048082203558, 36.87460969453329], [-76.21038392413395, 36.87458739610836], [-76.21012892409614, 36.87453939589085], [-76.21006403541777, 36.87453186108908], [-76.20997392385841, 36.87452139635313], [-76.20965587956994, 36.87449366687304], [-76.20941192294136, 36.87447239636436], [-76.20907526364086, 36.87444087439835], [-76.20887792326508, 36.8744223965884], [-76.20824392249608, 36.874363396639325], [-76.20772892263598, 36.87433639598567], [-76.20673755189112, 36.874318668173764], [-76.20638692274068, 36.8743123965684], [-76.20640892214725, 36.87446039610741], [-76.20639992199968, 36.874538396509145], [-76.20640492205193, 36.874600396654685], [-76.206434922998, 36.87473939614295], [-76.20646592266735, 36.87480839653128], [-76.20651303996931, 36.874871220695496], [-76.20651392218234, 36.87487239619616], [-76.20656092228816, 36.87491739679429], [-76.20660092248674, 36.87493839659241], [-76.20665992212027, 36.87496039642653], [-76.20673792297956, 36.87497439688816], [-76.20692192217378, 36.87497739620981], [-76.20708592286705, 36.87499039608214], [-76.20724692311917, 36.87501739694944], [-76.20743492283061, 36.87506839649377], [-76.20758592282536, 36.87512439665382], [-76.2077269226327, 36.87519339684842], [-76.20782692316725, 36.875254396700264], [-76.20791992316144, 36.875321396502265], [-76.20800592266968, 36.87539539680751], [-76.20800748177946, 36.875397044306204], [-76.2081109232636, 36.87550639633923], [-76.2081919225683, 36.87561339684944], [-76.20820811412273, 36.875641190474326], [-76.20825192293304, 36.875716396564144], [-76.20832592335508, 36.87588039642862], [-76.20837492362799, 36.87602239708165], [-76.20839510175817, 36.87609897288101], [-76.20841392318682, 36.87617039694772], [-76.2084399237262, 36.87632039670752], [-76.20844697928486, 36.87642800895647], [-76.20845592309172, 36.87656439683665], [-76.2084489237163, 36.87674339671237], [-76.20858692296335, 36.876742397146835], [-76.20866592342875, 36.87674139693488], [-76.2090269237373, 36.8767643969249], [-76.20926892343054, 36.876759396982884], [-76.20949192337513, 36.87674239647926], [-76.20971292366076, 36.87671139685482], [-76.2098859235509, 36.876676396463345], [-76.21009992324596, 36.87662039681293], [-76.21026103947217, 36.87658105845268], [-76.21065692420518, 36.87648439692249], [-76.21068564197222, 36.876595719332855], [-76.21074592440647, 36.87682939663864], [-76.21085192373617, 36.87716439674242], [-76.21091692424757, 36.87733339701689], [-76.2110169242021, 36.877549396694064], [-76.21115192376071, 36.87779939683924], [-76.21127392428163, 36.87798539690557], [-76.21190192488382, 36.87886539714829], [-76.21193892425184, 36.87891839698571], [-76.21216892474179, 36.879253397543], [-76.2124599246895, 36.879698397454604], [-76.21252892440619, 36.879806396920586], [-76.2134518671778, 36.881067840650616], [-76.21363592515287, 36.881319397200755], [-76.21375292536186, 36.881499397601544], [-76.21379892496073, 36.88155939809726], [-76.21389711626072, 36.881689807885174], [-76.2139269252021, 36.88172939788994], [-76.21398013207363, 36.8818003407016], [-76.21406492568033, 36.881913397659616], [-76.21423116452476, 36.88196374889517], [-76.21424630212145, 36.88196833396527], [-76.21427213747057, 36.88197615849601], [-76.21429170204333, 36.88200302530808], [-76.21431457124358, 36.8820344290604], [-76.21432508623016, 36.88204886823666], [-76.21438022773933, 36.88212458885749], [-76.21438498477005, 36.882131120867946], [-76.2144092224363, 36.882164403560644], [-76.2146064344891, 36.88243521187521], [-76.21463541538829, 36.88247500822168], [-76.21483763935471, 36.882752696497555], [-76.21495913433999, 36.882917905708716], [-76.21506904546102, 36.88306881714279], [-76.21507092571004, 36.883071398308246], [-76.21510019230395, 36.88311148582393], [-76.21521873737876, 36.883273863825956], [-76.21566592606929, 36.88388639790778], [-76.21567407478858, 36.88389693574003], [-76.21572377830388, 36.883961209671575], [-76.21597292553618, 36.884283397964545], [-76.21606392573159, 36.88440039857288], [-76.21652092599463, 36.885022398659636], [-76.21654469227667, 36.88505503804161], [-76.21658432541135, 36.885109468387846], [-76.2168387478278, 36.88545887616041], [-76.21712092634286, 36.88584639847872], [-76.21733192610006, 36.88613639870129], [-76.21755847190241, 36.88644605765018], [-76.21764930760723, 36.88657021700611], [-76.21783892645196, 36.886829398253], [-76.21804892633783, 36.887114398427606], [-76.21848714103648, 36.88771617065676], [-76.21864307947965, 36.88793030712963], [-76.21889292697792, 36.88827339901054], [-76.21932777742654, 36.888868301602656], [-76.21954865750004, 36.8891704740205], [-76.21971240254793, 36.889394483645745], [-76.21997396858158, 36.88975231085609], [-76.22000692777488, 36.8897973992429], [-76.22003689006063, 36.889751574843366], [-76.22004656265668, 36.889736780678675], [-76.2200749274983, 36.889693399564045], [-76.22013792710436, 36.88960139935941], [-76.22020072450171, 36.88950290796668], [-76.22030395398222, 36.88934100196143], [-76.2205179277992, 36.88900539940769], [-76.22127392828857, 36.88783039880183], [-76.22132934370575, 36.88774470571463], [-76.22137092761166, 36.88768039913498], [-76.22146986164994, 36.88752709639742], [-76.22159292751624, 36.887336399045125], [-76.22165092827419, 36.88724739830973], [-76.22179192827893, 36.88702839814473], [-76.22186492826589, 36.88690839852639], [-76.22211792767781, 36.886500398454935], [-76.22267050893075, 36.885643371096286], [-76.2227301037016, 36.8855509394707], [-76.22279492857514, 36.88545039851215], [-76.22302392827223, 36.885092397980216], [-76.22305760932531, 36.885041290746635], [-76.22322148872901, 36.884792620892036], [-76.22325392799335, 36.88474339776536], [-76.22333692847828, 36.88461639808302], [-76.22333901644035, 36.88461304394412], [-76.22336667128272, 36.88456862888598], [-76.22340292778512, 36.88451039828458], [-76.22343045298356, 36.88446671081836], [-76.22352701195125, 36.88431345061935], [-76.2235749277959, 36.88423739754145], [-76.22370229541292, 36.88403566660398], [-76.22372854495698, 36.88399409243283], [-76.22373592822339, 36.88398239765128], [-76.22377106258601, 36.88392848534976], [-76.22382088984655, 36.88385202573103], [-76.22384396722319, 36.883816615011284], [-76.22386068685289, 36.883790958442376], [-76.22387539267208, 36.88376839244979], [-76.22390992814275, 36.883715397831], [-76.22392906102179, 36.88368560289646], [-76.22393373303049, 36.883678326425034], [-76.22401357804027, 36.88355398374083], [-76.2240164737129, 36.88354947524629], [-76.22407532231868, 36.8834578298704], [-76.22413485232421, 36.88336512322181], [-76.22415455478608, 36.88333443970975], [-76.22440107166535, 36.88295053596983], [-76.22441592898161, 36.8829273977695], [-76.22442182167529, 36.88291821596991], [-76.22467621762743, 36.88252181163732], [-76.22468105441256, 36.88251427422556], [-76.22468490590767, 36.88250827351393], [-76.22470792910904, 36.88247239737976], [-76.2249091260607, 36.88215904664459], [-76.22492701052784, 36.882131192395086], [-76.22495045899515, 36.882094672754796], [-76.22557604108007, 36.88114310000301], [-76.22555792875593, 36.88114639726359], [-76.22557002560833, 36.88112773131742], [-76.22567774170273, 36.8809615199426], [-76.22568023352848, 36.8809576751208], [-76.22569779873648, 36.88093056993998], [-76.2257189357252, 36.88089795525977], [-76.2259690313967, 36.880512041014164], [-76.22597592916384, 36.88050139672922], [-76.22604356182691, 36.880396623322405], [-76.22610545783526, 36.88030073732177], [-76.22610916916294, 36.8802949880437], [-76.22639292909714, 36.879855396578435], [-76.22665392906728, 36.8794523963539], [-76.22672092914458, 36.87935039651348], [-76.2267372140632, 36.879324915040854], [-76.22675819735026, 36.879292082687826], [-76.22689092941762, 36.87908439692778], [-76.22716392948237, 36.87865639644002], [-76.2274587235578, 36.87819650430454], [-76.22745923556658, 36.878195705671374], [-76.22785492883337, 36.87757839597779], [-76.22815488009446, 36.87711052833706], [-76.22817937689196, 36.877072318465096], [-76.22855692948848, 36.87648339628762], [-76.22880849117118, 36.876092888007115], [-76.22884650757793, 36.876033872346824], [-76.22913097899188, 36.87559227041396], [-76.22920854860425, 36.875471852901505], [-76.22921592980195, 36.875460395729846], [-76.22925223500584, 36.87540376347035], [-76.22930836109362, 36.87531621032348], [-76.22933208467646, 36.87527920395137], [-76.22934026205488, 36.87526644795108], [-76.22954229595592, 36.87495128807213], [-76.22954735793634, 36.874943391574185], [-76.22971840650492, 36.87467656392452], [-76.22974211323414, 36.87463958238975], [-76.22975308920304, 36.874622460084396], [-76.22989992954037, 36.874393395449424], [-76.23025361516095, 36.87384360466512], [-76.23029340140509, 36.87378175909233], [-76.23051492999615, 36.873437395591964], [-76.23058692942946, 36.8733243952512], [-76.23078430390353, 36.8730181869434], [-76.23082013576582, 36.87296259700737], [-76.23104392996548, 36.87261539555381], [-76.23126849297539, 36.87226627780662], [-76.23129093045318, 36.87223139512195], [-76.23130969719409, 36.87220419339705], [-76.23137992981192, 36.87210239507178], [-76.23149110424546, 36.871940029600516], [-76.23158490012587, 36.87180304387918], [-76.2315949306838, 36.87178839457031], [-76.23164692396377, 36.87170991409619], [-76.23165283400617, 36.871700993700316], [-76.2318069297225, 36.87146839476808], [-76.23181420988097, 36.87145736365113], [-76.23182675948523, 36.87143834801124], [-76.23183441336202, 36.871426749930855], [-76.23198671796088, 36.871195970335826], [-76.23199368312926, 36.87118541626611], [-76.23210193025831, 36.871021394706446], [-76.23213931963063, 36.87096505477885], [-76.23216344854006, 36.87092869568802], [-76.23218394836015, 36.870897804600865], [-76.23224793004027, 36.87080139435074], [-76.23227804032442, 36.87075657228899], [-76.23229575379841, 36.87073020279133], [-76.23233593015671, 36.87067039492184], [-76.23237869075659, 36.87060599032026], [-76.23237968536839, 36.870604469064354], [-76.23241693063075, 36.870548394884835], [-76.23245332718967, 36.87049380059978], [-76.23250183122984, 36.87042104378198], [-76.23250241381854, 36.87042016987402], [-76.23257295734567, 36.87031435494848], [-76.23262093024836, 36.87024239456714], [-76.23269392569284, 36.870131407921924], [-76.23279193040644, 36.86998239434203], [-76.23285219844996, 36.86989100490386], [-76.2329139306008, 36.86979739475506], [-76.23293486481255, 36.86976501203861], [-76.23297793061374, 36.86969839483694], [-76.23301287983378, 36.86964388964175], [-76.23305089087295, 36.86958460943368], [-76.23332404462339, 36.86915860441797], [-76.23335904985736, 36.869104010071936], [-76.23344564007846, 36.868968966140415], [-76.23344793000022, 36.86896539399554], [-76.23353893029851, 36.868823394429434], [-76.23363292082998, 36.86868042942505], [-76.23366194578215, 36.86863628106216], [-76.23372893010855, 36.868534394446165], [-76.23395650792406, 36.868177495395365], [-76.23398842025537, 36.86812744905796], [-76.23404393044697, 36.86804039394857], [-76.23410392240858, 36.86794721567395], [-76.23416530598882, 36.86785187476754], [-76.23432593046883, 36.86760239425879], [-76.23450293080616, 36.86732639356088], [-76.2346459306392, 36.8671023936074], [-76.23476293087099, 36.86689939359054], [-76.23484093071445, 36.86676239383534], [-76.23492744090974, 36.86661264770435], [-76.23495876891312, 36.866558420989946], [-76.23503793108021, 36.8664213939528], [-76.23514793039566, 36.86621639365408], [-76.23528193063915, 36.865885393660854], [-76.23534793120942, 36.865689393372186], [-76.2353959305209, 36.8654823935415], [-76.23542490793632, 36.86528073360743], [-76.23543401303922, 36.86521737736723], [-76.23544493110823, 36.86514139353006], [-76.23544993125147, 36.86492739300439], [-76.2354389310296, 36.86471339319239], [-76.23540993144616, 36.86450439334647], [-76.23538493119635, 36.86438439325962], [-76.2353309306001, 36.86418639313727], [-76.2352439304765, 36.863946393451926], [-76.23522517164328, 36.86390556624728], [-76.23519438277211, 36.86383855463888], [-76.23515893090101, 36.86376139284252], [-76.2344638695859, 36.86254341737028], [-76.23441553306958, 36.86245871376793], [-76.23430293052368, 36.86226139275125], [-76.23418107383134, 36.86204428904542], [-76.23398693069618, 36.861698392710785], [-76.23394707088696, 36.86162868188577], [-76.23386619582418, 36.86148724134791], [-76.23384748557294, 36.86145451911924], [-76.23353293057545, 36.86090439293183], [-76.23346733606829, 36.86078154309837], [-76.23341493012332, 36.86068339218136], [-76.23334484418277, 36.86052587244172], [-76.23331414672437, 36.860456879011394], [-76.23331393018242, 36.86045639259558], [-76.23322892995157, 36.86020339226273], [-76.23316193028386, 36.85994639280479], [-76.2331506096761, 36.85987988970878], [-76.23308633319058, 36.85950230053831], [-76.23308405833107, 36.85948893967817], [-76.23299319512215, 36.85895516756167], [-76.23296308813772, 36.858778298596974], [-76.23294027666854, 36.858644294843366], [-76.23291493023198, 36.85849539195453], [-76.23279592957161, 36.85775439237815], [-76.23278950281357, 36.85770604009912], [-76.2327879752901, 36.85769454959351], [-76.23277492968249, 36.85759639190989], [-76.23271892965549, 36.85734739144305], [-76.23266692956736, 36.85705739146053], [-76.23256080563279, 36.85665199328886], [-76.23254719471844, 36.85660000134965], [-76.23237792953276, 36.85595339121656], [-76.2323379292581, 36.85580839124158], [-76.23196342751325, 36.85587997125309], [-76.2318065471956, 36.855909955646986], [-76.2316839290472, 36.855933391402246], [-76.23167700149521, 36.855934856658735], [-76.23161514455798, 36.85594793985828], [-76.23076192928909, 36.856128391703756], [-76.23057486028972, 36.85616984264389], [-76.23051070552302, 36.85618405807112], [-76.22989992874086, 36.85631939133378], [-76.22958292911034, 36.85638439185938], [-76.22947427908272, 36.85640208855516], [-76.22938203172227, 36.856417114177994], [-76.22931892874179, 36.85642739224313], [-76.22898292872608, 36.85646539170304], [-76.22889897072184, 36.85647149222999], [-76.2286939279478, 36.856486391385964], [-76.22864392798596, 36.856487392195376], [-76.22846792815322, 36.85649239209182], [-76.22830083585055, 36.85649049268933], [-76.2282919282027, 36.8564903916137], [-76.22824192791518, 36.85649039171512], [-76.22815066706005, 36.85648591339194], [-76.22809165890189, 36.85648301703018], [-76.22807892853291, 36.85648239220743], [-76.22806592877171, 36.85663639194185], [-76.22794292843083, 36.85702939177097], [-76.2278769285586, 36.857215391869865], [-76.22775592872088, 36.85745139197131], [-76.22755695285896, 36.85772995990851], [-76.22741308852302, 36.8579313694776], [-76.22728978780398, 36.858103990121194], [-76.22723592853741, 36.85817939213338], [-76.22692762498697, 36.85851501099953], [-76.22687293492744, 36.8585745460251], [-76.22684882561856, 36.85859109657957], [-76.22672540321987, 36.85871646311522], [-76.22651961171957, 36.85895916864337], [-76.22648947111588, 36.85899471523571], [-76.226370928069, 36.85934639234604], [-76.22615960070742, 36.86026072692842], [-76.22613408240885, 36.86037113144425], [-76.22612404028652, 36.8604145791297], [-76.22604920142419, 36.860738375065104], [-76.22602492792903, 36.86084339268029], [-76.22568215982943, 36.86126453397458], [-76.22566192720684, 36.86128939256819], [-76.22551692817362, 36.8614003931293], [-76.225015927563, 36.86178439277872], [-76.22468842266773, 36.8619839081822], [-76.22458211709036, 36.86204866912156], [-76.22440692743209, 36.86215539328305], [-76.2242081848474, 36.86231926625043], [-76.22388709958312, 36.86258401596009], [-76.22375000900834, 36.862697053366574], [-76.22361538650965, 36.86280805355891], [-76.22347792706121, 36.862921393589374], [-76.2231589268329, 36.86333339340373], [-76.22300892654252, 36.863764393973995], [-76.2229891431625, 36.86393008075258], [-76.22294688689831, 36.86408589625159], [-76.22295270744051, 36.8642336821832], [-76.22295256859736, 36.8642354669285], [-76.22292183525812, 36.86441332639977], [-76.22290592671392, 36.86450539414967], [-76.22280423998637, 36.86472199225923], [-76.22275306804049, 36.86483099024487], [-76.22268875114477, 36.86496798713389], [-76.22238292693704, 36.86561939381194], [-76.22198192721214, 36.865991393907066], [-76.22181880583513, 36.866106365360295], [-76.22164992711201, 36.86622539381519], [-76.22135293786005, 36.866299391886045], [-76.22111048486981, 36.866359800695015], [-76.22105592656374, 36.86637339419794], [-76.22104573246537, 36.86637339383083], [-76.22074192620906, 36.86637339449568], [-76.22062492673618, 36.86637339397136], [-76.22029792653703, 36.866280394169166], [-76.22020954707422, 36.86623883253647], [-76.22011292659285, 36.866193394497856], [-76.2197209264361, 36.86594239399178], [-76.2195239262545, 36.865802394481996], [-76.21927792622118, 36.86571239382967], [-76.21909192595699, 36.86567839410961], [-76.21894592592446, 36.865672394351954], [-76.21884234995113, 36.865668557720866], [-76.21881092562639, 36.86566739402805], [-76.21869992614995, 36.86565939385099], [-76.2186199253813, 36.86566439410359], [-76.21852692605424, 36.86568039378423], [-76.21847392553059, 36.86568639426449], [-76.21830292573954, 36.86578039411682], [-76.21800278649644, 36.8659658396452], [-76.21789992508606, 36.86602939431901], [-76.21768930860406, 36.8661898937404], [-76.21768688139406, 36.86619174308818], [-76.21759530029661, 36.86626153158888], [-76.21754692573961, 36.86629839469994], [-76.21736992502515, 36.86641639400253], [-76.21721892489509, 36.86651239443289], [-76.21708492567856, 36.86661339423076], [-76.21702192514816, 36.86670239453106], [-76.21682192584153, 36.86700939482329], [-76.21657866453975, 36.867311873535726], [-76.21650732398594, 36.86740057986465], [-76.2160619250628, 36.867954394851296], [-76.2158369252847, 36.86816039445741], [-76.21565392485148, 36.86839439514667], [-76.21564384286688, 36.86842176154392], [-76.21558392523859, 36.86858439456317], [-76.21557997878062, 36.86860542727757], [-76.21555123155629, 36.86875861782824], [-76.2155428990564, 36.86880302190491], [-76.21552426545311, 36.86890232171545], [-76.21550792526673, 36.8689893947127], [-76.2153309255052, 36.86942539502605], [-76.21526692489847, 36.869552395300374], [-76.21516592468653, 36.869716395143335], [-76.21509537542015, 36.86980778867461], [-76.2150779254377, 36.869830394843156], [-76.21499492459992, 36.86991339493416], [-76.21486892494285, 36.869925394995434], [-76.2147609251928, 36.869925395243186], [-76.21467292507155, 36.86988739550728], [-76.21459692451556, 36.86986239542167], [-76.21434392458735, 36.86972339530661], [-76.2142934144623, 36.86969989060755], [-76.21424292427909, 36.86967639528795], [-76.21402392471845, 36.86960939500056], [-76.21393492460669, 36.86960239540161], [-76.21382492436156, 36.86962139484321], [-76.21372392426618, 36.86966739537767], [-76.21370004352329, 36.869676559173875], [-76.21363792409245, 36.869700395084095], [-76.21331704611424, 36.86982308412352], [-76.21322992439688, 36.86985639521831], [-76.21283792375839, 36.86998939481222], [-76.21281246144045, 36.869996756423426], [-76.21241592426583, 36.87011139529097], [-76.21221874191784, 36.870187359299784], [-76.21217192416714, 36.87020539549401], [-76.21216668056874, 36.87020955601257], [-76.21216526797335, 36.87021067596212], [-76.21210139555757, 36.87026134805215], [-76.21203611043005, 36.87031314095623], [-76.21202192444626, 36.87032439515239], [-76.21192517592209, 36.87043738120236], [-76.21190308019168, 36.8704631846783], [-76.2118789238128, 36.870491395267905], [-76.21187851426161, 36.87049199211858], [-76.21162492367962, 36.87086139584745], [-76.21153714225089, 36.87095940403357], [-76.21141892422418, 36.871091395357894], [-76.21131392412302, 36.871185395713], [-76.21130262357822, 36.87119389372776], [-76.21122630012688, 36.87125128687759]]]}, "properties": {"OBJECTID": 465, "PERIMETER": 33289.074, "PRECINCTS": 33, "PRECINCTS1": 44, "ELECTION": 34, "ELECTION_I": 34, "PRECNAME": "Lake Taylor High School", "SUPWARD": 7, "WARD": 4, "ADDRESSNUM": 2515, "POLLPLACE": "Lake Taylor High School", "ADDRESSSTR": "Kempsville Road", "PRECNUM": 415, "POLLADDRESS": "1384 Kempsville Road", "NAME_1": "Lake Taylor", "NAME_2": "High School", "created_user": "CSIEMER", "created_date": 1662571027000, "last_edited_user": "CSIEMER", "last_edited_date": 1687295206000, "Shape__Area": 44015839.31660131, "Shape__Length": 33330.35211460989, "NORFOLKGIS.Precincts.AREA": null}}, {"type": "Feature", "id": 466, "geometry": {"type": "Polygon", "coordinates": [[[-76.25285020428281, 36.88255263917237], [-76.25363225762705, 36.88228748582474], [-76.25475011339994, 36.881957873538745], [-76.25559389389073, 36.88141284084676], [-76.2541207966305, 36.87976510544038], [-76.25357850806826, 36.87913794944055], [-76.25365244208078, 36.879066557361135], [-76.2542986863691, 36.87733844012725], [-76.25856923527162, 36.87840699016828], [-76.25869560646117, 36.878528225214076], [-76.25882618838993, 36.87862275437686], [-76.25897096883868, 36.87869969534043], [-76.25913002999239, 36.87875630314182], [-76.25925916264661, 36.87878417928477], [-76.25938863911225, 36.87880038547395], [-76.2628040195358, 36.87964847334219], [-76.26331870910043, 36.87831549001235], [-76.26355640786073, 36.87767712678707], [-76.26495475177094, 36.87386083629113], [-76.26602759901901, 36.87110638654351], [-76.26607736659551, 36.870926005189695], [-76.26614375679448, 36.87076173821796], [-76.26624126899512, 36.8705856988925], [-76.26636244204876, 36.87041903924547], [-76.26767124417334, 36.86893835163494], [-76.2678004172816, 36.86873200569292], [-76.26780568090885, 36.86872373919604], [-76.26741594139966, 36.8685213926977], [-76.26653694066536, 36.868064392654055], [-76.26518694038637, 36.867651392708765], [-76.26421194047268, 36.86730139256878], [-76.26339893990786, 36.86683939246831], [-76.26261764170162, 36.86615532559073], [-76.26259119043046, 36.866132164923016], [-76.26249893909277, 36.86605139271813], [-76.26237913396069, 36.86593316730968], [-76.26236171560852, 36.865915978973824], [-76.26224236437147, 36.865798201031296], [-76.26223303768522, 36.86578899793118], [-76.26222536030215, 36.865781421676104], [-76.26216227456084, 36.86571916731289], [-76.26209761814621, 36.8656553623777], [-76.262073068703, 36.86563113634295], [-76.26198766077846, 36.8655468552538], [-76.26196793932151, 36.865527392985065], [-76.26183509591289, 36.865884505459974], [-76.26170493921988, 36.86623439313113], [-76.26164293964533, 36.86626639303997], [-76.26161193950514, 36.86629139316757], [-76.26148593886211, 36.866419392639486], [-76.26145693943765, 36.866439393089934], [-76.26141493933532, 36.86644939294803], [-76.26136193862176, 36.86644339293017], [-76.26124393891212, 36.866394392715684], [-76.26122347429026, 36.866387791347535], [-76.26118193943273, 36.866374393178376], [-76.26111129350569, 36.86635752963526], [-76.26102693908388, 36.86633739328493], [-76.26086593887952, 36.86631439249245], [-76.26070293873592, 36.86630639273579], [-76.2605519385297, 36.866311393052214], [-76.26028793881245, 36.86633639266202], [-76.26008954507219, 36.86636668171637], [-76.2599883580945, 36.86638360894075], [-76.2577784484022, 36.86675328114992], [-76.25443920270344, 36.86728155890751], [-76.25109958481522, 36.86782072416593], [-76.24998542464999, 36.86803223035351], [-76.24904795740198, 36.867244314346564], [-76.24905048769155, 36.86725419862517], [-76.2487539352449, 36.86700439303309], [-76.2488099356457, 36.867196393494076], [-76.24914193481395, 36.86833039324163], [-76.24953863329803, 36.86972198925589], [-76.24958293538708, 36.86987739382018], [-76.24996693627008, 36.871512394251404], [-76.2500759352992, 36.871827394645955], [-76.25028296550354, 36.872648196045], [-76.25052770060006, 36.873618459113544], [-76.25052793649924, 36.8736193947494], [-76.25054968502312, 36.873712288506326], [-76.25055838403648, 36.87374944473814], [-76.25069327884249, 36.8743256084924], [-76.25076393597425, 36.874627395386376], [-76.25085393664742, 36.875025394694205], [-76.25113749424153, 36.876384983274136], [-76.25119493608653, 36.87666039506224], [-76.25125993646108, 36.876862395811095], [-76.25130793675797, 36.87706239548299], [-76.2514375076118, 36.87757504731182], [-76.25183593659057, 36.87915139594139], [-76.2519984299322, 36.87978800103195], [-76.25224893665636, 36.88076939644083], [-76.25227540544732, 36.88087295770198], [-76.25255085701713, 36.88195069233666], [-76.25263793758015, 36.88229139683063], [-76.25268286434343, 36.88246760204092], [-76.25271493759232, 36.88259339637466], [-76.25274349546244, 36.88258479635561], [-76.25284962055262, 36.882552837126745], [-76.25285020428281, 36.88255263917237]]]}, "properties": {"OBJECTID": 466, "PERIMETER": 21495.611, "PRECINCTS": 39, "PRECINCTS1": 17, "ELECTION": 40, "ELECTION_I": 4, "PRECNAME": "Ballentine", "SUPWARD": 7, "WARD": 3, "ADDRESSNUM": 2415, "POLLPLACE": "Kroc Center", "ADDRESSSTR": "Ballentine Boulevard", "PRECNUM": 301, "POLLADDRESS": "1401 Ballentine Boulevard", "NAME_1": "Ballentine", "NAME_2": " ", "created_user": "CSIEMER", "created_date": 1662571027000, "last_edited_user": "CSIEMER", "last_edited_date": 1687294977000, "Shape__Area": 19303723.6331129, "Shape__Length": 21800.10093265767, "NORFOLKGIS.Precincts.AREA": null}}, {"type": "Feature", "id": 467, "geometry": {"type": "Polygon", "coordinates": [[[-76.18035569989505, 36.85818440064339], [-76.18035581034677, 36.85818445690814], [-76.18085381477866, 36.85843967186832], [-76.18085389450276, 36.8584397058925], [-76.18085407322084, 36.85843980406722], [-76.18085423395537, 36.858439866732596], [-76.18085428365896, 36.85843989205154], [-76.18085519051768, 36.85844035253972], [-76.18085569632932, 36.85844061221188], [-76.18086332054573, 36.85844454317944], [-76.1808667800878, 36.85844629979045], [-76.1808671269747, 36.85844647429811], [-76.18086810439642, 36.85844697493921], [-76.1808684026181, 36.85844712685268], [-76.18086848324289, 36.858447168105734], [-76.18086940666961, 36.85844763703343], [-76.18086968058628, 36.858447776748974], [-76.18086989375405, 36.85844788551913], [-76.18087005609716, 36.85844796894821], [-76.18087021844025, 36.85844805237735], [-76.18087270892323, 36.858449328342715], [-76.18087286795826, 36.858449409903756], [-76.18087298724141, 36.858449470849315], [-76.18087361895252, 36.85844979520308], [-76.18087676878736, 36.85845140868744], [-76.18087716526767, 36.85845161211738], [-76.18088008758163, 36.858453109336985], [-76.1808809656238, 36.85845355843932], [-76.18088192757135, 36.85845405156364], [-76.180882758097, 36.85845447719301], [-76.18088335667237, 36.85845478466751], [-76.18088417727381, 36.85845520469261], [-76.18088460470295, 36.858455423155846], [-76.18088543853665, 36.858455850653314], [-76.18088571685493, 36.858455993159836], [-76.1808871813063, 36.85845674408806], [-76.18088762970491, 36.858456973782], [-76.1808887727781, 36.858457559720094], [-76.18088992692418, 36.85845815038377], [-76.18089015444528, 36.8584582666484], [-76.18089106226022, 36.858458732563506], [-76.18089292986338, 36.85845968885607], [-76.1808937151146, 36.858460091056735], [-76.1808988827305, 36.85846273861348], [-76.18089933771772, 36.85846297294442], [-76.1809063342791, 36.858466557100805], [-76.1809070411202, 36.858466918993415], [-76.1809142099497, 36.85847059218271], [-76.18091475884926, 36.858470873437305], [-76.18092136661363, 36.858474259722975], [-76.18092257817347, 36.85847488036439], [-76.18092739127717, 36.85847734605064], [-76.18092828476681, 36.85847780357016], [-76.1809335020612, 36.85848047734513], [-76.18093499967686, 36.858481244251145], [-76.18093567999858, 36.85848159300054], [-76.18094103978835, 36.85848433899564], [-76.18094640510117, 36.85848708780368], [-76.18095368657407, 36.85849081910068], [-76.18096793257267, 36.858498118593644], [-76.1809726219669, 36.85850052144238], [-76.1809924641423, 36.858510686970746], [-76.18099564930506, 36.85851231917709], [-76.18101116540741, 36.85852026930558], [-76.18101554116282, 36.85852251092122], [-76.18103573119315, 36.85853285637671], [-76.18103924771594, 36.85853465737415], [-76.18106142242908, 36.8585460191157], [-76.1810636765661, 36.85854717413144], [-76.18108698222403, 36.85855911525515], [-76.18108901105468, 36.85856015495127], [-76.18111262596096, 36.85857225451009], [-76.18111463822436, 36.85857328576615], [-76.18113670917849, 36.85858459316391], [-76.18113909692723, 36.85858581751883], [-76.18116127940748, 36.85859718299982], [-76.18116326296548, 36.8585981992661], [-76.18118498491376, 36.85860932850038], [-76.1811881888673, 36.8586109700862], [-76.1812091730576, 36.858621721490955], [-76.18121130351382, 36.85862281276759], [-76.18123144610827, 36.858633133815765], [-76.18123351141442, 36.8586341913558], [-76.18125585405231, 36.85864563930245], [-76.18125785308729, 36.85864666308371], [-76.18127730541772, 36.85865663067311], [-76.18128090807234, 36.8586584766301], [-76.18129894568075, 36.858667717710524], [-76.18130091598255, 36.85866872740294], [-76.18130133677036, 36.858668943029386], [-76.18130221148192, 36.85866939116131], [-76.18131132858869, 36.85867406186513], [-76.1813303071332, 36.858683786632575], [-76.18133826347419, 36.85868786293875], [-76.18137459271064, 36.85870647628756], [-76.18139667694707, 36.85871779200966], [-76.18141562021799, 36.8587274971374], [-76.18153567451212, 36.85878900802438], [-76.1816378536505, 36.858841361190976], [-76.18166376928326, 36.858854639094126], [-76.18167687123955, 36.85886135164757], [-76.18169561685897, 36.85887095637884], [-76.18172279378909, 36.85888488022093], [-76.1817588868596, 36.85890337250651], [-76.18177986344686, 36.858914120951916], [-76.18180421413021, 36.85892659724779], [-76.181812579174, 36.858930882597114], [-76.18181381171809, 36.85893151445992], [-76.18181801300932, 36.858933666969335], [-76.18184177395283, 36.85894584046894], [-76.18186457731775, 36.858957524539335], [-76.18186811263506, 36.858959335797365], [-76.18188921739643, 36.85897014894812], [-76.18189219166914, 36.85897167240609], [-76.18189593572932, 36.858973590541424], [-76.1819172635937, 36.858984518059636], [-76.18194126863403, 36.858996817142085], [-76.18194996278588, 36.85900127212794], [-76.18200044796941, 36.8590271377987], [-76.18200964797525, 36.859031851546526], [-76.18206048990615, 36.85905790090335], [-76.1820673617695, 36.85906142123309], [-76.18212090852988, 36.85908885619472], [-76.18212785107305, 36.859092413069725], [-76.18218389614161, 36.85912112769964], [-76.1821872437016, 36.859122843300916], [-76.18223807695115, 36.85914888699883], [-76.18224689373135, 36.85915340477492], [-76.18229857853318, 36.85917988529685], [-76.18229976802462, 36.859180494671435], [-76.18230164780233, 36.859181457490834], [-76.18230625003844, 36.85918381529815], [-76.18232467440525, 36.859193255843614], [-76.18232677840099, 36.859194333056465], [-76.1823447775775, 36.85920355518502], [-76.18234834493306, 36.85920538328532], [-76.18236750932934, 36.85921520168607], [-76.18237058190948, 36.85921677574636], [-76.18237869297138, 36.85922093165087], [-76.18239336999018, 36.85922845129678], [-76.18242949209487, 36.85924695836497], [-76.18244018867911, 36.85925243894383], [-76.18252356138827, 36.85929515485988], [-76.182531595176, 36.859299270469066], [-76.18262872614442, 36.85934903530953], [-76.18263585869596, 36.85935268964687], [-76.18272418622323, 36.859397943232814], [-76.18273416163778, 36.859403054408936], [-76.18277435273544, 36.85942364543168], [-76.18278686953009, 36.859430057868536], [-76.18279836136185, 36.85943594620693], [-76.18282465953793, 36.85944941978308], [-76.18282498866196, 36.85944958852607], [-76.18283273532586, 36.859453556931555], [-76.18284759577965, 36.85946117027661], [-76.18286684973559, 36.85947103542959], [-76.18290481320484, 36.85949048546998], [-76.18290706296881, 36.859491638560215], [-76.18291078058746, 36.85949354261968], [-76.18291399013849, 36.85949518697154], [-76.18291746475533, 36.8594969672537], [-76.18292683321424, 36.85949815350794], [-76.18296154810722, 36.85950255023998], [-76.18297962462336, 36.85950483940491], [-76.1830614712011, 36.8595152055043], [-76.18306879252687, 36.85951613322974], [-76.18312300418845, 36.85952299941193], [-76.18313038476724, 36.85952393371062], [-76.18313639313205, 36.85952469491676], [-76.18315480936286, 36.85952702681099], [-76.18316367609297, 36.85952814996761], [-76.18318940695528, 36.859531408541926], [-76.18319511695906, 36.85953213231134], [-76.18321931360492, 36.859535196564465], [-76.18321957049363, 36.85953534314957], [-76.18322245887703, 36.8595369991858], [-76.1833135872723, 36.85958921581062], [-76.18336213361528, 36.85961703380738], [-76.18344082542775, 36.85966212473624], [-76.18345695036044, 36.85968108078531], [-76.18347592104686, 36.859703383027394], [-76.18348337439359, 36.8597121455022], [-76.18351803799423, 36.85975289588985], [-76.18353380238756, 36.859771427473895], [-76.18354300459288, 36.85978224534977], [-76.18359304170181, 36.859841069791976], [-76.1836072771296, 36.8598578035881], [-76.1836487336966, 36.85990653990016], [-76.18365094058451, 36.85990913435297], [-76.1836538870567, 36.85991259880917], [-76.18365619249609, 36.859915308780415], [-76.18368135840028, 36.85992616202545], [-76.18368348527005, 36.859927079216966], [-76.18368615354981, 36.859928229728325], [-76.18371680765775, 36.85994145097727], [-76.18372442608724, 36.85994473624434], [-76.18375358888329, 36.859957313327286], [-76.18375782047993, 36.859959138257025], [-76.18377326434667, 36.85996579940071], [-76.18377508343885, 36.85996658342542], [-76.1837763710727, 36.85996713883382], [-76.18377939364247, 36.85996844235446], [-76.1837805971476, 36.859968960949644], [-76.1837830207539, 36.85997000567831], [-76.18378520912023, 36.859970929488945], [-76.18378605571083, 36.85997130764034], [-76.18378918655073, 36.85997266557635], [-76.1837895009745, 36.859972801576646], [-76.18379043093051, 36.859973204807986], [-76.18379115161683, 36.85997351828067], [-76.18379225540832, 36.85997399614973], [-76.1837929286037, 36.8599742852498], [-76.18379305811885, 36.85997434188713], [-76.18379326386024, 36.85997443698452], [-76.18379567122854, 36.85997546246357], [-76.18379594690987, 36.85997558147485], [-76.18380475775093, 36.85997938150727], [-76.1838048784351, 36.85997943346352], [-76.18381143165101, 36.85998112479532], [-76.1838432861216, 36.85998934894245], [-76.18386209765058, 36.85999420519669], [-76.18389824711255, 36.86000353799866], [-76.1839022082187, 36.86000455985995], [-76.18390409025808, 36.860005045862614], [-76.18391899077893, 36.86000889295227], [-76.18392042987641, 36.86000926385669], [-76.18392380774833, 36.8600101363043], [-76.18393797260423, 36.8600137931147], [-76.18394112345509, 36.86001460610064], [-76.18394928491307, 36.86001671312791], [-76.18395688320584, 36.86001867474314], [-76.18396252374829, 36.86002013173704], [-76.18396911035596, 36.86002183183084], [-76.18398035144097, 36.86002473331026], [-76.18398310383593, 36.86002544379257], [-76.18399885022073, 36.860029509461675], [-76.18400213906855, 36.86003035851833], [-76.18401671018147, 36.8600341197781], [-76.18401961837237, 36.860034871189754], [-76.18403478937343, 36.860038787596324], [-76.1840392190454, 36.86003993046407], [-76.1840507839758, 36.86004291674281], [-76.18405528599558, 36.86004407816278], [-76.18405687197622, 36.86004448801718], [-76.18405738998982, 36.86004467941009], [-76.18406417198808, 36.860047181080525], [-76.18411062204488, 36.860064318327595], [-76.18411714780115, 36.86006672570511], [-76.18416031336129, 36.860082651606014], [-76.18417013805045, 36.86008627599821], [-76.18421863585166, 36.86010416837674], [-76.18422867351029, 36.860107871778055], [-76.18427388017093, 36.860124549975254], [-76.18428715243358, 36.860129446582924], [-76.18432140629855, 36.8601420842313], [-76.18432370357175, 36.86014293175792], [-76.18432679730748, 36.86014407261437], [-76.18432844010346, 36.860144679186526], [-76.18433304020058, 36.860146376151576], [-76.18433441991412, 36.86014689190515], [-76.18433452548135, 36.860146924633604], [-76.18433869039514, 36.860147774727025], [-76.18433941838848, 36.860147922484764], [-76.18434039169877, 36.86014811834551], [-76.18434435061594, 36.860148918406736], [-76.18434563048994, 36.860149177098705], [-76.18435111681296, 36.86015028489977], [-76.18435166533038, 36.86015039576773], [-76.18435694650285, 36.86015146256708], [-76.18435701786683, 36.86015147659345], [-76.184358205214, 36.86015171633478], [-76.18436018191132, 36.860152114958595], [-76.18436266808098, 36.86015261737083], [-76.18436302708781, 36.86015268934841], [-76.18436400034322, 36.86015288701067], [-76.18436678301443, 36.86015345115428], [-76.18438024784963, 36.860156155763754], [-76.18438393216512, 36.86015691165037], [-76.1843943177733, 36.86015899218528], [-76.18440466067102, 36.86016107548283], [-76.18444290264506, 36.860168781796375], [-76.18444890746702, 36.86016999175603], [-76.18448614048452, 36.86017749428165], [-76.18449622360612, 36.86017952557775], [-76.18451047419056, 36.860182397095215], [-76.18452268820364, 36.860186831133646], [-76.18453511414394, 36.860191341459604], [-76.18454181740607, 36.86019377755112], [-76.18454227565374, 36.86019394252481], [-76.18454309894099, 36.860194239086226], [-76.18454512813489, 36.86019497586124], [-76.18454922425451, 36.86019646277442], [-76.18456047860457, 36.8602005479827], [-76.18456957949319, 36.86020385160047], [-76.18458918806003, 36.86021096970962], [-76.1846228302217, 36.86022318057123], [-76.18462742226907, 36.860224847620024], [-76.18465174716357, 36.86023367758227], [-76.1846535582928, 36.860236927636514], [-76.18466055086581, 36.860249472192386], [-76.18466936949679, 36.86026529233501], [-76.18467620995582, 36.86027756527753], [-76.1846804587088, 36.86028518644296], [-76.18468441817669, 36.86029228901555], [-76.18468740769143, 36.860297652618385], [-76.18469139900556, 36.86030481440879], [-76.18470578726065, 36.86033062626248], [-76.18470873848204, 36.86033592150569], [-76.18471164189526, 36.86034112927312], [-76.18475668421041, 36.86035518820918], [-76.18476722922283, 36.860358478812316], [-76.18476909706825, 36.86035906277248], [-76.18477369608445, 36.860360501901205], [-76.18477535402562, 36.86036101682385], [-76.18477687082688, 36.86036148840194], [-76.1847777353008, 36.860361758731756], [-76.18478707802974, 36.86036467409332], [-76.18479547527134, 36.860367290485904], [-76.18481255268973, 36.86037262529475], [-76.1848475967544, 36.86038356301778], [-76.18485143473482, 36.86038476089458], [-76.18487544600521, 36.86039225507857], [-76.18488620310961, 36.860401717154694], [-76.18490145334262, 36.86041513204304], [-76.18490350492101, 36.86041693649745], [-76.1849140697266, 36.860426230727874], [-76.1849282930998, 36.860438742012285], [-76.18494478764867, 36.860453250466996], [-76.18494813574041, 36.8604552832866], [-76.18501092686175, 36.86049340568046], [-76.18511872472294, 36.860558851873044], [-76.18513734790847, 36.860565843202735], [-76.18514005631425, 36.8605668565585], [-76.1851850460311, 36.86058374825625], [-76.18519071775286, 36.86058587643764], [-76.18522687728563, 36.860599450956585], [-76.18525482654556, 36.86060994226537], [-76.18526422355296, 36.86061346979932], [-76.18531333468458, 36.8606319047188], [-76.18531752540964, 36.86063496098406], [-76.18532647198538, 36.86064148576858], [-76.18537686723928, 36.860678236047555], [-76.18538232978833, 36.860682219662834], [-76.1854218921251, 36.86071107121018], [-76.18542992902212, 36.860716932666556], [-76.18547779609902, 36.86075183931817], [-76.185484760905, 36.86075691887307], [-76.18548670978446, 36.86075834000574], [-76.18552537425002, 36.86076702868512], [-76.18552724820834, 36.86076744960198], [-76.18553628037225, 36.8607694799288], [-76.1855521176124, 36.8607730387919], [-76.1855554889386, 36.86077379658621], [-76.18555997327647, 36.86077480436271], [-76.18557846658804, 36.86077895999646], [-76.18558289186623, 36.860779954890276], [-76.18559255242306, 36.860782125591705], [-76.18559288816712, 36.8607848715278], [-76.18559398354884, 36.860793823170056], [-76.18559428707096, 36.86079630166018], [-76.18560184014349, 36.860858013537786], [-76.18560773817406, 36.8609062125345], [-76.18561380606592, 36.86095579310113], [-76.18561939269726, 36.86100144134056], [-76.18568362234178, 36.8610163791386], [-76.18569333074181, 36.86101863730705], [-76.18569422015875, 36.86102029626011], [-76.18571092946318, 36.86105145027294], [-76.18572190830983, 36.861071922594554], [-76.18574323462336, 36.861111685693416], [-76.18575907037504, 36.86114121350844], [-76.18577261467254, 36.86116646685833], [-76.18577587797229, 36.86117514031659], [-76.18577654102414, 36.86117690207436], [-76.18578245748914, 36.86119262799062], [-76.18578824322671, 36.86120800609899], [-76.18579045754686, 36.8612138898235], [-76.18579076470648, 36.86121470532227], [-76.18579287420785, 36.86122031115654], [-76.18580018631873, 36.86123974493907], [-76.18580118965781, 36.861242412987], [-76.18580765193092, 36.861259589173095], [-76.18581325720415, 36.861274485087144], [-76.1858150273235, 36.86127919185966], [-76.18584260216757, 36.86135247810424], [-76.18585521964813, 36.86138601317116], [-76.18586260859503, 36.861405650374024], [-76.18586878349619, 36.8614220619252], [-76.18586941957528, 36.861423751941274], [-76.18588123411806, 36.86144941197752], [-76.18590220160925, 36.86149494858029], [-76.18592203916884, 36.86153803277424], [-76.18592851459275, 36.86155209581498], [-76.185944762547, 36.861587384385125], [-76.18595225105447, 36.86160364964484], [-76.18595501906746, 36.86160965965143], [-76.18596518506132, 36.86163174023615], [-76.18597147216536, 36.86164539484066], [-76.18597585505775, 36.86165491331672], [-76.18598805897315, 36.86168141750018], [-76.18601047777129, 36.86169056837077], [-76.18610329861255, 36.861728454256244], [-76.18612984246253, 36.86173928813139], [-76.18622253230117, 36.86191255631116], [-76.18623375614385, 36.86193353728173], [-76.18623705877069, 36.861939711047896], [-76.18621877656521, 36.862050480427044], [-76.18621748290578, 36.86205832046178], [-76.18628629741394, 36.86206516000894], [-76.18789797611007, 36.86222534201594], [-76.18819800331718, 36.86202931111286], [-76.18845246138154, 36.86198211680979], [-76.18888138960595, 36.862044132764986], [-76.1889946128273, 36.862034753257035], [-76.18904246821728, 36.86203087866251], [-76.18906634247938, 36.86202894616572], [-76.18912918926512, 36.86202385845212], [-76.18914382084283, 36.86202267343563], [-76.18917630467453, 36.8620200440606], [-76.18917689170412, 36.86201999611759], [-76.18919245871278, 36.86206494721018], [-76.18919532812924, 36.862073234233165], [-76.18919926681268, 36.86208460701051], [-76.18920424682726, 36.862098988374655], [-76.1892065193576, 36.86210554831361], [-76.18921353983106, 36.86212582253055], [-76.18922435882497, 36.862157062944235], [-76.18922520328921, 36.86215950068502], [-76.18922680242164, 36.86216412020863], [-76.18922831711649, 36.86216849199222], [-76.18923135462462, 36.86217726366211], [-76.18923286867154, 36.862177275419334], [-76.18925605715955, 36.862177454865176], [-76.18930064757723, 36.862177799329984], [-76.18930937972044, 36.86217786654621], [-76.18937259182204, 36.86217835466131], [-76.18937935007139, 36.862178407380824], [-76.18942773011939, 36.86217878037314], [-76.18944691703454, 36.86217892884067], [-76.18949466789364, 36.86217929754135], [-76.18950193195576, 36.8621793538935], [-76.1895492611135, 36.86217971968545], [-76.18957047797866, 36.86217988372386], [-76.18959750321177, 36.862180091697155], [-76.18962210930573, 36.86218028182762], [-76.18962786268435, 36.862180326485934], [-76.18962809788972, 36.862180412237095], [-76.18963732476533, 36.8621837927464], [-76.1896390787161, 36.86218443568162], [-76.18965798070577, 36.8621913596513], [-76.18966991452486, 36.86219573174504], [-76.18969567926023, 36.86220517035356], [-76.18974722094525, 36.86222405230052], [-76.18975696817145, 36.86222762241064], [-76.18976881436721, 36.86223196212357], [-76.18976906176796, 36.862232052621245], [-76.1897717576101, 36.86223304038183], [-76.18977767958754, 36.86223521021565], [-76.18978815805484, 36.86223904348806], [-76.18978918085223, 36.86223942055367], [-76.18979001282182, 36.862239728064836], [-76.18979625167857, 36.86224202762012], [-76.18979766291339, 36.862242542125166], [-76.18980261341882, 36.86224434401409], [-76.18980930089697, 36.8622467939098], [-76.18981775452428, 36.86224989148453], [-76.18981790540381, 36.86224994673241], [-76.18982020187318, 36.86225078782351], [-76.18983228437573, 36.862255214203714], [-76.18983476721637, 36.862256123859844], [-76.18986173572097, 36.86226600254725], [-76.1898858619099, 36.86227484101346], [-76.18989823286324, 36.86227937311368], [-76.18991843582471, 36.86230498045224], [-76.18992958118793, 36.86231910805635], [-76.18997487668335, 36.862376521272125], [-76.19007302745247, 36.86250092843332], [-76.19018090687125, 36.86263766850563], [-76.19030193154084, 36.86279106679685], [-76.19030683084503, 36.86279727724538], [-76.19031322936343, 36.8628053866509], [-76.19035788817588, 36.86286199216407], [-76.1903658387711, 36.862872070068015], [-76.19040184608583, 36.86291770863016], [-76.1904125498801, 36.86293127585322], [-76.19042429813342, 36.862946167018116], [-76.19048342678978, 36.86296590899872], [-76.19049811762427, 36.86297081384907], [-76.19058781403815, 36.86300076106408], [-76.1905963715769, 36.863003618150195], [-76.19069537409186, 36.86303667234616], [-76.19069897434653, 36.86303787436769], [-76.190794655407, 36.863069820273914], [-76.19080545508704, 36.86307342540618], [-76.19088067851347, 36.86309854037002], [-76.19090699973546, 36.86310732802487], [-76.19097575452885, 36.863130283137465], [-76.19099020997022, 36.86313511028542], [-76.19107385005476, 36.863163035241904], [-76.19108869977802, 36.86316799271641], [-76.19117214560306, 36.86319585248871], [-76.19118354496744, 36.86319965866409], [-76.1911955340285, 36.86320366121346], [-76.19120463822593, 36.863208424616985], [-76.1912553667109, 36.863234965211724], [-76.19126611728471, 36.863240590246306], [-76.1913813206785, 36.86330086418482], [-76.19145733350213, 36.86334063462034], [-76.1915947419082, 36.86341252374691], [-76.19167757996928, 36.86345586966169], [-76.19168165119463, 36.8634580003227], [-76.19168171304561, 36.86345803218532], [-76.19168521014025, 36.86345986041567], [-76.19168606590924, 36.86346030809574], [-76.19168899762285, 36.86346184127852], [-76.19169062745856, 36.86346269356926], [-76.19169262057981, 36.86346373598056], [-76.19169280941402, 36.863463834337004], [-76.19169451102644, 36.86346472409367], [-76.1916972826169, 36.86346617390619], [-76.19169817704974, 36.86346664127506], [-76.19170120041922, 36.863468222229464], [-76.1917048245254, 36.86347011605225], [-76.19170581386742, 36.86347063486246], [-76.1917062555742, 36.86347086528376], [-76.19170721295187, 36.86347136543807], [-76.19170774738038, 36.863471645454965], [-76.19170778052072, 36.86347166233117], [-76.19170918838232, 36.86347239938891], [-76.19171173914735, 36.863473733089634], [-76.1917183887568, 36.86347721151348], [-76.19172270211192, 36.863479458703175], [-76.19173178944904, 36.86348422533876], [-76.19173677449895, 36.86348681293085], [-76.19174671402472, 36.863492034385665], [-76.19174753337288, 36.863492462420425], [-76.19174824446803, 36.863492835146104], [-76.19176338992811, 36.86350075850061], [-76.19179281841558, 36.86351615559058], [-76.19180125132247, 36.86352056773508], [-76.19183958536972, 36.86354062330944], [-76.19185230596857, 36.863547278525374], [-76.19189013760487, 36.863567071821976], [-76.19189474220576, 36.863569480667906], [-76.19192804880352, 36.863586905428974], [-76.19205549575321, 36.86365358384734], [-76.19209890051165, 36.86367629259376], [-76.19213262014695, 36.863693934532], [-76.19214053963424, 36.8636980778659], [-76.19214097691399, 36.86369830639574], [-76.19214123088183, 36.86369843938251], [-76.19214329688634, 36.863699520174734], [-76.19214378829892, 36.86369951811165], [-76.19214448616444, 36.86369951469642], [-76.19214641591114, 36.863699506639875], [-76.19214678840139, 36.86369950494442], [-76.19214741782305, 36.863699501987185], [-76.19214842758281, 36.86369949748869], [-76.1921538645953, 36.86369947270823], [-76.19215583473026, 36.86369946454363], [-76.19223004533424, 36.863699134194995], [-76.19225287153293, 36.86369903190057], [-76.19226297025185, 36.863698986928334], [-76.19229363326583, 36.86369885110116], [-76.19229967724976, 36.86369882381624], [-76.19232952013974, 36.86369869079679], [-76.19232959643162, 36.86369869049276], [-76.19235530378275, 36.86369857627517], [-76.19236706189074, 36.86369852333101], [-76.19236887047276, 36.86369851559463], [-76.19239975678367, 36.86369837781678], [-76.19240360733535, 36.863698360618244], [-76.19240551578048, 36.86369835213898], [-76.19243644472171, 36.86369821428757], [-76.19244403250835, 36.863698180366015], [-76.19246882659904, 36.863698069816124], [-76.19247395505312, 36.86369804707183], [-76.19249781007015, 36.86369794060296], [-76.1925073062744, 36.86369789909734], [-76.19252349721297, 36.86369782685295], [-76.19253571531416, 36.86369777211135], [-76.19255652532853, 36.8636976797285], [-76.19256220915447, 36.863697654369126], [-76.19257873892178, 36.86369758066049], [-76.19258227085233, 36.86369756440834], [-76.19258569280218, 36.863697549601156], [-76.19259627284309, 36.86369750233715], [-76.19259649047994, 36.863697502105275], [-76.19259732411219, 36.86369749774876], [-76.19260685507149, 36.8636974569178], [-76.19261005793446, 36.86369745312996], [-76.19261868132155, 36.86369741339951], [-76.19262206293804, 36.863697396897614], [-76.19262875179248, 36.86369737505201], [-76.19263437083931, 36.8636973403042], [-76.19264124063473, 36.863697307589916], [-76.19264477256525, 36.863697291335875], [-76.1926541565464, 36.86369725121953], [-76.19267160318365, 36.86369716576208], [-76.19267264209287, 36.86369716183163], [-76.19267356771279, 36.8636971574787], [-76.19267513847757, 36.86369714957317], [-76.19267765280041, 36.863697137667], [-76.19268331196135, 36.86369711181727], [-76.19268777514483, 36.86369709041815], [-76.19269874689958, 36.86369703641693], [-76.19271469772343, 36.863696965739464], [-76.19271474038133, 36.86369696477461], [-76.19272885462222, 36.86369690038553], [-76.19272979150828, 36.863696894450634], [-76.19274280132097, 36.86369684892882], [-76.19274473443095, 36.86369684092851], [-76.19275681115941, 36.8636967869926], [-76.19275789721104, 36.86369678218463], [-76.19277006034895, 36.86369672724049], [-76.19277173652762, 36.86369672050279], [-76.19278317486541, 36.86369666934862], [-76.19278564653038, 36.86369665840501], [-76.1927941722965, 36.86369661944833], [-76.19279600778563, 36.86369661223392], [-76.19279733058819, 36.86369660576606], [-76.19280452567641, 36.86369657402321], [-76.19280846260995, 36.86369655670529], [-76.1928134788683, 36.863696534446646], [-76.19281695807804, 36.86369651805331], [-76.19283951946852, 36.86369641765478], [-76.1928695721455, 36.86369628411167], [-76.19287173303735, 36.86369627427346], [-76.19288822235936, 36.86371062101876], [-76.19290945695984, 36.863729096472404], [-76.19301617323633, 36.8638219476624], [-76.19302665289325, 36.86383106459258], [-76.19303267464407, 36.863836304539035], [-76.19314831244819, 36.86393691689117], [-76.19316083033662, 36.86394780810537], [-76.19325154849497, 36.86402673845246], [-76.19326776690545, 36.864040849967814], [-76.19327996354312, 36.864051460838446], [-76.19338738020032, 36.8641449194407], [-76.19340441833721, 36.86415974380491], [-76.1935094626184, 36.86425113840059], [-76.19352748552701, 36.86426681856947], [-76.1936447443171, 36.864368839554245], [-76.19365286671966, 36.86437590635937], [-76.1937851903535, 36.86449103439374], [-76.19379814231529, 36.86450230272581], [-76.19388130657302, 36.86457465916901], [-76.1939251428764, 36.86461279842004], [-76.19393760304631, 36.86462363973899], [-76.19386393853792, 36.86470946402404], [-76.19386006565378, 36.86471397695054], [-76.19385906661962, 36.864715140858046], [-76.19384372286038, 36.864733017890856], [-76.19380663527889, 36.86477622606176], [-76.19380283217717, 36.86478065742895], [-76.19379102281184, 36.86479441690358], [-76.19370935341234, 36.86484140903336], [-76.19369680278486, 36.86484862970719], [-76.19353319650719, 36.86494276627616], [-76.19348079918488, 36.86497291550995], [-76.19338413867057, 36.865028532285436], [-76.19337349494468, 36.86503638438448], [-76.19332613356762, 36.865071321454565], [-76.19326731593486, 36.86511470938635], [-76.19319564654076, 36.86516757808544], [-76.19318221304583, 36.86517748733232], [-76.193111820755, 36.86522941477552], [-76.19305590282109, 36.86527066287197], [-76.19299923085211, 36.86531246761347], [-76.19296586042051, 36.86533708351532], [-76.19290773203164, 36.86537996380984], [-76.19284638924368, 36.86542521378718], [-76.19281770772122, 36.865446371179104], [-76.19279213154304, 36.8654652378384], [-76.19266040604539, 36.865562407018274], [-76.19264846977124, 36.86558320282346], [-76.19262954774106, 36.8656161698501], [-76.19256658124095, 36.86572587212759], [-76.19249129327952, 36.86575424535151], [-76.19244488144484, 36.86577173635929], [-76.1922654335692, 36.865839363921054], [-76.19216454540617, 36.86587738542718], [-76.192149027465, 36.865883233421826], [-76.19211490250686, 36.86589609369955], [-76.19209730098628, 36.86590272642228], [-76.19208659932623, 36.86590675989651], [-76.192065087149, 36.86593274338022], [-76.19206094680945, 36.865937744956064], [-76.19205690549691, 36.86594262588876], [-76.1920306286799, 36.865974365756806], [-76.19202470764381, 36.86598151640631], [-76.19202224439655, 36.8659844921634], [-76.19198818420669, 36.86602563290044], [-76.19198175533414, 36.86603339823132], [-76.191951434831, 36.866070020769186], [-76.19194623930045, 36.866076296902094], [-76.19191493228475, 36.86611411151241], [-76.19190435026549, 36.86612689258085], [-76.19188080913221, 36.86615532669992], [-76.19188069615655, 36.86615546329373], [-76.19187788817307, 36.86615885502497], [-76.19186761126605, 36.86617126800973], [-76.19186156784279, 36.86617856858123], [-76.19185395334132, 36.86618776544825], [-76.19184823604392, 36.86619467130989], [-76.19184813239389, 36.866194796368816], [-76.19183350313085, 36.866212467254584], [-76.191826496603, 36.8662209288161], [-76.1917980370591, 36.86625530376838], [-76.19178410075263, 36.866272137355026], [-76.19176607651576, 36.86629390773492], [-76.19173485781977, 36.866331615869655], [-76.19172109851144, 36.86634823569303], [-76.19168412984416, 36.866392888689795], [-76.1916670861834, 36.86641347497232], [-76.19163351714266, 36.86645402043427], [-76.19161945145936, 36.86647101100599], [-76.19158777844078, 36.86650926633246], [-76.19157716600901, 36.866522084634106], [-76.19155580972932, 36.86652863538084], [-76.1915284765452, 36.8665370192694], [-76.19151415822957, 36.86654141158182], [-76.1915130382818, 36.866541754634646], [-76.19149513697322, 36.866547246532996], [-76.19146011353209, 36.86655798873881], [-76.19145723490344, 36.86655887231405], [-76.1914280026199, 36.866567839012376], [-76.19140981935661, 36.86657341639694], [-76.19137933120071, 36.866582768533256], [-76.19137569274741, 36.86658388415383], [-76.19136877139996, 36.86658600700482], [-76.1913579171309, 36.86658933703802], [-76.19135780276783, 36.86658937174733], [-76.19135621172022, 36.866589859677255], [-76.19135337159307, 36.86659073138725], [-76.19134856899781, 36.866592204513246], [-76.19134740261417, 36.866592561975516], [-76.19134033630115, 36.866594729749345], [-76.19133779064104, 36.86659550989632], [-76.19133252938924, 36.866597124539275], [-76.19133025210775, 36.86659782252612], [-76.19132423896308, 36.86659966666742], [-76.19132284606793, 36.86660009449278], [-76.1913159586818, 36.866602207191555], [-76.19131551137471, 36.86660234442516], [-76.19131107683491, 36.86660370399736], [-76.19130797286748, 36.86660465615262], [-76.19130645086912, 36.86660512380569], [-76.19130301059404, 36.86660617841906], [-76.19129633043885, 36.86660822758547], [-76.1912957608106, 36.86660840297736], [-76.191288060356, 36.866610764702614], [-76.1912856573616, 36.8666115016817], [-76.1912777768568, 36.86661391845777], [-76.19127748353782, 36.866614009141365], [-76.19126761677164, 36.86661703497658], [-76.19126715248217, 36.86661717728449], [-76.19126340187738, 36.86661832855572], [-76.19125939878204, 36.86661955598916], [-76.19125636391806, 36.866620486065194], [-76.19125452032381, 36.86662105195788], [-76.1912496373259, 36.866622549639956], [-76.19124765330706, 36.866623158743366], [-76.19124362204468, 36.86662439012963], [-76.19124186702639, 36.866624920806125], [-76.19124168456989, 36.86662498121857], [-76.19123544138135, 36.86662690105754], [-76.19123360456872, 36.866627465280395], [-76.19123288773376, 36.866627685552295], [-76.19123054922129, 36.866628404868486], [-76.19122997393201, 36.86662858195151], [-76.1912268925506, 36.86662952914032], [-76.19122647578921, 36.86662965796003], [-76.19122534665004, 36.86663000804058], [-76.19121612979745, 36.86663283752327], [-76.19121566775011, 36.86663297987512], [-76.19121457867483, 36.86663330370134], [-76.19121148490525, 36.866634252449025], [-76.19120925966186, 36.866634936132755], [-76.19120830958815, 36.86663522663545], [-76.19120506511132, 36.86663622470136], [-76.19120368925182, 36.866636645649095], [-76.19120205182267, 36.866637146186164], [-76.19118321398635, 36.86664292429982], [-76.19116483135798, 36.86664856352999], [-76.1911335380041, 36.86665816208145], [-76.19112647960941, 36.86666032729411], [-76.19108317237597, 36.866673610732555], [-76.1910810570089, 36.8666742596167], [-76.19103404785217, 36.86668867903459], [-76.19102904367278, 36.86669021398675], [-76.19102719329328, 36.866690781545365], [-76.1910265464288, 36.8667063898754], [-76.19102621961414, 36.866714249859925], [-76.19102505784508, 36.86674227459663], [-76.19102289928911, 36.8667943422788], [-76.19102273033063, 36.866798417736035], [-76.1910195748495, 36.8668744959111], [-76.19101880514731, 36.86689307009549], [-76.19101848934703, 36.86690067880943], [-76.19101756466347, 36.86692297988884], [-76.19101750223294, 36.8669244776691], [-76.19101695983596, 36.86693757588564], [-76.1910169098202, 36.86693877645199], [-76.1910168394697, 36.86694046066374], [-76.19101683478287, 36.86694057775199], [-76.19101661917831, 36.86694577992807], [-76.19101658577044, 36.866946582407635], [-76.19101645454941, 36.86694975000804], [-76.19101610481968, 36.866958178317695], [-76.19101113398649, 36.8670780724087], [-76.19101100580954, 36.867081140014996], [-76.1910069364117, 36.86717927520476], [-76.19100616785525, 36.867197811553424], [-76.19100241485191, 36.86728831821031], [-76.191001907339, 36.86730056530138], [-76.19099905531513, 36.867369328371815], [-76.19099796500188, 36.86739563196137], [-76.19098226225083, 36.867416563600415], [-76.1909324772797, 36.86748292946843], [-76.1909272539398, 36.86748989187035], [-76.19084859366436, 36.86759474723047], [-76.19083726520266, 36.86760984993342], [-76.19077640887946, 36.86769097105403], [-76.19075672556647, 36.867717210206216], [-76.19072370725242, 36.867761223976956], [-76.19071866276848, 36.86776794831444], [-76.19070984599587, 36.86777970215074], [-76.19069867189549, 36.86779459695119], [-76.19067484676913, 36.8678263567923], [-76.19067092717076, 36.86783158169948], [-76.19065564055704, 36.86785195721041], [-76.19065507573006, 36.867852711384586], [-76.19065438115605, 36.86785363697585], [-76.19065357781203, 36.8678547082564], [-76.19065313113607, 36.867855303404845], [-76.1906538479576, 36.86785593134169], [-76.1906552214713, 36.867857135555504], [-76.1906562005213, 36.86785799399432], [-76.1906609821849, 36.867862184802554], [-76.19066274688134, 36.86786373202263], [-76.19066578348183, 36.86786639402429], [-76.19066756677243, 36.86786795693345], [-76.19067030614444, 36.86787035890055], [-76.19067185342959, 36.86787171435783], [-76.19067247624281, 36.867872261124354], [-76.19067525933816, 36.86787470090775], [-76.19068149646822, 36.867880167848], [-76.19069244313282, 36.867889762882456], [-76.19072098223445, 36.867914779460484], [-76.19072750019396, 36.867920492589235], [-76.19075373700788, 36.86794349076269], [-76.19077051102879, 36.86795819493167], [-76.19079493400234, 36.86797960254578], [-76.19080251625758, 36.86798624879581], [-76.19080251290369, 36.86798672736664], [-76.19080224866262, 36.86801953718413], [-76.19080221261781, 36.8680239262327], [-76.19080210799454, 36.86803697806987], [-76.19080196970289, 36.86805415669845], [-76.19080165396403, 36.868093410424244], [-76.19080164171828, 36.8680948073341], [-76.1908013236301, 36.868134322416054], [-76.19080130834921, 36.868136297957086], [-76.1908010167654, 36.86817254783312], [-76.1908009953805, 36.86817516594345], [-76.19080070109085, 36.86821168888665], [-76.19080067701735, 36.868214690033774], [-76.19080043794888, 36.868244425713314], [-76.19080039053239, 36.8682502198014], [-76.19080014667644, 36.86828055480949], [-76.19080011853924, 36.868284020992675], [-76.19079989784446, 36.86831145849523], [-76.19080099545842, 36.86831453938073], [-76.19080181820439, 36.86831684688087], [-76.19081361299573, 36.86834995053521], [-76.19081557469451, 36.86835545511078], [-76.19082319094046, 36.86837682889561], [-76.19082543885494, 36.86838313952928], [-76.19082734163935, 36.86838847889401], [-76.19083491242675, 36.868409724688675], [-76.19083684099321, 36.8684151384738], [-76.19084519210375, 36.868438574654604], [-76.190845716061, 36.868440047004576], [-76.19084585355039, 36.8684404318955], [-76.19084672067052, 36.86844286646182], [-76.19084744521646, 36.86844489891082], [-76.19085618496189, 36.86846942529652], [-76.19085641021022, 36.86847005979406], [-76.19086728420605, 36.86850057728903], [-76.19086937618465, 36.8685064458808], [-76.19088052508802, 36.86853773585886], [-76.19088251263223, 36.868543313052164], [-76.1908928615413, 36.86857235907374], [-76.19089442950985, 36.86857675711697], [-76.19089763661155, 36.86858575831588], [-76.19089127041691, 36.86860118121041], [-76.19088935310455, 36.86860582442756], [-76.19088720925708, 36.86861101754505], [-76.19087678427523, 36.868636272313125], [-76.19086067629553, 36.86867529223061], [-76.19083584137577, 36.86873545480855], [-76.19082110320883, 36.868771157500326], [-76.19081576780081, 36.86878408127564], [-76.1908117162494, 36.86879389616363], [-76.19079969725892, 36.868823011783135], [-76.19078486097071, 36.86885895140981], [-76.19078160155001, 36.868866847490644], [-76.19077809015396, 36.868875355167226], [-76.19077632184629, 36.86887963624993], [-76.19077205829987, 36.868889965267265], [-76.1907650815925, 36.86890686704956], [-76.19075960565351, 36.868920131488814], [-76.19073333660651, 36.86894014329602], [-76.19072580001198, 36.868945883906626], [-76.19069759110869, 36.86896737280492], [-76.1906843256527, 36.86897747798549], [-76.19068309211957, 36.868978418220905], [-76.19068197345075, 36.86897927057563], [-76.19067930545401, 36.868981302135175], [-76.19067809719094, 36.86898222303687], [-76.1906731091537, 36.868986022579655], [-76.19067127955658, 36.868987416213265], [-76.19065667718183, 36.86899854071864], [-76.19065234266598, 36.86900184202118], [-76.1906440560494, 36.8690081546857], [-76.19063816528404, 36.869012641365735], [-76.1906188183421, 36.869027380001356], [-76.19061037855853, 36.86904041670763], [-76.19059206747082, 36.86906870012137], [-76.19055564535287, 36.869124958993964], [-76.19054402574092, 36.86914290794024], [-76.19054449242691, 36.86918431514058], [-76.19054460805627, 36.86919462748446], [-76.19054471075422, 36.86920378038974], [-76.19054502436711, 36.86923157362884], [-76.19054504241532, 36.86923326498668], [-76.19054523057551, 36.869249963284375], [-76.1905453542942, 36.86926089413913], [-76.19054538555547, 36.8692636620135], [-76.19054541667234, 36.86926650830566], [-76.19054546715743, 36.86927181306243], [-76.19054548082882, 36.86927239562759], [-76.19054548589564, 36.86927259763797], [-76.19054549382145, 36.869272926800235], [-76.19054551618005, 36.86927528707239], [-76.19054554443565, 36.86927774841588], [-76.1905455443223, 36.86927778897607], [-76.19054555586902, 36.86927884653064], [-76.19054558274713, 36.86928113207649], [-76.19054559502737, 36.869282239221775], [-76.1905456085004, 36.86928345455704], [-76.19054562395085, 36.86928486282812], [-76.19054564862115, 36.86928707351536], [-76.19054570054054, 36.86929141021014], [-76.1905457717949, 36.86929798543026], [-76.19054585504257, 36.8693046825735], [-76.19054595681754, 36.869314049990834], [-76.19054609415468, 36.869326670313505], [-76.1905468220177, 36.86939125642038], [-76.19054684199584, 36.869393068602115], [-76.19057663182186, 36.86942831259823], [-76.19059714795164, 36.86945258466704], [-76.19065562104156, 36.869521762787784], [-76.19070292435578, 36.8695777259988], [-76.19073965667435, 36.869621182857784], [-76.19079763077985, 36.8696897715015], [-76.19081081052464, 36.86970536407941], [-76.19081246504935, 36.86970555704945], [-76.19081298559087, 36.8697056312803], [-76.19082451731668, 36.86970711178917], [-76.1908265389677, 36.86970736966436], [-76.19083826879363, 36.86970886578397], [-76.19083888234164, 36.86970894364564], [-76.19084174886558, 36.86970930916823], [-76.19085603677401, 36.86971113139428], [-76.19087511003555, 36.869713564176955], [-76.19088172594147, 36.86971440812119], [-76.1908865403635, 36.86971502195465], [-76.19091817159301, 36.86971905545805], [-76.1909223534889, 36.86971958835161], [-76.19093525673364, 36.86972123462187], [-76.19094304710785, 36.8697318844058], [-76.19094790464959, 36.86973852485932], [-76.19094791501149, 36.869738553006], [-76.190947954196, 36.869738592535874], [-76.19094797204984, 36.86973863254784], [-76.19094828223433, 36.8697390568886], [-76.19094829595988, 36.86973908510138], [-76.19094861473003, 36.86973952223028], [-76.19094875191355, 36.86973969619032], [-76.19094903480806, 36.86974009565718], [-76.19094915768996, 36.86974026032229], [-76.190949493906, 36.86974071401908], [-76.19094972583116, 36.86974105569665], [-76.19094974199116, 36.86974107764756], [-76.19094977425632, 36.86974112335115], [-76.19094993361402, 36.869741342816454], [-76.1909500918779, 36.86974156135888], [-76.19095018233007, 36.86974168572545], [-76.1909502911024, 36.869741834789615], [-76.19095101904017, 36.86974283521572], [-76.19095134002539, 36.86974327328954], [-76.19095174708764, 36.869743832038424], [-76.19095179879422, 36.86974390246159], [-76.19095229198834, 36.869744580083825], [-76.19095239302186, 36.86974472539032], [-76.19095325338402, 36.86974590869679], [-76.19095327755716, 36.86974592539687], [-76.19096053054821, 36.869755912012344], [-76.19096737913254, 36.86976532640991], [-76.19096823952259, 36.86976650881541], [-76.19097994026619, 36.869782593304556], [-76.19098418504308, 36.86978843029399], [-76.19099321851621, 36.869800847791375], [-76.19099754409531, 36.869806794535016], [-76.19100623941537, 36.869818748381356], [-76.19101143080202, 36.8698258839458], [-76.19101306753072, 36.86982813533202], [-76.19101415405312, 36.8698296286536], [-76.1910157499035, 36.86983182244891], [-76.19101625280584, 36.86983251288109], [-76.19101628723121, 36.869832561331265], [-76.19101693871818, 36.86983345659468], [-76.19101619600204, 36.869835557552676], [-76.19101326687921, 36.8698438432219], [-76.19101265182405, 36.86984558342998], [-76.19100931643865, 36.86985501579116], [-76.19100895670572, 36.86985603449937], [-76.19100425123766, 36.869869343839994], [-76.19100211269878, 36.869875393382415], [-76.19100207960052, 36.86987548557471], [-76.19099967706723, 36.86988228348812], [-76.19099840398235, 36.86988588564807], [-76.19099762570501, 36.869888085961016], [-76.1909946254578, 36.8698965703399], [-76.19099382379238, 36.86989883869854], [-76.19099146428567, 36.869905513065994], [-76.19099036558238, 36.869908620186166], [-76.19098953325283, 36.86991097447528], [-76.19098860272217, 36.86991360626428], [-76.19098844803487, 36.86991404400229], [-76.19098733456, 36.86991719409877], [-76.19098696139585, 36.869918248598424], [-76.19098689878233, 36.86991842584238], [-76.19098621375423, 36.86992036388158], [-76.19098123077083, 36.869934460086256], [-76.1909738772796, 36.86995526018741], [-76.19096869422378, 36.869969921234585], [-76.19096510711475, 36.86998006705271], [-76.19096353945021, 36.86998450081112], [-76.19096158141485, 36.86999003830724], [-76.19095694458876, 36.87000315609851], [-76.19095613807956, 36.8700054360798], [-76.1909528995957, 36.87001459632257], [-76.1909526123773, 36.87001540733402], [-76.19094825915606, 36.87002772215497], [-76.19094824197768, 36.870027770492264], [-76.19094446822567, 36.870038445361224], [-76.190943168137, 36.87004212360787], [-76.19094131322387, 36.8700473692783], [-76.19093957606992, 36.8700522846515], [-76.19093753583189, 36.870058053089394], [-76.19093579375367, 36.8700629827879], [-76.19092468614768, 36.87009440135371], [-76.19092408711816, 36.87009609410287], [-76.19091318085698, 36.87012694244156], [-76.19090944262801, 36.8701375188552], [-76.19090091817216, 36.87016162385835], [-76.19089715533775, 36.87016619204071], [-76.19089103155267, 36.87017364963447], [-76.19089071811969, 36.870174031971544], [-76.19088646541687, 36.87017917642643], [-76.19088532311133, 36.8701805466166], [-76.19088077871689, 36.87018605941351], [-76.1908793446928, 36.870187798846636], [-76.19087472459228, 36.87019340299814], [-76.19087357481828, 36.87019479737877], [-76.19086825457963, 36.870201251297054], [-76.19086756147146, 36.87020209128693], [-76.19086326987218, 36.870207297172264], [-76.19086171118512, 36.87020918829199], [-76.19086053925697, 36.870210610180074], [-76.19085695129517, 36.87021496186008], [-76.19085607989065, 36.87021602008656], [-76.19085352754342, 36.87021911575839], [-76.19085229503426, 36.87022061127078], [-76.19085025295942, 36.87022308690297], [-76.19084752819604, 36.87022639191307], [-76.19084613259741, 36.87022808522897], [-76.19084310493015, 36.870231758360646], [-76.19084294069225, 36.8702319570431], [-76.1908423477124, 36.87023267731371], [-76.1908412911742, 36.87023395724782], [-76.19084015302275, 36.87023533833581], [-76.19084004348508, 36.870235472292215], [-76.19083671414455, 36.870239509964065], [-76.19083654290492, 36.87023971752279], [-76.19083493413831, 36.87024166895213], [-76.19083362124613, 36.87024326203681], [-76.19083296656419, 36.87024405590972], [-76.19083056447711, 36.870246969750326], [-76.19082414456089, 36.87025475683603], [-76.19081622768354, 36.87026436053729], [-76.19080478924272, 36.870278235195634], [-76.19079155678564, 36.870294286592625], [-76.19077959879036, 36.8703087910208], [-76.19076407724178, 36.87032761876068], [-76.19076056032493, 36.87033188439992], [-76.19073011827865, 36.8703688116491], [-76.19072805633935, 36.87037131302911], [-76.19071651300514, 36.87038531541721], [-76.19069984284839, 36.87040553484716], [-76.19067053189892, 36.87044108987046], [-76.19066600730231, 36.87044657781005], [-76.19064178360132, 36.87047596187942], [-76.19063425811649, 36.87048509011975], [-76.19061667687386, 36.870506416559884], [-76.19060657106354, 36.87051867416835], [-76.19059333852253, 36.87053472554297], [-76.19059263958258, 36.87053557262778], [-76.19059109835898, 36.870537442454186], [-76.19059543578705, 36.870542853119716], [-76.1906020225268, 36.870551067150544], [-76.19060254673708, 36.87055172104648], [-76.19060776403984, 36.87055822706807], [-76.19062075475888, 36.87057443069514], [-76.19062361684895, 36.87057800056781], [-76.19063978425875, 36.870598164240846], [-76.19064191897417, 36.870600825637695], [-76.19065615270999, 36.8706185788437], [-76.19065954984295, 36.87062281544349], [-76.190666952568, 36.870632049656805], [-76.1906713624961, 36.870637548277706], [-76.19067470338399, 36.8706417161673], [-76.19068125229681, 36.87064988347894], [-76.1906826196059, 36.8706515878395], [-76.19068408737672, 36.87065341946774], [-76.19068543844352, 36.87065510457978], [-76.19068580056013, 36.87065555518091], [-76.19068642744857, 36.870656337289056], [-76.1906878455082, 36.870658106645706], [-76.19068835782535, 36.8706587458852], [-76.19068864209355, 36.870659100310256], [-76.19069110319023, 36.87066217014093], [-76.19069123723057, 36.87066233682843], [-76.19069295038697, 36.87066447344231], [-76.19069328111264, 36.87066488646938], [-76.1906944354945, 36.87066632524172], [-76.19069523640042, 36.87066732439948], [-76.19069578872197, 36.870668013100286], [-76.19069690424828, 36.87066940153248], [-76.19069695179947, 36.87066946105745], [-76.19069735279938, 36.87066996109777], [-76.19069759397394, 36.870670256986855], [-76.19069811835051, 36.87067090547727], [-76.19069835720033, 36.870671204024816], [-76.19069843589574, 36.870671309231376], [-76.19069875264893, 36.87067170215323], [-76.19069924218843, 36.87067231570609], [-76.19069934702534, 36.87067244666539], [-76.19069987435411, 36.870673108734636], [-76.19069992083894, 36.87067316643583], [-76.19070705877445, 36.870682070040324], [-76.190718910384, 36.87069685050736], [-76.19076414421775, 36.87075326695656], [-76.1907626509701, 36.87075735604286], [-76.19075992280912, 36.87076482449324], [-76.19074453281868, 36.87080696019125], [-76.19073925516815, 36.87082140844586], [-76.19072791150585, 36.8708524672095], [-76.1907247684259, 36.87086107136366], [-76.19072020915027, 36.870873555193526], [-76.19071663887384, 36.87088332996465], [-76.1907098777522, 36.87090184045448], [-76.19070262821276, 36.870921689818495], [-76.19069623057082, 36.87093920601138], [-76.19069129803366, 36.87095271008454], [-76.19068133133196, 36.87097999746544], [-76.19067629229829, 36.87099379329686], [-76.19067496062446, 36.87099743937159], [-76.19067253335386, 36.87101886270633], [-76.1906719578064, 36.871023946935765], [-76.19067165073616, 36.87102666218819], [-76.19067108939475, 36.871031611488725], [-76.19067009964918, 36.87104034991313], [-76.19066845481721, 36.87105486867724], [-76.19066584500887, 36.87107790190723], [-76.19066514818144, 36.87108405820633], [-76.19066187668653, 36.871112941052985], [-76.1906617355914, 36.871114184898225], [-76.19065939436676, 36.871134845547694], [-76.1906589770474, 36.87113852852579], [-76.19065835253242, 36.87114404175436], [-76.1906580623763, 36.87114660680757], [-76.19065715564314, 36.87115460862744], [-76.19065688256667, 36.87115701807635], [-76.19065676796701, 36.871158018166426], [-76.19065652558362, 36.87116004603043], [-76.19065630724718, 36.87116198422843], [-76.19065623172382, 36.87116273269814], [-76.19065619904225, 36.87116303221775], [-76.19065597087831, 36.87116507207929], [-76.19065591400191, 36.8711655766396], [-76.19065461449993, 36.871177044685766], [-76.19065391482465, 36.87118322075933], [-76.19065228553346, 36.87119759740966], [-76.1906519661175, 36.87120042329], [-76.190650978202, 36.87120913831425], [-76.19065050102218, 36.871213350131434], [-76.19064955407916, 36.871221714419974], [-76.19064375557427, 36.87127290019701], [-76.19064154760727, 36.871292389859335], [-76.19063613882363, 36.87134013549023], [-76.1906346520722, 36.871353257506854], [-76.19063914894966, 36.871362459835744], [-76.19064120313683, 36.87136666102172], [-76.1906663057197, 36.8714180269935], [-76.1906899403335, 36.87146638952367], [-76.19069223631327, 36.871471087619284], [-76.19069828786623, 36.87150859432745], [-76.19070057096863, 36.87152274141445], [-76.19071448819685, 36.87160899293327], [-76.19071879293396, 36.87163566848304], [-76.19072965606645, 36.87170299212155], [-76.19073083197881, 36.87171028222236], [-76.19073236183516, 36.871719765145286], [-76.19073429565253, 36.871731751049346], [-76.19073670528641, 36.87174668032277], [-76.19073676937863, 36.871747080897286], [-76.1907367740522, 36.87174711163634], [-76.19073843048297, 36.8717573749446], [-76.19074417353532, 36.87179296644643], [-76.19074535606478, 36.8718002972395], [-76.19075203069559, 36.87184166060898], [-76.19075230535131, 36.87184336241906], [-76.19075903940862, 36.8718850956235], [-76.19075951036079, 36.87188801455965], [-76.19075811533259, 36.8718899828095], [-76.19072738394145, 36.87193333307691], [-76.1907263007447, 36.871934861269324], [-76.19069652585065, 36.87197686382801], [-76.19069183552074, 36.87198348065491], [-76.19067402265905, 36.872008607313006], [-76.19066412266875, 36.872022573499386], [-76.19065235057722, 36.87203917910306], [-76.19065094898647, 36.872042504712304], [-76.19065076995444, 36.872042931154716], [-76.19064838277201, 36.87204859541893], [-76.19064785675485, 36.87204984251407], [-76.19064524340905, 36.87205604406624], [-76.19064516709105, 36.872056229153145], [-76.19064445977178, 36.87205790354756], [-76.19064290452918, 36.87206163266189], [-76.19064277522712, 36.87206193659185], [-76.1906412695568, 36.87206547468517], [-76.19064103146802, 36.87206603517481], [-76.19064045481885, 36.87206739755362], [-76.19063258430344, 36.87208608183378], [-76.19063098915373, 36.87208986875368], [-76.19063058043, 36.87209083782302], [-76.1906269718326, 36.87209940037454], [-76.19062667673732, 36.872100101261324], [-76.19062650139801, 36.87210051695966], [-76.19062569598599, 36.8721024282933], [-76.19062466080008, 36.87210488495638], [-76.19062094207372, 36.872113711252055], [-76.19062084781193, 36.872113932943165], [-76.19061836020815, 36.87211983680457], [-76.19061705295856, 36.87212293801973], [-76.19061513256786, 36.87212749464049], [-76.19061343226754, 36.87213152917749], [-76.19060561521681, 36.8721500783976], [-76.19060386893327, 36.87215422290118], [-76.19060252655974, 36.872157409057536], [-76.1905862708493, 36.87219598256561], [-76.19056222824922, 36.87225303467261], [-76.19051742634952, 36.87235934512363], [-76.19053884990366, 36.872381513158814], [-76.1906195191855, 36.872464988230625], [-76.19064627555007, 36.872492675711555], [-76.19062750189599, 36.87251957994319], [-76.19061918435165, 36.872531500437944], [-76.19060893117833, 36.8725461934077], [-76.19060253992835, 36.87255535296045], [-76.19058624857813, 36.87257870043348], [-76.19058298729286, 36.87258337311354], [-76.19056795000895, 36.872604923532876], [-76.19056343814387, 36.87261138882527], [-76.1905557528703, 36.8726224041329], [-76.1905407226552, 36.872643942969994], [-76.19053014213242, 36.87265910543077], [-76.19052455126032, 36.87266710800888], [-76.19052291909483, 36.87266945738829], [-76.19052089150388, 36.87267237588219], [-76.19050911244496, 36.872689242739305], [-76.19049221100916, 36.87271346427074], [-76.19048438966689, 36.872724673401585], [-76.19046653213088, 36.87275026427029], [-76.19046326139426, 36.87275495208513], [-76.19039083271993, 36.87285874803763], [-76.19038352518147, 36.872869220914744], [-76.1903153196332, 36.8729669641058], [-76.19031063521564, 36.872973678385335], [-76.19030168645087, 36.87298650225916], [-76.19028382643924, 36.87301209665925], [-76.19027985415447, 36.87301778924438], [-76.19025142455112, 36.873038476900525], [-76.1902385900366, 36.87304781622596], [-76.1902119308133, 36.87306721544353], [-76.1901858716389, 36.87308617846361], [-76.19018319135013, 36.873088129549565], [-76.19016730019086, 36.873099693786756], [-76.19015938447593, 36.873105453055686], [-76.19015722627343, 36.87310702320405], [-76.19014962029757, 36.87311255870851], [-76.19011464481795, 36.87313801036082], [-76.19010915579656, 36.87314200374859], [-76.19008090278244, 36.87316256323468], [-76.19005710502375, 36.8731798805905], [-76.1900521667206, 36.87318347377144], [-76.1900479673108, 36.873186529831614], [-76.19004103806198, 36.87320167120229], [-76.19003182263855, 36.87322180998235], [-76.19002404465728, 36.873238810451326], [-76.19002316863265, 36.873240718590104], [-76.19001671837545, 36.87325483097937], [-76.19001337574595, 36.87326213499853], [-76.1899979131542, 36.87329590611324], [-76.18999547857611, 36.87329734102461], [-76.18989021777382, 36.87335939143643], [-76.18980649343082, 36.873408745568774], [-76.1896155015765, 36.873521331735596], [-76.18955455088253, 36.87355726030675], [-76.18945277964517, 36.87361725169388], [-76.1894486233286, 36.87361970194713], [-76.18942182438381, 36.87363549900398], [-76.18941587665839, 36.87363900560351], [-76.18938666669153, 36.87364927749955], [-76.18937925532734, 36.87365188366821], [-76.18937639512507, 36.87365288924787], [-76.1893615360747, 36.87365811529131], [-76.18932788041569, 36.87366995017442], [-76.18932736777784, 36.873670131185754], [-76.18932524814213, 36.87367087640682], [-76.1893249498692, 36.87367098141091], [-76.18927765205028, 36.87368761375516], [-76.18927338553671, 36.87368911447642], [-76.18924594134873, 36.87369876485919], [-76.18924032182903, 36.87370074194089], [-76.18923934537149, 36.87370108509248], [-76.18922813586865, 36.8737050272165], [-76.18922799865649, 36.87370507499531], [-76.18922117135651, 36.87370747540802], [-76.18921459580783, 36.87370978792927], [-76.18921184333071, 36.873710755962826], [-76.1892004602926, 36.87371475957084], [-76.18919804011114, 36.873715610650144], [-76.18918853630828, 36.87371895264556], [-76.18918294063444, 36.87372092027839], [-76.18917881250557, 36.873722371437744], [-76.18917859360033, 36.87372244915822], [-76.18898229579719, 36.87365290460499], [-76.18897586786687, 36.873650631051355], [-76.18897198421087, 36.873649251246555], [-76.18895771929041, 36.87364418516268], [-76.18895410024817, 36.873642884476496], [-76.18887762864783, 36.87361566081497], [-76.1888497921694, 36.87360575048294], [-76.18884724270382, 36.87360484310805], [-76.18883468522075, 36.87360037216355], [-76.18881361140092, 36.87359286996637], [-76.18881327245508, 36.8735930210412], [-76.1888090086619, 36.87359483728491], [-76.18880754006432, 36.87359546189927], [-76.18879400586279, 36.87360124485282], [-76.18878183391902, 36.87360646870286], [-76.18874774621946, 36.873621064886485], [-76.18866823843462, 36.87365510006888], [-76.18858826565945, 36.87368933336948], [-76.18858491555616, 36.873690767365844], [-76.18856008588028, 36.873701396558815], [-76.18847832142987, 36.87373639677018], [-76.18846098429232, 36.87374381839872], [-76.18845376568736, 36.87374690874237], [-76.18842270981091, 36.873760202491205], [-76.18841108845226, 36.873765176636226], [-76.18841019947278, 36.87376555755775], [-76.18839971603033, 36.873770044807586], [-76.18839368650977, 36.87377262582439], [-76.18835974315068, 36.873787156232964], [-76.18827992467847, 36.87382132385977], [-76.18826605131109, 36.87382726232997], [-76.18817868220857, 36.87386466151589], [-76.18814044739933, 36.87388102827176], [-76.18809123343146, 36.87390209512608], [-76.18806982993715, 36.873911256578474], [-76.18803264887492, 36.87392717261117], [-76.18803074701319, 36.87392798699496], [-76.18799260338017, 36.87396851810644], [-76.18799236675545, 36.87396877214806], [-76.18798095703268, 36.8739808966212], [-76.18796689791054, 36.873995832662594], [-76.18796328831232, 36.873999668240934], [-76.18795523076724, 36.87400823059624], [-76.18798697941665, 36.87403297475487], [-76.1880569876559, 36.87408753619125], [-76.18811889492538, 36.87413578529201], [-76.1881372015361, 36.87415412462849], [-76.18822225159644, 36.87423932178229], [-76.18838973278774, 36.87440709360386], [-76.18846364469618, 36.87448113397062], [-76.18853669124402, 36.874554306351584], [-76.1885461206313, 36.87456220685505], [-76.18859895969159, 36.874606482427694], [-76.18861138453067, 36.87461689273367], [-76.1887818194705, 36.87475970135104], [-76.18876398859767, 36.874774554271696], [-76.18889057789778, 36.87486518952853], [-76.18891243377728, 36.87488083760735], [-76.18895554273765, 36.874911702748925], [-76.18958492708099, 36.87536232225238], [-76.18959261984484, 36.8753678295836], [-76.19050836619853, 36.87602345938189], [-76.19060035586065, 36.87608931936508], [-76.19121100602236, 36.87652650400778], [-76.19137476173309, 36.87664374027164], [-76.19139217258034, 36.876656205157865], [-76.19145398254877, 36.876699310794365], [-76.1915290909118, 36.87675168976823], [-76.19186839325853, 36.87698831183156], [-76.19224853363524, 36.87725341034022], [-76.19227725986832, 36.877273442758025], [-76.19254565072413, 36.87746060881913], [-76.19267913415413, 36.877553694483346], [-76.19275128100396, 36.87760400709186], [-76.19275334545696, 36.87760544658697], [-76.19277646970443, 36.87762157222145], [-76.1927858910343, 36.877628141762756], [-76.19279106603238, 36.877625145323485], [-76.1931239182749, 36.87743239744756], [-76.1938109187502, 36.87704339776913], [-76.1942529183221, 36.87678839691635], [-76.1950779195316, 36.87632439706794], [-76.19571891974259, 36.87596939751922], [-76.19572666548525, 36.87596494425897], [-76.19621991985855, 36.87568139680072], [-76.1966629192453, 36.875403397115775], [-76.19715791929092, 36.875132396727025], [-76.19731691975976, 36.87505139685491], [-76.19766091953178, 36.8754643970105], [-76.19800592035904, 36.87584439703805], [-76.19823509098661, 36.87607720640382], [-76.19838391974716, 36.87622839741439], [-76.19873192048222, 36.87655839729488], [-76.19923392076788, 36.87699739692129], [-76.19964692059759, 36.87732839731286], [-76.1999879209141, 36.87758539722826], [-76.20032292052495, 36.877816397179586], [-76.20084992117208, 36.87816439733643], [-76.20094592135796, 36.878227397071655], [-76.2011229211397, 36.878339397224], [-76.20126571482145, 36.87842140668732], [-76.20181592132937, 36.87873739751197], [-76.2022489214278, 36.87895839780239], [-76.20264292126781, 36.879148397805295], [-76.20323592123952, 36.87941439757274], [-76.20384692247403, 36.87965939768854], [-76.20393292249395, 36.879694398063776], [-76.2041920890547, 36.87978534648256], [-76.20469092258145, 36.879960397698376], [-76.20518592184717, 36.880113397922884], [-76.20541492273001, 36.88017939809522], [-76.20599292241994, 36.88033039767284], [-76.20664592306112, 36.88048139811983], [-76.20706592327788, 36.88056339810586], [-76.207750923187, 36.88067939775368], [-76.20815392344751, 36.880733397783885], [-76.20971392421141, 36.88095439787978], [-76.21036692385975, 36.88105139807537], [-76.21056782488564, 36.88108605193243], [-76.21125392476198, 36.88120439779431], [-76.21145992485133, 36.881249397257115], [-76.21224192516905, 36.881418397947186], [-76.21285592492804, 36.88157139742942], [-76.21323003378424, 36.88167433850471], [-76.21406492568033, 36.881913397659616], [-76.2139269252021, 36.88172939788994], [-76.21389711626072, 36.881689807885174], [-76.21379892496073, 36.88155939809726], [-76.21375292536186, 36.881499397601544], [-76.21363592515287, 36.881319397200755], [-76.21252892440619, 36.879806396920586], [-76.2124599246895, 36.879698397454604], [-76.21216892474179, 36.879253397543], [-76.21193892425184, 36.87891839698571], [-76.21190192488382, 36.87886539714829], [-76.21127392428163, 36.87798539690557], [-76.21115192376071, 36.87779939683924], [-76.2110169242021, 36.877549396694064], [-76.21091692424757, 36.87733339701689], [-76.21085192373617, 36.87716439674242], [-76.21074592440647, 36.87682939663864], [-76.21068564197222, 36.876595719332855], [-76.21065692420518, 36.87648439692249], [-76.21026103947217, 36.87658105845268], [-76.21009992324596, 36.87662039681293], [-76.2098859235509, 36.876676396463345], [-76.20971292366076, 36.87671139685482], [-76.20949192337513, 36.87674239647926], [-76.20926892343054, 36.876759396982884], [-76.2090269237373, 36.8767643969249], [-76.20866592342875, 36.87674139693488], [-76.20858692296335, 36.876742397146835], [-76.2084489237163, 36.87674339671237], [-76.20845592309172, 36.87656439683665], [-76.2084399237262, 36.87632039670752], [-76.20841392318682, 36.87617039694772], [-76.20839510175817, 36.87609897288101], [-76.20837492362799, 36.87602239708165], [-76.20832592335508, 36.87588039642862], [-76.20825192293304, 36.875716396564144], [-76.20820811412273, 36.875641190474326], [-76.2081919225683, 36.87561339684944], [-76.2081109232636, 36.87550639633923], [-76.20800748177946, 36.875397044306204], [-76.20800592266968, 36.87539539680751], [-76.20791992316144, 36.875321396502265], [-76.20782692316725, 36.875254396700264], [-76.2077269226327, 36.87519339684842], [-76.20758592282536, 36.87512439665382], [-76.20743492283061, 36.87506839649377], [-76.20724692311917, 36.87501739694944], [-76.20708592286705, 36.87499039608214], [-76.20692192217378, 36.87497739620981], [-76.20673792297956, 36.87497439688816], [-76.20665992212027, 36.87496039642653], [-76.20660092248674, 36.87493839659241], [-76.20656092228816, 36.87491739679429], [-76.20651392218234, 36.87487239619616], [-76.20651303996931, 36.874871220695496], [-76.20646592266735, 36.87480839653128], [-76.206434922998, 36.87473939614295], [-76.20640492205193, 36.874600396654685], [-76.20639992199968, 36.874538396509145], [-76.20640892214725, 36.87446039610741], [-76.20638692274068, 36.8743123965684], [-76.20673755189112, 36.874318668173764], [-76.20772892263598, 36.87433639598567], [-76.20824392249608, 36.874363396639325], [-76.20887792326508, 36.8744223965884], [-76.20907526364086, 36.87444087439835], [-76.20941192294136, 36.87447239636436], [-76.20965587956994, 36.87449366687304], [-76.20997392385841, 36.87452139635313], [-76.21012892409614, 36.87453939589085], [-76.21038392413395, 36.87458739610836], [-76.21048082203558, 36.87460969453329], [-76.21062292381094, 36.87464239598427], [-76.21070192331116, 36.873757395730266], [-76.21072992320333, 36.87354539619463], [-76.21075702703422, 36.873323828141835], [-76.21080992379656, 36.87289139563881], [-76.2108709234017, 36.872303395419046], [-76.21089192415376, 36.87209539592136], [-76.2109129239611, 36.87184739574029], [-76.2109439232255, 36.87148239531627], [-76.21105992380916, 36.870106395365255], [-76.211099923444, 36.86963539550871], [-76.21111392419336, 36.86929939484814], [-76.21111592406103, 36.86907739529874], [-76.21110992352915, 36.868852395101946], [-76.21109392405656, 36.86861939500494], [-76.21108392309725, 36.868530395007795], [-76.21105660697334, 36.86829101975697], [-76.21104592336509, 36.86819739497857], [-76.21085089624445, 36.86679596363547], [-76.21083463054084, 36.866679082535235], [-76.21077692331114, 36.866264394485135], [-76.21062292275263, 36.8651433944749], [-76.21058692326558, 36.86492939410471], [-76.21040592305306, 36.864148393719255], [-76.21032892356774, 36.8635863939597], [-76.21028956447131, 36.86335122389414], [-76.2102489235844, 36.86310839410914], [-76.2102019228093, 36.86282739384889], [-76.21001392266956, 36.86145839395941], [-76.20993292324452, 36.86080139296701], [-76.20986392329866, 36.86008239344609], [-76.20981292286474, 36.859276392660384], [-76.20979792301138, 36.858818393122846], [-76.20978692251362, 36.85828839244835], [-76.20979492247136, 36.857668393169874], [-76.20981270894195, 36.85670199023698], [-76.20981553061948, 36.85654865777136], [-76.20981938144016, 36.85633947223093], [-76.2098279225208, 36.85587539214775], [-76.20982974559344, 36.85577511635942], [-76.20983092257168, 36.85571039204902], [-76.20972792273955, 36.85570539195219], [-76.20962592222142, 36.85569939268872], [-76.20862013068584, 36.85565242884042], [-76.20823392168188, 36.855634392532046], [-76.20778592204654, 36.85562039240243], [-76.20726392181999, 36.85560339206496], [-76.20660025144605, 36.855580753198794], [-76.20636076766472, 36.855572582974844], [-76.20623792137845, 36.85556839198354], [-76.20613192142967, 36.855564391965615], [-76.2048219165422, 36.855511657479894], [-76.20367292025352, 36.85546539239552], [-76.20350092095073, 36.85545839239084], [-76.20330205214296, 36.855450087023115], [-76.20276788371741, 36.85542777646069], [-76.20266291977573, 36.8554233924521], [-76.20192124761773, 36.855400391196405], [-76.20159892018833, 36.85539039288176], [-76.20134691976443, 36.85538239293077], [-76.20057091975545, 36.85537739251005], [-76.19982491977878, 36.855352392247326], [-76.1990749193581, 36.855322392709624], [-76.19897909493865, 36.85531601751756], [-76.19859391899054, 36.85529039262777], [-76.19830281675095, 36.8552791970216], [-76.19778791866578, 36.855259393009995], [-76.1977833631126, 36.85530899983192], [-76.19777891842669, 36.85535739285711], [-76.19699779229943, 36.8553262687601], [-76.19606826453962, 36.85528922508293], [-76.1959219180831, 36.85528339230219], [-76.19592436171978, 36.85523695754143], [-76.19592691830358, 36.85518839231601], [-76.19574591845094, 36.85518239239167], [-76.19565591767125, 36.85517939265322], [-76.1955569178007, 36.855175392413024], [-76.19492705809347, 36.85515425492261], [-76.19471620290817, 36.855147178018], [-76.19424591757148, 36.85513139253661], [-76.19403137046973, 36.85512359652907], [-76.19061662504099, 36.85499945584273], [-76.19044991675794, 36.85499339253129], [-76.18941285116621, 36.85495199100827], [-76.18938054918742, 36.854950702027665], [-76.18761991550781, 36.85488039283911], [-76.18689086655023, 36.85484430993266], [-76.18673091503047, 36.854836393148275], [-76.18626391502191, 36.854816393004754], [-76.18579791483442, 36.854795393032006], [-76.18579124494732, 36.85484375002163], [-76.18578591459423, 36.85488239299685], [-76.18537391530492, 36.854859393334564], [-76.18503391439235, 36.85484539292381], [-76.1849766226241, 36.85484539312315], [-76.18481191482618, 36.85484539332171], [-76.18460691432846, 36.854840393094435], [-76.18356391479254, 36.85479339288258], [-76.1813369137208, 36.85470539306314], [-76.18091482733459, 36.854688649658996], [-76.17974891346076, 36.854642392892195], [-76.17888091257133, 36.85460639319186], [-76.1786059132176, 36.85457839276141], [-76.17833191267839, 36.85453539335807], [-76.17805891309516, 36.85447839286745], [-76.17804213929614, 36.85447411676903], [-76.17780391259298, 36.854413393520616], [-76.17772897344665, 36.854394318469694], [-76.17772027558648, 36.85443686610339], [-76.17772000389684, 36.8544381929869], [-76.17771974315113, 36.85443949214374], [-76.17771946437502, 36.854440940574946], [-76.17771909506057, 36.854442635098394], [-76.17771893071024, 36.85444346022684], [-76.17771868202153, 36.85444465866631], [-76.17771841170102, 36.85444597746444], [-76.17771825058563, 36.8544467702068], [-76.17771614118081, 36.85445708637968], [-76.17771589314414, 36.85445830015564], [-76.1777136544641, 36.854469248351506], [-76.17771349753902, 36.854470014134996], [-76.17771102790422, 36.85448209441796], [-76.17771082090675, 36.85448310348831], [-76.177709876176, 36.85448772877369], [-76.17770919421248, 36.854491062153386], [-76.17770829951645, 36.85449343044426], [-76.17770737789685, 36.85449587211682], [-76.17770453133915, 36.8545034109514], [-76.17770328010393, 36.85450672676535], [-76.17770036035574, 36.854514457951744], [-76.1776987576168, 36.85451870336042], [-76.17769781525725, 36.85452119960769], [-76.17768635204898, 36.85455156074281], [-76.17768589676562, 36.854552765913944], [-76.1776751793762, 36.85458115152426], [-76.17767319820683, 36.854586399909095], [-76.17766366731057, 36.85461164239311], [-76.17766196210177, 36.85461615709392], [-76.17765281684864, 36.85464038051845], [-76.17765078574355, 36.854645757715794], [-76.17764159044029, 36.85467011355577], [-76.17763990350568, 36.854674580843906], [-76.17763072168484, 36.85469889909135], [-76.17762880762548, 36.85470397032714], [-76.17761910219212, 36.85472967357321], [-76.1776176715442, 36.85473346357588], [-76.17760682110259, 36.85476219989517], [-76.17760585668334, 36.854764757000176], [-76.17759488050919, 36.85479382614982], [-76.17759381734449, 36.85479664090269], [-76.17759170310748, 36.854802241803114], [-76.17758321584192, 36.85482471962033], [-76.17758200372286, 36.85482792984251], [-76.17757490313464, 36.85484673486966], [-76.17757328087343, 36.85485103127019], [-76.1775664170077, 36.854869211807014], [-76.17756523293207, 36.85487234866955], [-76.17756505478502, 36.85487281837706], [-76.17756421611443, 36.854875041749516], [-76.17755953970435, 36.8548874281334], [-76.17755677377839, 36.85489475042277], [-76.17754745020049, 36.85491944714989], [-76.17753600523153, 36.854949758155385], [-76.17753267891791, 36.854958567474675], [-76.17750610731511, 36.855028942741434], [-76.17750288961815, 36.855037464861404], [-76.17748007886463, 36.855097879307166], [-76.17747750568199, 36.85510469431774], [-76.17746844335258, 36.85512869672633], [-76.17745510259772, 36.85516402884207], [-76.17741758177088, 36.855292804118065], [-76.1774129554964, 36.85530867987093], [-76.17738191844846, 36.85541520181967], [-76.17736121694493, 36.85548625290461], [-76.17722577058817, 36.85595110864397], [-76.17718979952652, 36.85607456114947], [-76.17716093531682, 36.856173623746244], [-76.17714757366126, 36.85621948005943], [-76.17713534260889, 36.85626145570888], [-76.1771236742801, 36.856301501791854], [-76.17709786703, 36.856390073152376], [-76.17709577133284, 36.85639726356407], [-76.17708488136127, 36.85643463799156], [-76.17707921575837, 36.856454082517], [-76.1770733947575, 36.85647405939503], [-76.17707169876378, 36.85647988218907], [-76.17707025225667, 36.85648484728625], [-76.17706690312826, 36.85649633868262], [-76.17706616857129, 36.85649886066885], [-76.1770743155215, 36.85650303478743], [-76.17710158791519, 36.8565170102957], [-76.17710439411084, 36.85651844852808], [-76.17711640082533, 36.85652460091371], [-76.17712070346661, 36.85652680517738], [-76.17712627720303, 36.85652966194745], [-76.1771299172186, 36.856531526802506], [-76.1771328515227, 36.856533030665126], [-76.1771549488738, 36.85654435377905], [-76.1772333603066, 36.85658453448424], [-76.17724976354323, 36.85659293984399], [-76.1772655317678, 36.856601019860875], [-76.17738591838271, 36.85666270845264], [-76.17738623091543, 36.856662868770734], [-76.17741731243268, 36.85667879532213], [-76.17744692843094, 36.856693971772934], [-76.17744900134078, 36.85669503403891], [-76.1774900111988, 36.85671604874318], [-76.17751425888142, 36.856728473441926], [-76.17759114556245, 36.856767871990854], [-76.17759761281127, 36.856771185382534], [-76.17767208873138, 36.85680934817591], [-76.1776907792063, 36.856818926335876], [-76.17775922753354, 36.85685399981121], [-76.17777272635597, 36.85686091716371], [-76.17785140130388, 36.85690123155221], [-76.1778644208705, 36.856907902352866], [-76.17792784550439, 36.85694040208761], [-76.17795084756375, 36.85695218912165], [-76.17798841644861, 36.85697144010282], [-76.17800819374217, 36.85698157422127], [-76.1780111501707, 36.856983089315335], [-76.17801751143698, 36.85698634830729], [-76.17803408932252, 36.85699484354023], [-76.17804237993445, 36.856999091639494], [-76.17805552540155, 36.85700582800459], [-76.17806377295759, 36.85701005361776], [-76.17808186497874, 36.857019324226584], [-76.17808791147331, 36.85702242285417], [-76.17811042766472, 36.85703396048107], [-76.17811478006558, 36.85703619002838], [-76.17814048682744, 36.85704936274724], [-76.17814451892964, 36.85705142911974], [-76.17816926931197, 36.85706411149896], [-76.17817452728337, 36.85706680603499], [-76.17819779558923, 36.857078728983964], [-76.17820354390992, 36.8570816747845], [-76.17822555546388, 36.85709295272791], [-76.17823175547714, 36.85709613009933], [-76.17825568865187, 36.857108393383996], [-76.17826032374343, 36.857110769130685], [-76.1782869902828, 36.85712443311729], [-76.17829040284225, 36.85712618166669], [-76.1783163393929, 36.85713947156191], [-76.1783199562562, 36.8571413251046], [-76.17834817005476, 36.8571557822375], [-76.17835029930764, 36.85715687354385], [-76.17837560197503, 36.85716983811346], [-76.17838034642939, 36.85717226919897], [-76.17840596049551, 36.857185394956176], [-76.17841045428268, 36.85718769669392], [-76.17843459072452, 36.85720006401306], [-76.17844057319309, 36.85720312980774], [-76.1784640293181, 36.85721514925785], [-76.17846856835425, 36.85721747532382], [-76.17849047393955, 36.857228699742194], [-76.17849473466799, 36.857230883294946], [-76.17849873258893, 36.85723293095148], [-76.1784992538583, 36.85723319815071], [-76.17855155781103, 36.85725999908393], [-76.17855746628268, 36.85726302735432], [-76.17861497639025, 36.857292495612086], [-76.17861633480415, 36.85729319129173], [-76.17867403821592, 36.857322758887555], [-76.17868008475887, 36.85732585748466], [-76.17873660985863, 36.857354820364186], [-76.17874048074832, 36.85735680420713], [-76.17880317500746, 36.85738892936507], [-76.17880351958756, 36.85738910563625], [-76.17885010521083, 36.85741297567696], [-76.17886209561351, 36.857419120345035], [-76.17887817784154, 36.85742736048169], [-76.1788787068506, 36.85742763143777], [-76.1788802618364, 36.85742842834902], [-76.1788805920639, 36.8574285971252], [-76.17888262083403, 36.857429636859436], [-76.17889012740449, 36.857433483607764], [-76.17891222970921, 36.857444808281336], [-76.17891857336443, 36.85744805876242], [-76.17894534282598, 36.85746177600799], [-76.17894706788903, 36.85746266010861], [-76.17897634989758, 36.85747766370563], [-76.1789824715655, 36.85748080072822], [-76.17901107659196, 36.857495457424065], [-76.1790168382077, 36.857498410657385], [-76.17904456304005, 36.85751261638277], [-76.17905253679632, 36.85751670220675], [-76.17908164546245, 36.85753161671929], [-76.17908643963698, 36.857534073996796], [-76.17911767316231, 36.857550077903156], [-76.17912288261964, 36.8575527470993], [-76.17915419016737, 36.85756878851384], [-76.17915888939824, 36.85757119613864], [-76.17918853810728, 36.85758638900772], [-76.17919336988031, 36.857588864150124], [-76.17922528266328, 36.857605215864254], [-76.17922957435461, 36.857607415324956], [-76.17926195429641, 36.85762400701527], [-76.17926591581575, 36.85762603589782], [-76.17929562752974, 36.85764126063118], [-76.17929863261882, 36.857642800089444], [-76.17930152944479, 36.857644285127854], [-76.17932702679109, 36.85765734978126], [-76.1793297182194, 36.85765872890363], [-76.17933140354043, 36.85765959238258], [-76.17933358143068, 36.85766070806775], [-76.17933452900509, 36.85766119371003], [-76.17933833699149, 36.85766314474115], [-76.17933920946537, 36.857663591942575], [-76.17934331011747, 36.857665692978436], [-76.1793442312005, 36.85766616457642], [-76.17934872058804, 36.85766846528877], [-76.17934914579376, 36.857668682812445], [-76.17935250205605, 36.857670403175995], [-76.17935390244907, 36.85767112040823], [-76.179358293553, 36.85767337050328], [-76.17935920137673, 36.85767383552941], [-76.17936031131879, 36.85767440370189], [-76.17936346770527, 36.85767602096308], [-76.17936453786879, 36.857676569420356], [-76.1793758712585, 36.85768237655276], [-76.17939232243046, 36.857690806888456], [-76.1794001515729, 36.85769481771963], [-76.17940427541191, 36.85769693092944], [-76.17942260301432, 36.85770632135771], [-76.17942517073627, 36.85770763764055], [-76.17944444810664, 36.85771751555291], [-76.17944840520673, 36.857719542539016], [-76.17946714143135, 36.857729142944606], [-76.17947021167656, 36.85773071613567], [-76.17948767783716, 36.85773966588062], [-76.17949463560748, 36.85774323042816], [-76.17951156502323, 36.857751905457945], [-76.17952131473, 36.85775690068402], [-76.17954193729672, 36.85776746767786], [-76.17954475132193, 36.85776890961033], [-76.17956898751152, 36.8577813282361], [-76.17957209532518, 36.85778292019438], [-76.17959579589358, 36.85779506412541], [-76.1795986231804, 36.85779651262825], [-76.17962411729344, 36.85780957624991], [-76.17962781153605, 36.85781146913807], [-76.17964478188206, 36.85782016388581], [-76.17965059437098, 36.85782314242963], [-76.17965133321427, 36.8578235211873], [-76.17965215049401, 36.857823939352855], [-76.17965485407275, 36.857825325017316], [-76.1796575863853, 36.85782672477014], [-76.17965843346481, 36.85782715884799], [-76.17965912481989, 36.857827513231285], [-76.17967620116711, 36.857836263250455], [-76.17967999700495, 36.85783820862186], [-76.17968790568032, 36.85784226066555], [-76.1796971584372, 36.857847000881236], [-76.17969755488367, 36.857847205216], [-76.1796980839261, 36.85784747526754], [-76.17970017456008, 36.857848546856566], [-76.17970403114708, 36.857850523173106], [-76.17971756458041, 36.8578574572038], [-76.17971966185853, 36.857858531627905], [-76.17973129237107, 36.85786449152109], [-76.17973637157276, 36.85786709321593], [-76.17974891874695, 36.857873522811914], [-76.17975234463343, 36.85787527789052], [-76.17976713819833, 36.85788285786621], [-76.17976850877194, 36.85788356008208], [-76.17977664385347, 36.85788772836446], [-76.17978131881915, 36.85789012376612], [-76.17978419026583, 36.85789159567145], [-76.17978432942289, 36.857891666926065], [-76.17978512901549, 36.857892076628744], [-76.17978543937136, 36.85789223509448], [-76.1797881208648, 36.85789360950278], [-76.17979052407175, 36.85789484050111], [-76.17979161523816, 36.857895399284516], [-76.17979705223317, 36.85789818561833], [-76.17979731728772, 36.8578983215558], [-76.17980181443976, 36.857900626009275], [-76.17980307016163, 36.85790126916831], [-76.17980815264869, 36.857903873629006], [-76.17980964802706, 36.85790463960427], [-76.17981410212056, 36.8579069215733], [-76.17981545500633, 36.857907615326624], [-76.1798177168425, 36.85790877412472], [-76.17981900127086, 36.857909432272926], [-76.179820319928, 36.85791010822364], [-76.17982130947446, 36.85791061542296], [-76.17982572933991, 36.857912879588994], [-76.17982693205127, 36.8579134955603], [-76.17983265400674, 36.85791642723697], [-76.17983386333421, 36.85791704694447], [-76.17984002703888, 36.85792020548331], [-76.17984029983067, 36.85792034517903], [-76.17984707096099, 36.857923814977866], [-76.17984810138022, 36.85792434281493], [-76.17985272115247, 36.857926709180255], [-76.1798543004359, 36.85792751917769], [-76.1798596270121, 36.85793024834259], [-76.17986201143918, 36.85793146995452], [-76.17986362497915, 36.857932296853456], [-76.17986581723815, 36.85793342002335], [-76.17986927957337, 36.85793519384622], [-76.17987123326944, 36.857936195122875], [-76.17987226038099, 36.85793672109161], [-76.17987325987981, 36.85793723299404], [-76.17987790502431, 36.85793961338042], [-76.17988298973103, 36.857942218783], [-76.17988719312719, 36.857944372306676], [-76.17989552591254, 36.857948641835996], [-76.17989798210638, 36.85794990092039], [-76.17990495866987, 36.8579534757294], [-76.17990998705943, 36.85795605207526], [-76.17991707519617, 36.85795968317083], [-76.17991947397829, 36.857960912276205], [-76.17992956496097, 36.85796608366981], [-76.17993133974996, 36.85796699307528], [-76.17994116351974, 36.85797202578395], [-76.17994431219391, 36.857973639271144], [-76.1799537339124, 36.85797846753413], [-76.17995694333518, 36.8579801119668], [-76.17996572895046, 36.857984613078926], [-76.17996902561364, 36.8579863025012], [-76.17998051369989, 36.85799218924722], [-76.17998143809888, 36.85799266270832], [-76.17999383071054, 36.85799901260615], [-76.17999633442372, 36.8580002951618], [-76.18000680207197, 36.85800565787215], [-76.180009869004, 36.858007230081796], [-76.18001239811596, 36.85800852575818], [-76.18001319440296, 36.85800893359125], [-76.18001464339048, 36.85800967611274], [-76.1800150873547, 36.858009903919736], [-76.18001530164106, 36.858010012713606], [-76.18002261394322, 36.858013760002684], [-76.18002637335549, 36.85801568661523], [-76.18003694921715, 36.85802110554365], [-76.18004055071786, 36.85802295061571], [-76.18005518530714, 36.858030448993006], [-76.18005645538646, 36.858031099643966], [-76.18007126667335, 36.85803868894407], [-76.18007186196172, 36.85803899365375], [-76.18007690028672, 36.85804157559686], [-76.18008536672846, 36.858045913553696], [-76.18009166851824, 36.85804914241051], [-76.1800969884679, 36.858051868729255], [-76.18010413515624, 36.85805552981415], [-76.18010935242008, 36.85805820272492], [-76.18012071572362, 36.85806402569764], [-76.18012446409571, 36.85806594668051], [-76.18013445466171, 36.8580710646934], [-76.1801395206038, 36.85807366070005], [-76.18015200931261, 36.8580800602524], [-76.18015497468494, 36.858081579073], [-76.18016591390611, 36.858087184542725], [-76.18016963690968, 36.858089091502265], [-76.18017014714572, 36.85808935306764], [-76.18017157183148, 36.858090083389044], [-76.1801726817582, 36.85809065245464], [-76.18017387455107, 36.85809126281808], [-76.1801746343688, 36.85809165280326], [-76.18017534894003, 36.858092018458684], [-76.18017684651278, 36.85809278627521], [-76.18018128958322, 36.858095062603816], [-76.18018340234867, 36.858096144536404], [-76.18018932530379, 36.85809918021926], [-76.18019069036262, 36.85809987961695], [-76.18019831082523, 36.858103784414595], [-76.18019845001062, 36.858103854767876], [-76.18020580541797, 36.85810762362853], [-76.1802080484838, 36.858108773034225], [-76.18021506152004, 36.85811236657234], [-76.18021639677949, 36.85811305005752], [-76.18022391119474, 36.85811690137978], [-76.18022534033815, 36.858117632689975], [-76.18023094965838, 36.85812050713726], [-76.18023273659325, 36.85812142308764], [-76.18023883961035, 36.85812454975901], [-76.18024108046264, 36.858125698218956], [-76.18024521539363, 36.85812781702571], [-76.18024634301024, 36.85812839455251], [-76.18024893618667, 36.85812972303758], [-76.18024994340016, 36.85813023959602], [-76.18025330746796, 36.85813196279135], [-76.1802555240434, 36.858133098152074], [-76.18025584429785, 36.85813326312172], [-76.18026022110207, 36.858135505688466], [-76.18026280101928, 36.858136827601626], [-76.18026405122636, 36.85813746794256], [-76.18026559079456, 36.858138256417924], [-76.18026802933947, 36.85813950613181], [-76.18027211787684, 36.858141601486594], [-76.18027363866295, 36.85814238057699], [-76.18027874108563, 36.85814499442435], [-76.1802828141769, 36.858147081361196], [-76.18028521184972, 36.85814831043699], [-76.18029122981791, 36.85815139396193], [-76.18029490974065, 36.85815327933452], [-76.18030141036122, 36.858156609456685], [-76.18030453917488, 36.85815821262642], [-76.18030908384648, 36.858160541434486], [-76.18031001377213, 36.85816101770621], [-76.18031123193805, 36.85816164209017], [-76.1803127405587, 36.8581624155314], [-76.1803130796232, 36.858162588984946], [-76.18031355120215, 36.858162830857026], [-76.18031377650696, 36.85816294617764], [-76.18031480581166, 36.85816347398848], [-76.18031708756642, 36.85816464218387], [-76.18031831896462, 36.85816527404018], [-76.18031889880822, 36.858165570331025], [-76.18032093532739, 36.85816661469964], [-76.18032133295337, 36.85816681725279], [-76.18032687600981, 36.85816965793656], [-76.1803276557325, 36.85817005732779], [-76.18033272942492, 36.858172657084424], [-76.1803332727976, 36.858172935528465], [-76.18033839285808, 36.85817555963674], [-76.18033907650991, 36.85817590935686], [-76.18034408614666, 36.858178476299294], [-76.18034498624529, 36.85817893755941], [-76.18034842320453, 36.85818069824706], [-76.18035101307652, 36.85818202486181], [-76.18035193857364, 36.85818249924296], [-76.18035197058808, 36.85818251610024], [-76.18035241898343, 36.85818274579624], [-76.18035327492903, 36.85818318364956], [-76.1803534166599, 36.85818324413757], [-76.18035424348581, 36.858183680514436], [-76.18035434179887, 36.858183730229705], [-76.18035529600245, 36.858184219600005], [-76.18035553864661, 36.85818431813658], [-76.18035569989505, 36.85818440064339]]]}, "properties": {"OBJECTID": 467, "PERIMETER": 42442.457, "PRECINCTS": 40, "PRECINCTS1": 18, "ELECTION": 41, "ELECTION_I": 31, "PRECNAME": "Fairlawn", "SUPWARD": 7, "WARD": 4, "ADDRESSNUM": 1132, "POLLPLACE": "Fairlawn Recreation Center", "ADDRESSSTR": "Kempsville Road", "PRECNUM": 409, "POLLADDRESS": "1014 Kempsville Road", "NAME_1": "Fairlawn", "NAME_2": " ", "created_user": "CSIEMER", "created_date": 1662571027000, "last_edited_user": "CSIEMER", "last_edited_date": 1687295139000, "Shape__Area": 55524911.06413393, "Shape__Length": 42591.7516907821, "NORFOLKGIS.Precincts.AREA": null}}, {"type": "Feature", "id": 468, "geometry": {"type": "Polygon", "coordinates": [[[-76.30204705667474, 36.864343752124086], [-76.30199358610975, 36.86431939642164], [-76.30126370071636, 36.863986925872894], [-76.30116372798207, 36.86394138624877], [-76.30041295139851, 36.86359939111744], [-76.30036595076476, 36.86358139052997], [-76.30036584396936, 36.863581359686584], [-76.30023895136, 36.86354439098032], [-76.30018933103541, 36.863536344584894], [-76.30009095125286, 36.86352039133954], [-76.30010195073304, 36.86367139079947], [-76.30009795067875, 36.86379939140532], [-76.30007495093503, 36.86395439073932], [-76.30004295028819, 36.86407639116794], [-76.29998231411618, 36.86422386680918], [-76.29996195079774, 36.86427339117456], [-76.29996195051822, 36.86431439145254], [-76.2999709510003, 36.864338391148436], [-76.29992781523656, 36.86441518517656], [-76.29990202036419, 36.86446110601067], [-76.2997275151454, 36.86477176861998], [-76.29956595051932, 36.86505939120067], [-76.29954859643865, 36.865090629140504], [-76.2995209508742, 36.86514039109122], [-76.29948395077356, 36.86520739122738], [-76.29948320991166, 36.865208722182224], [-76.29929395033237, 36.865548391292904], [-76.29923088432439, 36.865652750350854], [-76.29912595100113, 36.86582639151183], [-76.29893375715886, 36.86614657354203], [-76.2989084588198, 36.86618871865988], [-76.29875860853608, 36.866438356368135], [-76.2986799509099, 36.866569391768834], [-76.29861695054778, 36.86667139198918], [-76.29859063264858, 36.86671823386938], [-76.29845413087081, 36.86696119259815], [-76.298298950677, 36.867237392202476], [-76.29826094992215, 36.86730339165157], [-76.29824222309416, 36.86733701483407], [-76.29806566826441, 36.867654013939394], [-76.2979677451279, 36.86782982895171], [-76.29795295091203, 36.867856391520824], [-76.29788021364871, 36.867983681382896], [-76.2978649506326, 36.86801039199116], [-76.29777289858451, 36.868175804317694], [-76.29766243868471, 36.86837429312259], [-76.29760395063045, 36.86847939160267], [-76.29744895023411, 36.86875239192215], [-76.29735742172774, 36.86891590017682], [-76.29728204654543, 36.869050551251384], [-76.29724295078348, 36.869120392212025], [-76.29712914400301, 36.86932300824486], [-76.29706995061669, 36.86942839251126], [-76.29698595003744, 36.869577392714874], [-76.29689695006394, 36.86973539206001], [-76.29688666138996, 36.86975369868891], [-76.29678074926966, 36.86994215152649], [-76.29660694977085, 36.870251392719126], [-76.29657466987038, 36.870301134724244], [-76.2965459496604, 36.87034539289316], [-76.29651865678282, 36.87039342299234], [-76.29634194977847, 36.87070439219165], [-76.29633194912572, 36.87072347214094], [-76.29620094985484, 36.87097339290031], [-76.2962022831799, 36.8709837592547], [-76.29620995041594, 36.87104339306959], [-76.29619994966787, 36.87111339282781], [-76.29618098287754, 36.87115945543568], [-76.29614394973697, 36.871249392800536], [-76.29612687624768, 36.87129477343332], [-76.29602994997617, 36.871552392705006], [-76.29600165443443, 36.871639025506745], [-76.29592773885436, 36.87186532767959], [-76.29588394987272, 36.87199939246556], [-76.2958709499062, 36.872037392512915], [-76.29586982117256, 36.87204098580321], [-76.29583295026711, 36.87215839247454], [-76.29608811992061, 36.872229249653586], [-76.2961520181193, 36.87224699378712], [-76.29620934792864, 36.87226291289587], [-76.29753995053811, 36.872632393062766], [-76.29934195130123, 36.873143393117545], [-76.30062800768869, 36.873507956173306], [-76.30169495142744, 36.873810392572146], [-76.30176795193952, 36.87383139288962], [-76.30220395155804, 36.873966393402036], [-76.3026572993161, 36.87408608171624], [-76.30502595256507, 36.874711392824466], [-76.30551508041543, 36.87483752696655], [-76.30585855444659, 36.87493709518807], [-76.30812241345996, 36.87559332412914], [-76.30825495380881, 36.87564839300349], [-76.30842795378061, 36.875728392758475], [-76.30864295459999, 36.87580139331748], [-76.30899995436289, 36.87602039317525], [-76.30948895390637, 36.87622639296213], [-76.30962859078116, 36.87627391477325], [-76.31030199377037, 36.87650308779238], [-76.31087295453877, 36.87669739349942], [-76.31124194633466, 36.87683674569191], [-76.31176795505583, 36.87703539322617], [-76.31233995513293, 36.877340393479486], [-76.31323495604248, 36.87788439379301], [-76.31415077957868, 36.87857697863837], [-76.31443695561524, 36.87879339358006], [-76.31541495686523, 36.879477393686145], [-76.31611695635468, 36.87988939378214], [-76.31650095621823, 36.88003439356252], [-76.31707295688888, 36.880014394167056], [-76.31713530042013, 36.880005149871145], [-76.31765295714816, 36.879928393487994], [-76.31863895769354, 36.87982939373891], [-76.31965462234194, 36.879704485003934], [-76.32031395846155, 36.879623393929656], [-76.32139095809744, 36.87935739374216], [-76.32192095893392, 36.879192393790575], [-76.32274995878194, 36.87886639339437], [-76.32317031370725, 36.878669846456496], [-76.32362895869588, 36.87845539341387], [-76.32453195894755, 36.87809739316231], [-76.32466541606715, 36.878054412389204], [-76.32521195913584, 36.877878393045116], [-76.32573395905027, 36.87775839331757], [-76.32609895964886, 36.877745393364116], [-76.32659595932006, 36.87779239300267], [-76.32668296001556, 36.877802393104695], [-76.32726196047352, 36.87779639270169], [-76.33017896044336, 36.878072393098584], [-76.33115145275661, 36.87820035428842], [-76.33170745201863, 36.87827350963165], [-76.33228005806102, 36.878348846247704], [-76.33479971224715, 36.878680319410364], [-76.33514996287387, 36.87872639259855], [-76.33516737942094, 36.878687094466336], [-76.33574985849667, 36.8773727848048], [-76.33638286286478, 36.87594441548355], [-76.33652170964223, 36.87563110085199], [-76.33673296231835, 36.87515439229584], [-76.33678596263508, 36.875034392008324], [-76.3355616759142, 36.873682898562016], [-76.33444105962836, 36.87244579345139], [-76.3307859601669, 36.8684103911506], [-76.32974014420418, 36.867813664626354], [-76.32618415637275, 36.86578453268041], [-76.3235464685453, 36.8642792652065], [-76.31946389031069, 36.86194919706667], [-76.31721295643457, 36.86066438959645], [-76.31642407940151, 36.86021436100362], [-76.31386495483297, 36.85875438957923], [-76.31371831193556, 36.85865929335805], [-76.31353495511904, 36.858540389149894], [-76.31336852428387, 36.85865278219599], [-76.31197395013902, 36.859594539579255], [-76.31168793925832, 36.85978767837118], [-76.31107057364544, 36.86020456913517], [-76.30988013636579, 36.86100841816866], [-76.30978095394876, 36.86107539042749], [-76.30960695322057, 36.86119338968201], [-76.30929395300578, 36.86141839014411], [-76.30914078927424, 36.861529126597254], [-76.3090990882184, 36.86155927539255], [-76.30883058124705, 36.8617534027831], [-76.3088287367071, 36.86175473664063], [-76.30878495371087, 36.861786390523385], [-76.30851596092434, 36.861979843858656], [-76.30849295369566, 36.861996389947386], [-76.30836921362302, 36.862090809923174], [-76.30835393275596, 36.862102470549296], [-76.30825370322506, 36.86217895121938], [-76.30824395338823, 36.86218639030475], [-76.30806138461764, 36.86232517962395], [-76.30780198638446, 36.862522375312835], [-76.30774092588018, 36.862568793358406], [-76.30762890478795, 36.86265395078503], [-76.3074831030877, 36.86276478831964], [-76.30745323847978, 36.86278749050751], [-76.30743495357864, 36.86280139071405], [-76.30736542949568, 36.862853765427765], [-76.30725957674085, 36.86293350780656], [-76.30722439028216, 36.86296001529134], [-76.30713495280433, 36.86302739085508], [-76.3070739534389, 36.863142390670454], [-76.30704894797566, 36.86317964310861], [-76.30702495297515, 36.863215390204566], [-76.30701077462577, 36.863236430079155], [-76.30699395333376, 36.863261390204755], [-76.30690195317973, 36.86337039038707], [-76.30684522620852, 36.86342393663928], [-76.30680195988079, 36.86346477621997], [-76.30679495275542, 36.86347139027629], [-76.30651695320348, 36.863688390391665], [-76.30618247411796, 36.86393493990025], [-76.3061289527789, 36.86397439071407], [-76.30611460328154, 36.86398504631307], [-76.30609088309849, 36.86400266026994], [-76.3060279525167, 36.86404939046442], [-76.30574395212946, 36.86425439049755], [-76.30562595267007, 36.864319390853126], [-76.30549895244398, 36.864372390773035], [-76.30535395209341, 36.86441639128014], [-76.30526630476834, 36.864434697261665], [-76.30519595212978, 36.86444939097434], [-76.30506695188673, 36.86446539093614], [-76.30491042241076, 36.86447408727475], [-76.30485095195387, 36.8644773908218], [-76.30479423777082, 36.86447615791691], [-76.30466695177647, 36.864473390679564], [-76.30448495279035, 36.864448390772104], [-76.30435295218567, 36.86442539054354], [-76.30426238180355, 36.864393461437466], [-76.30399641653051, 36.86429970010731], [-76.30393707324366, 36.86427877966701], [-76.3034849522372, 36.864119390625326], [-76.30329595231692, 36.8640833911232], [-76.30337995215733, 36.86407239064179], [-76.30346795179214, 36.8640703910801], [-76.30358495184753, 36.86409139113929], [-76.30365895148871, 36.86411539083746], [-76.30394195207454, 36.864220390524956], [-76.30398295184449, 36.86423039055897], [-76.30406695193777, 36.86423639107519], [-76.30408882647914, 36.864232715924615], [-76.30419195183987, 36.864215390593685], [-76.30382095213896, 36.86405739122103], [-76.30364395215423, 36.863995390605915], [-76.30351695158753, 36.863963390869856], [-76.3033769521817, 36.86394339111705], [-76.30323495236948, 36.86393839120742], [-76.30321334931453, 36.86393912382182], [-76.30305795200513, 36.86394439113955], [-76.30293795153263, 36.863957390590315], [-76.30278795167051, 36.86398939104775], [-76.30265795191421, 36.86403339120748], [-76.30255995201351, 36.864072390584724], [-76.30243195123055, 36.86413539074999], [-76.30238003111047, 36.864166158185434], [-76.30232395175672, 36.86419939052719], [-76.30231764894096, 36.86420394256613], [-76.30226995101181, 36.864238390789986], [-76.3021639515483, 36.86431539123463], [-76.30209895176377, 36.864367390583986], [-76.30204705667474, 36.864343752124086]]]}, "properties": {"OBJECTID": 468, "PERIMETER": 31514.654, "PRECINCTS": 43, "PRECINCTS1": 20, "ELECTION": 47, "ELECTION_I": 13, "PRECNAME": "W.H. Taylor Elementary", "SUPWARD": 6, "WARD": 2, "ADDRESSNUM": 1004, "POLLPLACE": "W.H. Taylor Elementary", "ADDRESSSTR": "W Princess Anne Rd", "PRECNUM": 213, "POLLADDRESS": "1122 W. Princess Anne Road", "NAME_1": "W.H. Taylor", "NAME_2": "Elementary", "created_user": "CSIEMER", "created_date": 1662571027000, "last_edited_user": "CSIEMER", "last_edited_date": 1687294927000, "Shape__Area": 52873711.357381925, "Shape__Length": 31894.09447323938, "NORFOLKGIS.Precincts.AREA": null}}, {"type": "Feature", "id": 469, "geometry": {"type": "Polygon", "coordinates": [[[-76.2468208820697, 36.87559175948869], [-76.2468405952832, 36.875653635632375], [-76.24684593486516, 36.87567039543646], [-76.24694273544476, 36.875654243312944], [-76.24714541778793, 36.875620423793], [-76.24718612924408, 36.875613630212655], [-76.24753604145961, 36.875555243073904], [-76.24759030146664, 36.87554618977272], [-76.24770293480188, 36.87552739488329], [-76.24758455344838, 36.875065707475834], [-76.24753293550667, 36.87486439551027], [-76.2474666742825, 36.8745885980176], [-76.24740946300159, 36.87435046035555], [-76.24737893529976, 36.87422339507105], [-76.24734193514226, 36.87408039466275], [-76.24787192914664, 36.8740274578551], [-76.24819293484128, 36.873995394644695], [-76.24830269787063, 36.87397962781165], [-76.24858021842934, 36.873939763369435], [-76.24909793534155, 36.87386539448632], [-76.24912993590468, 36.873844394456604], [-76.24933193573202, 36.87380339498037], [-76.24946292872522, 36.873782445269924], [-76.24962939620097, 36.873755822055855], [-76.2499009354917, 36.87371239490049], [-76.25030424391412, 36.87365257427085], [-76.25035698360759, 36.87364475163277], [-76.25052770060006, 36.873618459113544], [-76.25028296550354, 36.872648196045], [-76.25020550903042, 36.872341108287394], [-76.2500759352992, 36.871827394645955], [-76.24996693627008, 36.871512394251404], [-76.24961862504355, 36.87002935598745], [-76.24958293538708, 36.86987739382018], [-76.24953863329803, 36.86972198925589], [-76.24950931278866, 36.86961913514067], [-76.24914193481395, 36.86833039324163], [-76.2488099356457, 36.867196393494076], [-76.2487539352449, 36.86700439303309], [-76.24841642316593, 36.865582037605996], [-76.24834138360092, 36.865265793395324], [-76.24822193527227, 36.86476239279031], [-76.24795614625931, 36.86357082109348], [-76.2478949343932, 36.863296392272346], [-76.24786968837638, 36.86316758677606], [-76.24779693479853, 36.86279639218937], [-76.24770893496668, 36.862416392625335], [-76.24767208340829, 36.86228004448126], [-76.24753789453885, 36.86178354428732], [-76.2474811026611, 36.86157341386444], [-76.24747893473142, 36.8615653924225], [-76.2474019345418, 36.86160639217395], [-76.24726793439612, 36.861670392469556], [-76.24677693414358, 36.861881392545605], [-76.24622599722262, 36.86211554169192], [-76.24597693366586, 36.862221392871014], [-76.24563625331815, 36.862387481825635], [-76.24521593366848, 36.86259239298226], [-76.24517902666157, 36.862639090543034], [-76.24516693332694, 36.86265439269782], [-76.24510393375988, 36.86270739294086], [-76.24505902505052, 36.86273348916849], [-76.24502993404788, 36.862750393048344], [-76.24484816509359, 36.86284644412731], [-76.24455493321608, 36.86300139229768], [-76.24421193311603, 36.8631503931079], [-76.24408293361351, 36.86320339267977], [-76.24392993324005, 36.86326439235715], [-76.24368889697381, 36.863349573925376], [-76.24301593348868, 36.86358739281326], [-76.24278011383996, 36.86367004347558], [-76.24239393301536, 36.86380539267335], [-76.24218393324331, 36.863897392614135], [-76.24192793245494, 36.86403039303998], [-76.24142593251685, 36.86431439305775], [-76.24097229943774, 36.864572945100015], [-76.24093993224777, 36.864591393047355], [-76.24066593235177, 36.864736393510505], [-76.24061264156762, 36.86476160396756], [-76.24051352641762, 36.864808492616596], [-76.24023893265375, 36.86493839345759], [-76.24005225909121, 36.86502216358428], [-76.23987793196335, 36.86510039315131], [-76.23914293231212, 36.86543239303092], [-76.23839493165207, 36.86576839352755], [-76.2378906123612, 36.865994137772084], [-76.23770138499427, 36.86607883848524], [-76.237659931964, 36.86609739360709], [-76.23742193144076, 36.866199393906605], [-76.23732993172547, 36.866239393465364], [-76.23707593143097, 36.86633539360286], [-76.23690193096432, 36.86639239323048], [-76.23654193166537, 36.866502393684485], [-76.23623596789001, 36.86658555659823], [-76.23604893158581, 36.866636393442036], [-76.23597947877245, 36.8666537566573], [-76.2356209306844, 36.86674339405813], [-76.2353015188387, 36.86681437463432], [-76.2352711635386, 36.86682112031431], [-76.23526993144091, 36.86682139401494], [-76.23528169231332, 36.866841469982226], [-76.23542693070819, 36.867089394072494], [-76.23544234044772, 36.86711253203479], [-76.23549131946662, 36.86718607494445], [-76.23564892863996, 36.86742272842213], [-76.23575593145303, 36.867583393648], [-76.23591715826626, 36.86783582025286], [-76.2360529318206, 36.86804839384389], [-76.23622410014102, 36.86830555992926], [-76.23625327809995, 36.868349396411986], [-76.23625993183336, 36.86835939380854], [-76.23603729937278, 36.868469969471015], [-76.23550893082229, 36.868732394343894], [-76.23513977619746, 36.868883564044815], [-76.23472993141422, 36.86905139414195], [-76.2343704485277, 36.86916062301488], [-76.2343052390071, 36.86918043594858], [-76.2339499302824, 36.86928839470221], [-76.23360727566624, 36.86945636417543], [-76.23326438727359, 36.86962444624776], [-76.23303193025819, 36.86973839445162], [-76.2329410718696, 36.86978382369389], [-76.2329139306008, 36.86979739475506], [-76.2328917765715, 36.86983098881466], [-76.23285219844996, 36.86989100490386], [-76.23282471501005, 36.86993268060944], [-76.2328097787601, 36.86995532880873], [-76.23279193040644, 36.86998239434203], [-76.23278139961894, 36.86999840598722], [-76.23270691527313, 36.87011165795245], [-76.23270235624982, 36.870118588991126], [-76.23269392569284, 36.870131407921924], [-76.2326388667967, 36.87021512254159], [-76.23262093024836, 36.87024239456714], [-76.23261299720727, 36.87025429467606], [-76.23257295734567, 36.87031435494848], [-76.23254790849407, 36.87035192764211], [-76.23254412519952, 36.87035760270515], [-76.23253035100512, 36.87037826413028], [-76.2325136791108, 36.870403272853885], [-76.23250241381854, 36.87042016987402], [-76.23250183122984, 36.87042104378198], [-76.23245791040375, 36.87048692502098], [-76.2324538663001, 36.870492992554794], [-76.23245332718967, 36.87049380059978], [-76.23241693063075, 36.870548394884835], [-76.2324462151021, 36.870541914075], [-76.2325146050349, 36.87052677768187], [-76.23253893043763, 36.87052139455492], [-76.23258232333407, 36.870505924367635], [-76.23263133962931, 36.87048844896953], [-76.2326539307697, 36.870480394915226], [-76.23275093041767, 36.87042839437517], [-76.23282893014795, 36.870386394725266], [-76.23302493050453, 36.870294394987766], [-76.23328032868534, 36.87018509344916], [-76.23332502994751, 36.8701659625063], [-76.23342469769513, 36.87012330791289], [-76.2334969309713, 36.870092394387775], [-76.23386841458331, 36.86993444216051], [-76.2341288738938, 36.86982369509903], [-76.23425893110893, 36.86976839464844], [-76.23445470448893, 36.86968541820991], [-76.2346403146642, 36.869606749650785], [-76.2350139314051, 36.86944839425374], [-76.23508102719175, 36.86941992981961], [-76.23515084090738, 36.869390311705835], [-76.23534320582235, 36.8693087031027], [-76.23546972933781, 36.86925502600927], [-76.23548431787131, 36.869248837144276], [-76.23559471187413, 36.869202003224544], [-76.2357729316396, 36.86912639395878], [-76.23604866045349, 36.86900933987727], [-76.23639656287062, 36.868861645474716], [-76.23651522966793, 36.868811836032805], [-76.23665637182376, 36.869021050110504], [-76.23681084531962, 36.86925002122421], [-76.23682750953141, 36.86927472180555], [-76.23688552332528, 36.86936071308498], [-76.23703130444623, 36.869576799800726], [-76.23707893181474, 36.869647394585456], [-76.23716963550385, 36.86978786456314], [-76.23719193131816, 36.86982239401191], [-76.23724958632782, 36.86991043602688], [-76.23737134335526, 36.87009636277973], [-76.23752520630437, 36.87033131526143], [-76.23759356641438, 36.87043570241025], [-76.2376700912737, 36.87055255594984], [-76.23788679630577, 36.87088346539563], [-76.2379304016926, 36.870950051452496], [-76.23801207272572, 36.87107476198784], [-76.23810732213578, 36.87122020596171], [-76.23814246603705, 36.87127386912961], [-76.23828445740524, 36.87149068520485], [-76.23831161808103, 36.8715321603442], [-76.23833993236987, 36.87157539463826], [-76.23834979199053, 36.871589754091254], [-76.23844293193613, 36.87172539434796], [-76.23845414657198, 36.871753080587105], [-76.23847493212773, 36.871804394970766], [-76.23850782466592, 36.87197291853698], [-76.23854061711894, 36.87214092818224], [-76.23855593266966, 36.872219394872495], [-76.23862465902984, 36.87257473068756], [-76.23863033879194, 36.872604093286526], [-76.2386624397203, 36.87277006598419], [-76.23871744459522, 36.873054449865656], [-76.23874393235846, 36.87319139473071], [-76.23875270966299, 36.87323675417783], [-76.23877329521223, 36.87334314324582], [-76.23886293299863, 36.873806394827426], [-76.23926793245242, 36.87374939544831], [-76.23966022138796, 36.87370291617108], [-76.23968993313719, 36.87369939557507], [-76.23969492032829, 36.873698749694945], [-76.23986458371718, 36.87367678253411], [-76.2405908544131, 36.87358274243471], [-76.24069393274151, 36.873569395107445], [-76.24113893283528, 36.8735163954275], [-76.2411756502993, 36.873511275815055], [-76.24126660739357, 36.87349859450439], [-76.2414882604909, 36.87346769051929], [-76.24152090144321, 36.87346364168473], [-76.24162137607163, 36.873451176419735], [-76.24165434865783, 36.87344759452655], [-76.24182485518367, 36.873429071400224], [-76.24191393310149, 36.87341939471275], [-76.24201393293501, 36.87342539458223], [-76.2421099335719, 36.87344539518828], [-76.24221793355059, 36.873487394541705], [-76.24225262801377, 36.87350812682623], [-76.24229110564985, 36.873531120343735], [-76.24229993304557, 36.8735363953764], [-76.2423719329993, 36.8735963945679], [-76.24242893347491, 36.873666394677976], [-76.24247893368934, 36.87376539540046], [-76.24249393375364, 36.873829394661364], [-76.24249293394288, 36.87387639479866], [-76.24291579210394, 36.87381807023491], [-76.24318893403301, 36.873780395008396], [-76.24348586171368, 36.873742121409286], [-76.24366993371628, 36.87371839472686], [-76.24376493396248, 36.87370639486197], [-76.24411845705845, 36.873650773461456], [-76.24413993380985, 36.87364739467439], [-76.24455293402083, 36.87359239484503], [-76.24456187809642, 36.87359114959521], [-76.24542193453583, 36.87347139455943], [-76.24593893511079, 36.873399394661384], [-76.24615197175025, 36.87336550250795], [-76.24629152066957, 36.87334621855888], [-76.2463839347865, 36.8737913946446], [-76.24640576678148, 36.873887238360595], [-76.2464343236102, 36.874012608499], [-76.24649500356887, 36.87427900011941], [-76.24655122678774, 36.87452582390474], [-76.24656593519379, 36.8745903947628], [-76.24662297997874, 36.874824500544236], [-76.24663125808007, 36.87485846897787], [-76.24666094813892, 36.87498031297042], [-76.246691365231, 36.87510514272936], [-76.24669856930588, 36.8751347062718], [-76.24669907136001, 36.87513676472525], [-76.24670119340637, 36.87514547214113], [-76.24670191039006, 36.87514841535969], [-76.24673235374641, 36.87527334746411], [-76.24674893489284, 36.875341395658275], [-76.2467739344931, 36.87544439565749], [-76.246775778617, 36.87545018540048], [-76.24680750186432, 36.875549761125306], [-76.2468208820697, 36.87559175948869]]]}, "properties": {"OBJECTID": 469, "PERIMETER": 19031.521, "PRECINCTS": 44, "PRECINCTS1": 21, "ELECTION": 48, "ELECTION_I": 24, "PRECNAME": "Coleman Place School", "SUPWARD": 7, "WARD": 3, "ADDRESSNUM": 2450, "POLLPLACE": "Coleman Place Elementary School", "ADDRESSSTR": "Palmyra Street", "PRECNUM": 304, "POLLADDRESS": "2245 Palmyra Street", "NAME_1": "Coleman Place", "NAME_2": "School", "created_user": "CSIEMER", "created_date": 1662571027000, "last_edited_user": "CSIEMER", "last_edited_date": 1687295016000, "Shape__Area": 12946251.727181137, "Shape__Length": 18829.937873733892, "NORFOLKGIS.Precincts.AREA": null}}, {"type": "Feature", "id": 470, "geometry": {"type": "Polygon", "coordinates": [[[-76.2101269219571, 36.84118238940144], [-76.21012692140444, 36.841424389181604], [-76.21012692216405, 36.841550389064956], [-76.21009492215904, 36.84309238979136], [-76.21009292187513, 36.843263390074426], [-76.21009092243155, 36.843419389552544], [-76.2100879217777, 36.84360238937366], [-76.21008492236989, 36.84376339005774], [-76.21007292254978, 36.84439638956421], [-76.21004892211825, 36.84574439010062], [-76.21001888399354, 36.84726208449828], [-76.21000892198475, 36.847765390337365], [-76.20998492270427, 36.84882439116789], [-76.20998292272225, 36.84891839078446], [-76.20997809464728, 36.84914920039295], [-76.20996192238273, 36.849922390890825], [-76.20994792229841, 36.85020939145885], [-76.2099119223556, 36.85100039155504], [-76.2098889225594, 36.851512391191214], [-76.20988092261288, 36.8517873914589], [-76.209860922078, 36.852672391499205], [-76.20984692218033, 36.85337639179896], [-76.20984392202675, 36.85377239209321], [-76.20985392200294, 36.854648391789546], [-76.20985280899488, 36.854699779579725], [-76.20983092257168, 36.85571039204902], [-76.20982974559344, 36.85577511635942], [-76.2098279225208, 36.85587539214775], [-76.20979492247136, 36.857668393169874], [-76.20978692251362, 36.85828839244835], [-76.20979792301138, 36.858818393122846], [-76.20981292286474, 36.859276392660384], [-76.20986392329866, 36.86008239344609], [-76.20993292324452, 36.86080139296701], [-76.21001392266956, 36.86145839395941], [-76.2102019228093, 36.86282739384889], [-76.2102489235844, 36.86310839410914], [-76.21028956447131, 36.86335122389414], [-76.21032892356774, 36.8635863939597], [-76.21040592305306, 36.864148393719255], [-76.21058692326558, 36.86492939410471], [-76.21062292275263, 36.8651433944749], [-76.21077692331114, 36.866264394485135], [-76.21083463054084, 36.866679082535235], [-76.21104592336509, 36.86819739497857], [-76.21105660697334, 36.86829101975697], [-76.21108392309725, 36.868530395007795], [-76.21109392405656, 36.86861939500494], [-76.21110992352915, 36.868852395101946], [-76.21111592406103, 36.86907739529874], [-76.21111392419336, 36.86929939484814], [-76.211099923444, 36.86963539550871], [-76.21105992380916, 36.870106395365255], [-76.2109439232255, 36.87148239531627], [-76.21105992323318, 36.87137639586402], [-76.2113026236054, 36.87119389282691], [-76.21131392412302, 36.871185395713], [-76.21141892422418, 36.871091395357894], [-76.21162492367962, 36.87086139584745], [-76.21187851426161, 36.87049199211858], [-76.2118789238128, 36.870491395267905], [-76.21190308019168, 36.8704631846783], [-76.21192517592209, 36.87043738120236], [-76.21202192444626, 36.87032439515239], [-76.21210139555757, 36.87026134805215], [-76.21216526797335, 36.87021067596212], [-76.21216668056874, 36.87020955601257], [-76.21217192416714, 36.87020539549401], [-76.21221874191784, 36.870187359299784], [-76.21241592426583, 36.87011139529097], [-76.21281246144045, 36.869996756423426], [-76.21283792375839, 36.86998939481222], [-76.21322992439688, 36.86985639521831], [-76.21331704611424, 36.86982308412352], [-76.21363792409245, 36.869700395084095], [-76.21370004352329, 36.869676559173875], [-76.21372392426618, 36.86966739537767], [-76.21382492436156, 36.86962139484321], [-76.21393492460669, 36.86960239540161], [-76.21402392471845, 36.86960939500056], [-76.21424292427909, 36.86967639528795], [-76.2142934144623, 36.86969989060755], [-76.21434392458735, 36.86972339530661], [-76.21459692451556, 36.86986239542167], [-76.21467292507155, 36.86988739550728], [-76.2147609251928, 36.869925395243186], [-76.21486892494285, 36.869925394995434], [-76.21499492459992, 36.86991339493416], [-76.2150779254377, 36.869830394843156], [-76.21509537542015, 36.86980778867461], [-76.21516592468653, 36.869716395143335], [-76.21526692489847, 36.869552395300374], [-76.2153309255052, 36.86942539502605], [-76.21550792526673, 36.8689893947127], [-76.21552426545311, 36.86890232171545], [-76.21555123155629, 36.86875861782824], [-76.21557997878062, 36.86860542727757], [-76.21558392523859, 36.86858439456317], [-76.21565392485148, 36.86839439514667], [-76.2158369252847, 36.86816039445741], [-76.2160619250628, 36.867954394851296], [-76.21650732398594, 36.86740057986465], [-76.21657866453975, 36.867311873535726], [-76.21682192584153, 36.86700939482329], [-76.21702192514816, 36.86670239453106], [-76.21708492567856, 36.86661339423076], [-76.21721892489509, 36.86651239443289], [-76.21736992502515, 36.86641639400253], [-76.21754692573961, 36.86629839469994], [-76.21759530029661, 36.86626153158888], [-76.21768688139406, 36.86619174308818], [-76.21789992508606, 36.86602939431901], [-76.21800278649644, 36.8659658396452], [-76.21808579244328, 36.86591455276817], [-76.21830292573954, 36.86578039411682], [-76.21847392553059, 36.86568639426449], [-76.21852692605424, 36.86568039378423], [-76.2186199253813, 36.86566439410359], [-76.21869992614995, 36.86565939385099], [-76.21881092562639, 36.86566739402805], [-76.21884234995113, 36.865668557720866], [-76.21894592592446, 36.865672394351954], [-76.21909192595699, 36.86567839410961], [-76.21927792622118, 36.86571239382967], [-76.2195239262545, 36.865802394481996], [-76.2197209264361, 36.86594239399178], [-76.22011292659285, 36.866193394497856], [-76.22020954707422, 36.86623883253647], [-76.22029792653703, 36.866280394169166], [-76.22062492673618, 36.86637339397136], [-76.22074192620906, 36.86637339449568], [-76.22104573246537, 36.86637339383083], [-76.22105592656374, 36.86637339419794], [-76.22111048486981, 36.866359800695015], [-76.22135293786005, 36.866299391886045], [-76.22155569231829, 36.866248873219305], [-76.22164992711201, 36.86622539381519], [-76.22181880583513, 36.866106365360295], [-76.22198192721214, 36.865991393907066], [-76.22238292693704, 36.86561939381194], [-76.22268875114477, 36.86496798713389], [-76.22275306804049, 36.86483099024487], [-76.22290592671392, 36.86450539414967], [-76.22295256859736, 36.8642354669285], [-76.22295270744051, 36.8642336821832], [-76.22294688689831, 36.86408589625159], [-76.2229891431625, 36.86393008075258], [-76.22300892654252, 36.863764393973995], [-76.2231589268329, 36.86333339340373], [-76.22347792706121, 36.862921393589374], [-76.22361538650965, 36.86280805355891], [-76.22388709958312, 36.86258401596009], [-76.2242081848474, 36.86231926625043], [-76.22440692743209, 36.86215539328305], [-76.22468842266773, 36.8619839081822], [-76.225015927563, 36.86178439277872], [-76.22551692817362, 36.8614003931293], [-76.22566192720684, 36.86128939256819], [-76.22568215982943, 36.86126453397458], [-76.22602492792903, 36.86084339268029], [-76.22604920142419, 36.860738375065104], [-76.22613408240885, 36.86037113144425], [-76.226370928069, 36.85934639234604], [-76.22648947111588, 36.85899471523571], [-76.22651961171957, 36.85895916864337], [-76.22672540321987, 36.85871646311522], [-76.22684882561856, 36.85859109657957], [-76.22687293492744, 36.8585745460251], [-76.22692762498697, 36.85851501099953], [-76.22723592853741, 36.85817939213338], [-76.22728978780398, 36.858103990121194], [-76.22775592872088, 36.85745139197131], [-76.2278769285586, 36.857215391869865], [-76.22794292843083, 36.85702939177097], [-76.22806592877171, 36.85663639194185], [-76.22807892853291, 36.85648239220743], [-76.22806875650934, 36.856447548241896], [-76.22801491511727, 36.856263104976485], [-76.22799128029797, 36.8561821420219], [-76.227883927901, 36.85581439209453], [-76.22771941088462, 36.85559280255169], [-76.22716063114382, 36.85484016746877], [-76.22614592708446, 36.853473391244016], [-76.22605192770963, 36.85330739137973], [-76.22619032904537, 36.85288593849805], [-76.2264204157434, 36.8521852760667], [-76.22660771719926, 36.85161489702711], [-76.2266147747064, 36.85159340594002], [-76.22670772706368, 36.85131033682048], [-76.22691392774792, 36.85068239063275], [-76.22715692709487, 36.849945390831905], [-76.226485927611, 36.84887139046465], [-76.22561692740372, 36.84748038967943], [-76.2252512670688, 36.846809876768845], [-76.2247809269032, 36.84594738950872], [-76.224790354858, 36.845910620094976], [-76.22479092645109, 36.8459083894371], [-76.22492118019943, 36.84542867463749], [-76.2255609593952, 36.84307232506324], [-76.2258259262738, 36.842096388654184], [-76.22584392689032, 36.84199938914559], [-76.22585992678269, 36.84190238874764], [-76.22587680934198, 36.84182008711393], [-76.2258839267513, 36.84178538842408], [-76.2259059267539, 36.8416673884962], [-76.22591892669395, 36.84151538910313], [-76.22596992645003, 36.84092838872783], [-76.22604229877605, 36.84016218789361], [-76.22606192640292, 36.8399543880299], [-76.22306192577324, 36.83775438815946], [-76.22060926961595, 36.83627107822914], [-76.2197599245833, 36.83575738775796], [-76.21876192429714, 36.835154387527645], [-76.21873023469341, 36.835120585703066], [-76.21726192350134, 36.83355438734481], [-76.21670392395224, 36.83335138763476], [-76.2139609226966, 36.83235438701169], [-76.21349692277651, 36.83242738708037], [-76.21230892194177, 36.832615387440036], [-76.21172092203727, 36.83270738770616], [-76.21065592122446, 36.832876387719175], [-76.21053492133606, 36.832895387637365], [-76.21045119876874, 36.83290853421984], [-76.21044027895704, 36.832910249349986], [-76.21041607333744, 36.83291404991061], [-76.21041392138712, 36.83291438743088], [-76.2104117640366, 36.833029314102625], [-76.21041160259387, 36.833037896630714], [-76.21041128469832, 36.83305482201632], [-76.21040459379502, 36.83341123732678], [-76.2104035968618, 36.83346437516589], [-76.210398921452, 36.83371338758922], [-76.21039864551554, 36.83372736176254], [-76.21039822590623, 36.83374862352274], [-76.21039392158274, 36.833966387715215], [-76.21039273504493, 36.83400537104033], [-76.21039273406622, 36.834005403471046], [-76.21038739507033, 36.83418075813442], [-76.21037773000039, 36.83449823518176], [-76.21037381098422, 36.834626943905484], [-76.2103731146242, 36.83464983267435], [-76.21037224249024, 36.83467847154545], [-76.21036179487419, 36.8350216516026], [-76.2103604013719, 36.83506741740709], [-76.21034931985311, 36.83543137550986], [-76.21034156658163, 36.83569236859499], [-76.21034066169094, 36.835738143927095], [-76.21034013769412, 36.835764610041814], [-76.21034002464305, 36.83577032531184], [-76.21033561354736, 36.83599347589188], [-76.21033502179866, 36.8360233758573], [-76.21033185299339, 36.83618366294955], [-76.2103287549294, 36.83634034228233], [-76.21032814693812, 36.83637107751338], [-76.21032292192506, 36.83663538831388], [-76.21031404767623, 36.83704599007332], [-76.21031291409146, 36.837098450111604], [-76.21031192125608, 36.83714438868193], [-76.21030830985158, 36.837403720156594], [-76.21030692222108, 36.837503388798], [-76.2103049219672, 36.83761038816223], [-76.21030158421352, 36.83773498799692], [-76.21029986223162, 36.83779928885107], [-76.2102809220905, 36.83850638825676], [-76.21027592233395, 36.83859438836506], [-76.21026792153967, 36.83873938842062], [-76.2102429220603, 36.83903538845467], [-76.2102389214426, 36.8391933887421], [-76.21023777149539, 36.83921239091517], [-76.21023587359244, 36.839243764411705], [-76.21023257606196, 36.83929825092885], [-76.2102009924691, 36.83982022015765], [-76.21020092131074, 36.839821388765635], [-76.2101922768003, 36.83996619418809], [-76.21018468562319, 36.84009334041746], [-76.21018089945994, 36.840156768142435], [-76.21016892162737, 36.84035738892361], [-76.21013091637369, 36.84110392886107], [-76.21013049491663, 36.84111220705966], [-76.2101269219571, 36.84118238940144]]]}, "properties": {"OBJECTID": 470, "PERIMETER": 35840.949, "PRECINCTS": 45, "PRECINCTS1": 22, "ELECTION": 49, "ELECTION_I": 2, "PRECNAME": "Poplar Halls", "SUPWARD": 7, "WARD": 4, "ADDRESSNUM": 925, "POLLPLACE": "New Life Worship Center", "ADDRESSSTR": "Briar Hill Road", "PRECNUM": 413, "POLLADDRESS": "925 Briar Hill Road", "NAME_1": "Poplar Halls", "NAME_2": " ", "created_user": "CSIEMER", "created_date": 1662571027000, "last_edited_user": "CSIEMER", "last_edited_date": 1666096340000, "Shape__Area": 54175527.947858386, "Shape__Length": 34637.86341254042, "NORFOLKGIS.Precincts.AREA": null}}, {"type": "Feature", "id": 471, "geometry": {"type": "Polygon", "coordinates": [[[-76.29949926700161, 36.863183601357285], [-76.2994108135081, 36.86314300994941], [-76.29933296869997, 36.863107287183254], [-76.29571450559276, 36.861446682044836], [-76.29549992435152, 36.86134819936305], [-76.29532821438006, 36.86126939189305], [-76.2953255103996, 36.861274930498254], [-76.29531994973995, 36.86127239064459], [-76.29494564211946, 36.862041856179864], [-76.29494294942593, 36.86204739048232], [-76.29450994942806, 36.86184939082177], [-76.29407794927802, 36.86165639103938], [-76.293867948837, 36.86155639055169], [-76.29352194864703, 36.86138939024661], [-76.29351435722391, 36.86139827931431], [-76.29340494851697, 36.86152639097356], [-76.293366949173, 36.86155339047662], [-76.29331894852257, 36.86156739099342], [-76.29326894907652, 36.86156739090776], [-76.29326786905062, 36.861567113728974], [-76.29322994876597, 36.861557390392804], [-76.29294118012646, 36.861399290088706], [-76.29286387098068, 36.86135696330494], [-76.29282994826313, 36.861338390543295], [-76.29271983718594, 36.861277491218814], [-76.29266156972051, 36.86124526496099], [-76.29265094844982, 36.861239390377705], [-76.2926124794698, 36.86128363923694], [-76.29260537667184, 36.86129180822627], [-76.29258398226398, 36.86131641813378], [-76.29254769864838, 36.861358151772215], [-76.29201039711194, 36.86197616538938], [-76.29172645759994, 36.862302754368876], [-76.29171894838844, 36.8623113906869], [-76.29165994820578, 36.862280391343965], [-76.29161194824196, 36.86225439133604], [-76.29145394778264, 36.86217239089712], [-76.29129694821583, 36.86208939051725], [-76.29119994823402, 36.862038390813446], [-76.29029994792096, 36.86156839085178], [-76.29017994722822, 36.86153239076132], [-76.29001294751153, 36.861483391055415], [-76.28932394727285, 36.86128439052444], [-76.28920027126357, 36.86125163186098], [-76.28880294697376, 36.86114639096284], [-76.28862168774816, 36.86109798702623], [-76.28845094727411, 36.86105239120397], [-76.2883227131558, 36.86101786653985], [-76.28798294643026, 36.860926390564586], [-76.28780294733872, 36.86088139099843], [-76.28681994650026, 36.86061139092961], [-76.2865409467917, 36.86133739102516], [-76.28637294667693, 36.86176539071789], [-76.28635723199882, 36.86180236694427], [-76.28627177244016, 36.86200344921644], [-76.28623694631874, 36.862085391330254], [-76.28593294631472, 36.862801391574], [-76.28577057852382, 36.863181827950015], [-76.285623946179, 36.86352539113827], [-76.28536487884637, 36.86415418900379], [-76.28532194644883, 36.864258391416136], [-76.28516950040223, 36.86462676276189], [-76.28501694663365, 36.8649953914976], [-76.28471494664873, 36.86572139220749], [-76.28442418693183, 36.866408038775994], [-76.28440794660034, 36.86644639206308], [-76.28424894619425, 36.86682239229867], [-76.2841089461835, 36.867168391842206], [-76.2840029458297, 36.86744239241664], [-76.28384494552415, 36.86791739276894], [-76.2838386556326, 36.86793523473143], [-76.28373494616565, 36.86822939230434], [-76.28366494572823, 36.868398392910834], [-76.2836170340662, 36.86850498320256], [-76.28357594591706, 36.868596392513176], [-76.28373794641404, 36.86863939296736], [-76.28461394613426, 36.86887139233779], [-76.28464379127686, 36.868801444008525], [-76.28513954742942, 36.86894458177923], [-76.2853687560665, 36.8690107601785], [-76.288006176761, 36.86977220343056], [-76.29541225644327, 36.87190893138564], [-76.29576369728736, 36.87201031058838], [-76.29572594945832, 36.87212839302267], [-76.29579107223856, 36.872146651575626], [-76.29583295026711, 36.87215839247454], [-76.29586982117256, 36.87204098580321], [-76.2958709499062, 36.872037392512915], [-76.29588394987272, 36.87199939246556], [-76.29590171402081, 36.87194500487693], [-76.29592773885436, 36.87186532767959], [-76.29600165443443, 36.871639025506745], [-76.29602994997617, 36.871552392705006], [-76.29611806173683, 36.871318200360086], [-76.29612094561767, 36.87131053518513], [-76.29612687624768, 36.87129477343332], [-76.29614394973697, 36.871249392800536], [-76.29614769531037, 36.871240296200526], [-76.29618098287754, 36.87115945543568], [-76.29619994966787, 36.87111339282781], [-76.29620122551015, 36.87110446622316], [-76.29620995041594, 36.87104339306959], [-76.2962022831799, 36.8709837592547], [-76.29620094985484, 36.87097339290031], [-76.29628669323776, 36.8708098111906], [-76.29632761515863, 36.870731739270894], [-76.29633194912572, 36.87072347214094], [-76.29634194977847, 36.87070439219165], [-76.29646713904982, 36.87048408476856], [-76.29651865678282, 36.87039342299234], [-76.2965459496604, 36.87034539289316], [-76.29655330058785, 36.87033406542901], [-76.29657466987038, 36.870301134724244], [-76.29660694977085, 36.870251392719126], [-76.29675115009549, 36.86999481649635], [-76.29692518743481, 36.86968526409421], [-76.29696366134928, 36.869616961010856], [-76.29698595003744, 36.869577392714874], [-76.29699919156717, 36.86955390543349], [-76.29706995061669, 36.86942839251126], [-76.29712914400301, 36.86932300824486], [-76.29724295078348, 36.869120392212025], [-76.29728204654543, 36.869050551251384], [-76.29735742172774, 36.86891590017682], [-76.29743661143843, 36.868774433262594], [-76.29744895023411, 36.86875239192215], [-76.29760395063045, 36.86847939160267], [-76.2976241501248, 36.868443094736], [-76.29766243868471, 36.86837429312259], [-76.29777289858451, 36.868175804317694], [-76.2978649506326, 36.86801039199116], [-76.29788021364871, 36.867983681382896], [-76.29795295091203, 36.867856391520824], [-76.2979677451279, 36.86782982895171], [-76.29802393103853, 36.867728950602725], [-76.29805902632935, 36.86766593796101], [-76.29806566826441, 36.867654013939394], [-76.2980916302171, 36.867607398946575], [-76.29813637705018, 36.867527057314064], [-76.29824222309416, 36.86733701483407], [-76.29826094992215, 36.86730339165157], [-76.298298950677, 36.867237392202476], [-76.2983562610899, 36.86713538644938], [-76.29836108512467, 36.86712680124205], [-76.29845413087081, 36.86696119259815], [-76.29859063264858, 36.86671823386938], [-76.29861695054778, 36.86667139198918], [-76.2986197074, 36.86666692872499], [-76.2986799509099, 36.866569391768834], [-76.29875860853608, 36.866438356368135], [-76.29884647009567, 36.866291985433925], [-76.2989084588198, 36.86618871865988], [-76.29893375715886, 36.86614657354203], [-76.2989826916293, 36.86606505268141], [-76.29903121107095, 36.8659842225823], [-76.29912595100113, 36.86582639151183], [-76.29923088432439, 36.865652750350854], [-76.29929395033237, 36.865548391292904], [-76.29929616811347, 36.86554441005928], [-76.29930826275437, 36.865522704683386], [-76.29948320991166, 36.865208722182224], [-76.29948395077356, 36.86520739122738], [-76.2995122484761, 36.865156148843944], [-76.2995209508742, 36.86514039109122], [-76.29954859643865, 36.865090629140504], [-76.29956595051932, 36.86505939120067], [-76.29961048872384, 36.86498010245103], [-76.2997275151454, 36.86477176861998], [-76.29976878940792, 36.86469829105807], [-76.29979644397311, 36.86464905832319], [-76.29990202036419, 36.86446110601067], [-76.29992781523656, 36.86441518517656], [-76.2999709510003, 36.864338391148436], [-76.29996195051822, 36.86431439145254], [-76.29996195079774, 36.86427339117456], [-76.29997004448873, 36.8642537064722], [-76.29998231411618, 36.86422386680918], [-76.30002008378054, 36.86413200694129], [-76.30004295028819, 36.86407639116794], [-76.30007495093503, 36.86395439073932], [-76.30008118645195, 36.86391236881475], [-76.30009795067875, 36.86379939140532], [-76.30010037110765, 36.86372194208216], [-76.30010195073304, 36.86367139079947], [-76.30010127357208, 36.86366209588526], [-76.30009224547139, 36.86353815259167], [-76.30009095125286, 36.86352039133954], [-76.30007956402889, 36.863449896129865], [-76.30006995125234, 36.8633903911151], [-76.30005435125126, 36.86332908120953], [-76.30002695068609, 36.86322139061093], [-76.29991311449163, 36.863215261019576], [-76.29976695016725, 36.863207390974026], [-76.29968095110246, 36.86321439082788], [-76.29957695085766, 36.86320539043385], [-76.29949926700161, 36.863183601357285]]]}, "properties": {"OBJECTID": 471, "PERIMETER": 15018.819, "PRECINCTS": 46, "PRECINCTS1": 23, "ELECTION": 50, "ELECTION_I": 52, "PRECNAME": "Maury", "SUPWARD": 6, "WARD": 2, "ADDRESSNUM": 322, "POLLPLACE": "Maury High School", "ADDRESSSTR": "Shirley Avenue", "PRECNUM": 210, "POLLADDRESS": "322 Shirley Avenue", "NAME_1": "Maury", "NAME_2": " ", "created_user": "CSIEMER", "created_date": 1662571027000, "last_edited_user": "CSIEMER", "last_edited_date": 1666096340000, "Shape__Area": 12877289.919845963, "Shape__Length": 15173.872754404754, "NORFOLKGIS.Precincts.AREA": null}}, {"type": "Feature", "id": 472, "geometry": {"type": "Polygon", "coordinates": [[[-76.23326438727359, 36.86962444624776], [-76.23360727566624, 36.86945636417543], [-76.23369704963368, 36.86941235751927], [-76.2339499302824, 36.86928839470221], [-76.2340417999301, 36.86926048084681], [-76.23430523785896, 36.86918043682783], [-76.2343704485277, 36.86916062301488], [-76.23472993141422, 36.86905139414195], [-76.23513977619746, 36.868883564044815], [-76.23535451366511, 36.86879562915802], [-76.23550893082229, 36.868732394343894], [-76.2359161628799, 36.86853013542264], [-76.23603729937278, 36.868469969471015], [-76.23625993183336, 36.86835939380854], [-76.23625327809995, 36.868349396411986], [-76.23622410014102, 36.86830555992926], [-76.2360529318206, 36.86804839384389], [-76.23591715826626, 36.86783582025286], [-76.23586934948996, 36.86776096695594], [-76.23578298346365, 36.86762574797933], [-76.23575593145303, 36.867583393648], [-76.23564892863996, 36.86742272842213], [-76.23549131946662, 36.86718607494445], [-76.23544234044772, 36.86711253203479], [-76.23542693070819, 36.867089394072494], [-76.23528169231332, 36.866841469982226], [-76.23526993144091, 36.86682139401494], [-76.2352711635386, 36.86682112031431], [-76.2353015188387, 36.86681437463432], [-76.2356209306844, 36.86674339405813], [-76.23570809278277, 36.86672160322137], [-76.23604893158581, 36.866636393442036], [-76.23623596789001, 36.86658555659823], [-76.23654193166537, 36.866502393684485], [-76.23690193096432, 36.86639239323048], [-76.23707593143097, 36.86633539360286], [-76.23732993172547, 36.866239393465364], [-76.23742193144076, 36.866199393906605], [-76.237659931964, 36.86609739360709], [-76.23770138499427, 36.86607883848524], [-76.2378906123612, 36.865994137772084], [-76.23839493165207, 36.86576839352755], [-76.23914293231212, 36.86543239303092], [-76.23987793196335, 36.86510039315131], [-76.24023893265375, 36.86493839345759], [-76.24061264156762, 36.86476160396756], [-76.24066593235177, 36.864736393510505], [-76.24093993224777, 36.864591393047355], [-76.24097229943774, 36.864572945100015], [-76.24142593251685, 36.86431439305775], [-76.24192793245494, 36.86403039303998], [-76.24218393324331, 36.863897392614135], [-76.24239393301536, 36.86380539267335], [-76.24278011383996, 36.86367004347558], [-76.24301593348868, 36.86358739281326], [-76.24368889697381, 36.863349573925376], [-76.24392993324005, 36.86326439235715], [-76.24408293361351, 36.86320339267977], [-76.24421193311603, 36.8631503931079], [-76.24455493321608, 36.86300139229768], [-76.24484816509359, 36.86284644412731], [-76.24502993404788, 36.862750393048344], [-76.24510393375988, 36.86270739294086], [-76.24516693332694, 36.86265439269782], [-76.24517902666157, 36.862639090543034], [-76.24521593366848, 36.86259239298226], [-76.24597693366586, 36.862221392871014], [-76.24622599722262, 36.86211554169192], [-76.24677693414358, 36.861881392545605], [-76.24726793439612, 36.861670392469556], [-76.2474019345418, 36.86160639217395], [-76.24747893473142, 36.8615653924225], [-76.24745598269061, 36.86146374865225], [-76.24744040249708, 36.86139474981125], [-76.247101946729, 36.8598958248939], [-76.24707046243516, 36.859756389491594], [-76.24702944594164, 36.85957473203087], [-76.24695274655843, 36.859235043437], [-76.24686267449168, 36.85883611950886], [-76.24683420765797, 36.858710040789006], [-76.24679793445266, 36.85854939151392], [-76.24676782721973, 36.858416237061796], [-76.24665340028051, 36.85791016711356], [-76.2465954165423, 36.85765372318085], [-76.24658520983805, 36.85760858121254], [-76.24652759632241, 36.857353774024865], [-76.24650693419657, 36.857262391030886], [-76.2464949408322, 36.85720901586854], [-76.24636515797582, 36.856631456748715], [-76.24624988782892, 36.856145564514854], [-76.24619856996756, 36.855962374977], [-76.24619493345651, 36.85594939119848], [-76.24614209476202, 36.85576024140036], [-76.24612923130725, 36.855714194797606], [-76.24611908093375, 36.855677857586876], [-76.2461140341546, 36.855659790029534], [-76.24600693343677, 36.85527639096282], [-76.24596142928061, 36.85511327832077], [-76.24595381046623, 36.855085968271645], [-76.24594816021023, 36.85506571500769], [-76.24588707109767, 36.85484673527143], [-76.2458518115349, 36.85472034560648], [-76.24578652124531, 36.854486307929434], [-76.24576916230602, 36.8544240818481], [-76.24569863509237, 36.85417126530611], [-76.2456844814493, 36.854120529264236], [-76.24567553896384, 36.85408847508844], [-76.2456293712452, 36.85392297983649], [-76.24560541878826, 36.85383711750383], [-76.24555193392467, 36.85364539056342], [-76.2455249331317, 36.853488390865536], [-76.2450307679773, 36.8535793525637], [-76.24495993359655, 36.853592391131485], [-76.24477693297352, 36.85361939072987], [-76.24456793367854, 36.853650390452735], [-76.24455422683725, 36.85365217696231], [-76.24409993348536, 36.8537113905497], [-76.24290393273968, 36.853884390503445], [-76.24255404727768, 36.853933797448185], [-76.24212493294243, 36.853994390586685], [-76.24194839082858, 36.854018265021885], [-76.24184393204271, 36.854032390424926], [-76.24177429050944, 36.854044698277065], [-76.23965393114, 36.854419391349424], [-76.23908893102482, 36.854522391068315], [-76.23860017528663, 36.85461552311826], [-76.23843293181292, 36.85464739079681], [-76.23757927505997, 36.85483662010969], [-76.23745904467336, 36.8548632716527], [-76.23683593116138, 36.85500139095013], [-76.23642749711642, 36.85507317758732], [-76.23601093021, 36.85514639157442], [-76.23584089131239, 36.855175858141], [-76.23538193073539, 36.855255391586574], [-76.23486945283622, 36.85535142836108], [-76.23477893017007, 36.8553683915421], [-76.23386967706953, 36.85552978620721], [-76.23380992960847, 36.85554039189823], [-76.23308214399886, 36.855672898819485], [-76.23278425542499, 36.85572713299768], [-76.23256961363198, 36.85576621151063], [-76.23250532380412, 36.855777915969696], [-76.23241379162346, 36.85579458023449], [-76.2323379292581, 36.85580839124158], [-76.23237792953276, 36.85595339121656], [-76.23243753455435, 36.85618108711324], [-76.23247113341553, 36.85630944030207], [-76.23254719471844, 36.85660000134965], [-76.23256080563279, 36.85665199328886], [-76.23266692956736, 36.85705739146053], [-76.23271892965549, 36.85734739144305], [-76.23275892373806, 36.8575252211231], [-76.23277492968249, 36.85759639190989], [-76.2327879752901, 36.85769454959351], [-76.23278950281357, 36.85770604009912], [-76.23279592957161, 36.85775439237815], [-76.23291493023198, 36.85849539195453], [-76.23294027666854, 36.858644294843366], [-76.23296308813772, 36.858778298596974], [-76.23297825285704, 36.85886738331811], [-76.23299319512215, 36.85895516756167], [-76.23303384130776, 36.85919394374529], [-76.23308405833107, 36.85948893967817], [-76.23308633319058, 36.85950230053831], [-76.2331506096761, 36.85987988970878], [-76.23316193028386, 36.85994639280479], [-76.23322892995157, 36.86020339226273], [-76.23324936101794, 36.86026420499647], [-76.23331054116247, 36.86044630387523], [-76.23331393018242, 36.86045639259558], [-76.23331414672437, 36.860456879011394], [-76.23334484418277, 36.86052587244172], [-76.23341493012332, 36.86068339218136], [-76.23346733606829, 36.86078154309837], [-76.23353293057545, 36.86090439293183], [-76.23384748557294, 36.86145451911924], [-76.23386619582418, 36.86148724134791], [-76.23394707088696, 36.86162868188577], [-76.23398693069618, 36.861698392710785], [-76.23405202866738, 36.86181437496168], [-76.23408440889878, 36.86187206581277], [-76.23418107383134, 36.86204428904542], [-76.23430293052368, 36.86226139275125], [-76.23441553306958, 36.86245871376793], [-76.2344638695859, 36.86254341737028], [-76.23499937562973, 36.8634818044438], [-76.23501916168372, 36.86351647525863], [-76.23515893090101, 36.86376139284252], [-76.23519438277211, 36.86383855463888], [-76.23522517164328, 36.86390556624728], [-76.2352439304765, 36.863946393451926], [-76.2353309306001, 36.86418639313727], [-76.23538493119635, 36.86438439325962], [-76.23540993144616, 36.86450439334647], [-76.2354389310296, 36.86471339319239], [-76.23544993125147, 36.86492739300439], [-76.23544806497952, 36.86500725059575], [-76.23544493110823, 36.86514139353006], [-76.23544126782556, 36.865166884163905], [-76.23543401303922, 36.86521737736723], [-76.23542490793632, 36.86528073360743], [-76.2353959305209, 36.8654823935415], [-76.23534793120942, 36.865689393372186], [-76.23528193063915, 36.865885393660854], [-76.23514793039566, 36.86621639365408], [-76.23509970683536, 36.86630626682017], [-76.23503793108021, 36.8664213939528], [-76.23495876891312, 36.866558420989946], [-76.23492861321938, 36.86661061967558], [-76.23492744090974, 36.86661264770435], [-76.23488804829961, 36.866680836277496], [-76.23484093071445, 36.86676239383534], [-76.23476293087099, 36.86689939359054], [-76.2346459306392, 36.8671023936074], [-76.23455686185893, 36.86724191365797], [-76.23450293080616, 36.86732639356088], [-76.23442825304502, 36.8674428399781], [-76.2343320420548, 36.86759286469029], [-76.23432593046883, 36.86760239425879], [-76.23416530598882, 36.86785187476754], [-76.23410392240858, 36.86794721567395], [-76.23404393044697, 36.86804039394857], [-76.23398842025537, 36.86812744905796], [-76.23395650792406, 36.868177495395365], [-76.2338601527248, 36.86832860403463], [-76.23377280717212, 36.86846558515571], [-76.23372893010855, 36.868534394446165], [-76.23366194578215, 36.86863628106216], [-76.23363292082998, 36.86868042942505], [-76.23353893029851, 36.868823394429434], [-76.23344793000022, 36.86896539399554], [-76.23344564007846, 36.868968966140415], [-76.23336386144938, 36.86909650700161], [-76.23335904985736, 36.869104010071936], [-76.23332404462339, 36.86915860441797], [-76.23323011581468, 36.86930509477433], [-76.23308064122489, 36.86953821003803], [-76.23305089087295, 36.86958460943368], [-76.23301287983378, 36.86964388964175], [-76.23299064413457, 36.869678567401166], [-76.23297793061374, 36.86969839483694], [-76.23293486481255, 36.86976501203861], [-76.2329139306008, 36.86979739475506], [-76.2329410718696, 36.86978382369389], [-76.23303193025819, 36.86973839445162], [-76.23326438727359, 36.86962444624776]]]}, "properties": {"OBJECTID": 472, "PERIMETER": 18138.945, "PRECINCTS": 47, "PRECINCTS1": 43, "ELECTION": 35, "ELECTION_I": 11, "PRECNAME": "Sherwood", "SUPWARD": 7, "WARD": 3, "ADDRESSNUM": 4537, "POLLPLACE": "Sherwood Forest Recreation Center", "ADDRESSSTR": "4537 Little John Drive", "PRECNUM": 311, "POLLADDRESS": "4537 Little John Drive", "NAME_1": "Sherwood", "NAME_2": " ", "created_user": "CSIEMER", "created_date": 1662571027000, "last_edited_user": "CSIEMER", "last_edited_date": 1687295076000, "Shape__Area": 14474496.712232985, "Shape__Length": 18174.53221396675, "NORFOLKGIS.Precincts.AREA": null}}, {"type": "Feature", "id": 473, "geometry": {"type": "Polygon", "coordinates": [[[-76.24824603284647, 36.85296750386184], [-76.24812593467071, 36.85298839001686], [-76.24805593392416, 36.85297539038159], [-76.24793793377977, 36.85296539041286], [-76.24781993469902, 36.852970390119275], [-76.24763093391967, 36.853003390377374], [-76.24727093420316, 36.85307739065074], [-76.24676826034968, 36.8532012939469], [-76.246627696653, 36.85323594024708], [-76.2460619332783, 36.85337539028266], [-76.24601499712657, 36.85338570173983], [-76.24566593405181, 36.8534623903327], [-76.2455249331317, 36.853488390865536], [-76.24555193392467, 36.85364539056342], [-76.24560541878826, 36.85383711750383], [-76.24567554003127, 36.85408847691162], [-76.24569863509237, 36.85417126530611], [-76.2458518115349, 36.85472034560648], [-76.24588707109767, 36.85484673527143], [-76.24595381046623, 36.855085968271645], [-76.24600693343677, 36.85527639096282], [-76.2461140341546, 36.855659790029534], [-76.24619493345651, 36.85594939119848], [-76.24619856996756, 36.855962374977], [-76.24624988782892, 36.856145564514854], [-76.24636515797582, 36.856631456748715], [-76.24650693419657, 36.857262391030886], [-76.24658520983805, 36.85760858121254], [-76.2465954165423, 36.85765372318085], [-76.24665339923975, 36.857910164389466], [-76.24679793445266, 36.85854939151392], [-76.24683420765797, 36.858710040789006], [-76.24695274655843, 36.859235043437], [-76.24702944594164, 36.85957473203087], [-76.24747893473142, 36.8615653924225], [-76.2474811026611, 36.86157341386444], [-76.24762077698796, 36.86209020921095], [-76.24767208340829, 36.86228004448126], [-76.24770893496668, 36.862416392625335], [-76.24779693479853, 36.86279639218937], [-76.24786968837638, 36.86316758677606], [-76.2478949343932, 36.863296392272346], [-76.24795614625931, 36.86357082109348], [-76.24814584846078, 36.86442128827059], [-76.24819969346653, 36.86466268094754], [-76.24822193527227, 36.86476239279031], [-76.24834138360092, 36.865265793395324], [-76.24841642316593, 36.865582037605996], [-76.2487539352449, 36.86700439303309], [-76.24905048769155, 36.86725419862517], [-76.24904795740198, 36.867244314346564], [-76.2492424236832, 36.86740776036953], [-76.24998542464999, 36.86803223035351], [-76.25109958481522, 36.86782072416593], [-76.25443920270344, 36.86728155890751], [-76.2577784484022, 36.86675328114992], [-76.25998835358314, 36.866383609756085], [-76.26008954507219, 36.86636668171637], [-76.26028793881245, 36.86633639266202], [-76.2605519385297, 36.866311393052214], [-76.26070293873592, 36.86630639273579], [-76.26086593887952, 36.86631439249245], [-76.26102693908388, 36.86633739328493], [-76.26111129350569, 36.86635752963526], [-76.2611813580313, 36.866377405297094], [-76.26118193943273, 36.866374393178376], [-76.26122347538484, 36.86638779226974], [-76.26124393891212, 36.866394392715684], [-76.26136193862176, 36.86644339293017], [-76.26141493933532, 36.86644939294803], [-76.26145693943765, 36.866439393089934], [-76.26148593886211, 36.866419392639486], [-76.26161193950514, 36.86629139316757], [-76.26164293964533, 36.86626639303997], [-76.26170493921988, 36.86623439313113], [-76.26183509591289, 36.865884505459974], [-76.26196793932151, 36.865527392985065], [-76.26193590916972, 36.86550751953432], [-76.26173621308722, 36.86538362137747], [-76.26169393893109, 36.86535739269603], [-76.26151793889308, 36.86528239257117], [-76.26133093869156, 36.865204392794915], [-76.26127205443828, 36.865190848786455], [-76.26113093928991, 36.865158392419644], [-76.26086593907372, 36.86518539235029], [-76.26074493878185, 36.86520439244557], [-76.26060393850999, 36.86525539291321], [-76.26048293864557, 36.86529439238115], [-76.2603739382297, 36.865294392817056], [-76.26016293818381, 36.86528639289653], [-76.25983093892184, 36.86527539290119], [-76.25909093872274, 36.865231392581], [-76.2589359379354, 36.865192392415864], [-76.2588799378715, 36.86517939257113], [-76.25884793781668, 36.86516039226378], [-76.25881193868935, 36.865126392535636], [-76.25879493764762, 36.86510039259112], [-76.25876893824712, 36.86504339223837], [-76.25874393852772, 36.86500639256507], [-76.2586249384072, 36.86489139283509], [-76.258447938508, 36.864781393017296], [-76.2583369383457, 36.864733392286624], [-76.25831193811207, 36.86472139295952], [-76.2582679385092, 36.86470239244226], [-76.25823093770173, 36.86468939250517], [-76.25814993807198, 36.86465839253152], [-76.25810593741507, 36.86460239241186], [-76.25811793829463, 36.864477392930176], [-76.25813693815962, 36.86438339270721], [-76.25816793754915, 36.864264392087684], [-76.25816193811369, 36.86409639253801], [-76.25815593802587, 36.864021392036484], [-76.25811793791053, 36.86397739282729], [-76.25800593740226, 36.863858392316864], [-76.25796193817227, 36.86374639261423], [-76.25779693751446, 36.86342139203099], [-76.25752093794327, 36.863251392193916], [-76.25737193740285, 36.86320239192445], [-76.2573199375495, 36.863185392570074], [-76.25730593733003, 36.86313939234826], [-76.25725593762841, 36.86306439269297], [-76.25722493794841, 36.86304639261253], [-76.25712493805246, 36.86305839233202], [-76.25704993707865, 36.86309739219561], [-76.25701193721518, 36.863121392140215], [-76.25690593769997, 36.86313939202327], [-76.25685593786308, 36.86313939267779], [-76.25668093719997, 36.863077392074125], [-76.2566309376811, 36.863014392114586], [-76.2566059368344, 36.862908391872075], [-76.25659993686737, 36.8627583925681], [-76.25658693710325, 36.8626273921073], [-76.2565543899172, 36.86253414726484], [-76.25654993688048, 36.86252139252519], [-76.25648693779797, 36.86233939199893], [-76.25643672635849, 36.8621824820107], [-76.25643093701076, 36.86216439175679], [-76.25634293766677, 36.86197739234433], [-76.25631593710193, 36.86174339228274], [-76.25627493671848, 36.86152139157082], [-76.25627493734544, 36.86124639184079], [-76.25628693737455, 36.86112139157431], [-76.25626193770684, 36.86099639212669], [-76.25616793682387, 36.86090239149205], [-76.25600593726377, 36.860808391522774], [-76.25591793655894, 36.86070239175887], [-76.25591177331668, 36.86068932579311], [-76.2558679372691, 36.86059639145371], [-76.25591793670355, 36.860471391594174], [-76.2559652468779, 36.86041877644434], [-76.25602493667897, 36.86035239134969], [-76.25616293662765, 36.86019039192943], [-76.25622493677466, 36.86001439169246], [-76.25617793760215, 36.85965039127045], [-76.25630493664713, 36.85965939186714], [-76.25726233761475, 36.85978473568518], [-76.25793591218088, 36.85987291521834], [-76.25816775563538, 36.8599032656595], [-76.25824959770577, 36.85991397929308], [-76.25829093720219, 36.85991939139669], [-76.25831149534324, 36.85992037053753], [-76.25833813592402, 36.85992163881847], [-76.2583451278945, 36.85992197236091], [-76.25835393788628, 36.859922391976816], [-76.25844693723819, 36.859910391101344], [-76.25850693804811, 36.85988839158434], [-76.25852793732115, 36.85987839138044], [-76.2585839378815, 36.8598393913277], [-76.25864293824272, 36.85977339110641], [-76.2586799375541, 36.85974939141298], [-76.25873293745676, 36.85973039136438], [-76.2587799374358, 36.85972539139327], [-76.25894293782139, 36.85973939182579], [-76.25925393786741, 36.85978539107518], [-76.25948404165534, 36.859815249632575], [-76.2596733555737, 36.85983981478188], [-76.25983193766278, 36.85986039174086], [-76.26019693779809, 36.85989639185826], [-76.26052617914776, 36.85994039198199], [-76.26059159374316, 36.8599491331502], [-76.26063093788763, 36.859954391910755], [-76.26096620418284, 36.85999760518649], [-76.26220593874724, 36.86015739167011], [-76.26230493942336, 36.8601703916428], [-76.26230859270024, 36.860158498241795], [-76.26235193898975, 36.86001739139924], [-76.26240239213314, 36.85987211047272], [-76.26241496962005, 36.8598358905099], [-76.2624525803895, 36.85972758884476], [-76.26252333829198, 36.85952383693506], [-76.26252697172238, 36.85951337452765], [-76.26258247840258, 36.85935353891375], [-76.26261137414542, 36.85927033122173], [-76.26262593959628, 36.85922839114833], [-76.2626559441954, 36.859175048064564], [-76.26271593893709, 36.859068391346234], [-76.26291093941092, 36.85869739106799], [-76.26291147648317, 36.858696371931245], [-76.2629500226386, 36.85862332343999], [-76.26297545068087, 36.858575136395324], [-76.26298487959666, 36.858557266917934], [-76.26304119150929, 36.85845054892388], [-76.26307696539642, 36.85838701835562], [-76.26311317620855, 36.858325101440265], [-76.26315614982664, 36.85825161801608], [-76.2631849386218, 36.858202390752886], [-76.2632850513566, 36.85802191651988], [-76.2633121224344, 36.857973115316234], [-76.26333193969391, 36.8579373909766], [-76.263368318355, 36.85786961557113], [-76.26346429235169, 36.85769085071036], [-76.26347434652605, 36.85767212057643], [-76.26353593870422, 36.85755739057424], [-76.26354592680775, 36.8575367915362], [-76.26359490720736, 36.85743577008359], [-76.26359993892125, 36.85742539105755], [-76.26361393930802, 36.85735739049934], [-76.26361360295165, 36.857338896977616], [-76.26361335874057, 36.857325457394374], [-76.26361293962398, 36.85730239054368], [-76.26359593875573, 36.85723439101272], [-76.26358868799764, 36.85721937042024], [-76.26356793882093, 36.85717639097725], [-76.26354734838395, 36.85714879915173], [-76.26353371673314, 36.857130532906325], [-76.26351793885095, 36.85710939098112], [-76.26349019235903, 36.857084529245384], [-76.26339293869775, 36.85699739054959], [-76.26334393953759, 36.856930390602805], [-76.26332593934514, 36.85688039040248], [-76.26332265452234, 36.85686424288516], [-76.2633144842318, 36.85682407454043], [-76.26330879068217, 36.856796075897726], [-76.26330193899531, 36.856762390985], [-76.26330150924929, 36.85675752711582], [-76.26328330869188, 36.856551603937156], [-76.2632809596071, 36.85652502644642], [-76.2632762995098, 36.85647229222852], [-76.26327195287158, 36.85642311628265], [-76.26326693939731, 36.85636639037342], [-76.26326296587948, 36.856319244208926], [-76.26326079725342, 36.856293508429], [-76.26325491779662, 36.85622373851233], [-76.26325336072287, 36.85620525959833], [-76.26325193901188, 36.856188390406665], [-76.26325102406518, 36.856178641781405], [-76.26324329354784, 36.85609633099142], [-76.263242211991, 36.85608481521012], [-76.26323264626393, 36.855982960195604], [-76.26322059305807, 36.855854620596354], [-76.26321954230148, 36.855843429894826], [-76.2631873845904, 36.855501024798336], [-76.2631858028706, 36.85548418140178], [-76.26318093897963, 36.85543239063667], [-76.26317329532878, 36.8553451996671], [-76.26316676109215, 36.85527067155378], [-76.26316392065219, 36.85523827987151], [-76.26316153697415, 36.8552110905879], [-76.26315941426581, 36.85518688079871], [-76.263155198339, 36.85513879258494], [-76.26314893873769, 36.85506739024654], [-76.26314845112472, 36.85505228029095], [-76.26314707373767, 36.85500956783037], [-76.26314693896124, 36.85500539011289], [-76.26314711439876, 36.854998186091144], [-76.26314820671506, 36.854953425879096], [-76.26315093866941, 36.85484139061596], [-76.2631617088582, 36.85481187302087], [-76.2631779386316, 36.85476739027921], [-76.26320102597616, 36.85474265377036], [-76.2632479395543, 36.85469238988702], [-76.26333193892435, 36.85462639031778], [-76.26334950742842, 36.854615469458395], [-76.26336893948054, 36.85460339066874], [-76.26358193920231, 36.854513390363536], [-76.26378293921678, 36.854433389971184], [-76.26381406311972, 36.85442157968614], [-76.26418003212866, 36.854282703274926], [-76.26422471672782, 36.85426422849793], [-76.26426693879009, 36.85424539044792], [-76.26431605703334, 36.854220528190886], [-76.2643447573399, 36.85420600087368], [-76.26434793980061, 36.85420439030952], [-76.26442593981999, 36.85416139054183], [-76.26447993955553, 36.854105390438896], [-76.26450663579219, 36.85406367745451], [-76.2645119397542, 36.854055390250636], [-76.26462893976834, 36.85391139042711], [-76.26466493936236, 36.85379639005687], [-76.26468793939773, 36.85375338983802], [-76.26472995438574, 36.853701943306895], [-76.2647369396261, 36.85369338973746], [-76.26474768524763, 36.85367225338991], [-76.26475043450178, 36.85366684430706], [-76.26477099112694, 36.8536264079415], [-76.26528393987613, 36.85261738936818], [-76.26531621053441, 36.852558816685494], [-76.26534352916612, 36.85250923018158], [-76.2653497834935, 36.85249787833845], [-76.26535677960656, 36.85248518044036], [-76.2654299390529, 36.852352389861345], [-76.26569293977018, 36.85194038966876], [-76.26575393968659, 36.85184438957663], [-76.26579893944418, 36.8517723896399], [-76.26592693927374, 36.85162238924212], [-76.26602622483138, 36.85151274492804], [-76.26608335317451, 36.85144965488516], [-76.26613600301448, 36.85139151108399], [-76.266147398981, 36.85137892567294], [-76.26615694002454, 36.85136838985], [-76.26638993922256, 36.85111938927457], [-76.26652107140012, 36.8509792619628], [-76.26661478147305, 36.85087912246502], [-76.2668261961654, 36.85065320393496], [-76.26683781810367, 36.850640783201754], [-76.26686711022197, 36.850609481238585], [-76.26687080106113, 36.85060537717111], [-76.26684011905473, 36.85060262868398], [-76.26683012401087, 36.850601733762275], [-76.26680394002791, 36.85059938897685], [-76.26674862302511, 36.850595322043795], [-76.26672798051754, 36.85059367301089], [-76.26671538366534, 36.85059254021867], [-76.26654693990658, 36.850577389398524], [-76.26611093978667, 36.85056438936078], [-76.26607133390365, 36.85056306906384], [-76.2660261390354, 36.85056156222168], [-76.26596094008352, 36.85055938911383], [-76.26557893941951, 36.85055238892147], [-76.26536466799443, 36.850551167721946], [-76.26522307337116, 36.85055036008784], [-76.26507342374073, 36.85054950626399], [-76.26504587704898, 36.85054918036374], [-76.26491793930693, 36.85054538911537], [-76.26444440445732, 36.85053710653184], [-76.26442364448697, 36.850536742915715], [-76.26423193945575, 36.85053338930461], [-76.26399193869783, 36.85053338930311], [-76.26379593925634, 36.85053238962566], [-76.26355805475973, 36.85053015036611], [-76.26354025449345, 36.850529982666], [-76.26351074473527, 36.850529704653994], [-76.26273393878466, 36.85052238912227], [-76.26214590553964, 36.85051657978], [-76.26203794039522, 36.85051551312634], [-76.26172193870379, 36.85051238909644], [-76.26088693770554, 36.85050838969965], [-76.26066727911544, 36.850507666547976], [-76.26059837316632, 36.85050743975245], [-76.2599759374304, 36.85050538930015], [-76.25912593799902, 36.85049938952753], [-76.25910660292331, 36.850902659504165], [-76.25910563669461, 36.85092279935199], [-76.25910493758812, 36.85093739004219], [-76.25910392643661, 36.8510428402881], [-76.25909967680198, 36.85148627299094], [-76.2590990373477, 36.85155302090762], [-76.25909909303557, 36.85162938260083], [-76.25909958421003, 36.85183800550868], [-76.25909967073787, 36.85187482640312], [-76.25909971514868, 36.85189386242438], [-76.25909993741516, 36.85198838994135], [-76.25909550626936, 36.852036328692535], [-76.25908893727032, 36.85210739011097], [-76.25908193748366, 36.852130390266964], [-76.25835234715512, 36.85215836402744], [-76.25830547901809, 36.85216016097607], [-76.25767154906927, 36.85218446335773], [-76.25751693655323, 36.85219038989717], [-76.25743685101722, 36.8521931603103], [-76.2572958611688, 36.85219803877971], [-76.25592693607352, 36.85224538960727], [-76.25518693670385, 36.852276389808196], [-76.2544416105568, 36.85230441714714], [-76.25396448076451, 36.852322356486845], [-76.25287293523225, 36.85236338972924], [-76.25174193561945, 36.8524103899666], [-76.25134493501125, 36.8524453904209], [-76.25098293539665, 36.85248939027634], [-76.250831982034, 36.85251291974491], [-76.25061659870723, 36.85254649125794], [-76.25048893445175, 36.85256639030972], [-76.25026893459585, 36.852603389931154], [-76.24993793460085, 36.85266639005124], [-76.24919493456838, 36.85280139034893], [-76.24877875218445, 36.852874282435906], [-76.2484901794228, 36.85292482261287], [-76.24830993442279, 36.8529563900621], [-76.24824603284647, 36.85296750386184]]]}, "properties": {"OBJECTID": 473, "PERIMETER": 25005.174, "PRECINCTS": 49, "PRECINCTS1": 47, "ELECTION": 53, "ELECTION_I": 10, "PRECNAME": "Broad Creek", "SUPWARD": 7, "WARD": 3, "ADDRESSNUM": 2700, "POLLPLACE": "Richard Bowling Elementary School", "ADDRESSSTR": "E. Princess Anne Road", "PRECNUM": 303, "POLLADDRESS": "2700 E. Princess Anne Road", "NAME_1": "Richard Bowling", "NAME_2": "Elementary School", "created_user": "CSIEMER", "created_date": 1662571027000, "last_edited_user": "CSIEMER", "last_edited_date": 1666096340000, "Shape__Area": 22970415.8175631, "Shape__Length": 25509.4413506193, "NORFOLKGIS.Precincts.AREA": null}}, {"type": "Feature", "id": 474, "geometry": {"type": "Polygon", "coordinates": [[[-76.28546394582064, 36.85202138923619], [-76.28547926876709, 36.85210158065079], [-76.28552394582586, 36.85233538920559], [-76.28553794525031, 36.85241938916486], [-76.28556038566661, 36.8526762842556], [-76.2855669461189, 36.85275138898326], [-76.28557240151098, 36.85288981817515], [-76.28557297176744, 36.85290428593651], [-76.28557432745903, 36.85297760156834], [-76.28556794617627, 36.8532173888343], [-76.28555639713043, 36.85336202601336], [-76.28555322194873, 36.85340178489288], [-76.28555000258996, 36.85344209637822], [-76.28554694535296, 36.85348038915619], [-76.28551836644726, 36.8536673668991], [-76.28550443121762, 36.85375853692319], [-76.28548794622768, 36.853866389125955], [-76.28572860392893, 36.85388980913486], [-76.28578594594647, 36.85389538979103], [-76.28590364281972, 36.85391015919637], [-76.28656694618422, 36.853993389752944], [-76.2870644400175, 36.854052967594455], [-76.28720348212545, 36.8540696178999], [-76.28754394700572, 36.85411038914412], [-76.28792950910082, 36.854148645764255], [-76.28801220127924, 36.854156849818644], [-76.28837420699372, 36.85419276755814], [-76.28844094639116, 36.85419938917414], [-76.28868794629442, 36.85421038901894], [-76.2901189475024, 36.85416638941507], [-76.29059594705338, 36.85416238905469], [-76.2907659474511, 36.854160389567525], [-76.29106394765074, 36.85415938928796], [-76.29181841494163, 36.85414431706863], [-76.29195024655327, 36.85414168298899], [-76.2919649473949, 36.85414138879475], [-76.29231189296422, 36.85413488777468], [-76.29255194798722, 36.85413038879686], [-76.29285294824844, 36.8541113887419], [-76.29305382464219, 36.85408606829083], [-76.2930909477324, 36.854081389198896], [-76.29336394832136, 36.85403038878923], [-76.29353979935881, 36.85398491064846], [-76.29357960378272, 36.853974615799956], [-76.29359594887879, 36.85397038899252], [-76.29402094825639, 36.853830388860054], [-76.29435322758098, 36.85374092966158], [-76.2943849487766, 36.85373238913221], [-76.29476094884804, 36.85366238912643], [-76.29483794876626, 36.85365338893073], [-76.2949519483645, 36.85363938941396], [-76.29500954667161, 36.85363562593067], [-76.29530394916036, 36.85361638941803], [-76.29544200539333, 36.85361037189257], [-76.2957519967593, 36.85359685938289], [-76.2960839491832, 36.85358238897766], [-76.29636910386175, 36.85357050806727], [-76.29649194924146, 36.853565389214964], [-76.29675494940246, 36.85357138850327], [-76.29680626788947, 36.85357792429861], [-76.29696694956324, 36.853598388719], [-76.29698069709647, 36.8536011379499], [-76.29723194977387, 36.853651389090594], [-76.2972949493944, 36.85367138928219], [-76.29762894914221, 36.85377738856646], [-76.29790794971709, 36.85390138890573], [-76.29795895021032, 36.85392738857687], [-76.29797822948032, 36.853937447799964], [-76.2982119501728, 36.85405938883567], [-76.29831295011469, 36.85411238855983], [-76.29837153203053, 36.85414410599582], [-76.29844122632052, 36.85418184098179], [-76.2985141430086, 36.85422131916971], [-76.29865095017908, 36.854295389398864], [-76.29859694976953, 36.85438038895445], [-76.298564292938, 36.854491085292246], [-76.29853374347638, 36.85459463545524], [-76.29853152536253, 36.85460215451392], [-76.29844743391453, 36.85488719015943], [-76.29842122952383, 36.85497601234677], [-76.29836594930545, 36.85516338898225], [-76.29832373503183, 36.85522706948092], [-76.29828996170546, 36.85527801599735], [-76.29824795026603, 36.85534138930297], [-76.29820824519422, 36.855421327816984], [-76.29817295008091, 36.85549238943953], [-76.29800719224026, 36.85580472845374], [-76.29800411547374, 36.85581052602704], [-76.29780994963168, 36.85617638966092], [-76.29778315890003, 36.85622401744613], [-76.29776494987786, 36.85625638921248], [-76.29775635547685, 36.856276176140994], [-76.29769139392656, 36.856425729151006], [-76.29762595016592, 36.856576389876935], [-76.2975832331159, 36.8566627831745], [-76.29757792906213, 36.856673510893785], [-76.29753694934602, 36.85675638988867], [-76.29744394915568, 36.856727389641954], [-76.29738394964329, 36.85673438939254], [-76.29736034332218, 36.85675430760408], [-76.297351949453, 36.85676138994468], [-76.29733395957952, 36.85679667175499], [-76.29733394054374, 36.85679670925525], [-76.29726693118661, 36.85692812968263], [-76.29722634109315, 36.85700773402062], [-76.29718382041332, 36.85709112662415], [-76.29711994946251, 36.857216390033464], [-76.29719245603553, 36.857251026393484], [-76.29723888535018, 36.857273206261056], [-76.29727183186844, 36.85728894449968], [-76.29727694974903, 36.85729138943079], [-76.2972328780418, 36.857388210321496], [-76.29717211262263, 36.857521708269466], [-76.29714763602622, 36.85757548155536], [-76.29705153133052, 36.85778661450385], [-76.29701794991165, 36.85786038951492], [-76.29698699207076, 36.85793115179335], [-76.29698519595631, 36.8579352553638], [-76.29694796649125, 36.858020351563184], [-76.2969199497267, 36.85808438983501], [-76.29686965022104, 36.85820192159962], [-76.29685067551797, 36.85824625799796], [-76.29681894984044, 36.85832038955372], [-76.29677752949542, 36.858394977420296], [-76.29669312613417, 36.85854696850424], [-76.29660941243345, 36.85869771867422], [-76.2965579498235, 36.85879038962879], [-76.29653923131264, 36.858832614387055], [-76.29651494906406, 36.858887389913015], [-76.29648885238562, 36.858930448823806], [-76.2964404549957, 36.85901030486268], [-76.29639351611424, 36.85908775366297], [-76.29637494905607, 36.85911838970435], [-76.29634100279736, 36.859184062553275], [-76.2962679496044, 36.85932539044968], [-76.29624669241775, 36.85937012290262], [-76.29620655082437, 36.859454592792915], [-76.29616174361256, 36.85954887931575], [-76.29610494917462, 36.859668390008494], [-76.29610469751749, 36.85966890537348], [-76.29593223298932, 36.860021817910926], [-76.29591283350932, 36.8600615140971], [-76.2958972826841, 36.8600933342743], [-76.29579716249955, 36.860298205807894], [-76.29578207426898, 36.8603290810096], [-76.29571594887385, 36.86046439040195], [-76.2957152693083, 36.86046577296016], [-76.29563394953895, 36.86063139035691], [-76.29559143370115, 36.86071799770559], [-76.29555889639653, 36.86078427637173], [-76.29552640668163, 36.860850459477085], [-76.29552592979694, 36.860851429408136], [-76.29544494908838, 36.86101639054954], [-76.29531994973995, 36.86127239064459], [-76.2953255103996, 36.861274930498254], [-76.2953845476048, 36.861301900487774], [-76.2956238874312, 36.861411234435], [-76.2956599681263, 36.86142771695124], [-76.29599975211475, 36.86158293419237], [-76.29638784145943, 36.861760216148774], [-76.29644294938595, 36.86178539027467], [-76.29674596896844, 36.861920065786265], [-76.2967579493486, 36.86192539041422], [-76.29697095007768, 36.862020390674786], [-76.29718594942648, 36.86211739028728], [-76.29778700773814, 36.86239086698263], [-76.29779694973362, 36.86239539073313], [-76.298051947748, 36.86250736751753], [-76.29852795034033, 36.862716391190084], [-76.29856795069252, 36.86273739087051], [-76.2987749506947, 36.86284539104564], [-76.2994108135081, 36.86314300994941], [-76.29949926700161, 36.863183601357285], [-76.29957695085766, 36.86320539043385], [-76.29968095110246, 36.86321439082788], [-76.29976695016725, 36.863207390974026], [-76.29991311449163, 36.863215261019576], [-76.30002695068609, 36.86322139061093], [-76.30006995125234, 36.8633903911151], [-76.30007956402889, 36.863449896129865], [-76.30009095125286, 36.86352039133954], [-76.30018933103541, 36.863536344584894], [-76.30023895136, 36.86354439098032], [-76.30036584396936, 36.863581359686584], [-76.30036595076476, 36.86358139052997], [-76.30041295139851, 36.86359939111744], [-76.30126370071636, 36.863986925872894], [-76.30199358610975, 36.86431939642164], [-76.30204705667474, 36.864343752124086], [-76.30209895176377, 36.864367390583986], [-76.3021639515483, 36.86431539123463], [-76.30226995101181, 36.864238390789986], [-76.30232395175672, 36.86419939052719], [-76.30238003111047, 36.864166158185434], [-76.30243195123055, 36.86413539074999], [-76.30255995201351, 36.864072390584724], [-76.30265795191421, 36.86403339120748], [-76.30278795167051, 36.86398939104775], [-76.30293795153263, 36.863957390590315], [-76.30305795200513, 36.86394439113955], [-76.30321334931453, 36.86393912382182], [-76.30323495236948, 36.86393839120742], [-76.3033769521817, 36.86394339111705], [-76.30351695158753, 36.863963390869856], [-76.30364395215423, 36.863995390605915], [-76.30382095213896, 36.86405739122103], [-76.30419195183987, 36.864215390593685], [-76.30408882647914, 36.864232715924615], [-76.30406695193777, 36.86423639107519], [-76.30398295184449, 36.86423039055897], [-76.30394195207454, 36.864220390524956], [-76.30365895148871, 36.86411539083746], [-76.30358495184753, 36.86409139113929], [-76.30346795179214, 36.8640703910801], [-76.30337995215733, 36.86407239064179], [-76.30329595231692, 36.8640833911232], [-76.3034849522372, 36.864119390625326], [-76.30393707324366, 36.86427877966701], [-76.30399641653051, 36.86429970010731], [-76.30426238180355, 36.864393461437466], [-76.30435295218567, 36.86442539054354], [-76.30448495279035, 36.864448390772104], [-76.30466695177647, 36.864473390679564], [-76.30479423777082, 36.86447615791691], [-76.30485095195387, 36.8644773908218], [-76.30491042241076, 36.86447408727475], [-76.30506695188673, 36.86446539093614], [-76.30519595212978, 36.86444939097434], [-76.30526630476834, 36.864434697261665], [-76.30535395209341, 36.86441639128014], [-76.30549895244398, 36.864372390773035], [-76.30562595267007, 36.864319390853126], [-76.30574395212946, 36.86425439049755], [-76.3060279525167, 36.86404939046442], [-76.30609088309849, 36.86400266026994], [-76.30609956892386, 36.86399715653566], [-76.30613105081618, 36.86397721059752], [-76.3061289527789, 36.86397439071407], [-76.30618247411796, 36.86393493990025], [-76.30651695320348, 36.863688390391665], [-76.30679495275542, 36.86347139027629], [-76.30680195988079, 36.86346477621997], [-76.30690195317973, 36.86337039038707], [-76.30699395333376, 36.863261390204755], [-76.30701077462577, 36.863236430079155], [-76.30702495297515, 36.863215390204566], [-76.30704894797566, 36.86317964310861], [-76.3070739534389, 36.863142390670454], [-76.30713495280433, 36.86302739085508], [-76.30722439028216, 36.86296001529134], [-76.30725957674085, 36.86293350780656], [-76.30736542949568, 36.862853765427765], [-76.30743495357864, 36.86280139071405], [-76.30745323847978, 36.86278749050751], [-76.3074831030877, 36.86276478831964], [-76.30774092588018, 36.862568793358406], [-76.30780198638446, 36.862522375312835], [-76.30806138461764, 36.86232517962395], [-76.30824395338823, 36.86218639030475], [-76.30825370322506, 36.86217895121938], [-76.30835393275596, 36.862102470549296], [-76.30836921362302, 36.862090809923174], [-76.30849295369566, 36.861996389947386], [-76.30851596092434, 36.861979843858656], [-76.30878495371087, 36.861786390523385], [-76.3088287367071, 36.86175473664063], [-76.30883058124705, 36.8617534027831], [-76.3090990882184, 36.86155927539255], [-76.30929395300578, 36.86141839014411], [-76.30960695322057, 36.86119338968201], [-76.30978095394876, 36.86107539042749], [-76.30988013636579, 36.86100841816866], [-76.31060101376238, 36.86052164515516], [-76.31107057364544, 36.86020456913517], [-76.31155618228375, 36.85987665040913], [-76.31168793925832, 36.85978767837118], [-76.31197395013902, 36.859594539579255], [-76.31336852428387, 36.85865278219599], [-76.31353495511904, 36.858540389149894], [-76.31321099885797, 36.85832887175021], [-76.31212895945094, 36.857622373145894], [-76.30873165607463, 36.85540401155966], [-76.30666495189733, 36.85405438897671], [-76.30592583454496, 36.85358905160458], [-76.30392598170917, 36.852329921202674], [-76.3035552650335, 36.852096505493996], [-76.30207824694223, 36.85116649855661], [-76.30126495080202, 36.85065438780626], [-76.30038894969549, 36.8495313880424], [-76.29938543516202, 36.848244593044086], [-76.29921441858927, 36.848025294776704], [-76.2980299496347, 36.8465063870541], [-76.29796194950312, 36.84641938698899], [-76.29736494864531, 36.84565438754459], [-76.2969561436732, 36.84516383104108], [-76.29647783324089, 36.844589860952375], [-76.29586494891866, 36.843854386822684], [-76.29345876655422, 36.84338945714719], [-76.29126166108567, 36.84296487760596], [-76.29125394729402, 36.84296338678486], [-76.28858654736423, 36.842447858984805], [-76.28730491605381, 36.842200134469635], [-76.28677695573548, 36.842098081095635], [-76.28631294598908, 36.84200838705673], [-76.28627717744907, 36.84212743762767], [-76.28625435531205, 36.84220339366672], [-76.28624594504899, 36.84223138658593], [-76.28623382197078, 36.842265132337666], [-76.28618170185578, 36.842410214352164], [-76.28611194490297, 36.842604386654145], [-76.28601394535725, 36.842830387309505], [-76.28597746236139, 36.84290122468729], [-76.28593352284184, 36.84298654162969], [-76.28592019832931, 36.84301241290258], [-76.28589394515984, 36.84306338683165], [-76.28586294488775, 36.84312238715263], [-76.28574794559968, 36.84331538716549], [-76.28571694577039, 36.84339038670829], [-76.28565194549243, 36.84351838723826], [-76.28628146229497, 36.84367185395287], [-76.28632372963494, 36.8436821583148], [-76.28670404722514, 36.8437748717746], [-76.2876209454513, 36.8439983867494], [-76.28761501546276, 36.844032096977635], [-76.2876147708992, 36.84403348407887], [-76.28760194577654, 36.84410638738683], [-76.28759494645722, 36.84412938727231], [-76.28755294624433, 36.84421938697219], [-76.28750794602374, 36.84429338768424], [-76.2874550884208, 36.84435105091585], [-76.28730994623129, 36.84450938764631], [-76.28705795939733, 36.84480633028384], [-76.28698107553011, 36.844896929864056], [-76.28688394546867, 36.84501138738769], [-76.28670559529864, 36.84522231064128], [-76.28664878223654, 36.845289498532935], [-76.2864349452729, 36.84554238718423], [-76.2865225744482, 36.845593616679885], [-76.28652772843598, 36.84559663064215], [-76.2865649456336, 36.84561838801092], [-76.28632494533524, 36.84590438718906], [-76.28603694600052, 36.846260387900095], [-76.28591617275204, 36.846410754656276], [-76.28572194117919, 36.846652576097554], [-76.28565661126584, 36.846733912149716], [-76.28553494504511, 36.84688538751076], [-76.28546942566788, 36.846866668255224], [-76.28546414247411, 36.846865158895206], [-76.28538794555323, 36.846843388130175], [-76.28527394546066, 36.846973387627834], [-76.28535007280604, 36.84700219321695], [-76.28535504570337, 36.847004074402946], [-76.28542194504357, 36.84702938799744], [-76.28534037039532, 36.847128888352565], [-76.28510794566024, 36.847412387971644], [-76.28490194564023, 36.847677388374635], [-76.28487726161246, 36.84771525970854], [-76.28482894552617, 36.84778938802716], [-76.28478319731333, 36.8478714787593], [-76.28476491010218, 36.8479042923807], [-76.2847549480013, 36.847922169653856], [-76.28472194549929, 36.84798138794573], [-76.2847093391522, 36.848010581566385], [-76.28460794546837, 36.84824538847003], [-76.2845882174987, 36.84823716813072], [-76.28453947044434, 36.84821685657073], [-76.28453594567804, 36.84821538845407], [-76.28446294548709, 36.84818638806436], [-76.28442194471677, 36.848312388151385], [-76.28449774080302, 36.84834761746988], [-76.28452777977218, 36.848361578441114], [-76.28456394558343, 36.848378387923844], [-76.2845379456452, 36.84847938860042], [-76.28452856852846, 36.84854097783459], [-76.28449394498861, 36.84876838838697], [-76.28448966759609, 36.84887705393607], [-76.28448394571414, 36.84902238866083], [-76.28449582902941, 36.849178281498396], [-76.28450094498533, 36.849245388282704], [-76.28453294515899, 36.84942238842214], [-76.28457694545628, 36.849592388661826], [-76.28464394502936, 36.84978438880689], [-76.2848098666512, 36.85020724685541], [-76.28484994568291, 36.850309388468354], [-76.2849322789405, 36.85052204039392], [-76.28503395275028, 36.85078464296075], [-76.2852023336484, 36.85121953221289], [-76.28524168906583, 36.85132117869555], [-76.28528408688095, 36.851430682054676], [-76.28530294546914, 36.85147938875153], [-76.28535194532712, 36.85161938900809], [-76.28538573403502, 36.85172812516985], [-76.2854069457855, 36.85179638899151], [-76.2854197623398, 36.85184698277053], [-76.28546394582064, 36.85202138923619]]]}, "properties": {"OBJECTID": 474, "PERIMETER": 29587.791, "PRECINCTS": 51, "PRECINCTS1": 50, "ELECTION": 55, "ELECTION_I": 61, "PRECNAME": "Chrysler Museum", "SUPWARD": 6, "WARD": 2, "ADDRESSNUM": 245, "POLLPLACE": "Chrysler Museum", "ADDRESSSTR": "Memorial Place", "PRECNUM": 211, "POLLADDRESS": "1 Memorial Place", "NAME_1": "Chrysler", "NAME_2": "Museum", "created_user": "CSIEMER", "created_date": 1662571027000, "last_edited_user": "CSIEMER", "last_edited_date": 1687294873000, "Shape__Area": 30263850.96142708, "Shape__Length": 29616.6426292385, "NORFOLKGIS.Precincts.AREA": null}}, {"type": "Feature", "id": 475, "geometry": {"type": "Polygon", "coordinates": [[[-76.29294118012646, 36.861399290088706], [-76.29309614648483, 36.86148413391653], [-76.29322994876597, 36.861557390392804], [-76.29326786905062, 36.861567113728974], [-76.29326894907652, 36.86156739090776], [-76.29331894852257, 36.86156739099342], [-76.293366949173, 36.86155339047662], [-76.29340494851697, 36.86152639097356], [-76.29351435722391, 36.86139827931431], [-76.29352194864703, 36.86138939024661], [-76.29383179120191, 36.86153893887023], [-76.293867948837, 36.86155639055169], [-76.29407794927802, 36.86165639103938], [-76.29429306541788, 36.86175249596316], [-76.29450994942806, 36.86184939082177], [-76.29484228818308, 36.86200136102053], [-76.29494294942593, 36.86204739048232], [-76.29494564211946, 36.862041856179864], [-76.29520175704862, 36.86151536027524], [-76.29528270208311, 36.861348961839425], [-76.29531994973995, 36.86127239064459], [-76.29544494908838, 36.86101639054954], [-76.29552640668163, 36.860850459477085], [-76.29559143370115, 36.86071799770559], [-76.29563394953895, 36.86063139035691], [-76.29571594887385, 36.86046439040195], [-76.29578207426898, 36.8603290810096], [-76.29591283350932, 36.8600615140971], [-76.29610494917462, 36.859668390008494], [-76.29620655082437, 36.859454592792915], [-76.2962679496044, 36.85932539044968], [-76.29637494905607, 36.85911838970435], [-76.29639351611424, 36.85908775366297], [-76.29648885238562, 36.858930448823806], [-76.29651494906406, 36.858887389913015], [-76.2965579498235, 36.85879038962879], [-76.29677752949542, 36.858394977420296], [-76.29681894984044, 36.85832038955372], [-76.2969199497267, 36.85808438983501], [-76.29694796649125, 36.858020351563184], [-76.29698519595631, 36.8579352553638], [-76.29701794991165, 36.85786038951492], [-76.29717211262263, 36.857521708269466], [-76.29727694974903, 36.85729138943079], [-76.29727183186844, 36.85728894449968], [-76.29723888535018, 36.857273206261056], [-76.29711994946251, 36.857216390033464], [-76.29718382041332, 36.85709112662415], [-76.29722634109315, 36.85700773402062], [-76.29726693118661, 36.85692812968263], [-76.29733394054374, 36.85679670925525], [-76.29733395957952, 36.85679667175499], [-76.297351949453, 36.85676138994468], [-76.29738394964329, 36.85673438939254], [-76.29744394915568, 36.856727389641954], [-76.29753694934602, 36.85675638988867], [-76.2975832331159, 36.8566627831745], [-76.29762595016592, 36.856576389876935], [-76.29769139392656, 36.856425729151006], [-76.29776494987786, 36.85625638921248], [-76.29780994963168, 36.85617638966092], [-76.29817295008091, 36.85549238943953], [-76.29824795026603, 36.85534138930297], [-76.29828996170546, 36.85527801599735], [-76.29836594930545, 36.85516338898225], [-76.29853152536253, 36.85460215451392], [-76.29859694976953, 36.85438038895445], [-76.29865095017908, 36.854295389398864], [-76.29831295011469, 36.85411238855983], [-76.2982119501728, 36.85405938883567], [-76.29795895021032, 36.85392738857687], [-76.29790794971709, 36.85390138890573], [-76.29762894914221, 36.85377738856646], [-76.2972949493944, 36.85367138928219], [-76.29723194977387, 36.853651389090594], [-76.29696694956324, 36.853598388719], [-76.29680626788947, 36.85357792429861], [-76.29675494940246, 36.85357138850327], [-76.29649194924146, 36.853565389214964], [-76.2960839491832, 36.85358238897766], [-76.2957519967593, 36.85359685938289], [-76.29530394916036, 36.85361638941803], [-76.2949519483645, 36.85363938941396], [-76.29483794876626, 36.85365338893073], [-76.29476094884804, 36.85366238912643], [-76.2943849487766, 36.85373238913221], [-76.29435322758098, 36.85374092966158], [-76.29402094825639, 36.853830388860054], [-76.29359594887879, 36.85397038899252], [-76.29336394832136, 36.85403038878923], [-76.2930909477324, 36.854081389198896], [-76.29305382464219, 36.85408606829083], [-76.29285294824844, 36.8541113887419], [-76.29255194798722, 36.85413038879686], [-76.29231189296422, 36.85413488777468], [-76.2919649473949, 36.85414138879475], [-76.29181841494163, 36.85414431706863], [-76.29059594705338, 36.85416238905469], [-76.2901189475024, 36.85416638941507], [-76.28868794629442, 36.85421038901894], [-76.28844094639116, 36.85419938917414], [-76.28792950910082, 36.854148645764255], [-76.28754394700572, 36.85411038914412], [-76.28720348212545, 36.8540696178999], [-76.28656694618422, 36.853993389752944], [-76.28590364281972, 36.85391015919637], [-76.28578594594647, 36.85389538979103], [-76.28572860392893, 36.85388980913486], [-76.28548794622768, 36.853866389125955], [-76.28542289572694, 36.85385971744501], [-76.28541746982323, 36.85385916084933], [-76.28533194581489, 36.85385038958392], [-76.28532200942206, 36.85391680416082], [-76.28531294537311, 36.85397738892597], [-76.28538167684007, 36.853987337133475], [-76.28540211075891, 36.853990294924564], [-76.28546494607775, 36.85399938918269], [-76.28544294597455, 36.85417638934654], [-76.28542694585401, 36.85447238921341], [-76.28543094635167, 36.85461538974846], [-76.28544744926539, 36.854747883534635], [-76.28546594562218, 36.85489638981291], [-76.28549794564475, 36.85508238972598], [-76.28554694614208, 36.85528538993107], [-76.28554781037718, 36.855288175221624], [-76.28555813788041, 36.855321468995506], [-76.28563194645122, 36.85555938979251], [-76.28568919211315, 36.85571323884971], [-76.28570018447935, 36.85574278103876], [-76.28571194542052, 36.85577439012627], [-76.28576121260576, 36.85587530744312], [-76.2858359465574, 36.856028390043555], [-76.28581046897413, 36.85602443679372], [-76.28571994583196, 36.85601038966398], [-76.28581594607365, 36.856187389827355], [-76.28591703694364, 36.85635074724517], [-76.28609194635986, 36.856633390140004], [-76.28611210755624, 36.85655652400238], [-76.28612394622883, 36.85651138951493], [-76.28653394619083, 36.85718239035226], [-76.28656065169768, 36.857227803261864], [-76.28672094615654, 36.85750038989994], [-76.28672336942348, 36.857504718852255], [-76.286935069971, 36.857882825026806], [-76.28693594633488, 36.85788439008494], [-76.28699094688501, 36.8579983900093], [-76.28693400705632, 36.85799164129737], [-76.2868559470185, 36.85798238992223], [-76.2869069464657, 36.858093390467516], [-76.28698218675169, 36.85810137093466], [-76.28703894603224, 36.858107390620646], [-76.28706749989904, 36.85819389092379], [-76.28709364935939, 36.8582731097566], [-76.28710694626601, 36.85831338991606], [-76.28715415408412, 36.85849800734914], [-76.2871834382024, 36.85864395562016], [-76.28718344408786, 36.85864398457476], [-76.28719894672622, 36.85872839026351], [-76.28721494608628, 36.85889239047961], [-76.28721894616736, 36.85899139070844], [-76.28721894650253, 36.85901860023742], [-76.28721894709048, 36.85922639025191], [-76.28719394273993, 36.859446588817356], [-76.28718794678369, 36.85949939052663], [-76.28716094668312, 36.85963839073027], [-76.2871278846106, 36.859749098235106], [-76.28709494672162, 36.85985939073958], [-76.28703454990809, 36.860044503851974], [-76.28701794657493, 36.860095390412624], [-76.28690430852573, 36.86039153832615], [-76.28688175150252, 36.860450323132824], [-76.28682425271734, 36.86060016984224], [-76.28681994650026, 36.86061139092961], [-76.28780294733872, 36.86088139099843], [-76.28798294643026, 36.860926390564586], [-76.2883227131558, 36.86101786653985], [-76.28845094727411, 36.86105239120397], [-76.28862168774816, 36.86109798702623], [-76.28880294697376, 36.86114639096284], [-76.28897676751524, 36.8611924318293], [-76.28920027126357, 36.86125163186098], [-76.28932394727285, 36.86128439052444], [-76.29001294751153, 36.861483391055415], [-76.29017994722822, 36.86153239076132], [-76.29029994792096, 36.86156839085178], [-76.29119994823402, 36.862038390813446], [-76.29129241949568, 36.86208700958688], [-76.29129694821583, 36.86208939051725], [-76.29145394778264, 36.86217239089712], [-76.29161194824196, 36.86225439133604], [-76.29165994820578, 36.862280391343965], [-76.29171894838844, 36.8623113906869], [-76.29172645759994, 36.862302754368876], [-76.29201039711194, 36.86197616538938], [-76.29225193494156, 36.861698345757794], [-76.29238458713884, 36.861545767276056], [-76.29254769864838, 36.861358151772215], [-76.29260537667184, 36.86129180822627], [-76.2926124794698, 36.86128363923694], [-76.29265094844982, 36.861239390377705], [-76.29266156972051, 36.86124526496099], [-76.29271983718594, 36.861277491218814], [-76.29282994826313, 36.861338390543295], [-76.29286387098068, 36.86135696330494], [-76.29294118012646, 36.861399290088706]]]}, "properties": {"OBJECTID": 475, "PERIMETER": 12374.798, "PRECINCTS": 53, "PRECINCTS1": 51, "ELECTION": 57, "ELECTION_I": 32, "PRECNAME": "Ghent Square", "SUPWARD": 6, "WARD": 2, "ADDRESSNUM": 852, "POLLPLACE": "Ghent Square Community Center", "ADDRESSSTR": "Mowbray Arch", "PRECNUM": 203, "POLLADDRESS": "852 Mowbray Arch", "NAME_1": "Ghent", "NAME_2": "Square", "created_user": "CSIEMER", "created_date": 1662571027000, "last_edited_user": "CSIEMER", "last_edited_date": 1666096340000, "Shape__Area": 8470794.408775523, "Shape__Length": 12791.902369803569, "NORFOLKGIS.Precincts.AREA": null}}, {"type": "Feature", "id": 476, "geometry": {"type": "Polygon", "coordinates": [[[-76.23673385659157, 36.83832200972713], [-76.23664592976296, 36.83809038808243], [-76.23645205218348, 36.837464363528426], [-76.2315825427912, 36.83844517247826], [-76.22993476219652, 36.838777014099165], [-76.22968605386788, 36.83877255650128], [-76.22657627087762, 36.83871677360888], [-76.22578700385165, 36.83842957481594], [-76.22616192629086, 36.839254388554565], [-76.22606192640292, 36.8399543880299], [-76.22604229877605, 36.84016218789361], [-76.22602024490732, 36.840395667950794], [-76.2260028248432, 36.84058009632177], [-76.22596992645003, 36.84092838872783], [-76.2259600706963, 36.84104183570814], [-76.22591892669395, 36.84151538910313], [-76.2259059267539, 36.8416673884962], [-76.2258839267513, 36.84178538842408], [-76.22587680934198, 36.84182008711393], [-76.22585992678269, 36.84190238874764], [-76.22584392689032, 36.84199938914559], [-76.2258259262738, 36.842096388654184], [-76.2255609593952, 36.84307232506324], [-76.22492118019943, 36.84542867463749], [-76.22479092645109, 36.8459083894371], [-76.224790354858, 36.845910620094976], [-76.2247809269032, 36.84594738950872], [-76.2252512670688, 36.846809876768845], [-76.22561692740372, 36.84748038967943], [-76.226485927611, 36.84887139046465], [-76.22651827752331, 36.84892316999325], [-76.22682574233174, 36.849415302192114], [-76.22715692709487, 36.849945390831905], [-76.22691392774792, 36.85068239063275], [-76.22670772706368, 36.85131033682048], [-76.2266147747064, 36.85159340594002], [-76.22660771719926, 36.85161489702711], [-76.2264204157434, 36.8521852760667], [-76.22619032904537, 36.85288593849805], [-76.22605192770963, 36.85330739137973], [-76.22614592708446, 36.853473391244016], [-76.22716063114382, 36.85484016746877], [-76.22771941088462, 36.85559280255169], [-76.227883927901, 36.85581439209453], [-76.22799128029797, 36.8561821420219], [-76.22806875650934, 36.856447548241896], [-76.22807892853291, 36.85648239220743], [-76.22809165890189, 36.85648301703018], [-76.22815066706005, 36.85648591339194], [-76.22824192791518, 36.85649039171512], [-76.2282919282027, 36.8564903916137], [-76.22830083585055, 36.85649049268933], [-76.22846792815322, 36.85649239209182], [-76.22864392798596, 36.856487392195376], [-76.2286939279478, 36.856486391385964], [-76.22889897072184, 36.85647149222999], [-76.22898292872608, 36.85646539170304], [-76.22931892874179, 36.85642739224313], [-76.22958292911034, 36.85638439185938], [-76.22989992874086, 36.85631939133378], [-76.23076192928909, 36.856128391703756], [-76.2316839290472, 36.855933391402246], [-76.2318065471956, 36.855909955646986], [-76.2323379292581, 36.85580839124158], [-76.23241379162346, 36.85579458023449], [-76.23250532380412, 36.855777915969696], [-76.23380992960847, 36.85554039189823], [-76.23477893017007, 36.8553683915421], [-76.23486945283622, 36.85535142836108], [-76.23538193073539, 36.855255391586574], [-76.23584089131239, 36.855175858141], [-76.23601093021, 36.85514639157442], [-76.23642749711642, 36.85507317758732], [-76.23683593116138, 36.85500139095013], [-76.23843293181292, 36.85464739079681], [-76.23860017528663, 36.85461552311826], [-76.23908893102482, 36.854522391068315], [-76.23965393114, 36.854419391349424], [-76.24177429050944, 36.854044698277065], [-76.24184393204271, 36.854032390424926], [-76.24212493294243, 36.853994390586685], [-76.24255404727768, 36.853933797448185], [-76.24290393273968, 36.853884390503445], [-76.24409993348536, 36.8537113905497], [-76.24455422683725, 36.85365217696231], [-76.24456793367854, 36.853650390452735], [-76.24477693297352, 36.85361939072987], [-76.24495993359655, 36.853592391131485], [-76.2455249331317, 36.853488390865536], [-76.24546978905529, 36.85327963299648], [-76.24539987937641, 36.8530149777073], [-76.2452729329138, 36.852534390057926], [-76.24514952939145, 36.85207865356803], [-76.24471893298183, 36.85048839021577], [-76.24463753828952, 36.85015136773784], [-76.24457735835806, 36.84990218330569], [-76.24457157231147, 36.84987822360077], [-76.24456413939798, 36.84984744941914], [-76.24439193270366, 36.84913438929553], [-76.24413093307832, 36.84805338996616], [-76.24388619165045, 36.84703895964494], [-76.2438230006857, 36.84677703452403], [-76.24365493249259, 36.84608038906509], [-76.2436029320521, 36.84588438907691], [-76.24335193180038, 36.84486238902508], [-76.24316993215557, 36.84382038870307], [-76.24307793219862, 36.84360138818406], [-76.24291393209806, 36.84314838841855], [-76.24247793160461, 36.843041388108354], [-76.2419978674055, 36.84291429272992], [-76.24178293143584, 36.8428573886959], [-76.2409024354181, 36.84263259898088], [-76.24074493151447, 36.84259238804764], [-76.2401850507119, 36.84245381007349], [-76.23963793104097, 36.84231838826942], [-76.23901393092063, 36.84216538870064], [-76.2380488776653, 36.8412577732862], [-76.23782093056627, 36.841043388556855], [-76.23747506682419, 36.84022373461635], [-76.23728293050594, 36.83976838763312], [-76.23726263050969, 36.8397149134741], [-76.23686086261976, 36.838656577206095], [-76.23673385659157, 36.83832200972713]]]}, "properties": {"OBJECTID": 476, "PERIMETER": 22001.961, "PRECINCTS": 54, "PRECINCTS1": 26, "ELECTION": 58, "ELECTION_I": 38, "PRECNAME": "Ingleside", "SUPWARD": 7, "WARD": 4, "ADDRESSNUM": 960, "POLLPLACE": "Ingleside Community Gymnasium", "ADDRESSSTR": "Ingleside Road", "PRECNUM": 412, "POLLADDRESS": "960 Ingleside Road", "NAME_1": "Ingleside", "NAME_2": " ", "created_user": "CSIEMER", "created_date": 1662571027000, "last_edited_user": "NORFOLKGIS", "last_edited_date": 1695130488000, "Shape__Area": 29532227.43945824, "Shape__Length": 22353.853491704074, "NORFOLKGIS.Precincts.AREA": null}}, {"type": "Feature", "id": 477, "geometry": {"type": "Polygon", "coordinates": [[[-76.24385808514786, 36.83690955788815], [-76.24375202083418, 36.83690735951583], [-76.24355199356691, 36.83690321305411], [-76.24314492130027, 36.836894772511], [-76.24270014313603, 36.83688554893552], [-76.24186389098705, 36.83686820293365], [-76.2396403883433, 36.83682205137713], [-76.23934895172141, 36.83688076772774], [-76.23645205218348, 36.837464363528426], [-76.23664592976296, 36.83809038808243], [-76.23673385659157, 36.83832200972713], [-76.2368980897542, 36.83875464160424], [-76.23726263050969, 36.8397149134741], [-76.23728293050594, 36.83976838763312], [-76.23747506682419, 36.84022373461635], [-76.23782093056627, 36.841043388556855], [-76.2380488776653, 36.8412577732862], [-76.23901393092063, 36.84216538870064], [-76.23963793104097, 36.84231838826942], [-76.2401850507119, 36.84245381007349], [-76.24074493151447, 36.84259238804764], [-76.2409024354181, 36.84263259898088], [-76.24178293143584, 36.8428573886959], [-76.2419978674055, 36.84291429272992], [-76.24247793160461, 36.843041388108354], [-76.24291393209806, 36.84314838841855], [-76.24307793219862, 36.84360138818406], [-76.24316993215557, 36.84382038870307], [-76.24335193180038, 36.84486238902508], [-76.2436029320521, 36.84588438907691], [-76.24365493249259, 36.84608038906509], [-76.2438230006857, 36.84677703452403], [-76.24388619165045, 36.84703895964494], [-76.24396300802667, 36.84735736075158], [-76.24413093307832, 36.84805338996616], [-76.24439193270366, 36.84913438929553], [-76.24456413939798, 36.84984744941914], [-76.24457157231147, 36.84987822360077], [-76.24457735835806, 36.84990218330569], [-76.24463753828952, 36.85015136773784], [-76.24471893298183, 36.85048839021577], [-76.24514566568257, 36.852064382730546], [-76.24514952939145, 36.85207865356803], [-76.2452729329138, 36.852534390057926], [-76.24539987937641, 36.8530149777073], [-76.24546978905529, 36.85327963299648], [-76.2455249331317, 36.853488390865536], [-76.24566593405181, 36.8534623903327], [-76.2460619332783, 36.85337539028266], [-76.24676826034968, 36.8532012939469], [-76.24727093420316, 36.85307739065074], [-76.24763093391967, 36.853003390377374], [-76.24781993469902, 36.852970390119275], [-76.24793793377977, 36.85296539041286], [-76.24805593392416, 36.85297539038159], [-76.24812593467071, 36.85298839001686], [-76.24824603284647, 36.85296750386184], [-76.24830993442279, 36.8529563900621], [-76.24877875218445, 36.852874282435906], [-76.24919493456838, 36.85280139034893], [-76.24993793460085, 36.85266639005124], [-76.25026893459585, 36.852603389931154], [-76.25048893445175, 36.85256639030972], [-76.25061659870723, 36.85254649125794], [-76.250831982034, 36.85251291974491], [-76.25098293539665, 36.85248939027634], [-76.25134493501125, 36.8524453904209], [-76.25174193561945, 36.8524103899666], [-76.25287293523225, 36.85236338972924], [-76.25345314256592, 36.85234158021676], [-76.25396448076451, 36.852322356486845], [-76.2544416105568, 36.85230441714714], [-76.25518693670385, 36.852276389808196], [-76.25570176293246, 36.852254823041925], [-76.25592693607352, 36.85224538960727], [-76.2572958611688, 36.85219803877971], [-76.25743685101722, 36.8521931603103], [-76.25751693655323, 36.85219038989717], [-76.25767154906927, 36.85218446335773], [-76.25830547901809, 36.85216016097607], [-76.25835234715512, 36.85215836402744], [-76.25908193748366, 36.852130390266964], [-76.25908893727032, 36.85210739011097], [-76.25909550626936, 36.852036328692535], [-76.25909993741516, 36.85198838994135], [-76.25909971514868, 36.85189386242438], [-76.25909967073787, 36.85187482640312], [-76.25909958421003, 36.85183800550868], [-76.25909909303557, 36.85162938260083], [-76.2590990373477, 36.85155302090762], [-76.25909967680198, 36.85148627299094], [-76.25910392643661, 36.8510428402881], [-76.25910493758812, 36.85093739004219], [-76.25910563669461, 36.85092279935199], [-76.25910660292331, 36.850902659504165], [-76.25912593799902, 36.85049938952753], [-76.2599759374304, 36.85050538930015], [-76.26059837316632, 36.85050743975245], [-76.26066727911544, 36.850507666547976], [-76.26088693770554, 36.85050838969965], [-76.26153158606328, 36.85051147793258], [-76.26172193870379, 36.85051238909644], [-76.26185120105707, 36.850513667205426], [-76.26203794039522, 36.85051551312634], [-76.26214590553964, 36.85051657978], [-76.26273393878466, 36.85052238912227], [-76.26310989164479, 36.85052593028641], [-76.26351074473527, 36.850529704653994], [-76.26354025449345, 36.850529982666], [-76.26355805475973, 36.85053015036611], [-76.26379593925634, 36.85053238962566], [-76.26399193869783, 36.85053338930311], [-76.26423193945575, 36.85053338930461], [-76.26442364448697, 36.850536742915715], [-76.26444440445732, 36.85053710653184], [-76.26491793930693, 36.85054538911537], [-76.26504587704898, 36.85054918036374], [-76.26507342374073, 36.85054950626399], [-76.26522307337116, 36.85055036008784], [-76.26536466799443, 36.850551167721946], [-76.26557893941951, 36.85055238892147], [-76.26596094008352, 36.85055938911383], [-76.2660261390354, 36.85056156222168], [-76.26607133390365, 36.85056306906384], [-76.26611093978667, 36.85056438936078], [-76.26654693990658, 36.850577389398524], [-76.26671538366534, 36.85059254021867], [-76.26672798049101, 36.85059367391176], [-76.26673601685425, 36.850594315268445], [-76.26674860735814, 36.85059532084453], [-76.26680394002791, 36.85059938897685], [-76.26683012401087, 36.850601733762275], [-76.26684011905473, 36.85060262868398], [-76.26687080106113, 36.85060537717111], [-76.26687095940832, 36.85060537026684], [-76.26707775441976, 36.85038248131223], [-76.26715113842492, 36.85030338684285], [-76.26718094349624, 36.850271262593694], [-76.26740656637583, 36.85002807974963], [-76.26769906555243, 36.849712813256325], [-76.26770643824385, 36.849704866298715], [-76.26794579294362, 36.84944687888805], [-76.26805293976703, 36.849331389163915], [-76.2681081576576, 36.84927166816805], [-76.26832705095624, 36.84903492135558], [-76.26848593910672, 36.84886307199346], [-76.26858657323405, 36.848754229156796], [-76.26898195144739, 36.848326594482586], [-76.26919294021187, 36.84809838880656], [-76.2692451310631, 36.84804177091452], [-76.26951076567492, 36.847753601565394], [-76.26958194036926, 36.847676388135596], [-76.26980914526136, 36.8474312813449], [-76.27011494067526, 36.84710138820138], [-76.27023176466543, 36.84697538831076], [-76.27034337383309, 36.84685501210027], [-76.27044594134658, 36.84674438821602], [-76.27045194046738, 36.84673438874143], [-76.27057294097139, 36.84665738874798], [-76.27053255125533, 36.846635640822136], [-76.27046894110707, 36.84660138812709], [-76.27040594041627, 36.846567388534055], [-76.27035276241752, 36.846535591758915], [-76.27003927555859, 36.84634814706864], [-76.26996883488279, 36.846306027938816], [-76.26971706457024, 36.84615548365535], [-76.26966606607765, 36.8461249898667], [-76.26953294030585, 36.84604538812113], [-76.26939774529404, 36.84596427137433], [-76.2693925721665, 36.84596116704891], [-76.2692679408216, 36.84588638821779], [-76.26899894024712, 36.84572538816256], [-76.2687139404601, 36.84555438835561], [-76.2685489781145, 36.845455454605705], [-76.26829865238848, 36.84530532491537], [-76.2681774000216, 36.845232604730654], [-76.26801299784587, 36.845134004438556], [-76.26794194035934, 36.84509138829116], [-76.26781793960356, 36.845012387919134], [-76.26760893927226, 36.8448703883551], [-76.26755745900783, 36.84483299979459], [-76.26751789683493, 36.844804267388795], [-76.26744295276, 36.84474983940118], [-76.26742993999912, 36.84474038812736], [-76.26736794022203, 36.8446943879083], [-76.26727931704008, 36.84462061594196], [-76.26718293936062, 36.84454038777919], [-76.26705004624397, 36.84441400912586], [-76.2669789398259, 36.844346388331424], [-76.26685079695268, 36.84421364595287], [-76.26676060499611, 36.844125922077886], [-76.26673703044281, 36.844098672419285], [-76.26660786877851, 36.84397279324932], [-76.2665479388922, 36.84391438762116], [-76.26651393990939, 36.84388238773631], [-76.26626893931407, 36.843581387887234], [-76.2662095088332, 36.84350288019638], [-76.26618793946736, 36.843474387714295], [-76.26605005925177, 36.843247049636865], [-76.26601993971161, 36.84319738803116], [-76.2659962013965, 36.84315210678585], [-76.26584693919156, 36.84286738790132], [-76.26582895634418, 36.842825690898174], [-76.26582794750269, 36.84282335157715], [-76.26575593964075, 36.84265638721162], [-76.26571993888292, 36.842581387869025], [-76.26553393900936, 36.84211438754927], [-76.26541144490913, 36.84180695265282], [-76.26540487760467, 36.841790468708496], [-76.2653809390547, 36.84173038751284], [-76.26529117033036, 36.84148111960415], [-76.26527877290572, 36.84144669559247], [-76.26524570152046, 36.841354861945234], [-76.26512558688046, 36.841021325923585], [-76.26503593909369, 36.84077238728537], [-76.26315736611397, 36.84079764344464], [-76.26258093847179, 36.84080538719185], [-76.26199765171273, 36.84067928704773], [-76.25794939267632, 36.83980400875686], [-76.25332693463726, 36.8388043868034], [-76.25206893470701, 36.83853238766264], [-76.2466949327696, 36.837407387201786], [-76.24496990886317, 36.83704634490697], [-76.24473427078772, 36.83699702469746], [-76.24455699384822, 36.83695991913355], [-76.24414892099628, 36.836874504316945], [-76.24400927419443, 36.83684527414442], [-76.2439959352097, 36.83687604772473], [-76.24398031108254, 36.83691209191064], [-76.24385808514786, 36.83690955788815]]]}, "properties": {"OBJECTID": 477, "PERIMETER": 30057.432, "PRECINCTS": 56, "PRECINCTS1": 28, "ELECTION": 60, "ELECTION_I": 20, "PRECNAME": "Chesterfield", "SUPWARD": 7, "WARD": 4, "ADDRESSNUM": 2915, "POLLPLACE": "Chesterfield Heights Elementary School", "ADDRESSSTR": "Westminster Avenue", "PRECNUM": 405, "POLLADDRESS": "2915 Westminster Avenue", "NAME_1": "Chesterfield", "NAME_2": " ", "created_user": "CSIEMER", "created_date": 1662571027000, "last_edited_user": "CSIEMER", "last_edited_date": 1666096341000, "Shape__Area": 35639398.86885947, "Shape__Length": 27006.082473203773, "NORFOLKGIS.Precincts.AREA": null}}, {"type": "Feature", "id": 478, "geometry": {"type": "Polygon", "coordinates": [[[-76.29471994722849, 36.832802384372265], [-76.29454494733706, 36.83240738445931], [-76.29445494716578, 36.83220538468906], [-76.29434094782272, 36.83194538462113], [-76.29376798022243, 36.83065147477817], [-76.29360772886278, 36.83028957809414], [-76.29320930994571, 36.8293898063881], [-76.29313694687809, 36.829226383659474], [-76.29293794694314, 36.82877638385294], [-76.29147683842805, 36.82547501426879], [-76.29082049735686, 36.82399191326394], [-76.29071764129627, 36.823800773156655], [-76.29067131892435, 36.82371469001672], [-76.29067274000734, 36.8236580263016], [-76.29048146439392, 36.82322579512611], [-76.29022594554307, 36.822648382962115], [-76.28996394570302, 36.822055382541], [-76.29025329009096, 36.82125307142058], [-76.2872918291277, 36.82175011027748], [-76.28716089318958, 36.82177208384513], [-76.28566278069654, 36.822023487823564], [-76.28425231299323, 36.821852135724704], [-76.28341126786871, 36.822072221955594], [-76.2822799945518, 36.82236824340671], [-76.28196428754286, 36.82240897552576], [-76.28023212345725, 36.82263243874262], [-76.27909487370474, 36.823375282612766], [-76.2780717803448, 36.82404353933348], [-76.27681779376015, 36.824862579770034], [-76.27699420698347, 36.82503458778653], [-76.27703043546848, 36.82506991151725], [-76.27707953700032, 36.82514364650223], [-76.27684728426576, 36.82544531208604], [-76.27656819910378, 36.82580780072949], [-76.27642229253469, 36.825997311075554], [-76.27492407407824, 36.828004170357474], [-76.27486704745247, 36.82808055414339], [-76.27486818936181, 36.828080805633455], [-76.27481954237804, 36.82814596572269], [-76.27481855217351, 36.82814551159524], [-76.2748179837848, 36.82814627329608], [-76.27462923013589, 36.82805905246615], [-76.27460288673787, 36.828046880434144], [-76.27447070758194, 36.82798580230529], [-76.27424577649185, 36.82788252585313], [-76.27424061757434, 36.827880157507494], [-76.27400613586744, 36.82778281982672], [-76.27350458528394, 36.82757461476026], [-76.2734412558963, 36.827549864638144], [-76.27253400556081, 36.82717570939961], [-76.2724956878434, 36.82716021801191], [-76.2724152904667, 36.82712771532338], [-76.27241866001366, 36.82714768238608], [-76.2724222914127, 36.82716919485672], [-76.27243292256003, 36.82722248900576], [-76.27248611100526, 36.82748911358564], [-76.27249643740886, 36.82754087502621], [-76.27251285986766, 36.82762319766546], [-76.27257779651924, 36.82794870888459], [-76.27265293996089, 36.82832538430645], [-76.2726710495339, 36.82842400322662], [-76.27269637106194, 36.828561890092004], [-76.27278141859017, 36.82902501340857], [-76.27280198901607, 36.82913702465292], [-76.27287294058235, 36.82952338490392], [-76.27290018663969, 36.82967087083991], [-76.27292487178869, 36.82980449020503], [-76.27303553158595, 36.83040348651505], [-76.27308774168424, 36.83068609508475], [-76.273119940661, 36.830860385158424], [-76.27315510833495, 36.83103985490458], [-76.2731720257197, 36.83112618618279], [-76.27324594102912, 36.831503384941435], [-76.2733226905931, 36.83190874387416], [-76.27333883066065, 36.83199398865193], [-76.27334894094409, 36.832047385485126], [-76.2733719413327, 36.83216938477636], [-76.27340865990759, 36.832347783260964], [-76.2734789288734, 36.83268917610597], [-76.27348494092014, 36.83271838539565], [-76.27350394068925, 36.83287038566956], [-76.27351821400127, 36.83295464226992], [-76.27356054738438, 36.833204549097], [-76.2735625870816, 36.83321658589416], [-76.27356594082448, 36.833236384958084], [-76.27366094074289, 36.83368238534462], [-76.27369851605725, 36.83386816774324], [-76.27370084276234, 36.83387967276302], [-76.27393645182538, 36.83504456912035], [-76.27398686707768, 36.83529382854021], [-76.27403698503888, 36.83554161306479], [-76.27406264494502, 36.8356684759018], [-76.27408244669148, 36.83576637486768], [-76.27428694099136, 36.836777386489274], [-76.2743151063774, 36.836916996127464], [-76.27444159071186, 36.83754395542141], [-76.2744752284702, 36.837710689055], [-76.27457270509018, 36.83819385468226], [-76.2745819051814, 36.838239458919254], [-76.27463394203392, 36.838497386521546], [-76.27468186723655, 36.83873359161116], [-76.27470394142911, 36.83884238688286], [-76.27471250477105, 36.83887571682128], [-76.2748016971935, 36.839222883556786], [-76.2748468533008, 36.83939864619517], [-76.2749190428025, 36.83967962672754], [-76.27493929907328, 36.8397584692713], [-76.27496394177629, 36.83985438662268], [-76.27523861039087, 36.839906326645654], [-76.27558472641641, 36.83997177709537], [-76.27613794231878, 36.84007638681128], [-76.27679739304551, 36.84020161664671], [-76.27818298084772, 36.84046472552844], [-76.2795589247334, 36.840725985126156], [-76.28131494402267, 36.84105938684401], [-76.28255794000965, 36.84129527187051], [-76.28393154151476, 36.84155592616956], [-76.2845541652952, 36.84167406867423], [-76.2852337347054, 36.84180301299475], [-76.28531695543359, 36.841818803355324], [-76.28535974300183, 36.84182692126794], [-76.28594194568427, 36.84193738686328], [-76.28602494524898, 36.841953387071975], [-76.286174832352, 36.84198201171568], [-76.2861814513006, 36.84198327582154], [-76.28631294598908, 36.84200838705673], [-76.28677695573548, 36.842098081095635], [-76.28730491605381, 36.842200134469635], [-76.28858654736423, 36.842447858984805], [-76.29125394729402, 36.84296338678486], [-76.29126166108567, 36.84296487760596], [-76.29345876655422, 36.84338945714719], [-76.29464245437792, 36.84361817921368], [-76.29586494891866, 36.843854386822684], [-76.29472455955585, 36.84228734721366], [-76.29455334886758, 36.8420520748373], [-76.29426394829277, 36.84165438643886], [-76.29441594819549, 36.840763386458], [-76.29447624570125, 36.840410309874486], [-76.29496394841274, 36.837554385645035], [-76.29501994815939, 36.83721338576256], [-76.29504694744763, 36.837053385043156], [-76.29526394823876, 36.835754385560485], [-76.29524329030274, 36.83558919949878], [-76.29496394719996, 36.833355384625825], [-76.29472213647509, 36.83280734603612], [-76.29471994722849, 36.832802384372265]]]}, "properties": {"OBJECTID": 478, "PERIMETER": 23987.307, "PRECINCTS": 58, "PRECINCTS1": 54, "ELECTION": 62, "ELECTION_I": 8, "PRECNAME": "Berkley", "SUPWARD": 7, "WARD": 4, "ADDRESSNUM": 89, "POLLPLACE": "Berkley Recreation Center", "ADDRESSSTR": "W Liberty Street", "PRECNUM": 402, "POLLADDRESS": "121 W Liberty Street", "NAME_1": "Berkley", "NAME_2": " ", "created_user": "CSIEMER", "created_date": 1662571027000, "last_edited_user": "CSIEMER", "last_edited_date": 1687295107000, "Shape__Area": 39111286.67920665, "Shape__Length": 26121.623252664664, "NORFOLKGIS.Precincts.AREA": null}}, {"type": "Feature", "id": 479, "geometry": {"type": "Polygon", "coordinates": [[[-76.2748468533008, 36.83939864619517], [-76.2748016971935, 36.839222883556786], [-76.27470394142911, 36.83884238688286], [-76.27468186723655, 36.83873359161116], [-76.27463394203392, 36.838497386521546], [-76.2745819051814, 36.838239458919254], [-76.2743151063774, 36.836916996127464], [-76.27428694099136, 36.836777386489274], [-76.27408244669148, 36.83576637486768], [-76.27403698503888, 36.83554161306479], [-76.27398686707768, 36.83529382854021], [-76.27370084276234, 36.83387967276302], [-76.27369851605725, 36.83386816774324], [-76.27366094074289, 36.83368238534462], [-76.27356594082448, 36.833236384958084], [-76.27350394068925, 36.83287038566956], [-76.27348494092014, 36.83271838539565], [-76.27340865990759, 36.832347783260964], [-76.2733719413327, 36.83216938477636], [-76.27334894094409, 36.832047385485126], [-76.27333883066065, 36.83199398865193], [-76.27324594102912, 36.831503384941435], [-76.273119940661, 36.830860385158424], [-76.27308774168424, 36.83068609508475], [-76.27303553158595, 36.83040348651505], [-76.27287294058235, 36.82952338490392], [-76.27280198901607, 36.82913702465292], [-76.27269637106194, 36.828561890092004], [-76.27265293996089, 36.82832538430645], [-76.27251285986766, 36.82762319766546], [-76.27248611100526, 36.82748911358564], [-76.27243292256003, 36.82722248900576], [-76.2724222914127, 36.82716919485672], [-76.27241523793074, 36.82712740425558], [-76.2721115168087, 36.8270046986818], [-76.26837857074203, 36.825496465048204], [-76.26826419826303, 36.82543453561628], [-76.26598379620005, 36.8245381036667], [-76.26081037530487, 36.822433956564595], [-76.26060739522977, 36.82236414782716], [-76.25893982432565, 36.82166677250153], [-76.25765983460353, 36.82080643858818], [-76.25488679987474, 36.82363339368836], [-76.25016536670455, 36.82831111270222], [-76.24988767894449, 36.82860274545784], [-76.24972069006978, 36.828777740499824], [-76.24968302522132, 36.82881589579581], [-76.24943026563163, 36.82907194492599], [-76.24912575402362, 36.82938041598446], [-76.24894244590516, 36.829566105621375], [-76.24681202652303, 36.8317241205472], [-76.24640053587277, 36.83217334586359], [-76.24611805231011, 36.83252481333683], [-76.24597155253376, 36.83272986273015], [-76.24596876696893, 36.83273379423609], [-76.24585883704958, 36.83288768129036], [-76.24575373570636, 36.83305445687378], [-76.24571080066592, 36.83312258598089], [-76.24562324950715, 36.83326065428735], [-76.24551652475493, 36.83345549888289], [-76.24541298547003, 36.83364361720067], [-76.24522757078367, 36.834034612282004], [-76.24507893722432, 36.83437752831316], [-76.24498093255909, 36.83460338409971], [-76.24494095985133, 36.83469550226284], [-76.24459881694118, 36.83548397021382], [-76.24451657261241, 36.83567350008979], [-76.24445847956189, 36.83580737419724], [-76.24430809480144, 36.83615392704574], [-76.24415837197584, 36.83649895199287], [-76.24412675941984, 36.83657179957089], [-76.24400818314038, 36.83684504586633], [-76.24400927419443, 36.83684527414442], [-76.24414892099628, 36.836874504316945], [-76.24473427078772, 36.83699702469746], [-76.24543521014492, 36.83714373434043], [-76.2466949327696, 36.837407387201786], [-76.2467152461875, 36.83741164029388], [-76.2477177771683, 36.83762153251203], [-76.24964625152118, 36.83802525434097], [-76.25206893470701, 36.83853238766264], [-76.25223015925884, 36.838567247337956], [-76.25332693463726, 36.8388043868034], [-76.25560210709861, 36.83929642659855], [-76.25794939267632, 36.83980400875686], [-76.26199765171273, 36.84067928704773], [-76.26246645792973, 36.84078063828823], [-76.26258093847179, 36.84080538719185], [-76.26315736611397, 36.84079764344464], [-76.26503593909369, 36.84077238728537], [-76.26510515142252, 36.84076602304837], [-76.26511059731023, 36.84076552277408], [-76.26512293859282, 36.84076438756416], [-76.26520893858114, 36.8407573873063], [-76.26526345942844, 36.84075203144432], [-76.26551161941673, 36.84072765208693], [-76.2658909390317, 36.84069038750259], [-76.26604225336695, 36.84067582553666], [-76.26722093902795, 36.84056238712717], [-76.26789797547634, 36.84046032171208], [-76.26791902965238, 36.8404571479739], [-76.26910272010205, 36.840278693503485], [-76.26926394019831, 36.840254387012116], [-76.27105094031812, 36.84012838718881], [-76.27450538784093, 36.83988650295927], [-76.27496394177629, 36.83985438662268], [-76.27493929907328, 36.8397584692713], [-76.2749190428025, 36.83967962672754], [-76.2748468533008, 36.83939864619517]]]}, "properties": {"OBJECTID": 479, "PERIMETER": 25859.012, "PRECINCTS": 59, "PRECINCTS1": 55, "ELECTION": 63, "ELECTION_I": 18, "PRECNAME": "Campostella", "SUPWARD": 7, "WARD": 4, "ADDRESSNUM": 1106, "POLLPLACE": "Southside Aquatics Center", "ADDRESSSTR": "Campostella Road", "PRECNUM": 404, "POLLADDRESS": "1750 Campostella Road", "NAME_1": "Campostella", "NAME_2": " ", "created_user": "CSIEMER", "created_date": 1662571027000, "last_edited_user": "CSIEMER", "last_edited_date": 1687295126000, "Shape__Area": 42482285.265084304, "Shape__Length": 26004.32886254661, "NORFOLKGIS.Precincts.AREA": null}}, {"type": "Feature", "id": 480, "geometry": {"type": "Polygon", "coordinates": [[[-76.27283739301473, 36.94506590214498], [-76.2730909463448, 36.94512640943923], [-76.27312605748669, 36.94503659517411], [-76.27393879595604, 36.942957516045595], [-76.27395994646673, 36.942903409007286], [-76.27409562070108, 36.94286766384806], [-76.27445986059706, 36.94277170054348], [-76.27447994730042, 36.94276640841282], [-76.27495477106527, 36.942641109446875], [-76.27534394730043, 36.94253840887162], [-76.27548394733144, 36.94291840896423], [-76.27572194790704, 36.94361840879321], [-76.2757409477053, 36.943671408859764], [-76.27585894723448, 36.943666409137585], [-76.27587994704697, 36.943292408636815], [-76.27586294755896, 36.943076408241154], [-76.27583494738167, 36.942932408198736], [-76.27588294761306, 36.94280140839037], [-76.2759249476143, 36.942671408263756], [-76.27592794808577, 36.94261540815981], [-76.27590023127526, 36.94129671447594], [-76.27589150937314, 36.940881723702255], [-76.2758779470147, 36.940236408117606], [-76.27586153895857, 36.94019785279312], [-76.27565494686164, 36.93971240803341], [-76.27507394709637, 36.93915940800707], [-76.27457304612126, 36.93889842866597], [-76.27445430071504, 36.93883655939081], [-76.27440794638876, 36.93881240782751], [-76.27361094702546, 36.938428407370324], [-76.27306694667759, 36.93805340717999], [-76.27272594642162, 36.9371094077362], [-76.27265994667417, 36.93705340758041], [-76.2721051491426, 36.936054496235045], [-76.2718729464064, 36.93563640741667], [-76.27210026431442, 36.93484452289325], [-76.27245394602471, 36.93361240677348], [-76.272023139131, 36.933374724363524], [-76.27133331390345, 36.932994130550334], [-76.27103248659378, 36.93282815388712], [-76.2709749460208, 36.93279640660473], [-76.27066103667806, 36.93281866951889], [-76.26971994554208, 36.93288540674699], [-76.26941985636282, 36.9327703491401], [-76.26784994446587, 36.93216840659846], [-76.26779836219598, 36.93214862383852], [-76.267122836917, 36.93188953998448], [-76.26699994419157, 36.93184240618024], [-76.2669147052722, 36.93180968101273], [-76.26677594463158, 36.931756406517955], [-76.2660819436431, 36.93164140632547], [-76.26583894364181, 36.93160140662671], [-76.26426394367769, 36.93165440648515], [-76.26404020129931, 36.93158625444153], [-76.26259294337102, 36.93114540690205], [-76.26259042843097, 36.93114464335461], [-76.26196394263573, 36.93095440691551], [-76.26124494241078, 36.930581406812564], [-76.26084355488459, 36.930406609305585], [-76.26074894175234, 36.93036540664416], [-76.26073536376637, 36.930362872075435], [-76.26036710811726, 36.93029413086936], [-76.2602281339101, 36.930268189298225], [-76.26014894186784, 36.930253406135236], [-76.26002094161969, 36.93007740598272], [-76.25988094197852, 36.9300704065767], [-76.25954294183211, 36.93005640616045], [-76.25921494223324, 36.930107406598744], [-76.25899494136975, 36.93014040656953], [-76.25875594174467, 36.930159406223396], [-76.25861494200288, 36.93015440621671], [-76.25843194191587, 36.930140406405684], [-76.25831094110471, 36.93012640676847], [-76.25820694150009, 36.93014040686304], [-76.25808594171649, 36.93016940689246], [-76.25799406843379, 36.93015887558493], [-76.2579371373199, 36.93015235014143], [-76.25783294082362, 36.93014040651072], [-76.25778038986337, 36.93014328379513], [-76.25772925700326, 36.930146083543136], [-76.25748594176228, 36.93015940621154], [-76.25728385806033, 36.930159406653125], [-76.25722394153162, 36.93015940662428], [-76.25708294102766, 36.93017840646366], [-76.25697083970907, 36.93018556183815], [-76.25694194117871, 36.930187406340686], [-76.25682994087289, 36.930197406431994], [-76.25676986521322, 36.93017342577181], [-76.25658694090748, 36.93010040637318], [-76.25647476338013, 36.9301556046888], [-76.2562719407893, 36.93025540620362], [-76.25529594072009, 36.93017269197224], [-76.25458345143953, 36.930112303535346], [-76.25360883151217, 36.930029690824945], [-76.25334593942547, 36.93000740617702], [-76.25330080880484, 36.930038831786284], [-76.25321093963468, 36.93010140651553], [-76.25326193940742, 36.930453406773275], [-76.2532794265486, 36.93057144024625], [-76.25328994011178, 36.930642406937146], [-76.25336210756575, 36.93112027263514], [-76.25336393946769, 36.93113240675075], [-76.25338293955339, 36.93125940710998], [-76.25338707722679, 36.931285302356955], [-76.25341393980206, 36.93145340676424], [-76.25346494028553, 36.931773407305556], [-76.25352765735339, 36.932176997728114], [-76.25364194065791, 36.93291240729588], [-76.25375994064227, 36.93367140717938], [-76.25377157237087, 36.933745401238056], [-76.2537739454171, 36.93376049587045], [-76.25386794067104, 36.93435840719522], [-76.25397194605901, 36.93501807238002], [-76.25397594016665, 36.93504340780498], [-76.25408094091522, 36.93571940757452], [-76.25409305169568, 36.93579851249529], [-76.25411417747935, 36.9359364986227], [-76.25419194019241, 36.93644440763695], [-76.25422130561365, 36.93662877252638], [-76.25430694032926, 36.937166408469345], [-76.25434515740163, 36.93741121795818], [-76.25439885549822, 36.9377551872731], [-76.25441294049503, 36.937845408598186], [-76.25445878339316, 36.938137172769245], [-76.25446560591821, 36.93818059591514], [-76.25446624735258, 36.93818467875666], [-76.25451994106947, 36.938526407994416], [-76.25455194129354, 36.938737408109134], [-76.25455706040397, 36.93876166261048], [-76.25457191337352, 36.93883204587548], [-76.25459056008933, 36.93892040731961], [-76.2546169402472, 36.93904540844317], [-76.25466294042943, 36.939230408105686], [-76.25467231989659, 36.939262885137325], [-76.254738646877, 36.93949253202983], [-76.25475262970161, 36.9395409448583], [-76.25475594055239, 36.9395524086181], [-76.25487694072739, 36.939901408817924], [-76.25491394059532, 36.9399994083494], [-76.25499506033259, 36.9401877383407], [-76.2550635600372, 36.940346771636776], [-76.25508494067323, 36.940396409103876], [-76.25519694077933, 36.94061940842289], [-76.2553042393992, 36.940820136938406], [-76.25534394093962, 36.94089440882482], [-76.255392941389, 36.94097440884515], [-76.255397130754, 36.940981316699535], [-76.25542113639594, 36.94102089893831], [-76.25552394062422, 36.94119040899301], [-76.25557746092029, 36.94127106486885], [-76.25559494165664, 36.94129740848229], [-76.25570568020545, 36.941465856560875], [-76.25576493097286, 36.94155008478226], [-76.25579494110906, 36.94158940927091], [-76.25581676347556, 36.94152313244681], [-76.25582194107903, 36.94150740860325], [-76.25584794084622, 36.94142440905142], [-76.25587131077803, 36.94135190624201], [-76.2558713962486, 36.94135163656059], [-76.25589058269695, 36.9412901831293], [-76.25593246850676, 36.941156038310474], [-76.25595116966322, 36.94109614219125], [-76.25597443926615, 36.94101731433474], [-76.25599222400106, 36.94093880454402], [-76.2560123957843, 36.940849763622566], [-76.25602095295037, 36.940811986434845], [-76.25602532185736, 36.94079270206012], [-76.25602540969977, 36.94079231434438], [-76.25603427940396, 36.94075315951641], [-76.25603694179092, 36.940741408679386], [-76.25605401368807, 36.94073579534174], [-76.2560579190407, 36.94073451240547], [-76.25608547331733, 36.94072545305927], [-76.25610434707065, 36.94071924764717], [-76.25611615520968, 36.940716118982614], [-76.25614782772003, 36.940709545771014], [-76.25615234834045, 36.94070860717835], [-76.25620452912779, 36.940697776935124], [-76.2562077944513, 36.94069709921959], [-76.25621594080553, 36.94069540866298], [-76.25626827185523, 36.940692016664734], [-76.25629619644133, 36.9406902068483], [-76.25630331595615, 36.94068974599165], [-76.25632119578795, 36.940688587282224], [-76.25632394100607, 36.94068840891354], [-76.25635287652042, 36.940690267121425], [-76.25641607804405, 36.940694325889936], [-76.25643294151136, 36.94069540840804], [-76.25644562156388, 36.9406981011731], [-76.25647898498993, 36.94070518525242], [-76.25648874807727, 36.940707258099366], [-76.25658807958854, 36.94072834887153], [-76.25663936564892, 36.94073923881578], [-76.25666416674395, 36.940744504568634], [-76.25667258850274, 36.940746293116455], [-76.25672494141652, 36.94075740888907], [-76.25710664862956, 36.94083838734816], [-76.2572916434205, 36.940877632691944], [-76.25734200933739, 36.94088831729097], [-76.2574367799443, 36.94090842258429], [-76.25757945376053, 36.94093868940676], [-76.25762487620293, 36.94094832595877], [-76.25804713692573, 36.94103790307952], [-76.25806970201056, 36.94104269053751], [-76.2581249425071, 36.94105440876747], [-76.2582088764879, 36.94107230037112], [-76.25821442244802, 36.94107348324253], [-76.25832122442695, 36.941096249990146], [-76.25836234282953, 36.9411050146006], [-76.25839953664462, 36.94111294272262], [-76.25853474493802, 36.941141763572595], [-76.25858640855223, 36.941152777032045], [-76.25861482812923, 36.94115883514337], [-76.25862137285537, 36.94116022992668], [-76.25862140633775, 36.94116023687451], [-76.25867368374993, 36.941171380074586], [-76.25867749785844, 36.941172193701824], [-76.25872865828909, 36.9411830983561], [-76.25874531746234, 36.94118665000507], [-76.25874586314826, 36.94118676586644], [-76.25886453188558, 36.941212061300455], [-76.25888130156625, 36.94121563576768], [-76.2589183459546, 36.94122353203172], [-76.25893798906579, 36.94122771920353], [-76.25896897191106, 36.941234323637325], [-76.2589962053666, 36.94124012829879], [-76.25914671192608, 36.941272210009], [-76.25920394183069, 36.94128440911191], [-76.25923192852599, 36.94128999551888], [-76.25932894755547, 36.941309363331214], [-76.25935881196112, 36.94131532440337], [-76.25943708432351, 36.94133094935621], [-76.25946677793988, 36.94133687649973], [-76.25947255390074, 36.941338029441575], [-76.25955250529987, 36.941353989169706], [-76.25963812551703, 36.94137108080633], [-76.25965008490502, 36.941373468348345], [-76.25970489407743, 36.94138440874044], [-76.25972086338676, 36.94138759647321], [-76.25972994261167, 36.94138940904332], [-76.25973175379141, 36.94138971666507], [-76.25978724114273, 36.94139914121604], [-76.25979213725357, 36.94139997271644], [-76.2597947048759, 36.94140040832124], [-76.2598905455098, 36.94141668585342], [-76.25990334891598, 36.941418860500654], [-76.2601898665786, 36.94146752293457], [-76.26023387802853, 36.941474997146365], [-76.2602505429299, 36.941477827592934], [-76.2603838041184, 36.94150046005992], [-76.26041294285145, 36.941505409223694], [-76.26045709435698, 36.94151855563316], [-76.26051885463845, 36.94153694444796], [-76.26059094264073, 36.94155840889307], [-76.26067419156486, 36.94157690941617], [-76.26073875075585, 36.94159125559295], [-76.26076717091048, 36.94159757098034], [-76.26091032148119, 36.94162938323048], [-76.26095747165017, 36.94163986080823], [-76.26102160921928, 36.94165411407061], [-76.26141182808678, 36.94174082894046], [-76.26143297787597, 36.941745529310644], [-76.2614428320996, 36.94174771885139], [-76.26158479957533, 36.941779267080875], [-76.26167207191514, 36.941798660119304], [-76.26168894336733, 36.94180240918131], [-76.26171839208753, 36.94180873129563], [-76.26196773275467, 36.9418622620523], [-76.26206926409475, 36.941884059722724], [-76.26221994377873, 36.94191640845162], [-76.26231164734504, 36.94193607462629], [-76.26257380636554, 36.941992295230996], [-76.2626032665629, 36.94199861373386], [-76.26263232507414, 36.942004845265714], [-76.26276084719865, 36.94203240636308], [-76.26353494335306, 36.94219840860682], [-76.26354370644393, 36.942200285172895], [-76.26363247669225, 36.942219295104], [-76.26400153471542, 36.942298326571695], [-76.26427296711505, 36.94235645210854], [-76.26453278569487, 36.942412089279415], [-76.26466729932795, 36.94244089338848], [-76.26479904229177, 36.94246910385376], [-76.26500594453209, 36.942513408906976], [-76.26513994217608, 36.94256306663706], [-76.26534594481974, 36.942639408449374], [-76.26544092045421, 36.94269838982869], [-76.26572706689467, 36.942876086769026], [-76.26578394498203, 36.94291140865755], [-76.26620594443256, 36.94313840887235], [-76.26630356030863, 36.94317030940374], [-76.26635894440113, 36.943188409027215], [-76.26639194455606, 36.94335840925462], [-76.26664394511897, 36.9434254090407], [-76.26711194469644, 36.94354940861178], [-76.26711680123975, 36.94355067531383], [-76.26722694478985, 36.943579409378984], [-76.267386055101, 36.943621677780804], [-76.26747226848117, 36.94364458060294], [-76.26775394480133, 36.94371940911182], [-76.26796994463614, 36.94377640876154], [-76.26816194514494, 36.943827409098326], [-76.26854194507189, 36.94391040867616], [-76.26856212260964, 36.9439157833472], [-76.26877094559569, 36.94397140863673], [-76.26879482237712, 36.943977845864204], [-76.26899713735017, 36.94403239000797], [-76.26914680231917, 36.94407273985226], [-76.26961294580838, 36.94419840940434], [-76.27012134524034, 36.944335095381724], [-76.27032352162541, 36.94438945069994], [-76.27043254331707, 36.9444187607547], [-76.27052629772403, 36.944443966662206], [-76.27076324884564, 36.94450766969727], [-76.27079582250941, 36.94451642745237], [-76.27085699120629, 36.944532872404444], [-76.27090187421834, 36.944544938036046], [-76.2709422927424, 36.94455580493224], [-76.27094438292742, 36.944556366445156], [-76.27106835605683, 36.94458969638564], [-76.27109389050447, 36.94459656116107], [-76.2711233713342, 36.9446044868276], [-76.27132394588347, 36.94465840892816], [-76.27134345553893, 36.94466367220723], [-76.27140637985012, 36.94468064589402], [-76.27216658078483, 36.94488571321726], [-76.27248495234734, 36.94497159383755], [-76.2725769463788, 36.94499640869789], [-76.27282694617506, 36.94506340940558], [-76.27283739301473, 36.94506590214498]]]}, "properties": {"OBJECTID": 480, "PERIMETER": 21050.639, "PRECINCTS": 9, "PRECINCTS1": 32, "ELECTION": 0, "ELECTION_I": 0, "PRECNAME": "Northside", "SUPWARD": 6, "WARD": 1, "ADDRESSNUM": 8720, "POLLPLACE": "Therapeutic Recreation Center", "ADDRESSSTR": "E Evans Street", "PRECNUM": 103, "POLLADDRESS": "180 E Evans Street", "NAME_1": "Northside", "NAME_2": " ", "created_user": "CSIEMER", "created_date": 1662571027000, "last_edited_user": "CSIEMER", "last_edited_date": 1687294781000, "Shape__Area": 23503763.989962455, "Shape__Length": 21785.73905758318, "NORFOLKGIS.Precincts.AREA": null}}, {"type": "Feature", "id": 481, "geometry": {"type": "Polygon", "coordinates": [[[-76.28513954742942, 36.86894458177923], [-76.28464379127686, 36.868801444008525], [-76.28461394613426, 36.86887139233779], [-76.28373794641404, 36.86863939296736], [-76.28357594591706, 36.868596392513176], [-76.28348194550944, 36.86856939239792], [-76.28335494546438, 36.868532392618434], [-76.28248994543053, 36.86828039262965], [-76.28236247300043, 36.86824281407965], [-76.28062094505798, 36.86772939274185], [-76.27925694452468, 36.86732639201399], [-76.27908294427343, 36.86727539223285], [-76.2791959089568, 36.86776617980226], [-76.27929315629636, 36.86811194478925], [-76.27948994084235, 36.86881160571614], [-76.27964494498093, 36.86940839313652], [-76.27979794547946, 36.86985639252799], [-76.2798723631716, 36.86999704212441], [-76.2799818604466, 36.870185881873574], [-76.2800604990619, 36.87031753343522], [-76.2801484351717, 36.87049570440915], [-76.28022794467091, 36.870696392675605], [-76.28038932408275, 36.87123300153117], [-76.28070130400847, 36.87250482298184], [-76.280634540225, 36.8725158680986], [-76.28002508938934, 36.87261669138508], [-76.27997695632907, 36.87262465397947], [-76.27997469032547, 36.87262502849165], [-76.2799499220037, 36.872629125865316], [-76.27989994455397, 36.872637393389915], [-76.27951494459815, 36.87270339379904], [-76.27860660127634, 36.87286014779087], [-76.27848565559374, 36.872881018742426], [-76.27841394491959, 36.87289339322614], [-76.27831194411633, 36.872908393803165], [-76.27832215716536, 36.87294690857611], [-76.2783863187804, 36.87318888074247], [-76.27841339369094, 36.87329098855316], [-76.27842065880151, 36.87331838508807], [-76.278423519886, 36.87332917808174], [-76.27849994420885, 36.87361739415609], [-76.2784951275466, 36.87366171164057], [-76.27849494475939, 36.8736633937411], [-76.27847194435095, 36.873706393903724], [-76.2784505032798, 36.87372557787668], [-76.27843394488116, 36.87374039421114], [-76.27839394453873, 36.87376039358866], [-76.27786027688666, 36.87385688731324], [-76.27785194505533, 36.873858393643], [-76.2773956351778, 36.87393502571155], [-76.27734161872255, 36.873944097294206], [-76.27732794463203, 36.87394639396877], [-76.27702394471409, 36.87399639352086], [-76.27691072957957, 36.87401717120797], [-76.27675694468422, 36.87404539431154], [-76.27658494463451, 36.874060393743946], [-76.27650993559918, 36.87406039378838], [-76.27637694396118, 36.87406039421097], [-76.2760849444589, 36.87403739406955], [-76.27603294357536, 36.874047393760705], [-76.27598894349568, 36.87406939427137], [-76.27595694395055, 36.874103393811595], [-76.27594494442808, 36.8741273936153], [-76.27593094385793, 36.874169393709906], [-76.27584862705824, 36.87441777563836], [-76.27584714509032, 36.87442224721064], [-76.2758182145412, 36.87450954411293], [-76.2758159436512, 36.87451639388084], [-76.27581289133398, 36.87452444840547], [-76.27580750050613, 36.874538674490346], [-76.27579516960843, 36.87457121387619], [-76.27577994435516, 36.87461139434343], [-76.27574894382076, 36.87464039392978], [-76.27569994443431, 36.87466639370367], [-76.27563094369171, 36.87468139394546], [-76.2755949442537, 36.87467939454471], [-76.27557554259442, 36.87467855037226], [-76.27557194350756, 36.87467839389312], [-76.27540594405569, 36.87464639434724], [-76.2752439434556, 36.8746003945266], [-76.27503994353953, 36.87452639398868], [-76.27487594368955, 36.87445039431278], [-76.27479918532816, 36.8744076812609], [-76.27475194339533, 36.8743813940167], [-76.27466294338319, 36.874324393968884], [-76.27457125807396, 36.87425411180096], [-76.27445371406633, 36.874164007157674], [-76.27434594351409, 36.87408139403673], [-76.27434432275946, 36.87408011764131], [-76.2743220257075, 36.87406256382562], [-76.27402107205837, 36.87382562490752], [-76.2739839438416, 36.87379639401174], [-76.2738957574933, 36.873721961889714], [-76.27388524193586, 36.873713086063404], [-76.27383689770582, 36.873672282645295], [-76.27376608500003, 36.87361251409418], [-76.27376594266886, 36.87361239421915], [-76.27375769381241, 36.87360369653928], [-76.27365058829159, 36.87349076520713], [-76.27361957029295, 36.87345805983244], [-76.27359750086927, 36.873434790102195], [-76.2735679313536, 36.8734036120404], [-76.27352694301965, 36.87336039431502], [-76.27347574757383, 36.873292565957975], [-76.27346527454183, 36.87327869190848], [-76.27339356846196, 36.87318368972257], [-76.27334042615523, 36.87311328254397], [-76.27332994350435, 36.87309939387723], [-76.2732709425825, 36.87301439423719], [-76.27316194319638, 36.87308039415326], [-76.27307167494732, 36.87313501772307], [-76.27304983685887, 36.873148233358975], [-76.27296694262743, 36.87319839424397], [-76.27291170065962, 36.87323177210213], [-76.27284542052156, 36.87327181902251], [-76.27271132376183, 36.87335284178008], [-76.27268499961484, 36.87336874761463], [-76.2726634212981, 36.873381785128366], [-76.2726312616695, 36.87340121643676], [-76.27249194233625, 36.87348539387664], [-76.27249250564758, 36.87348649791752], [-76.27269094240067, 36.87387539429095], [-76.27305986041276, 36.874268191685026], [-76.27313275979134, 36.874345808550004], [-76.27317222417157, 36.87438782664276], [-76.27322453694107, 36.874443525852406], [-76.27364894305013, 36.874895394075665], [-76.27390121440588, 36.87530017013839], [-76.27390511779451, 36.87530643379619], [-76.27392242648666, 36.8753342066229], [-76.27409082117975, 36.875604397828724], [-76.27410266651505, 36.87562340316341], [-76.27417994356264, 36.875747394742255], [-76.27396278397102, 36.87620266177093], [-76.27304648069264, 36.878123594953145], [-76.27298224792905, 36.87825824880762], [-76.272972318402, 36.878279064279454], [-76.27294134137622, 36.878344001178306], [-76.27259829818311, 36.87906312414129], [-76.27247522881817, 36.879321110647496], [-76.27247444806889, 36.87932274715225], [-76.2724139747757, 36.879449515627265], [-76.27236394291465, 36.87955439490996], [-76.27316494385965, 36.880355395801416], [-76.27398678285948, 36.88117723864113], [-76.27426494399714, 36.881455395711924], [-76.27624894461499, 36.88131039521818], [-76.27658194408679, 36.88128439587756], [-76.27678309396701, 36.88127246794338], [-76.27695151084875, 36.88126248112747], [-76.27703954196653, 36.88125726115055], [-76.2773239447063, 36.8812403950168], [-76.27759694453776, 36.881215395800744], [-76.27771094491793, 36.881197395700354], [-76.27802094442747, 36.88114939566696], [-76.27871427407203, 36.881098547238516], [-76.27902994472154, 36.88107539520635], [-76.27984794582386, 36.88104139519541], [-76.28004837548437, 36.88103746574253], [-76.28005194561722, 36.881037395288494], [-76.28023394525088, 36.88103329396406], [-76.28040694581183, 36.88102939552059], [-76.28078888334439, 36.88101519730923], [-76.28083325082719, 36.88101354844326], [-76.28090033170409, 36.88101105401933], [-76.28121394585992, 36.88099939569215], [-76.2812539456043, 36.8809953954459], [-76.28127351970325, 36.88099442925719], [-76.28136775850506, 36.88098977846453], [-76.28144520535751, 36.88098595706332], [-76.28149125054263, 36.88098368433513], [-76.28167211753808, 36.88097475872298], [-76.28171860093073, 36.88097246443443], [-76.28183367222337, 36.88096678603325], [-76.28202394640238, 36.88095739480579], [-76.282070594629, 36.880950500211966], [-76.28207119181754, 36.880847460070754], [-76.28207886000781, 36.87952419346226], [-76.2821426965086, 36.87851093227118], [-76.29807183187697, 36.877704048667866], [-76.2980695302547, 36.87766554257586], [-76.29799343856783, 36.87639964404843], [-76.29797915884684, 36.876302532174925], [-76.29798198958534, 36.8762050532581], [-76.29800602517446, 36.87608393333053], [-76.29803951802066, 36.87599046419196], [-76.29825736599419, 36.87555428260252], [-76.2984733414806, 36.87506464539562], [-76.29856135941372, 36.874865098828366], [-76.29862586654629, 36.874718852719084], [-76.2986699504844, 36.874621393243416], [-76.29892222480098, 36.874060606749715], [-76.29898395077704, 36.8739233931962], [-76.29916712056313, 36.873517501493374], [-76.29922154809768, 36.87339689301563], [-76.29928495139028, 36.87325639282773], [-76.29927250573482, 36.8732528066205], [-76.29862632408977, 36.87306658666466], [-76.29842712039715, 36.87300917763997], [-76.29830295076195, 36.87297339297068], [-76.2980329509708, 36.872890392676354], [-76.297999950397, 36.87289339310806], [-76.29799219976817, 36.87289866412409], [-76.29797495088934, 36.872910392942046], [-76.29795195116218, 36.87295739336232], [-76.29786395122103, 36.87313339259972], [-76.2977602141261, 36.87336083681905], [-76.29775629238264, 36.873369435317784], [-76.29770128842831, 36.873490032354674], [-76.2976811008912, 36.87353429392352], [-76.29767695030826, 36.87354339289338], [-76.29745920485956, 36.873485494039066], [-76.29717443915422, 36.87340977288806], [-76.29706395022956, 36.8733803934295], [-76.29697991943492, 36.873354879307925], [-76.29682343171537, 36.873307364216416], [-76.29676095032181, 36.87328839324252], [-76.29651094945615, 36.87321561279304], [-76.29599495030622, 36.873065392961976], [-76.29592731457714, 36.87304254632358], [-76.29578982570885, 36.872996102852355], [-76.29569595045162, 36.87296439279988], [-76.29558994973036, 36.87292739309217], [-76.29547995043914, 36.87288839294158], [-76.29551495026325, 36.87278239316398], [-76.29572594945832, 36.87212839302267], [-76.29576369728736, 36.87201031058838], [-76.288006176761, 36.86977220343056], [-76.28617238067086, 36.86924278043722], [-76.28513954742942, 36.86894458177923]]]}, "properties": {"OBJECTID": 481, "PERIMETER": 24722.572, "PRECINCTS": 41, "PRECINCTS1": 48, "ELECTION": 37, "ELECTION_I": 37, "PRECNAME": "Park Place", "SUPWARD": 7, "WARD": 2, "ADDRESSNUM": 606, "POLLPLACE": "Park Place Multi-Purpose Center", "ADDRESSSTR": "W. 29th Street", "PRECNUM": 212, "POLLADDRESS": "606 W. 29th Street", "NAME_1": "Park Place", "NAME_2": " ", "created_user": "CSIEMER", "created_date": 1662571027000, "last_edited_user": "CSIEMER", "last_edited_date": 1666096341000, "Shape__Area": 21455254.66950445, "Shape__Length": 24966.494987051177, "NORFOLKGIS.Precincts.AREA": null}}, {"type": "Feature", "id": 482, "geometry": {"type": "Polygon", "coordinates": [[[-76.27388524193586, 36.873713086063404], [-76.2738957574933, 36.873721961889714], [-76.2739839438416, 36.87379639401174], [-76.27434432275946, 36.87408011764131], [-76.27434594351409, 36.87408139403673], [-76.27457125807396, 36.87425411180096], [-76.27466294338319, 36.874324393968884], [-76.27475194339533, 36.8743813940167], [-76.2747689491566, 36.8743908568968], [-76.27479918532816, 36.8744076812609], [-76.27487594368955, 36.87445039431278], [-76.27488531571323, 36.87445473704038], [-76.27488944106182, 36.87445664945812], [-76.27490878504179, 36.87446561307793], [-76.27503994353953, 36.87452639398868], [-76.27513881233207, 36.87456225877235], [-76.27514866469235, 36.87456583269427], [-76.2752439434556, 36.8746003945266], [-76.2753293354534, 36.87462464129301], [-76.27540594405569, 36.87464639434724], [-76.27546950610524, 36.87465864687286], [-76.27557194350756, 36.87467839389312], [-76.27557554259442, 36.87467855037226], [-76.27558904700629, 36.874679137767025], [-76.2755949442537, 36.87467939454471], [-76.27563094369171, 36.87468139394546], [-76.27569994443431, 36.87466639370367], [-76.27574894382076, 36.87464039392978], [-76.27577994435516, 36.87461139434343], [-76.27579516960843, 36.87457121387619], [-76.27580750050613, 36.874538674490346], [-76.27581289133398, 36.87452444840547], [-76.2758159436512, 36.87451639388084], [-76.2758182145412, 36.87450954411293], [-76.27584714509032, 36.87442224721064], [-76.27584862705824, 36.87441777563836], [-76.27593094385793, 36.874169393709906], [-76.27594494442808, 36.8741273936153], [-76.27595694395055, 36.874103393811595], [-76.27598894349568, 36.87406939427137], [-76.27603294357536, 36.874047393760705], [-76.2760849444589, 36.87403739406955], [-76.27637694396118, 36.87406039421097], [-76.27650993559918, 36.87406039378838], [-76.27658494463451, 36.874060393743946], [-76.27675694468422, 36.87404539431154], [-76.27691072957957, 36.87401717120797], [-76.27702394471409, 36.87399639352086], [-76.27732794463203, 36.87394639396877], [-76.27785194505533, 36.873858393643], [-76.27786027688666, 36.87385688731324], [-76.27839394453873, 36.87376039358866], [-76.27843394488116, 36.87374039421114], [-76.2784505032798, 36.87372557787668], [-76.27847194435095, 36.873706393903724], [-76.27849494475939, 36.8736633937411], [-76.2784951275466, 36.87366171164057], [-76.27849994420885, 36.87361739415609], [-76.278423519886, 36.87332917808174], [-76.2783863187804, 36.87318888074247], [-76.27832215716536, 36.87294690857611], [-76.27831194411633, 36.872908393803165], [-76.27841394491959, 36.87289339322614], [-76.27848565559374, 36.872881018742426], [-76.27860660127634, 36.87286014779087], [-76.27951494459815, 36.87270339379904], [-76.27989994455397, 36.872637393389915], [-76.2799499220037, 36.872629125865316], [-76.280634540225, 36.8725158680986], [-76.28070130400847, 36.87250482298184], [-76.28070107938927, 36.87250391106218], [-76.28038932408275, 36.87123300153117], [-76.28024676078635, 36.87076542245884], [-76.2801484351717, 36.87049570440915], [-76.28004492017514, 36.87029145273438], [-76.2799307438968, 36.87009895070599], [-76.27979794547946, 36.86985639252799], [-76.27963169272607, 36.86935569751502], [-76.27950394445989, 36.868861392426425], [-76.2791959089568, 36.86776617980226], [-76.27908294427343, 36.86727539223285], [-76.27526382102148, 36.86617176426714], [-76.274597786814, 36.86598473104862], [-76.27419973839574, 36.86586986452285], [-76.27275994280784, 36.86543739223373], [-76.27215794266017, 36.86513039252018], [-76.27157039657276, 36.864768016913104], [-76.27126594985674, 36.86457948751206], [-76.2710217405994, 36.8644058723526], [-76.27058124075094, 36.86407804871243], [-76.27035594128827, 36.86390439169184], [-76.27027994112477, 36.86382939195504], [-76.27013929061997, 36.864114062396126], [-76.27011294120227, 36.864167391982065], [-76.26967094098512, 36.86505839244347], [-76.26933394156703, 36.8658383923891], [-76.26916594122521, 36.866280392973444], [-76.26913094148536, 36.86635739300363], [-76.2690849418574, 36.866458392204855], [-76.26906178071631, 36.86650323895138], [-76.26901361448925, 36.86659650289039], [-76.26872394123343, 36.867157392920895], [-76.26862345990473, 36.867359198360326], [-76.26860672968212, 36.86739279820666], [-76.26848494139234, 36.86763739244341], [-76.26842191535232, 36.86775591870242], [-76.26835094074653, 36.86788939277462], [-76.26828118991389, 36.868004146074355], [-76.26815751011526, 36.86820761873982], [-76.26813374174758, 36.86824672107452], [-76.26810294101904, 36.86829739318046], [-76.26806805684764, 36.868349242402495], [-76.26791994131442, 36.86856939282085], [-76.26780694057454, 36.868724393189176], [-76.26780568090885, 36.86872373919604], [-76.2678004172816, 36.86873200569292], [-76.26776005898063, 36.868796476352166], [-76.26767124417334, 36.86893835163494], [-76.26636244204876, 36.87041903924547], [-76.26624126899512, 36.8705856988925], [-76.26614375679448, 36.87076173821796], [-76.26607736659551, 36.870926005189695], [-76.26602759901901, 36.87110638654351], [-76.26495475177094, 36.87386083629113], [-76.26356087864927, 36.877664927111], [-76.2635605748532, 36.87766575509588], [-76.26361294005052, 36.8776783948873], [-76.26362508987408, 36.877694189224094], [-76.26362531461479, 36.87769448194061], [-76.26363294012172, 36.8777043952447], [-76.26367794055913, 36.87774039535235], [-76.26372094084354, 36.87776139552074], [-76.26417785205395, 36.87787430889664], [-76.26467594030032, 36.87799739528683], [-76.26571794061248, 36.87825639516406], [-76.265848941094, 36.87828139534194], [-76.26602394086137, 36.878302395248404], [-76.26614894069343, 36.87830539482447], [-76.26626694099693, 36.87829839479454], [-76.26641394076734, 36.87827839476534], [-76.26658394115019, 36.878235395270266], [-76.2667189418093, 36.87818439489767], [-76.26683894087905, 36.87812239554961], [-76.2668969409499, 36.87808739540534], [-76.26703394090174, 36.877994395496444], [-76.26713394088597, 36.877900394801834], [-76.26723194160516, 36.87778039478006], [-76.267309941351, 36.87764839503576], [-76.26755394114915, 36.8770163951364], [-76.26765397415959, 36.87675199432677], [-76.26780088217744, 36.87636369484287], [-76.26780894113122, 36.8763423944613], [-76.26787494190803, 36.87618239430714], [-76.26788994150523, 36.87614839478994], [-76.26795794132865, 36.87602639465881], [-76.2679799417825, 36.876001394909984], [-76.26803194134898, 36.87594639422849], [-76.26814694187871, 36.87583739499923], [-76.2682429411266, 36.87576939495841], [-76.26837794218578, 36.87569539434544], [-76.2696509420986, 36.87506139455016], [-76.26984031268437, 36.87496727743955], [-76.27004746983653, 36.874864318998114], [-76.27046996198301, 36.87465433693707], [-76.27048594197255, 36.874646394470986], [-76.27083994218998, 36.87447139411541], [-76.2710089420184, 36.874382394213974], [-76.27112394213572, 36.87428039402027], [-76.2714325561624, 36.87410976961802], [-76.27166294232565, 36.873982393804965], [-76.27175894285584, 36.87392939430188], [-76.27188832843892, 36.873851273985004], [-76.27189861389198, 36.873845063927476], [-76.271917943223, 36.87383339363732], [-76.27206058851006, 36.87374691203254], [-76.27208466083209, 36.87373231748545], [-76.27226634059757, 36.873622170420276], [-76.27231295098034, 36.873593912104965], [-76.27239963217862, 36.87354135912924], [-76.27240844593851, 36.87353601528113], [-76.27241927578976, 36.87352944954637], [-76.27243491459835, 36.87351996802748], [-76.27244689927726, 36.873512702190666], [-76.27246064304204, 36.87350437003652], [-76.27246201606488, 36.8735035370658], [-76.27249194233625, 36.87348539387664], [-76.2726634212981, 36.873381785128366], [-76.27268499961484, 36.87336874761463], [-76.27271132376183, 36.87335284178008], [-76.27284542052156, 36.87327181902251], [-76.27291170065962, 36.87323177210213], [-76.27296694262743, 36.87319839424397], [-76.27304983685887, 36.873148233358975], [-76.27307167494732, 36.87313501772307], [-76.27316194319638, 36.87308039415326], [-76.2732709425825, 36.87301439423719], [-76.27332994350435, 36.87309939387723], [-76.27334042615523, 36.87311328254397], [-76.27339356846196, 36.87318368972257], [-76.27346527454183, 36.87327869190848], [-76.27347574757383, 36.873292565957975], [-76.27352694301965, 36.87336039431502], [-76.27359750086927, 36.873434790102195], [-76.27361957029295, 36.87345805983244], [-76.27375769381241, 36.87360369653928], [-76.27376594266886, 36.87361239421915], [-76.27376608500003, 36.87361251409418], [-76.27383689880065, 36.87367228356739], [-76.27388524193586, 36.873713086063404]]]}, "properties": {"OBJECTID": 482, "PERIMETER": 17166.986, "PRECINCTS": 42, "PRECINCTS1": 19, "ELECTION": 45, "ELECTION_I": 50, "PRECNAME": "Lindenwood", "SUPWARD": 7, "WARD": 3, "ADDRESSNUM": 2700, "POLLPLACE": "Lindenwood Elementary School", "ADDRESSSTR": "Ludlow Street", "PRECNUM": 306, "POLLADDRESS": "2700 Ludlow Street", "NAME_1": "Lindenwood", "NAME_2": " ", "created_user": "CSIEMER", "created_date": 1662571027000, "last_edited_user": "CSIEMER", "last_edited_date": 1666096341000, "Shape__Area": 12827044.83657452, "Shape__Length": 17045.625247064057, "NORFOLKGIS.Precincts.AREA": null}}, {"type": "Feature", "id": 483, "geometry": {"type": "Polygon", "coordinates": [[[-76.279147452425, 36.85636129209346], [-76.27914774152386, 36.85636068913679], [-76.27917094415757, 36.85631239001522], [-76.27895294401678, 36.85622139047725], [-76.27863197605201, 36.85608153691774], [-76.27835394373085, 36.855960390346155], [-76.27806955328577, 36.855835730973816], [-76.27805252415367, 36.855828266387554], [-76.27731594341226, 36.855505390425044], [-76.27665480191352, 36.855217996877954], [-76.27633594356426, 36.855079390058485], [-76.27597236979217, 36.85489096882478], [-76.27592494258903, 36.85486639001117], [-76.27503094304286, 36.854476389621816], [-76.27488994285784, 36.85440238959042], [-76.27468194265514, 36.85429739014083], [-76.27465194294616, 36.85428639020503], [-76.27460156049615, 36.854400259127814], [-76.27460132979836, 36.85440078205724], [-76.27447894204394, 36.8546773897493], [-76.27423166084859, 36.8552254267253], [-76.27420403829612, 36.85528664520971], [-76.27375045123118, 36.85629188554722], [-76.27373894243185, 36.85631739066577], [-76.2735999420845, 36.856598390522976], [-76.27342694189066, 36.85694139083817], [-76.27318135386413, 36.85744014678627], [-76.27310294203207, 36.857599390451746], [-76.27301427504757, 36.85780120237111], [-76.27281758563782, 36.85824887758024], [-76.27271894260893, 36.85847339040396], [-76.27269573449172, 36.85846514266424], [-76.27268942124624, 36.85846289932378], [-76.27259794201406, 36.85843039096907], [-76.2723883893646, 36.85891327424504], [-76.27238279480822, 36.85892616498213], [-76.27232194236716, 36.859066390609286], [-76.27222764202143, 36.859284650606035], [-76.27206511094089, 36.85966082968749], [-76.27178509958843, 36.86030890799511], [-76.27145279343652, 36.86107800649321], [-76.27129794213823, 36.86143639130414], [-76.271175086761, 36.861718721607375], [-76.27093894205318, 36.862261391528456], [-76.27076194207002, 36.86263539167195], [-76.27066243086355, 36.8628348464636], [-76.27043785020696, 36.86328497866485], [-76.27029994115901, 36.86356139158083], [-76.27021194181772, 36.863739392023206], [-76.270244288315, 36.863782204538644], [-76.27024885464007, 36.863788248366866], [-76.27027994112477, 36.86382939195504], [-76.27029224567353, 36.86384153530937], [-76.27030285289317, 36.86385200234679], [-76.2703185620215, 36.86386750482728], [-76.27035554337449, 36.863903999254305], [-76.27035594128827, 36.86390439169184], [-76.2704310007682, 36.863962246604274], [-76.27044809421423, 36.86397542186629], [-76.27045966023225, 36.86398433690173], [-76.27047967370211, 36.863999763317146], [-76.27049898077811, 36.86401464451385], [-76.27050068871233, 36.86401596047999], [-76.27052856612288, 36.86403744732249], [-76.2705597748931, 36.864061503191614], [-76.27058124075094, 36.86407804871243], [-76.27061108939789, 36.86410105479782], [-76.27064352130468, 36.864126053254054], [-76.27066323429774, 36.86414124769041], [-76.27068330052757, 36.86415671382973], [-76.27072710659623, 36.86419047941286], [-76.27075159566904, 36.86420935552841], [-76.27075645293412, 36.86421309825315], [-76.2707609843639, 36.864216591424466], [-76.27078043852916, 36.864231586232535], [-76.27078508076251, 36.8642351644316], [-76.2708478124165, 36.8642835163354], [-76.27086271870328, 36.864295005931524], [-76.27092140822137, 36.8643402425723], [-76.27094351595292, 36.864357282436664], [-76.27095619878281, 36.86436705778825], [-76.27101048530257, 36.864408900102646], [-76.27103625028789, 36.864428758522486], [-76.27109118737143, 36.86447110258583], [-76.27110194180125, 36.86447939192857], [-76.27113334370473, 36.86449875877527], [-76.27118620912279, 36.86453136294944], [-76.2712459378322, 36.864568200350966], [-76.27129768719365, 36.86460011628463], [-76.27133154627909, 36.864620998026474], [-76.27141756250406, 36.86467404764468], [-76.27144295962914, 36.86468971033058], [-76.27154000310738, 36.86474956077238], [-76.2715641331713, 36.86476444224398], [-76.27167504631176, 36.864832821239034], [-76.27168478467485, 36.86483885225118], [-76.27168491138629, 36.86483893036983], [-76.27182290386594, 36.864923955602265], [-76.27183558948026, 36.864931772233], [-76.27195141077219, 36.865003136549475], [-76.27197725035145, 36.8650190580883], [-76.27198767720733, 36.865025482510795], [-76.27208716321562, 36.86508680027002], [-76.27209193590495, 36.86508972198877], [-76.27210389732063, 36.865097103914984], [-76.27215794266017, 36.86513039252018], [-76.2721794562433, 36.86514136367505], [-76.27220304104179, 36.865153391752], [-76.27226982550268, 36.86518744920243], [-76.27262045337721, 36.86536625779093], [-76.27275994280784, 36.86543739223373], [-76.27277771182592, 36.86544317340468], [-76.27303759335146, 36.86552773461741], [-76.27322094209524, 36.865587392682684], [-76.27336978648886, 36.86563085142824], [-76.27366774273027, 36.865717846423564], [-76.27370605732456, 36.86572903295465], [-76.27385467649775, 36.865772424612445], [-76.27417994255376, 36.865867391947475], [-76.27423756627991, 36.86588357359934], [-76.2743057578899, 36.865902723554726], [-76.274597786814, 36.86598473104862], [-76.2747144732713, 36.86601749883999], [-76.27474369692713, 36.866025705050454], [-76.27517725240673, 36.86614745442267], [-76.27522641484444, 36.86616125976565], [-76.27526219991668, 36.866171308119654], [-76.27526382102148, 36.86617176426714], [-76.27565328039941, 36.8662811274898], [-76.27581179914027, 36.866325640603144], [-76.2761125300818, 36.866410086790644], [-76.27624805405317, 36.866448141939294], [-76.27624894416955, 36.86644839224375], [-76.27644282691406, 36.866503191532935], [-76.2767597003766, 36.866592752191366], [-76.27699194425226, 36.866658392623165], [-76.27742194403089, 36.866758391999625], [-76.27815613172855, 36.86698657271103], [-76.27819094477019, 36.866997392272545], [-76.27847944970712, 36.86708730942171], [-76.27908294427343, 36.86727539223285], [-76.27924745563058, 36.867323610383984], [-76.27925694452468, 36.86732639201399], [-76.2801768348835, 36.86759818026955], [-76.28059523161537, 36.86772179605781], [-76.28062094505798, 36.86772939274185], [-76.28145113570675, 36.86797414592452], [-76.28227264389851, 36.8682163315921], [-76.28236247300043, 36.86824281407965], [-76.28247275773299, 36.86827532519102], [-76.28248994543053, 36.86828039262965], [-76.28290191198488, 36.868400412024535], [-76.2830752197832, 36.868450900838], [-76.28320766243928, 36.86848948547634], [-76.28335494546438, 36.868532392618434], [-76.28344641618804, 36.868559041345385], [-76.28348194550944, 36.86856939239792], [-76.28357594591706, 36.868596392513176], [-76.28359150457248, 36.86856177885224], [-76.2836170340662, 36.86850498320256], [-76.28366494572823, 36.868398392910834], [-76.28368960134179, 36.868338866746384], [-76.28373494616565, 36.86822939230434], [-76.2838386556326, 36.86793523473143], [-76.28384494552415, 36.86791739276894], [-76.28390835967939, 36.86772674860489], [-76.28395654515384, 36.867581886860265], [-76.2840029458297, 36.86744239241664], [-76.28408663878695, 36.86722605328428], [-76.2841089461835, 36.867168391842206], [-76.28422050982721, 36.86689266995405], [-76.28424894619425, 36.86682239229867], [-76.28433044579525, 36.8666296652946], [-76.28436232730859, 36.8665542724446], [-76.28440794660034, 36.86644639206308], [-76.28442418693183, 36.866408038775994], [-76.28443423016961, 36.86638432126497], [-76.28468860932229, 36.865783590941994], [-76.28471494664873, 36.86572139220749], [-76.28485326264168, 36.8653888852769], [-76.28501694663365, 36.8649953914976], [-76.28516950040223, 36.86462676276189], [-76.2851767252949, 36.86460930432193], [-76.28532194644883, 36.864258391416136], [-76.28536487884637, 36.86415418900379], [-76.285623946179, 36.86352539113827], [-76.28575831919225, 36.86321055143577], [-76.28607723110791, 36.862461565032625], [-76.28622521026892, 36.8621130322652], [-76.28623694631874, 36.862085391330254], [-76.28627177244016, 36.86200344921644], [-76.2862963593781, 36.861945596019574], [-76.28635723199882, 36.86180236694427], [-76.28637294667693, 36.86176539071789], [-76.2865409467917, 36.86133739102516], [-76.28657031050675, 36.86126098304219], [-76.28681994650026, 36.86061139092961], [-76.28682425271734, 36.86060016984224], [-76.28690430852573, 36.86039153832615], [-76.28701794657493, 36.860095390412624], [-76.28703454990809, 36.860044503851974], [-76.28709494672162, 36.85985939073958], [-76.28716094668312, 36.85963839073027], [-76.28718794678369, 36.85949939052663], [-76.28719394273993, 36.859446588817356], [-76.28721894709048, 36.85922639025191], [-76.28721894616736, 36.85899139070844], [-76.28721494608628, 36.85889239047961], [-76.28719894672622, 36.85872839026351], [-76.28718344408786, 36.85864398457476], [-76.28715415408412, 36.85849800734914], [-76.28710694626601, 36.85831338991606], [-76.28706749989904, 36.85819389092379], [-76.28703894603224, 36.858107390620646], [-76.28698218675169, 36.85810137093466], [-76.2869069464657, 36.858093390467516], [-76.2868559470185, 36.85798238992223], [-76.28693400705632, 36.85799164129737], [-76.28699094688501, 36.8579983900093], [-76.28693594633488, 36.85788439008494], [-76.28672336942348, 36.857504718852255], [-76.28672094615654, 36.85750038989994], [-76.28653394619083, 36.85718239035226], [-76.28612394622883, 36.85651138951493], [-76.28611210755624, 36.85655652400238], [-76.28609194635986, 36.856633390140004], [-76.28591703694364, 36.85635074724517], [-76.28581594607365, 36.856187389827355], [-76.28571994583196, 36.85601038966398], [-76.28581046897413, 36.85602443679372], [-76.2858359465574, 36.856028390043555], [-76.28571194542052, 36.85577439012627], [-76.28570018447935, 36.85574278103876], [-76.28563194645122, 36.85555938979251], [-76.28555813788041, 36.855321468995506], [-76.28554694614208, 36.85528538993107], [-76.28549794564475, 36.85508238972598], [-76.28546594562218, 36.85489638981291], [-76.28544744926539, 36.854747883534635], [-76.28543094635167, 36.85461538974846], [-76.28542694585401, 36.85447238921341], [-76.28544294597455, 36.85417638934654], [-76.28546494607775, 36.85399938918269], [-76.28540211075891, 36.853990294924564], [-76.28538167684007, 36.853987337133475], [-76.28531294537311, 36.85397738892597], [-76.28488794508213, 36.853924389780914], [-76.28426068571457, 36.853857001478296], [-76.28307294548996, 36.8537293891148], [-76.28284145529821, 36.85370484323762], [-76.28253345718637, 36.85367218414943], [-76.28158294505936, 36.853571389136086], [-76.28122194484085, 36.85351838934349], [-76.28105394454614, 36.8534893895334], [-76.28040994401454, 36.853359389694155], [-76.28030794403718, 36.8533313890941], [-76.2802209446033, 36.853457389274006], [-76.28010194381243, 36.853668389201026], [-76.2800771401776, 36.85371851413661], [-76.28000594434394, 36.853862389534044], [-76.27997944947325, 36.853931703240114], [-76.27990694381084, 36.854121389254104], [-76.2798039440227, 36.854462390008], [-76.27975694390332, 36.854637389864486], [-76.27972494431245, 36.854793389418404], [-76.27969950319633, 36.85501459437017], [-76.27969476950317, 36.85505575866477], [-76.27967971607778, 36.85518664197047], [-76.27966594422261, 36.85530638967296], [-76.2796409440254, 36.85544539013998], [-76.27960594376201, 36.8556083897505], [-76.27954294377719, 36.85582739017832], [-76.27944994393832, 36.85607138980004], [-76.27939633243895, 36.85618871494807], [-76.27935549515084, 36.85627808321227], [-76.27931194444407, 36.856373389748434], [-76.27926394414891, 36.8564763900409], [-76.27918483006351, 36.856441847362305], [-76.27912194443235, 36.85641438976631], [-76.279147452425, 36.85636129209346]]]}, "properties": {"OBJECTID": 483, "PERIMETER": 17774.492, "PRECINCTS": 50, "PRECINCTS1": 24, "ELECTION": 54, "ELECTION_I": 43, "PRECNAME": "Young Park", "SUPWARD": 7, "WARD": 4, "ADDRESSNUM": 543, "POLLPLACE": "Young Terrace Community Center", "ADDRESSSTR": "Whitaker Lane", "PRECNUM": 414, "POLLADDRESS": "804 Whitaker Lane", "NAME_1": "Young", "NAME_2": "Park", "created_user": "CSIEMER", "created_date": 1662571027000, "last_edited_user": "CSIEMER", "last_edited_date": 1687295180000, "Shape__Area": 18305627.215519015, "Shape__Length": 18183.280509904387, "NORFOLKGIS.Precincts.AREA": null}}, {"type": "Feature", "id": 484, "geometry": {"type": "Polygon", "coordinates": [[[-76.27016085581351, 36.85753991501904], [-76.27014406933283, 36.85757266397606], [-76.27014052212701, 36.857579584049894], [-76.27012618215544, 36.857607559828104], [-76.27011294168226, 36.85763339048768], [-76.27007238689106, 36.85769573264392], [-76.27005568848496, 36.85772140120196], [-76.27004552068593, 36.85773703170431], [-76.2699891883375, 36.85782362759545], [-76.26994691815247, 36.857888606099], [-76.26992494125992, 36.85792239040481], [-76.26988334856864, 36.857996216072856], [-76.26983605627765, 36.85808015684225], [-76.26977143557887, 36.858194854102386], [-76.26976928403802, 36.85819867291416], [-76.2696935432749, 36.85833310629973], [-76.26964935123613, 36.85841154441952], [-76.26959818611375, 36.85850235751691], [-76.2695739413819, 36.85854539091789], [-76.26955878782279, 36.858584236123306], [-76.26954054319785, 36.85863100245429], [-76.26948711573125, 36.85876795331621], [-76.26945975892394, 36.858838077751436], [-76.26945404252021, 36.85885273002475], [-76.26943331434993, 36.85890586422596], [-76.26943085040728, 36.85891218020294], [-76.26942701922519, 36.85892200088027], [-76.26941230841226, 36.85895970793521], [-76.26939254833196, 36.85901035921404], [-76.26938460935573, 36.85903070919809], [-76.26936757524432, 36.85907437254464], [-76.2693584546044, 36.85909775212394], [-76.269351265353, 36.859116180202115], [-76.26934715027542, 36.85912672829923], [-76.26934494108818, 36.85913239111287], [-76.26934406235542, 36.85913511368711], [-76.26933748219103, 36.85915548676946], [-76.2693338193999, 36.85916682764709], [-76.26933111915304, 36.85917518975049], [-76.26932191646213, 36.85920368484429], [-76.26931559414784, 36.859223261504894], [-76.26931464389844, 36.85922620355634], [-76.26930855732874, 36.859245049176074], [-76.26930032957188, 36.859270525168114], [-76.26929912012591, 36.8592742708255], [-76.26929896709463, 36.859274744743786], [-76.26928722334277, 36.85931110830656], [-76.26928513278388, 36.85931758099935], [-76.26928194883726, 36.85932743830147], [-76.26927563882607, 36.859346977336436], [-76.26927245490354, 36.859356833737436], [-76.26925269310608, 36.85941802467844], [-76.26924903026317, 36.859429366454265], [-76.26923019283574, 36.85948769326871], [-76.2692271667889, 36.859497063223394], [-76.26921725562197, 36.85952775230934], [-76.26921711251227, 36.85952819396664], [-76.26920447641479, 36.859567320399016], [-76.26919096780196, 36.85960914788881], [-76.26918706804221, 36.85962122158244], [-76.26916702714301, 36.8596832779337], [-76.26916208201943, 36.85969859022399], [-76.26916074179981, 36.85970273901286], [-76.26915069365707, 36.859733850037685], [-76.26914070101652, 36.85976478995434], [-76.26913658893628, 36.85977752212074], [-76.2691169466098, 36.85983834304604], [-76.26911399090307, 36.85984749440006], [-76.2691062788278, 36.85987137483561], [-76.26908913314382, 36.85992446345384], [-76.26908583439068, 36.85993467551341], [-76.2690695229902, 36.85998517952333], [-76.26906217620046, 36.86000792846455], [-76.26905786168423, 36.860021287742505], [-76.26904394072743, 36.86006439093687], [-76.26904393907431, 36.8600645234068], [-76.2690425069728, 36.86021064337975], [-76.26904229896445, 36.86023190093619], [-76.26904178480981, 36.86028427336638], [-76.26903943727508, 36.860523749734696], [-76.26903750591498, 36.86072074344194], [-76.26903654853582, 36.86081838595471], [-76.26903557533986, 36.86091771012263], [-76.26903486482746, 36.86099021902604], [-76.26903483141511, 36.86099360483723], [-76.26903474055283, 36.86100279527902], [-76.2690346995961, 36.86100697144802], [-76.26903463450397, 36.86101360789773], [-76.26903460126687, 36.86101706401902], [-76.2690345428609, 36.86102301555475], [-76.2690344639011, 36.86103107680649], [-76.26903445465057, 36.86103200143603], [-76.26903427071198, 36.86105076265559], [-76.26903422457347, 36.861055420057546], [-76.26903419643041, 36.86105835979074], [-76.26903418156392, 36.86105985668336], [-76.26903414051951, 36.86106399769729], [-76.26903409563452, 36.86106865061621], [-76.26903395285646, 36.86108319060215], [-76.2690339411027, 36.86108439100326], [-76.26903887942359, 36.86110802045961], [-76.26904068189151, 36.86111664474654], [-76.26905876826693, 36.86120319344859], [-76.26906230427362, 36.86122011621935], [-76.26906325814977, 36.86122467904181], [-76.26907722241519, 36.86129150319715], [-76.2690845139031, 36.861326392184715], [-76.26910154030887, 36.861407869471094], [-76.26910452871633, 36.8614221678681], [-76.26910968635292, 36.861446847074596], [-76.26911857089121, 36.861489358551324], [-76.2691208442545, 36.86150024159861], [-76.26912159655507, 36.861503839732], [-76.26912682602824, 36.86152886101955], [-76.2691276933367, 36.86153301117268], [-76.26912995791092, 36.861543849885614], [-76.26913625721767, 36.86157399234166], [-76.269136893444, 36.86157703663227], [-76.26914376012343, 36.86160989487357], [-76.26914420358537, 36.86161201790888], [-76.26914689003549, 36.86162487468789], [-76.26915036026702, 36.861641479825245], [-76.26915218926794, 36.86165023260832], [-76.26915664190057, 36.86167153721546], [-76.26915913954404, 36.86168349084145], [-76.26916217711347, 36.86169802542763], [-76.26916495126675, 36.861711294896274], [-76.26916578996185, 36.86171531200424], [-76.2691689416326, 36.86173039138165], [-76.26917425747048, 36.86174633751484], [-76.26917820742999, 36.86175818892504], [-76.269188129865, 36.861787955811494], [-76.26918941630936, 36.86179181466938], [-76.26919888306753, 36.86182021724087], [-76.26920187243323, 36.86182918315032], [-76.26920860139494, 36.86184937272588], [-76.26921183190869, 36.86185906431046], [-76.26921663026916, 36.86187345927176], [-76.2692166395114, 36.86187348829107], [-76.26922014736547, 36.8618840098956], [-76.26922267998154, 36.86189160966759], [-76.26922977494611, 36.86191289504702], [-76.26923530414959, 36.86192948249723], [-76.26924301763842, 36.86195262202158], [-76.26924557712961, 36.86196029982112], [-76.26925505012669, 36.861988720533134], [-76.26925697667858, 36.86199450064707], [-76.2692658045338, 36.862020981076675], [-76.26926633634926, 36.862022579389446], [-76.26926691365237, 36.86202430926473], [-76.26927903377545, 36.862060670834786], [-76.26929183220894, 36.862099066155466], [-76.2693003910286, 36.8621247401552], [-76.26932030816539, 36.86218449340633], [-76.26933007199447, 36.8622137831461], [-76.26933715876565, 36.862235044025226], [-76.26934306317406, 36.862252758996966], [-76.26935805738012, 36.86229773814722], [-76.26936232181377, 36.86231053204488], [-76.26936413290994, 36.86231596654248], [-76.2693649410558, 36.86231839124991], [-76.26936537764298, 36.862319184633556], [-76.2693715957703, 36.86233046707842], [-76.26937173313684, 36.8623307166623], [-76.26937231245795, 36.86233176784401], [-76.26937497369295, 36.86233659744185], [-76.2693800501647, 36.86234581029474], [-76.26939901633922, 36.862380232310755], [-76.26940522587844, 36.862391501971445], [-76.26941897189705, 36.862416447907904], [-76.26942135303713, 36.862420770122846], [-76.26942357234915, 36.86242479722104], [-76.26942371081066, 36.86242504772696], [-76.26942709298785, 36.862431186281746], [-76.26944465247546, 36.86246305413731], [-76.2694576956889, 36.86248672390425], [-76.26946045170847, 36.86249172565859], [-76.26947219672748, 36.86251304163342], [-76.26947275904053, 36.86251406094365], [-76.26947962034778, 36.86252651295396], [-76.26948803005612, 36.862541775091216], [-76.26949652703814, 36.862557197525945], [-76.26951215059547, 36.86258555022437], [-76.26952517037822, 36.862609178976435], [-76.26953816674924, 36.86263276491797], [-76.26955137719102, 36.86265673890621], [-76.26955319819378, 36.862660044553785], [-76.26956412541412, 36.86267987575744], [-76.26956872170504, 36.86268821507017], [-76.26956886225081, 36.862688471023716], [-76.26957395046641, 36.862697705723164], [-76.2695932959935, 36.86273281363872], [-76.26959953328293, 36.86274413339018], [-76.269601746205, 36.86274814954684], [-76.26960790576007, 36.862759328109526], [-76.2696082518771, 36.862759955725146], [-76.26961034129158, 36.862763746898196], [-76.26961320810148, 36.86276894905352], [-76.26963320960904, 36.86280524931002], [-76.26964672894907, 36.86282978349367], [-76.26965116222758, 36.86283783036808], [-76.26965916732382, 36.8628523583053], [-76.26966194150215, 36.86285739194716], [-76.26967530237167, 36.862879381256356], [-76.26968844168978, 36.862901008513674], [-76.26969451067168, 36.8629109955439], [-76.26969665489183, 36.86291452545734], [-76.26970842790388, 36.862933902190306], [-76.26972020201659, 36.86295327984423], [-76.26972909785555, 36.86296792113502], [-76.26975339183547, 36.863007905642235], [-76.26976125088967, 36.86302083988186], [-76.26980459496868, 36.86309217695279], [-76.26982914370184, 36.86313258000804], [-76.26983640459115, 36.863144532110674], [-76.26984569854808, 36.863159827232145], [-76.2698529124168, 36.86317170002182], [-76.26988412938728, 36.86322307764556], [-76.26992824084678, 36.86329567853316], [-76.26993588488754, 36.86330825894655], [-76.26994806141094, 36.863328299510584], [-76.26994977876569, 36.86333112545787], [-76.26996589714284, 36.86335765409799], [-76.26996945485381, 36.863363510233796], [-76.26997089294048, 36.86336587658878], [-76.27000308377754, 36.863418856372114], [-76.27001108840045, 36.863432031318375], [-76.27001573008604, 36.86343966930679], [-76.27002618822289, 36.86345688209335], [-76.27003392856436, 36.86346962206753], [-76.27005762365394, 36.86350862075579], [-76.2700650216597, 36.86352079537994], [-76.27006701292669, 36.863524072703065], [-76.27006734034494, 36.863524611627966], [-76.27006927919203, 36.86352780232579], [-76.27007257049267, 36.86353321984203], [-76.2700919471191, 36.8635651103683], [-76.27009406894446, 36.86356860199114], [-76.2700955273343, 36.86357100298192], [-76.27010487061135, 36.86358637923899], [-76.27010641357334, 36.8635889179418], [-76.27010782915734, 36.86359124871439], [-76.27012257593483, 36.86361551860143], [-76.27012300074361, 36.86361621711453], [-76.27013068015185, 36.86362885587307], [-76.27013505644966, 36.863636058865204], [-76.27014194189499, 36.86364739179012], [-76.27014951303467, 36.86365734150996], [-76.27015865778533, 36.8636693599984], [-76.27015978314617, 36.86367084067787], [-76.27016887607112, 36.86368279057895], [-76.27018412629728, 36.86370283447986], [-76.27019043809514, 36.86371112971411], [-76.27019576704184, 36.8637181335575], [-76.27019719595374, 36.86372001119306], [-76.27020030971802, 36.86372410392788], [-76.27020290612856, 36.86372751712452], [-76.27020784843027, 36.863734012466495], [-76.27020861849388, 36.86373502490002], [-76.27021166964263, 36.863739034421286], [-76.27021194181772, 36.863739392023206], [-76.27021969562983, 36.86372370845926], [-76.27022058543467, 36.86372190728786], [-76.27022342641297, 36.86371616270728], [-76.27022398344465, 36.86371503485156], [-76.27022481353636, 36.863713356935655], [-76.27024917948356, 36.863664069275856], [-76.27026163849314, 36.86363886913088], [-76.27028177619862, 36.86359813542134], [-76.27028593872971, 36.863589716323794], [-76.27029994115901, 36.86356139158083], [-76.27030598590424, 36.86354927563986], [-76.27031746021883, 36.86352627957522], [-76.27033329979062, 36.86349453114654], [-76.2703417249472, 36.86347764527261], [-76.27036690159176, 36.86342718136905], [-76.27043785020696, 36.86328497866485], [-76.2705803676449, 36.862999329305865], [-76.27059986165328, 36.86296025627218], [-76.27066243086355, 36.8628348464636], [-76.27076194207002, 36.86263539167195], [-76.27093894205318, 36.862261391528456], [-76.271175086761, 36.861718721607375], [-76.27129794213823, 36.86143639130414], [-76.27145279343652, 36.86107800649321], [-76.27164171668433, 36.86064075902376], [-76.27178509958843, 36.86030890799511], [-76.27194945559762, 36.8599285130121], [-76.27200219412245, 36.859806451268504], [-76.27206511094089, 36.85966082968749], [-76.27218110002073, 36.85939237290919], [-76.27219392732083, 36.85936268444139], [-76.27222764202143, 36.859284650606035], [-76.27229837728838, 36.859120931692864], [-76.27232194236716, 36.859066390609286], [-76.27238279480822, 36.85892616498213], [-76.2723883893646, 36.85891327424504], [-76.27240444881058, 36.85887626844907], [-76.27242658768061, 36.85882525349545], [-76.2725726379579, 36.858488700196276], [-76.2725726487619, 36.85848867606422], [-76.27257773915488, 36.85847694663666], [-76.27258830383121, 36.858452600001556], [-76.27258849147138, 36.85845216910006], [-76.27259788548726, 36.85843052059564], [-76.27259794201406, 36.85843039096907], [-76.27261587929638, 36.858436764882605], [-76.27264421392593, 36.8584468341712], [-76.27264449034949, 36.858446932254], [-76.27268942124624, 36.85846289932378], [-76.27269270274687, 36.858464065726416], [-76.27269535814978, 36.858465009336214], [-76.27269573449172, 36.85846514266424], [-76.27270514272273, 36.85846848667529], [-76.27271855406731, 36.8584732523378], [-76.27271894260893, 36.85847339040396], [-76.27273108681663, 36.85844575126291], [-76.27278218802459, 36.85832944314777], [-76.27281758563782, 36.85824887758024], [-76.27301427504757, 36.85780120237111], [-76.27304153813655, 36.85773914895978], [-76.27309623837338, 36.857614648818334], [-76.27310294203207, 36.857599390451746], [-76.27318135386413, 36.85744014678627], [-76.27342694189066, 36.85694139083817], [-76.2735999420845, 36.856598390522976], [-76.27373894243185, 36.85631739066577], [-76.27375045123118, 36.85629188554722], [-76.27390345656846, 36.8559527990682], [-76.27400002366417, 36.85573878482856], [-76.27420403829612, 36.85528664520971], [-76.27423166084859, 36.8552254267253], [-76.27443404000401, 36.854776904502934], [-76.27444714151898, 36.85474786729588], [-76.27447615885939, 36.854683557356616], [-76.27447894204394, 36.8546773897493], [-76.27456957578269, 36.85447254947105], [-76.27458148429913, 36.85444563490343], [-76.27460132979836, 36.85440078205724], [-76.27460156049615, 36.854400259127814], [-76.27464231096853, 36.85430815873432], [-76.2746424334793, 36.8543078825327], [-76.27464290317012, 36.854306821507556], [-76.27464392067759, 36.8543045215652], [-76.27465188407824, 36.854286523393576], [-76.27465194294616, 36.85428639020503], [-76.27468156979914, 36.85429725327943], [-76.27468194265514, 36.85429739014083], [-76.27474542615741, 36.85432943685161], [-76.27480465108255, 36.854359334205185], [-76.2748575881684, 36.85438605676521], [-76.27488994285784, 36.85440238959042], [-76.27503094304286, 36.854476389621816], [-76.27507110217836, 36.854493908616526], [-76.2754136227639, 36.854643331968155], [-76.27545414752221, 36.85466101098615], [-76.27551910991, 36.85468935000673], [-76.27560525838948, 36.85472693175059], [-76.27586514077038, 36.85484030231246], [-76.27592494258903, 36.85486639001117], [-76.27597236979217, 36.85489096882478], [-76.27600474992391, 36.854907749795906], [-76.27633594356426, 36.855079390058485], [-76.27665480191352, 36.855217996877954], [-76.27686782223415, 36.85531059569513], [-76.27719692621304, 36.855453654796904], [-76.27731594341226, 36.855505390425044], [-76.27746683894547, 36.85557153540683], [-76.27748788905957, 36.85558076262634], [-76.27749024569566, 36.85558179511874], [-76.27749095885345, 36.8555821087689], [-76.27749125345939, 36.85558223692959], [-76.27750017271987, 36.85558614728106], [-76.27751679864825, 36.855593434862854], [-76.27775150981711, 36.85569631966114], [-76.27805252415367, 36.855828266387554], [-76.27806955328577, 36.855835730973816], [-76.27835394373085, 36.855960390346155], [-76.27855038416317, 36.85604598517761], [-76.27860171052721, 36.85606834897426], [-76.27863197605201, 36.85608153691774], [-76.27864153074442, 36.85608569986312], [-76.27879312995415, 36.85615175545219], [-76.27885456713611, 36.85617852513718], [-76.27895294401678, 36.85622139047725], [-76.27900448059862, 36.85624290357226], [-76.27903482767829, 36.85625557105965], [-76.27917094415757, 36.85631239001522], [-76.27915838543586, 36.85633853377661], [-76.27915271171521, 36.85635034347624], [-76.27914774152386, 36.85636068913679], [-76.279147452425, 36.85636129209346], [-76.27912194443235, 36.85641438976631], [-76.27918483006351, 36.856441847362305], [-76.27926357091782, 36.8564762270476], [-76.27926394414891, 36.8564763900409], [-76.27927522818618, 36.85645217723384], [-76.27931194444407, 36.856373389748434], [-76.27931858272595, 36.85635886172688], [-76.2793319335348, 36.856329644840294], [-76.27933294143149, 36.85632743932146], [-76.27935549515084, 36.85627808321227], [-76.27939633243895, 36.85618871494807], [-76.27944994393832, 36.85607138980004], [-76.27945650613651, 36.85605417155438], [-76.27954294377719, 36.85582739017832], [-76.2795738038786, 36.85572011326191], [-76.27960594376201, 36.8556083897505], [-76.2796409440254, 36.85544539013998], [-76.27964148803788, 36.85544236281623], [-76.27966594422261, 36.85530638967296], [-76.27967971607778, 36.85518664197047], [-76.27969476950317, 36.85505575866477], [-76.27969950319633, 36.85501459437017], [-76.27972494431245, 36.854793389418404], [-76.27973018561329, 36.85476783648544], [-76.27973691568171, 36.85473502954875], [-76.27975126564897, 36.85466507258167], [-76.27975694390332, 36.854637389864486], [-76.2798039440227, 36.854462390008], [-76.27987123034777, 36.854239627064246], [-76.2798989180455, 36.85414796128616], [-76.27990694381084, 36.854121389254104], [-76.27997944947325, 36.853931703240114], [-76.28000594434394, 36.853862389534044], [-76.28004459712918, 36.85378427933016], [-76.2800703939056, 36.85373214599704], [-76.2800771401776, 36.85371851413661], [-76.28009738625893, 36.85367759976185], [-76.28010194381243, 36.853668389201026], [-76.2802209446033, 36.853457389274006], [-76.28029810187289, 36.85334564389056], [-76.28030127721384, 36.85334104383308], [-76.28030682312335, 36.85333301290514], [-76.28030787844007, 36.85333148430066], [-76.28030794403718, 36.8533313890941], [-76.2803119040879, 36.85333247617043], [-76.28031205095331, 36.853332516803476], [-76.28031392026911, 36.85333302985619], [-76.2803140204214, 36.853333056987225], [-76.28031930455572, 36.85333450800107], [-76.28032447188102, 36.853335926160725], [-76.28033981693002, 36.85334013891358], [-76.28034928923591, 36.85334273900002], [-76.28036843079127, 36.85334799336894], [-76.28037967114254, 36.85335107935256], [-76.2803949739158, 36.85335528048279], [-76.28040058186681, 36.85335681963693], [-76.28040629995398, 36.85335838971594], [-76.28040994401454, 36.853359389694155], [-76.28043293277788, 36.85336402991562], [-76.2804416367652, 36.853365787118385], [-76.28050593548294, 36.853378766852515], [-76.28071422043237, 36.85342081249227], [-76.28105394454614, 36.8534893895334], [-76.28122194484085, 36.85351838934349], [-76.28158294505936, 36.853571389136086], [-76.2816745760519, 36.853581105944436], [-76.28247709619222, 36.853666207594074], [-76.28253345718637, 36.85367218414943], [-76.28284145529821, 36.85370484323762], [-76.28307294548996, 36.8537293891148], [-76.28319203744688, 36.85374218474797], [-76.28397701037115, 36.85382652395545], [-76.28426068571457, 36.853857001478296], [-76.28487547241608, 36.853923049472805], [-76.28488794508213, 36.853924389780914], [-76.28490898542077, 36.85392701387227], [-76.28493428703683, 36.853930169008294], [-76.2849965587524, 36.85393793419101], [-76.28501882170087, 36.85394071111636], [-76.28504978267927, 36.85394457146267], [-76.28514537231486, 36.85395649193142], [-76.28515676362814, 36.85395791277207], [-76.28519208087074, 36.85396231672842], [-76.285198588447, 36.85396312808687], [-76.28521552399592, 36.85396524025958], [-76.28522849331944, 36.853966857602536], [-76.2852297539319, 36.85396701477595], [-76.28524820713963, 36.853969316005475], [-76.28525706831601, 36.85397042051895], [-76.28526637089968, 36.8539715811276], [-76.28527776670154, 36.853973002040995], [-76.28528891103812, 36.853974392071976], [-76.28529968435524, 36.85397573544569], [-76.28530238214893, 36.85397607204918], [-76.28530368859182, 36.85397623459285], [-76.28530383945551, 36.85397625366216], [-76.28530525205298, 36.85397642992526], [-76.2853057907254, 36.85397649686869], [-76.28530586113898, 36.85397650540731], [-76.28530984861302, 36.853977002435514], [-76.28531250727646, 36.85397733469546], [-76.28531294537311, 36.85397738892597], [-76.28531524053071, 36.853962051293294], [-76.28532185881363, 36.85391781355503], [-76.28532192425854, 36.85391737762653], [-76.28532200942206, 36.85391680416082], [-76.2853287210596, 36.85387194263457], [-76.28533027769416, 36.85386153867436], [-76.28533194025242, 36.8538504264351], [-76.28533194581489, 36.85385038958392], [-76.28537840820361, 36.85385515506775], [-76.28541041233174, 36.853858437382925], [-76.28541746982323, 36.85385916084933], [-76.28542289572694, 36.85385971744501], [-76.2854265167329, 36.853860088579076], [-76.2854348278041, 36.85386094114086], [-76.28543663942814, 36.85386112672891], [-76.2854488600172, 36.853862380200184], [-76.28545507877406, 36.85386301844472], [-76.28546173591651, 36.853863701009374], [-76.28546679502254, 36.853864220040606], [-76.2854709114283, 36.85386464197684], [-76.2854739654482, 36.853864955547955], [-76.28547487126032, 36.85386504834166], [-76.28547632278593, 36.85386519739441], [-76.28547692666069, 36.85386525925689], [-76.28547823506476, 36.85386539299193], [-76.28547931754996, 36.85386550443993], [-76.28547979394473, 36.85386555308235], [-76.28548166036714, 36.85386574420969], [-76.28548360168718, 36.85386594396018], [-76.28548705720439, 36.85386629755031], [-76.28548750674744, 36.853866343883666], [-76.28548794622768, 36.853866389125955], [-76.28549166181617, 36.853842083540854], [-76.28549277949969, 36.85383476569223], [-76.28550443121762, 36.85375853692319], [-76.2855058273244, 36.853749404466086], [-76.28550630145001, 36.8537463036927], [-76.28550708625458, 36.853741167183024], [-76.28551836644726, 36.8536673668991], [-76.28552077470123, 36.85365161135919], [-76.28554694535296, 36.85348038915619], [-76.28555000258996, 36.85344209637822], [-76.28555322194873, 36.85340178489288], [-76.28555639713043, 36.85336202601336], [-76.28556794617627, 36.8532173888343], [-76.28556872933746, 36.85318795056414], [-76.2855695021521, 36.85315890509443], [-76.28557376777906, 36.852998655038554], [-76.28557432745903, 36.85297760156834], [-76.28557494566985, 36.85295438952868], [-76.28557297176744, 36.85290428593651], [-76.28557240151098, 36.85288981817515], [-76.2855669461189, 36.85275138898326], [-76.28556038566661, 36.8526762842556], [-76.28553794525031, 36.85241938916486], [-76.28552394582586, 36.85233538920559], [-76.28551222568005, 36.852274051099194], [-76.28547926876709, 36.85210158065079], [-76.28546394582064, 36.85202138923619], [-76.2854348730213, 36.8519066280576], [-76.2854197623398, 36.85184698277053], [-76.2854069457855, 36.85179638899151], [-76.28538573403502, 36.85172812516985], [-76.28535194532712, 36.85161938900809], [-76.28530294546914, 36.85147938875153], [-76.28528408688095, 36.851430682054676], [-76.28527416117696, 36.851405045713676], [-76.28524168906583, 36.85132117869555], [-76.2852023336484, 36.85121953221289], [-76.28514416786265, 36.85106930428986], [-76.2850414837159, 36.85080409495719], [-76.28503395275028, 36.85078464296075], [-76.2850189325127, 36.85074584791638], [-76.28501358016247, 36.85073202547626], [-76.28500155937654, 36.850700978355164], [-76.28496529062096, 36.850607302186006], [-76.2849322789405, 36.85052204039392], [-76.28484994568291, 36.850309388468354], [-76.28483666531126, 36.85027554406675], [-76.2848098666512, 36.85020724685541], [-76.28477332650473, 36.85011412344437], [-76.28467177681098, 36.84985532041303], [-76.28464394502936, 36.84978438880689], [-76.28457694545628, 36.849592388661826], [-76.28453294515899, 36.84942238842214], [-76.28450094498533, 36.849245388282704], [-76.28449594005286, 36.84917974110208], [-76.28449582902941, 36.849178281498396], [-76.2844949970484, 36.84916736828495], [-76.28448561372241, 36.84904426834497], [-76.28448394571414, 36.84902238866083], [-76.28448396726381, 36.84902184283937], [-76.2844842898083, 36.84901364108238], [-76.28448830488513, 36.848911653314715], [-76.28448966759609, 36.84887705393607], [-76.28448981320155, 36.84887333584272], [-76.28449394498861, 36.84876838838697], [-76.28449424752806, 36.84876640117328], [-76.28449750612651, 36.84874499570495], [-76.28451342091947, 36.84864047153307], [-76.28451751068333, 36.8486136095489], [-76.28452856852846, 36.84854097783459], [-76.28453371714926, 36.848507161052055], [-76.2845379456452, 36.84847938860042], [-76.28453866807816, 36.84847658005064], [-76.28455519371637, 36.848412387315385], [-76.2845553682961, 36.84841170917578], [-76.28456194553883, 36.84838615602715], [-76.28456394558343, 36.848378387923844], [-76.28452777977218, 36.848361578441114], [-76.28451246761469, 36.848354461737216], [-76.28449774080302, 36.84834761746988], [-76.28449039679084, 36.848344203362934], [-76.28448772561774, 36.84834296226738], [-76.28442194471677, 36.848312388151385], [-76.28442373136181, 36.84830689648119], [-76.28443418977677, 36.84827475726365], [-76.28444270020094, 36.84824860332489], [-76.28444749449507, 36.84823386899738], [-76.28446289740312, 36.84818653678406], [-76.28446294548709, 36.84818638806436], [-76.28447156992686, 36.8481898146106], [-76.28448299713632, 36.848194354036444], [-76.284509990263, 36.84820507753408], [-76.28452481558269, 36.84821096730911], [-76.28452950976923, 36.84821283155347], [-76.28453332252502, 36.84821434656587], [-76.28453594567804, 36.84821538845407], [-76.28453947044434, 36.84821685657073], [-76.2845882174987, 36.84823716813072], [-76.28459634072009, 36.84824055276354], [-76.28460066658157, 36.84824235597499], [-76.28460237300358, 36.84824306689325], [-76.28460756540915, 36.848245229871225], [-76.28460794546837, 36.84824538847003], [-76.28460968368734, 36.84824136240679], [-76.28461061469488, 36.84823920767618], [-76.2846164006522, 36.848225808944925], [-76.28462116057491, 36.84821478488761], [-76.28467980437702, 36.848078978973284], [-76.28468444280652, 36.84806823565106], [-76.2847093391522, 36.848010581566385], [-76.28472194549929, 36.84798138794573], [-76.28474200456375, 36.8479453943814], [-76.2847549480013, 36.847922169653856], [-76.28475980773824, 36.84791344866246], [-76.28476491010218, 36.8479042923807], [-76.28478319731333, 36.8478714787593], [-76.28481998004635, 36.8478054759628], [-76.28482894552617, 36.84778938802716], [-76.28487726161246, 36.84771525970854], [-76.28490194564023, 36.847677388374635], [-76.28509014676263, 36.847435285003996], [-76.28510794566024, 36.847412387971644], [-76.2851807150941, 36.84732362733889], [-76.2852471520362, 36.84724259273449], [-76.28532651040487, 36.84714579440402], [-76.28534037039532, 36.847128888352565], [-76.28535764246631, 36.84710782013727], [-76.28537566690109, 36.847085835897346], [-76.28537893361111, 36.847081851266346], [-76.28538449016746, 36.84707507321648], [-76.28539779538924, 36.84705884443963], [-76.28540522772475, 36.84704977984159], [-76.28542194504357, 36.84702938799744], [-76.28540288101703, 36.84702217451739], [-76.28538879541878, 36.84701684502706], [-76.28535948944874, 36.84700575632333], [-76.28535504570337, 36.847004074402946], [-76.28535007280604, 36.84700219321695], [-76.28533615695268, 36.84699692731271], [-76.285296964038, 36.84698209715906], [-76.28529424519252, 36.846981068805874], [-76.28527394546066, 36.846973387627834], [-76.28530424638268, 36.84693883370985], [-76.28530924196153, 36.84693313844177], [-76.2853125275585, 36.84692939032679], [-76.28533650210677, 36.84690205151471], [-76.2853402865254, 36.84689773593128], [-76.28536672404088, 36.84686758893282], [-76.2853734923794, 36.846859870174505], [-76.28538786203359, 36.84684348300137], [-76.28538794555323, 36.846843388130175], [-76.28543137002677, 36.84685579495526], [-76.28544458911225, 36.84685957217343], [-76.28546414247411, 36.846865158895206], [-76.28546942566788, 36.846866668255224], [-76.28548896013567, 36.84687224920834], [-76.28550630011709, 36.84687720379158], [-76.28553457801102, 36.84688528234103], [-76.28553494504511, 36.84688538751076], [-76.28553950143277, 36.84687971459834], [-76.28554887718342, 36.84686804293018], [-76.28555674583632, 36.84685824562751], [-76.28555974970105, 36.846854504812725], [-76.28558806902879, 36.846819248251954], [-76.28565661126584, 36.846733912149716], [-76.2856647370523, 36.84672379609821], [-76.28572194117919, 36.846652576097554], [-76.28591617275204, 36.846410754656276], [-76.28593525228744, 36.84638700011539], [-76.28594826603644, 36.846370797333286], [-76.28603694600052, 36.846260387900095], [-76.28607279089903, 36.84621607916914], [-76.28628719031452, 36.845951056717986], [-76.28629868900678, 36.84593684349943], [-76.28630368268567, 36.845930670431905], [-76.28632494533524, 36.84590438718906], [-76.28632948613495, 36.8458989753504], [-76.28633521202119, 36.84589215357944], [-76.2863507759395, 36.84587360569878], [-76.28638904597551, 36.845828001357894], [-76.28641736651215, 36.845794252619164], [-76.28645634174498, 36.845747807956485], [-76.28647302333484, 36.845727929078315], [-76.28655266543721, 36.8456330209825], [-76.2865649456336, 36.84561838801092], [-76.28652772843598, 36.84559663064215], [-76.2865225744482, 36.845593616679885], [-76.28647551131056, 36.84556610237486], [-76.28647222306746, 36.84556417997744], [-76.2864349452729, 36.84554238718423], [-76.28652526365035, 36.84543557499988], [-76.28664878223654, 36.845289498532935], [-76.28670559529864, 36.84522231064128], [-76.28685714788182, 36.84504307916964], [-76.28688394546867, 36.84501138738769], [-76.28698107553011, 36.844896929864056], [-76.28705795939733, 36.84480633028384], [-76.2870674052245, 36.8447951997421], [-76.28707298122475, 36.84478862839732], [-76.28719877448802, 36.844640393118496], [-76.28719996960129, 36.844638984268535], [-76.28722343018276, 36.84461133886335], [-76.28722821289986, 36.8446057026039], [-76.28723170178725, 36.84460159141343], [-76.28723416629633, 36.84459868768007], [-76.28730994623129, 36.84450938764631], [-76.2874550884208, 36.84435105091585], [-76.2874622678676, 36.844343218106275], [-76.28748036702622, 36.84432347306543], [-76.28748071101357, 36.84432309916988], [-76.28750794602374, 36.84429338768424], [-76.28751730980936, 36.84427799030066], [-76.28752183449733, 36.84427054824016], [-76.28754388869211, 36.844234282658824], [-76.28755292032396, 36.84421942974945], [-76.28755294624433, 36.84421938697219], [-76.2875691398211, 36.844184687515124], [-76.28756951544719, 36.844183882461245], [-76.28757265202755, 36.84417716057868], [-76.28759175842548, 36.84413621995542], [-76.28759427540143, 36.84413082402612], [-76.28759494645722, 36.84412938727231], [-76.28760194577654, 36.84410638738683], [-76.28760478108263, 36.84409026849891], [-76.28760628276682, 36.84408173111144], [-76.28761148804804, 36.844052143597736], [-76.28761380840753, 36.84403895346055], [-76.28761409465407, 36.844037329184054], [-76.2876147708992, 36.84403348407887], [-76.28761501546276, 36.844032096977635], [-76.2876209454513, 36.8439983867494], [-76.2876097385114, 36.843995654501214], [-76.28755937293711, 36.84398337728318], [-76.28752233457283, 36.84397434816786], [-76.2874286301152, 36.843951506115786], [-76.28706741173438, 36.84386345084785], [-76.28670404722514, 36.8437748717746], [-76.28632372963494, 36.8436821583148], [-76.28628146229497, 36.84367185395287], [-76.28593631740286, 36.843587713528144], [-76.28579765969455, 36.843553910196654], [-76.28578300974179, 36.843550339482654], [-76.28568745563454, 36.84352704381441], [-76.28567655616685, 36.84352438658186], [-76.28566990155004, 36.84352276483644], [-76.28565194549243, 36.84351838723826], [-76.28565468342182, 36.84351299461316], [-76.28565690134683, 36.843508626951134], [-76.28566233902224, 36.84349792030093], [-76.28566516136972, 36.843492363415976], [-76.28566805394975, 36.8434866672422], [-76.28567076923942, 36.84348132015955], [-76.2856870110271, 36.84344933496943], [-76.2856945191083, 36.84343454991639], [-76.285695431767, 36.843432751773754], [-76.28571629967307, 36.84339165897254], [-76.28571694577039, 36.84339038670829], [-76.28572064908622, 36.84338142755166], [-76.28573391788642, 36.84334932410472], [-76.28573782505929, 36.84333987394142], [-76.28574794559968, 36.84331538716549], [-76.28575881227137, 36.84329715100909], [-76.28577534644728, 36.84326940053083], [-76.28578140772693, 36.84325922842602], [-76.28578253623677, 36.843257335202416], [-76.28578266714662, 36.84325711503324], [-76.28580788280452, 36.84321479631165], [-76.28582749944619, 36.843181873318265], [-76.28586294488775, 36.84312238715263], [-76.28589394515984, 36.84306338683165], [-76.28592019832931, 36.84301241290258], [-76.28593352284184, 36.84298654162969], [-76.28594271619657, 36.842968689439545], [-76.28597032818037, 36.84291507577962], [-76.28597746236139, 36.84290122468729], [-76.28601394535725, 36.842830387309505], [-76.28606756240168, 36.84270673831835], [-76.28610436022457, 36.842621878891805], [-76.28611194490297, 36.842604386654145], [-76.28612532287809, 36.842567148341814], [-76.2861338000606, 36.842543551751966], [-76.28618170185578, 36.842410214352164], [-76.2861954325783, 36.84237199208165], [-76.28623064713645, 36.84227397077291], [-76.28623382197078, 36.842265132337666], [-76.28624594504899, 36.84223138658593], [-76.28625067865124, 36.84221563250997], [-76.28625435531205, 36.84220339366672], [-76.28627717744907, 36.84212743762767], [-76.28630094239645, 36.84204834006997], [-76.28630597655614, 36.84203158573351], [-76.28631095992226, 36.84201499629071], [-76.286311132543, 36.8420144226705], [-76.28631130772087, 36.84201383828214], [-76.28631294598908, 36.84200838705673], [-76.28630554860723, 36.842006973980844], [-76.28627396386449, 36.84200094244289], [-76.2862205549739, 36.84199074348923], [-76.2861814513006, 36.84198327582154], [-76.286174832352, 36.84198201171568], [-76.28602494524898, 36.841953387071975], [-76.28594194568427, 36.84193738686328], [-76.28548285833834, 36.84185028090101], [-76.28535974300183, 36.84182692126794], [-76.28531695543359, 36.841818803355324], [-76.2852337347054, 36.84180301299475], [-76.2845541652952, 36.84167406867423], [-76.28393154151476, 36.84155592616956], [-76.28255794000965, 36.84129527187051], [-76.28131494402267, 36.84105938684401], [-76.2795589247334, 36.840725985126156], [-76.27847206958855, 36.84051961861668], [-76.27818298084772, 36.84046472552844], [-76.27742408610334, 36.84032062164391], [-76.27700646003152, 36.840241317403496], [-76.27679739304551, 36.84020161664671], [-76.27663526050507, 36.84017082813889], [-76.27632983307258, 36.840112826846344], [-76.27613794231878, 36.84007638681128], [-76.27604334810547, 36.84005849963065], [-76.27558472641641, 36.83997177709537], [-76.27523861039087, 36.839906326645654], [-76.27504438640354, 36.839869599032916], [-76.27503418862753, 36.83986767067877], [-76.27499544512695, 36.83986034397893], [-76.27498149121739, 36.83985770538012], [-76.27497799159819, 36.83985704326559], [-76.27496511723835, 36.83985460899902], [-76.27496394177629, 36.83985438662268], [-76.27496364960099, 36.839854407226284], [-76.27496322370645, 36.83985443701393], [-76.2749615482278, 36.83985455399298], [-76.27495907038117, 36.83985472787821], [-76.27495829838065, 36.83985478175442], [-76.27495696674, 36.83985487550321], [-76.27495300896308, 36.83985515204514], [-76.27494903880444, 36.83985543015507], [-76.27494806677231, 36.8398554982684], [-76.27494620473807, 36.8398556288383], [-76.27488017067148, 36.83986025362549], [-76.27484538317073, 36.83986269064707], [-76.27466816552295, 36.839875102780134], [-76.27458543944248, 36.8398808965363], [-76.2745780688739, 36.83988141215065], [-76.27450538784093, 36.83988650295927], [-76.27445233286777, 36.839890218829915], [-76.27443802995073, 36.839891220489385], [-76.27441758357904, 36.83989265194266], [-76.2743991273051, 36.839893945343185], [-76.27438307362732, 36.83989506884975], [-76.27437658740217, 36.83989552369458], [-76.27436233505146, 36.839896521796426], [-76.2743601167952, 36.83989667715351], [-76.27435208771418, 36.83989723886191], [-76.27434526213348, 36.83989771701834], [-76.27433850059712, 36.839898190980065], [-76.27433799603435, 36.83989822648543], [-76.27431445938501, 36.83989987426756], [-76.27430601897876, 36.83990046603431], [-76.27422130383816, 36.839906398503636], [-76.27390825984604, 36.83992832139017], [-76.27367090053923, 36.8399449442402], [-76.27365367925658, 36.83994615006974], [-76.2731074725641, 36.839984398672236], [-76.27306882042373, 36.83998710530349], [-76.27274334493289, 36.84000989622746], [-76.27254050081751, 36.84002409957314], [-76.27253812188175, 36.84002426536865], [-76.27129231138653, 36.84011148971058], [-76.27105094031812, 36.84012838718881], [-76.27093732811456, 36.84013639899213], [-76.26962171962413, 36.84022916270843], [-76.26948160316745, 36.84023904120703], [-76.26926394019831, 36.840254387012116], [-76.26910272010205, 36.840278693503485], [-76.26902069915494, 36.84029105962648], [-76.26826613565056, 36.84040481899892], [-76.26791902965238, 36.8404571479739], [-76.26789797547634, 36.84046032171208], [-76.26722659262305, 36.84056153466334], [-76.26722093902795, 36.84056238712717], [-76.2671694446686, 36.840567343542524], [-76.26627319917765, 36.84065360037701], [-76.26604225336695, 36.84067582553666], [-76.2658909390317, 36.84069038750259], [-76.26578589579694, 36.84070070714209], [-76.26559117708933, 36.8407198367123], [-76.26551161941673, 36.84072765208693], [-76.26549444415492, 36.84072933983506], [-76.26541246160103, 36.8407373938346], [-76.26539739515945, 36.8407388738204], [-76.2652852178365, 36.84074989373076], [-76.26527937615678, 36.84075046760455], [-76.26526345942844, 36.84075203144432], [-76.26520893858114, 36.8407573873063], [-76.26517709734452, 36.840759979402435], [-76.26517213202975, 36.8407603833653], [-76.2651567403196, 36.84076163629432], [-76.26514364634842, 36.84076270219946], [-76.26514108105886, 36.84076291117067], [-76.26512421000297, 36.84076428376632], [-76.26512293859282, 36.84076438756416], [-76.2651157373543, 36.84076505002949], [-76.26511059731023, 36.84076552277408], [-76.26510515142252, 36.84076602304837], [-76.26509054429295, 36.840767366615836], [-76.26509003152935, 36.84076741364336], [-76.2650636498903, 36.84076983920334], [-76.26505718519961, 36.84077043365833], [-76.26505212948135, 36.840770898991515], [-76.26504972532322, 36.840771120041104], [-76.26504890671598, 36.84077119459835], [-76.26504551524442, 36.840771506824375], [-76.26504448184491, 36.84077160163063], [-76.26504303463199, 36.84077173453102], [-76.26504114998885, 36.840771907780194], [-76.26504111174846, 36.840771911559244], [-76.26504036057587, 36.840771981090256], [-76.26503833762128, 36.84077216703031], [-76.26503593909369, 36.84077238728537], [-76.26503752826666, 36.840776799995545], [-76.26503846432625, 36.84077940023807], [-76.26503948856906, 36.84078224282493], [-76.26504026185104, 36.84078439198815], [-76.26504344334838, 36.84079322467923], [-76.26504778893482, 36.84080529201074], [-76.26505985538795, 36.84083880026889], [-76.26506071685442, 36.840841191776256], [-76.2650771040587, 36.8408866974848], [-76.26508419579648, 36.84090638769206], [-76.26510127338987, 36.84095381203379], [-76.26510529557315, 36.84096498085084], [-76.26511993409918, 36.84100562733329], [-76.26512558688046, 36.841021325923585], [-76.2651261632943, 36.84102292510877], [-76.26512873102051, 36.84103005694748], [-76.26513047678898, 36.84103490259025], [-76.26514524899379, 36.841075922977836], [-76.26514920893015, 36.84108692115081], [-76.26515996626964, 36.84111679088755], [-76.2652192699934, 36.841281465092166], [-76.2652387777381, 36.84133563464471], [-76.26524570152046, 36.841354861945234], [-76.26527877290572, 36.84144669559247], [-76.26529117033036, 36.84148111960415], [-76.26532048498834, 36.84156252049129], [-76.26532826097757, 36.8415841129752], [-76.2653809390547, 36.84173038751284], [-76.26540487760467, 36.841790468708496], [-76.26541144490913, 36.84180695265282], [-76.26543910421893, 36.84187637163369], [-76.2654941002687, 36.84201440121515], [-76.26553393900936, 36.84211438754927], [-76.26561656771403, 36.84232184992685], [-76.26562964377591, 36.842354679665426], [-76.26571989395025, 36.84258127614553], [-76.26571993888292, 36.842581387869025], [-76.26575304969691, 36.84265036785942], [-76.26575593964075, 36.84265638721162], [-76.26582794750269, 36.84282335157715], [-76.26582895634418, 36.842825690898174], [-76.26584693919156, 36.84286738790132], [-76.26586615608782, 36.84290404447883], [-76.26590648844814, 36.842980980295565], [-76.26593451859546, 36.84303444743163], [-76.26597063675013, 36.84310334214796], [-76.2659962013965, 36.84315210678585], [-76.26601993971161, 36.84319738803116], [-76.26605005925177, 36.843247049636865], [-76.26605082503958, 36.84324831260255], [-76.2660766621617, 36.84329091252313], [-76.26611587299004, 36.84335556287806], [-76.26618793946736, 36.843474387714295], [-76.26619005850694, 36.84347718711713], [-76.2662095088332, 36.84350288019638], [-76.2662355958594, 36.84353734185123], [-76.26624171013373, 36.84354541815522], [-76.26626893931407, 36.843581387887234], [-76.26638716687064, 36.843726638154926], [-76.2664671655908, 36.84382492181587], [-76.26651393990939, 36.84388238773631], [-76.2665479388922, 36.84391438762116], [-76.2665631647182, 36.8439292271144], [-76.26657062722457, 36.84393649887911], [-76.26659182741876, 36.84395716036965], [-76.26660746541081, 36.84397239979152], [-76.26660786877851, 36.84397279324932], [-76.26665408602808, 36.844017836645705], [-76.26670929325836, 36.8440716401452], [-76.26673703044281, 36.844098672419285], [-76.26678393908813, 36.844144387811546], [-76.26685079695268, 36.84421364595287], [-76.2669789398259, 36.844346388331424], [-76.26705004624397, 36.84441400912586], [-76.26718293936062, 36.84454038777919], [-76.26727931704008, 36.84462061594196], [-76.26736794022203, 36.8446943879083], [-76.26742993999912, 36.84474038812736], [-76.26744295276, 36.84474983940118], [-76.26751789683493, 36.844804267388795], [-76.26755745900783, 36.84483299979459], [-76.26760893927226, 36.8448703883551], [-76.26781793960356, 36.845012387919134], [-76.26794194035934, 36.84509138829116], [-76.26801299784587, 36.845134004438556], [-76.2681774000216, 36.845232604730654], [-76.26829865238848, 36.84530532491537], [-76.2685489781145, 36.845455454605705], [-76.26861024327394, 36.84549219757025], [-76.2687139404601, 36.84555438835561], [-76.26899894024712, 36.84572538816256], [-76.2692679408216, 36.84588638821779], [-76.2693925721665, 36.84596116704891], [-76.26939774529404, 36.84596427137433], [-76.26953294030585, 36.84604538812113], [-76.26959573271542, 36.846082934737694], [-76.26959967618394, 36.8460852928016], [-76.26960005533529, 36.84608551903529], [-76.26960346978035, 36.84608756058623], [-76.2696067585626, 36.846089527640785], [-76.26960713000014, 36.846089749221136], [-76.26963141243593, 36.84610426905247], [-76.26966606607765, 36.8461249898667], [-76.26968043253113, 36.84613358054488], [-76.26971706457024, 36.84615548365535], [-76.26996883488279, 36.846306027938816], [-76.27000919785073, 36.84633016238375], [-76.27003927555859, 36.84634814706864], [-76.27035276241752, 36.846535591758915], [-76.27035491272956, 36.846536877374945], [-76.27039114835893, 36.8465585437938], [-76.27040028414174, 36.846564006474004], [-76.27040594041627, 36.846567388534055], [-76.27044151512963, 36.84658658705888], [-76.27046894110707, 36.84660138812709], [-76.2704716592794, 36.84660285217617], [-76.27051196725814, 36.84662455620754], [-76.27053255125533, 36.846635640822136], [-76.27053966139744, 36.8466394687111], [-76.27054424322145, 36.84664193620857], [-76.27055397326252, 36.846647175801635], [-76.27055903206326, 36.84664989932856], [-76.27056717228403, 36.84665428218398], [-76.27056805993459, 36.846654760536005], [-76.27057294097139, 36.84665738874798], [-76.27056987112992, 36.84665934232796], [-76.27055990956741, 36.846665681840165], [-76.27054026763389, 36.84667818051805], [-76.27052813683723, 36.8466859003068], [-76.27050717824686, 36.846699237495926], [-76.27048624593299, 36.84671255805429], [-76.27046462099908, 36.84672631975026], [-76.27045194046738, 36.84673438874143], [-76.27044930356365, 36.846738783333784], [-76.27044594134658, 36.84674438821602], [-76.27043911809342, 36.84675174815791], [-76.27043256013145, 36.84675882019078], [-76.27041180318778, 36.84678120733608], [-76.2704032391, 36.84679044422827], [-76.27037452147125, 36.84682141810951], [-76.27034337383309, 36.84685501210027], [-76.27023176466543, 36.84697538831076], [-76.27021294185542, 36.84699569032144], [-76.27017398976804, 36.84703770090345], [-76.27011494067526, 36.84710138820138], [-76.26996191588216, 36.84726647261627], [-76.26980914526136, 36.8474312813449], [-76.26979591191603, 36.84744555831993], [-76.26975901614249, 36.84748536070773], [-76.26975879260156, 36.84748560163518], [-76.2697017542593, 36.8475471347921], [-76.26969427064392, 36.84755520685378], [-76.269651139722, 36.84760173580002], [-76.26962877208763, 36.8476258670234], [-76.26958627350255, 36.84767171390164], [-76.26958194036926, 36.847676388135596], [-76.26957558138452, 36.8476832863327], [-76.26953548804323, 36.84772678213165], [-76.26952686534689, 36.84773613593029], [-76.26951713859926, 36.84774668741164], [-76.26951076567492, 36.847753601565394], [-76.2694709028454, 36.84779684573264], [-76.26943698303462, 36.84783364439692], [-76.26925281661524, 36.8480334332058], [-76.26924838184051, 36.848038244308555], [-76.26924661398186, 36.84804016129304], [-76.2692451310631, 36.84804177091452], [-76.26924283489605, 36.848044261951586], [-76.26923824488276, 36.84804924136551], [-76.26923134367867, 36.84805672685403], [-76.26920950109994, 36.848080423600514], [-76.26920947561831, 36.84808045105895], [-76.26919294021187, 36.84809838880656], [-76.26908341127856, 36.848216855647465], [-76.26904726570172, 36.848255950079], [-76.26898195144739, 36.848326594482586], [-76.26894559494758, 36.84836591653003], [-76.26886687660793, 36.84845105715217], [-76.26880067121898, 36.848522664320726], [-76.26870561310423, 36.848625478544974], [-76.26869405910534, 36.848637974654665], [-76.268672258922, 36.84866155313209], [-76.26863359103054, 36.84870337574134], [-76.2686170025093, 36.84872131781193], [-76.26859914670936, 36.84874062932006], [-76.26858657323405, 36.848754229156796], [-76.26856800381455, 36.84877431309627], [-76.26855017347177, 36.84879359713867], [-76.26850036606089, 36.848847468485516], [-76.26848593910672, 36.84886307199346], [-76.26847710497827, 36.848872627214774], [-76.268445897109, 36.84890638093428], [-76.26844202219584, 36.848910571687554], [-76.2684411603125, 36.84891150445327], [-76.26843801173334, 36.84891490949248], [-76.2684298715077, 36.848923713533736], [-76.26842558532961, 36.84892834986097], [-76.26840429931903, 36.84895137200142], [-76.2684034386352, 36.84895230208556], [-76.26837998635841, 36.84897766718301], [-76.26837721885948, 36.84898066122616], [-76.2683527228353, 36.84900715483086], [-76.26835069557232, 36.84900934810093], [-76.26832705095624, 36.84903492135558], [-76.26832560177795, 36.849036488341525], [-76.26832304512337, 36.84903925383663], [-76.26830090759674, 36.849063197203535], [-76.26829470190903, 36.849069908960935], [-76.26828473594668, 36.84908068835437], [-76.26827108159004, 36.84909545562561], [-76.26825776543566, 36.84910985885906], [-76.26825569651471, 36.849112095503116], [-76.26822943956574, 36.84914049446806], [-76.26822752585844, 36.84914256370226], [-76.2682074166638, 36.84916431380493], [-76.2682000919255, 36.84917223556352], [-76.26817967924835, 36.849194312500096], [-76.26817651556986, 36.849197734371835], [-76.2681526993709, 36.84922349362059], [-76.26814877810338, 36.849227733960596], [-76.26812498507316, 36.84925346750469], [-76.2681245089133, 36.84925398395454], [-76.2681081576576, 36.84927166816805], [-76.26810620920214, 36.84927377459753], [-76.26809828783463, 36.849282342110634], [-76.26808169441745, 36.849300289425514], [-76.26807640154811, 36.849306013491905], [-76.26805783300595, 36.84932609647103], [-76.26805293976703, 36.849331389163915], [-76.26805225982616, 36.84933212257639], [-76.26803842042756, 36.84934703863721], [-76.26803112542704, 36.84935490146064], [-76.26802433078868, 36.84936222575995], [-76.26801228323764, 36.84937521178595], [-76.26799103415654, 36.84939811377441], [-76.26798550901893, 36.849404069581624], [-76.2679654158673, 36.84942572710919], [-76.26796120076689, 36.849430271028886], [-76.26794609758645, 36.84944655026958], [-76.26794579294362, 36.84944687888805], [-76.26793724002079, 36.849456096895054], [-76.2679278669854, 36.84946619978356], [-76.26791423601462, 36.84948089174522], [-76.26785009921966, 36.849550022002205], [-76.26784091961521, 36.8495599158372], [-76.26777327763546, 36.84963282377802], [-76.2677639497314, 36.84964287793667], [-76.26770643824385, 36.849704866298715], [-76.26770392239456, 36.84970757757313], [-76.26769906555243, 36.849712813256325], [-76.26768958822787, 36.84972302771733], [-76.26762621086331, 36.849791339428464], [-76.26761366168547, 36.84980486391426], [-76.26754829417698, 36.8498753208756], [-76.26753460400828, 36.849890075668014], [-76.26751393836958, 36.84991235049587], [-76.26750016824352, 36.849927192098825], [-76.26749089005882, 36.84993719310005], [-76.26748424709241, 36.84994435259833], [-76.26747745237496, 36.849951675965045], [-76.26747202794071, 36.84995752279538], [-76.26746773750659, 36.849962147291144], [-76.26746037402444, 36.84997008449467], [-76.26745944970311, 36.84997108006402], [-76.26744556719096, 36.84998604301235], [-76.26744422932614, 36.849987485010935], [-76.26744069529006, 36.84999129372252], [-76.26742548648569, 36.85000768626793], [-76.26742163734056, 36.850011836016435], [-76.26741552835465, 36.850018419771196], [-76.26740656637583, 36.85002807974963], [-76.26739674144436, 36.85003866976152], [-76.26739543719901, 36.85004007454111], [-76.26737795222915, 36.85005892150797], [-76.2673728683436, 36.85006440073917], [-76.26735456331822, 36.85008412987816], [-76.26735303893096, 36.85008577384234], [-76.26734778245145, 36.850091439079264], [-76.26733712238268, 36.850102928100966], [-76.26732406338928, 36.85011700351825], [-76.26730711702214, 36.85013526941544], [-76.2672623973982, 36.85018346912364], [-76.26722831930371, 36.85022019928201], [-76.26718125161466, 36.85027093043772], [-76.26718094349624, 36.850271262593694], [-76.26715926296913, 36.85029463035925], [-76.26715113842492, 36.85030338684285], [-76.26713998016223, 36.85031541440939], [-76.2670816823469, 36.850378247442], [-76.26707937143911, 36.85038073906054], [-76.26707775441976, 36.85038248131223], [-76.26706641892568, 36.850394699297226], [-76.26701430299927, 36.85045087062621], [-76.26700353737466, 36.85046247479081], [-76.26694761850821, 36.85052274532794], [-76.26694378905664, 36.85052687200057], [-76.26693992713047, 36.850531035011784], [-76.26693178399029, 36.85053981185914], [-76.26692208983809, 36.85055026010114], [-76.26691209564792, 36.850561032538984], [-76.26689155943461, 36.85058316550581], [-76.26688649282362, 36.8505886270183], [-76.2668709791542, 36.85060534720669], [-76.26687095943484, 36.85060536936597], [-76.26687093976851, 36.850605389723576], [-76.26689642210486, 36.85060809972841], [-76.26698697163219, 36.8506177273127], [-76.26700629219295, 36.85061978202068], [-76.26700866477266, 36.85062003444562], [-76.26701648469867, 36.85062086546254], [-76.26701965109945, 36.850621241144474], [-76.26702320884822, 36.85062161976011], [-76.26708038678774, 36.850627699550266], [-76.2672654954117, 36.85064738122112], [-76.2672913222806, 36.850650351876034], [-76.26745024287347, 36.85066862862398], [-76.26817849495696, 36.85075238099536], [-76.26825851323997, 36.85076131622124], [-76.26840259271778, 36.850777404160105], [-76.26858149541191, 36.85079738045461], [-76.26896149568391, 36.85084738047208], [-76.26907145167488, 36.850860510051724], [-76.26936349581436, 36.850895380520164], [-76.2693931443205, 36.850898992057665], [-76.26967549550632, 36.8509333810997], [-76.26984049568141, 36.85094538113616], [-76.26992796236735, 36.85094471825611], [-76.26997249612857, 36.850944381258195], [-76.27016949574251, 36.850926380615704], [-76.27025249640124, 36.850909381010695], [-76.27030149618514, 36.8508963806084], [-76.27032526420517, 36.85088850769092], [-76.27046149562534, 36.850843380825886], [-76.27059449550455, 36.85078738053753], [-76.27062849652494, 36.850826381023495], [-76.27076449601893, 36.85100438069463], [-76.27078549577365, 36.85102338084594], [-76.27084849648274, 36.85106438109621], [-76.27091378988908, 36.85108942461871], [-76.27091668904866, 36.85109053694972], [-76.27092149586416, 36.8510923804428], [-76.27094037612615, 36.85109526531757], [-76.27105019640909, 36.851112042804466], [-76.27113749636868, 36.85112538043072], [-76.27158932910234, 36.85117506934277], [-76.27161186653836, 36.85117754757626], [-76.27178192978003, 36.85119624887143], [-76.27208390971585, 36.851229456829984], [-76.27211049652105, 36.85123238044192], [-76.2721434963842, 36.8512363811488], [-76.27216477416934, 36.85124734160089], [-76.27223908706598, 36.85125672201614], [-76.27230737038033, 36.85126713005163], [-76.27273164911877, 36.85131170303238], [-76.27284677029809, 36.85132379668899], [-76.27309699519516, 36.85135008326375], [-76.27318549669707, 36.851359380570315], [-76.2731685209252, 36.851398325035994], [-76.27316849686598, 36.85139838046471], [-76.27316807686566, 36.851399429807024], [-76.27316849892776, 36.851399494595675], [-76.27315370032022, 36.85143633237724], [-76.27312640090047, 36.851504288150885], [-76.27312194189076, 36.851515389592414], [-76.2730785213601, 36.851624653183634], [-76.2730775343435, 36.85162713666876], [-76.27304268452943, 36.85171483075489], [-76.2730116981393, 36.851792491940934], [-76.27299848461769, 36.85182561006685], [-76.2729541550041, 36.85193671500335], [-76.27294487746163, 36.851959966560706], [-76.27293162149972, 36.85199319113821], [-76.27288789106744, 36.85210279131251], [-76.27287611527768, 36.85213308475835], [-76.27286275616176, 36.852167452111644], [-76.27286021071376, 36.852174001863325], [-76.27282836993339, 36.85225412376781], [-76.27282786852206, 36.85225538609108], [-76.27282136862846, 36.85227174075833], [-76.27280301453305, 36.85231792497567], [-76.27280133231203, 36.85232215835303], [-76.27279266448284, 36.852343970258225], [-76.27278998797019, 36.85235070500785], [-76.27278240887233, 36.85236977846808], [-76.27276364904269, 36.85241698254661], [-76.27274843888436, 36.852455255571286], [-76.27273407403946, 36.852491402070676], [-76.27270271376412, 36.85257031530865], [-76.27270032303127, 36.85257633167682], [-76.27269394172224, 36.85259238933234], [-76.27263586682334, 36.85273191505747], [-76.27259382112587, 36.85283292819765], [-76.27254166140943, 36.85295824150754], [-76.27245294135791, 36.85317138935405], [-76.27244090494438, 36.85320496961886], [-76.27242017970346, 36.85326278785102], [-76.2724058011928, 36.85330290278421], [-76.27234726452977, 36.85346621126217], [-76.27234032027894, 36.8534855824728], [-76.27233148468805, 36.853510233183165], [-76.27232209686309, 36.8535364246748], [-76.27229594204438, 36.85360939016764], [-76.27228972636671, 36.85362690575538], [-76.27228134619045, 36.853650523117956], [-76.27228131807897, 36.85365060190523], [-76.27225208594353, 36.85373298240964], [-76.27223752303455, 36.85377402313915], [-76.27222994136265, 36.85379538960269], [-76.27221328399303, 36.85382666573227], [-76.27218620510995, 36.853877507601645], [-76.27218094153599, 36.85388738952238], [-76.27217604137687, 36.853905481695655], [-76.27217243691337, 36.853918793247495], [-76.27216794185064, 36.853935389620915], [-76.27216375183514, 36.853950536069384], [-76.27215494122544, 36.85398239008218], [-76.27214200378339, 36.85400497545654], [-76.27213294888983, 36.854020782268314], [-76.27213066833801, 36.85402476272105], [-76.27209202983698, 36.854092212059406], [-76.27206841536598, 36.85413343621279], [-76.27203905395231, 36.854184690847354], [-76.27200932363667, 36.85423658926593], [-76.27183135921837, 36.854547255643126], [-76.27182538400554, 36.854557686503504], [-76.27172525000196, 36.85473248491589], [-76.27172178711712, 36.85473852960007], [-76.27170313317224, 36.854771090996145], [-76.27168783445174, 36.85479779765539], [-76.27166459078407, 36.85483837347501], [-76.27166029792288, 36.8548458671359], [-76.27164455231966, 36.85487335220698], [-76.27161386025995, 36.854926928665336], [-76.27160738960465, 36.85493822444393], [-76.27159272215798, 36.85496382897676], [-76.2715867752663, 36.85497420988681], [-76.27154728451049, 36.85504314637753], [-76.27154037405087, 36.85505520898573], [-76.27152730858141, 36.85507801631085], [-76.27151990865362, 36.85509093314273], [-76.27150105588004, 36.855123842271404], [-76.27148203869133, 36.85515704032133], [-76.27147968123411, 36.85516115450888], [-76.2714610837759, 36.855193618692795], [-76.2714560625493, 36.855202384780796], [-76.27143695909218, 36.85523573081457], [-76.271429433793, 36.85524886699932], [-76.27140528186109, 36.85529102727215], [-76.27139202122885, 36.855314175203674], [-76.27137462019842, 36.85534455016877], [-76.27134508755107, 36.855396103356505], [-76.27134488419834, 36.855396458242836], [-76.27132593191801, 36.85542954212629], [-76.27130876729717, 36.85545950423457], [-76.27128687228628, 36.855497723258885], [-76.27128327806733, 36.85550399799254], [-76.27128281813478, 36.85550480139883], [-76.27127511426767, 36.85551824876417], [-76.27119186341001, 36.855663572370446], [-76.27116167674897, 36.85571626505577], [-76.27112920226584, 36.855772951551955], [-76.27112494120819, 36.855780389913804], [-76.27112035518839, 36.855788618919206], [-76.27104595308825, 36.85592213025303], [-76.27096690192204, 36.856063982920574], [-76.27092550648719, 36.856138265151856], [-76.27077206722721, 36.85641360034622], [-76.27074554286882, 36.85646119579478], [-76.27074496380344, 36.85646223580093], [-76.27070180125169, 36.85653968698715], [-76.27062003479904, 36.856686408483554], [-76.27061977069117, 36.85668688390046], [-76.27061845866119, 36.856689238612304], [-76.27061738942143, 36.85669115626146], [-76.27061034384795, 36.8567037985404], [-76.27060245159906, 36.8567179606817], [-76.270586318941, 36.85674691021433], [-76.27055773988103, 36.85679819198404], [-76.27049567335058, 36.856909564258714], [-76.27048637908051, 36.85692624074051], [-76.27047451283549, 36.856947532987306], [-76.27044398922888, 36.85700230487936], [-76.27044394184442, 36.85700239051134], [-76.27043350705821, 36.85702130957984], [-76.2704190616117, 36.8570475004792], [-76.270412853128, 36.85705875610658], [-76.27040857110443, 36.857066521244114], [-76.27036399302594, 36.857147343611146], [-76.27035984610221, 36.85715486253367], [-76.27034093142976, 36.85718915572417], [-76.2703369409027, 36.857196390979404], [-76.27032024741918, 36.857228957844875], [-76.27031078271204, 36.85724742300116], [-76.270309816506, 36.857249307450324], [-76.2703077222016, 36.85725339416284], [-76.2702679987514, 36.85733089066071], [-76.27026367572026, 36.8573393247325], [-76.27025491066324, 36.85735642497274], [-76.27025412649077, 36.857357955033514], [-76.27023060511603, 36.857403841602284], [-76.27022359402983, 36.857417519287196], [-76.27022123201043, 36.8574221273158], [-76.27021276919017, 36.85743863748572], [-76.27016829172003, 36.857525408931565], [-76.27016085581351, 36.85753991501904]]]}, "properties": {"OBJECTID": 484, "PERIMETER": 39911.238, "PRECINCTS": 52, "PRECINCTS1": 25, "ELECTION": 56, "ELECTION_I": 16, "PRECNAME": "Ruffner Academy", "SUPWARD": 7, "WARD": 4, "ADDRESSNUM": 961, "POLLPLACE": "Ruffner Academy", "ADDRESSSTR": "May Avenue", "PRECNUM": 411, "POLLADDRESS": "610 May Avenue", "NAME_1": "Ruffner", "NAME_2": "Academy", "created_user": "CSIEMER", "created_date": 1662571027000, "last_edited_user": "CSIEMER", "last_edited_date": 1687295156000, "Shape__Area": 27279643.699474335, "Shape__Length": 31047.55177598849, "NORFOLKGIS.Precincts.AREA": null}}, {"type": "Feature", "id": 485, "geometry": {"type": "Polygon", "coordinates": [[[-76.2692166395114, 36.86187348829107], [-76.26921663026916, 36.86187345927176], [-76.26921494802072, 36.861868412103206], [-76.26921473262422, 36.86186776443467], [-76.26921440482892, 36.86186678112476], [-76.26921274007657, 36.861861787469294], [-76.26921271427415, 36.86186171126423], [-76.26921269672535, 36.861861659552915], [-76.26921244006095, 36.86186088941568], [-76.26921183190869, 36.86185906431046], [-76.26921138255193, 36.861857713637264], [-76.26921133404556, 36.861857570299634], [-76.26921125463461, 36.861857333534076], [-76.26921116392461, 36.8618570614005], [-76.26921091762365, 36.861856320303914], [-76.26921065684576, 36.861855537469445], [-76.26921059193818, 36.86185534154093], [-76.26920860139494, 36.86184937272588], [-76.26920566368544, 36.86184055742499], [-76.26920365158664, 36.8618345205977], [-76.26920187243323, 36.86182918315032], [-76.26920130960991, 36.8618274950127], [-76.26919888306753, 36.86182021724087], [-76.26919792647388, 36.86181734804172], [-76.26919437132025, 36.86180668041757], [-76.26919376314237, 36.861804856213105], [-76.26918941630936, 36.86179181466938], [-76.269188129865, 36.861787955811494], [-76.26918763814659, 36.86178648174742], [-76.26918689908601, 36.86178426386282], [-76.26918149768821, 36.86176806101784], [-76.26918110295608, 36.861766874529785], [-76.26917820742999, 36.86175818892504], [-76.26917659524916, 36.8617533531057], [-76.26917473057152, 36.861747758044636], [-76.26917425747048, 36.86174633751484], [-76.26917114647068, 36.861737006943905], [-76.26916948695873, 36.86173202600638], [-76.2691689416326, 36.86173039138165], [-76.2691677999478, 36.86172492903218], [-76.26916603184122, 36.86171647035103], [-76.26916578996185, 36.86171531200424], [-76.26916571327229, 36.86171494459169], [-76.26916495126675, 36.861711294896274], [-76.26916333653989, 36.861703571040145], [-76.26916324018364, 36.86170310951166], [-76.26916285272836, 36.86170125614825], [-76.26916217711347, 36.86169802542763], [-76.26916171502545, 36.86169581100029], [-76.26916085361863, 36.861691688902084], [-76.26916067066006, 36.86169081560569], [-76.26916018390925, 36.86168848623609], [-76.26915913954404, 36.86168349084145], [-76.26915664190057, 36.86167153721546], [-76.26915508042917, 36.86166406224723], [-76.26915409212529, 36.86165933472266], [-76.26915218926794, 36.86165023260832], [-76.26915036026702, 36.861641479825245], [-76.26914985887285, 36.86163907626513], [-76.26914865028174, 36.8616332953626], [-76.26914760893692, 36.86162831174299], [-76.26914749871354, 36.861627787756625], [-76.26914689003549, 36.86162487468789], [-76.26910968635292, 36.861446847074596], [-76.26906230427362, 36.86122011621935], [-76.2690339411027, 36.86108439100326], [-76.26903557533986, 36.86091771012263], [-76.26903943727508, 36.860523749734696], [-76.2690425069728, 36.86021064337975], [-76.26904394072743, 36.86006439093687], [-76.2691062788278, 36.85987137483561], [-76.26915069365707, 36.859733850037685], [-76.26916074179981, 36.85970273901286], [-76.26921711251227, 36.85952819396664], [-76.26928194883726, 36.85932743830147], [-76.26928722334277, 36.85931110830656], [-76.26929896709463, 36.859274744743786], [-76.26929912012591, 36.8592742708255], [-76.26931464389844, 36.85922620355634], [-76.26933111915304, 36.85917518975049], [-76.26934406235542, 36.85913511368711], [-76.26934494108818, 36.85913239111287], [-76.269351265353, 36.859116180202115], [-76.26941230841226, 36.85895970793521], [-76.26943331434993, 36.85890586422596], [-76.26948711573125, 36.85876795331621], [-76.26954054319785, 36.85863100245429], [-76.2695739413819, 36.85854539091789], [-76.26959818611375, 36.85850235751691], [-76.26964935123613, 36.85841154441952], [-76.26976928403802, 36.85819867291416], [-76.26983605627765, 36.85808015684225], [-76.26988334856864, 36.857996216072856], [-76.26992494125992, 36.85792239040481], [-76.2699891883375, 36.85782362759545], [-76.27004552068593, 36.85773703170431], [-76.27007238689106, 36.85769573264392], [-76.27011294168226, 36.85763339048768], [-76.27012618215544, 36.857607559828104], [-76.27014052212701, 36.857579584049894], [-76.27014406933283, 36.85757266397606], [-76.27016085581351, 36.85753991501904], [-76.27016829172003, 36.857525408931565], [-76.27021276919017, 36.85743863748572], [-76.27022359402983, 36.857417519287196], [-76.27023060511603, 36.857403841602284], [-76.27025412649077, 36.857357955033514], [-76.27026367572026, 36.8573393247325], [-76.2703077222016, 36.85725339416284], [-76.270309816506, 36.857249307450324], [-76.27031078271204, 36.85724742300116], [-76.2703369409027, 36.857196390979404], [-76.27034093142976, 36.85718915572417], [-76.27035984610221, 36.85715486253367], [-76.27036399302594, 36.857147343611146], [-76.270412853128, 36.85705875610658], [-76.2704190616117, 36.8570475004792], [-76.27044394184442, 36.85700239051134], [-76.27044398922888, 36.85700230487936], [-76.27048637908051, 36.85692624074051], [-76.27049567335058, 36.856909564258714], [-76.27070180125169, 36.85653968698715], [-76.27074496380344, 36.85646223580093], [-76.27092550648719, 36.856138265151856], [-76.27096849220125, 36.856061128719055], [-76.27112494120819, 36.855780389913804], [-76.27112920226584, 36.855772951551955], [-76.27119186341001, 36.855663572370446], [-76.27127511426767, 36.85551824876417], [-76.27128327806733, 36.85550399799254], [-76.27132593191801, 36.85542954212629], [-76.27134488419834, 36.855396458242836], [-76.27139202122885, 36.855314175203674], [-76.27140528186109, 36.85529102727215], [-76.2714610837759, 36.855193618692795], [-76.27147968123411, 36.85516115450888], [-76.27150105588004, 36.855123842271404], [-76.27152730858141, 36.85507801631085], [-76.27154728451049, 36.85504314637753], [-76.2715867752663, 36.85497420988681], [-76.27160738960465, 36.85493822444393], [-76.27166029792288, 36.8548458671359], [-76.27166459078407, 36.85483837347501], [-76.27168783445174, 36.85479779765539], [-76.27170313317224, 36.854771090996145], [-76.27172178711712, 36.85473852960007], [-76.27172525000196, 36.85473248491589], [-76.27178392641507, 36.85463005602427], [-76.27181536191489, 36.8545751803348], [-76.27182538400554, 36.854557686503504], [-76.27183135921837, 36.854547255643126], [-76.27196299898503, 36.854317456565255], [-76.27197411580397, 36.85429805095403], [-76.27203905395231, 36.854184690847354], [-76.27206841536598, 36.85413343621279], [-76.27209202983698, 36.854092212059406], [-76.27213066833801, 36.85402476272105], [-76.27213294888983, 36.854020782268314], [-76.27214200378339, 36.85400497545654], [-76.27215494122544, 36.85398239008218], [-76.27216375183514, 36.853950536069384], [-76.27216794185064, 36.853935389620915], [-76.27217243691337, 36.853918793247495], [-76.27217604137687, 36.853905481695655], [-76.27218094153599, 36.85388738952238], [-76.27218620510995, 36.853877507601645], [-76.27221328399303, 36.85382666573227], [-76.27222994136265, 36.85379538960269], [-76.27223752303455, 36.85377402313915], [-76.27225208594353, 36.85373298240964], [-76.27228131807897, 36.85365060190523], [-76.27228134619045, 36.853650523117956], [-76.27228972636671, 36.85362690575538], [-76.27229594204438, 36.85360939016764], [-76.27232209686309, 36.8535364246748], [-76.27233148468805, 36.853510233183165], [-76.27234726452977, 36.85346621126217], [-76.2724058011928, 36.85330290278421], [-76.27242017970346, 36.85326278785102], [-76.27245294135791, 36.85317138935405], [-76.27254166140943, 36.85295824150754], [-76.27259382112587, 36.85283292819765], [-76.27263586682334, 36.85273191505747], [-76.27269394172224, 36.85259238933234], [-76.27270032303127, 36.85257633167682], [-76.27270271376412, 36.85257031530865], [-76.27274843888436, 36.852455255571286], [-76.27276364904269, 36.85241698254661], [-76.27278998797019, 36.85235070500785], [-76.27279266448284, 36.852343970258225], [-76.27280301453305, 36.85231792497567], [-76.27282136862846, 36.85227174075833], [-76.27282786852206, 36.85225538609108], [-76.27286021071376, 36.852174001863325], [-76.27286275616176, 36.852167452111644], [-76.27288789106744, 36.85210279131251], [-76.27316850004873, 36.85139949461691], [-76.27316894189276, 36.851398388902574], [-76.27318594172363, 36.85135938900806], [-76.27305382792805, 36.85134551056373], [-76.27273164911877, 36.85131170303238], [-76.2726954110622, 36.85130789616912], [-76.272670016824, 36.85130522786027], [-76.2724829652859, 36.85128557740391], [-76.2724111903034, 36.8512780372017], [-76.272366459968, 36.85127329939584], [-76.27230781540625, 36.851267138492766], [-76.27230655748752, 36.85126700646868], [-76.2721769419676, 36.85125338894425], [-76.27216534185024, 36.851247412760884], [-76.27216477416934, 36.85124734160089], [-76.27216465154069, 36.85124727798169], [-76.2721434963842, 36.8512363811488], [-76.27211049652105, 36.85123238044192], [-76.27210812974816, 36.85123212011855], [-76.27208390971585, 36.851229456829984], [-76.27199375652087, 36.851219543267675], [-76.27178192978003, 36.85119624887143], [-76.2716304116553, 36.851179586805664], [-76.27161480349426, 36.85117787010616], [-76.27161186653836, 36.85117754757626], [-76.27158932910234, 36.85117506934277], [-76.2712983762659, 36.851143072582424], [-76.27115047614957, 36.851126807549655], [-76.27113749636868, 36.85112538043072], [-76.27106709474276, 36.85111462504233], [-76.27105019640909, 36.851112042804466], [-76.27099314355304, 36.85110332632151], [-76.27094037612615, 36.85109526531757], [-76.27092149586416, 36.8510923804428], [-76.27091668904866, 36.85109053694972], [-76.27091378988908, 36.85108942461871], [-76.27091360467278, 36.851089353500676], [-76.27084849648274, 36.85106438109621], [-76.27078549577365, 36.85102338084594], [-76.27076449601893, 36.85100438069463], [-76.27062849652494, 36.850826381023495], [-76.27059462028498, 36.8507875235198], [-76.27053053247725, 36.85081450810919], [-76.27046194064857, 36.85084338927397], [-76.27037841341833, 36.85087105755221], [-76.27030194120866, 36.85089638905709], [-76.27025294142484, 36.850909389459574], [-76.27016994076618, 36.8509263890649], [-76.26997294115233, 36.85094438970812], [-76.2699724958902, 36.850944389365964], [-76.26992796212896, 36.850944726363885], [-76.2699023268973, 36.85094492103452], [-76.26984094081111, 36.85094538598313], [-76.26984079297594, 36.85094537866911], [-76.26974301602196, 36.85093827960062], [-76.26967549550632, 36.8509333810997], [-76.269490097418, 36.850910800752246], [-76.26939524204187, 36.85089924732617], [-76.2693931443205, 36.850898992057665], [-76.26936392720901, 36.85089543288069], [-76.26936394083778, 36.850895388972425], [-76.26920178408652, 36.85087602760434], [-76.26914044878451, 36.85086870351326], [-76.26896194070699, 36.85084738892588], [-76.26885006986934, 36.850832668904694], [-76.26884138421386, 36.85083152681622], [-76.26858194043467, 36.85079738890981], [-76.26851629625986, 36.850790059240374], [-76.26830752842605, 36.85076674815101], [-76.26823462790362, 36.850758608016854], [-76.26817893997939, 36.85075238945211], [-76.26817539763944, 36.850751982320666], [-76.2681173554852, 36.850745307062994], [-76.26763660803603, 36.85069001915413], [-76.26753223403641, 36.850678015579575], [-76.26726594043343, 36.85064738968133], [-76.26719821105243, 36.85064018818526], [-76.2670200759967, 36.850621247420236], [-76.2670232200313, 36.850621620874094], [-76.26701965109945, 36.850621241144474], [-76.2670164981237, 36.85062086661915], [-76.26700629219295, 36.85061978202068], [-76.26687093976851, 36.850605389723576], [-76.26686711022197, 36.850609481238585], [-76.26686573681631, 36.850610948694964], [-76.26685244966319, 36.85062514862071], [-76.26683781922463, 36.8506407832231], [-76.2668261961654, 36.85065320393496], [-76.26652107140012, 36.8509792619628], [-76.26638993922256, 36.85111938927457], [-76.26615694002454, 36.85136838985], [-76.26608335317451, 36.85144965488516], [-76.26602622483138, 36.85151274492804], [-76.26592693927374, 36.85162238924212], [-76.26579893944418, 36.8517723896399], [-76.26575393968659, 36.85184438957663], [-76.26569293977018, 36.85194038966876], [-76.2654299390529, 36.852352389861345], [-76.26535677960656, 36.85248518044036], [-76.2653497834935, 36.85249787833845], [-76.26528393987613, 36.85261738936818], [-76.26477099112694, 36.8536264079415], [-76.26475043450178, 36.85366684430706], [-76.2647369396261, 36.85369338973746], [-76.26468793939773, 36.85375338983802], [-76.26466493936236, 36.85379639005687], [-76.26462893976834, 36.85391139042711], [-76.2645119397542, 36.854055390250636], [-76.26450663226986, 36.854063682795704], [-76.26449830212529, 36.85408060882562], [-76.26445556004853, 36.854138863916596], [-76.26441356650972, 36.85417171999359], [-76.2643447573399, 36.85420600087368], [-76.26431605703334, 36.854220528190886], [-76.26426693879009, 36.85424539044792], [-76.26420193945849, 36.85427439052722], [-76.26388965068438, 36.854392896777085], [-76.26381406311972, 36.85442157968614], [-76.26378293921678, 36.854433389971184], [-76.26358193920231, 36.854513390363536], [-76.26336893948054, 36.85460339066874], [-76.26334950742842, 36.854615469458395], [-76.26333193892435, 36.85462639031778], [-76.2632479395543, 36.85469238988702], [-76.26320102597616, 36.85474265377036], [-76.2631779386316, 36.85476739027921], [-76.2631617088582, 36.85481187302087], [-76.26315093866941, 36.85484139061596], [-76.26314711439876, 36.854998186091144], [-76.26314693896124, 36.85500539011289], [-76.26314707373767, 36.85500956783037], [-76.26314845112472, 36.85505228029095], [-76.26314893873769, 36.85506739024654], [-76.263155198339, 36.85513879258494], [-76.26315941426581, 36.85518688079871], [-76.26316153697415, 36.8552110905879], [-76.26316392065219, 36.85523827987151], [-76.26316676109215, 36.85527067155378], [-76.26318093897963, 36.85543239063667], [-76.2631858028706, 36.85548418140178], [-76.26323264626393, 36.855982960195604], [-76.263242211991, 36.85608481521012], [-76.26324329354784, 36.85609633099142], [-76.26325102406518, 36.856178641781405], [-76.26325193901188, 36.856188390406665], [-76.26326693939731, 36.85636639037342], [-76.26327195287158, 36.85642311628265], [-76.2632762995098, 36.85647229222852], [-76.26330150924929, 36.85675752711582], [-76.26330193899531, 36.856762390985], [-76.26332265452234, 36.85686424288516], [-76.26332593934514, 36.85688039040248], [-76.26334393953759, 36.856930390602805], [-76.26339293869775, 36.85699739054959], [-76.26351793885095, 36.85710939098112], [-76.26353371673314, 36.857130532906325], [-76.26354734838395, 36.85714879915173], [-76.26356793882093, 36.85717639097725], [-76.26358868799764, 36.85721937042024], [-76.26359593875573, 36.85723439101272], [-76.26361293962398, 36.85730239054368], [-76.26361335874057, 36.857325457394374], [-76.26361360295165, 36.857338896977616], [-76.26361393930802, 36.85735739049934], [-76.26359993892125, 36.85742539105755], [-76.26359490720736, 36.85743577008359], [-76.26358162397925, 36.857463165817435], [-76.26354592680775, 36.8575367915362], [-76.26353593870422, 36.85755739057424], [-76.263368318355, 36.85786961557113], [-76.26333768578984, 36.85792401408371], [-76.26322600358822, 36.858122344130614], [-76.26319770975574, 36.85817259036416], [-76.26307696539642, 36.85838701835562], [-76.26304119150929, 36.85845054892388], [-76.26298487959666, 36.858557266917934], [-76.2629500226386, 36.85862332343999], [-76.26291147648317, 36.858696371931245], [-76.26291093941092, 36.85869739106799], [-76.26282439771978, 36.858862041233614], [-76.26271593893709, 36.859068391346234], [-76.26262593959628, 36.85922839114833], [-76.26258247840258, 36.85935353891375], [-76.26252697172238, 36.85951337452765], [-76.26252333829198, 36.85952383693506], [-76.2624525803895, 36.85972758884476], [-76.26235193898975, 36.86001739139924], [-76.26234619475845, 36.86003609268476], [-76.26230859270024, 36.860158498241795], [-76.26230493942336, 36.8601703916428], [-76.26220593874724, 36.86015739167011], [-76.26096620751953, 36.85999760615147], [-76.25974837659734, 36.859851627642364], [-76.25972092104773, 36.8598473038106], [-76.2596733555737, 36.85983981478188], [-76.25948404165534, 36.859815249632575], [-76.25925393786741, 36.85978539107518], [-76.25916299981951, 36.85977194111169], [-76.25910595024884, 36.85976350294937], [-76.25894293782139, 36.85973939182579], [-76.2587799374358, 36.85972539139327], [-76.25873293745676, 36.85973039136438], [-76.2586799375541, 36.85974939141298], [-76.25864293824272, 36.85977339110641], [-76.2585839378815, 36.8598393913277], [-76.25852793732115, 36.85987839138044], [-76.25850693804811, 36.85988839158434], [-76.25844693723819, 36.859910391101344], [-76.25835393788628, 36.859922391976816], [-76.2583451278945, 36.85992197236091], [-76.25833813592402, 36.85992163881847], [-76.25831149534324, 36.85992037053753], [-76.25829093720219, 36.85991939139669], [-76.25824959770577, 36.85991397929308], [-76.25816775563538, 36.8599032656595], [-76.2580893395497, 36.859893000441936], [-76.25793591218088, 36.85987291521834], [-76.25735525847516, 36.85979689996645], [-76.25726233761475, 36.85978473568518], [-76.25630493664713, 36.85965939186714], [-76.25617793760215, 36.85965039127045], [-76.25622493677466, 36.86001439169246], [-76.25616293662765, 36.86019039192943], [-76.25602493667897, 36.86035239134969], [-76.2559652468779, 36.86041877644434], [-76.25591793670355, 36.860471391594174], [-76.2558679372691, 36.86059639145371], [-76.25588617148279, 36.860635049060676], [-76.25591177331668, 36.86068932579311], [-76.25591793655894, 36.86070239175887], [-76.25600593726377, 36.860808391522774], [-76.25616793682387, 36.86090239149205], [-76.25626193770684, 36.86099639212669], [-76.25628693737455, 36.86112139157431], [-76.25627493734544, 36.86124639184079], [-76.25627493671848, 36.86152139157082], [-76.25631593710193, 36.86174339228274], [-76.25634293766677, 36.86197739234433], [-76.25643093701076, 36.86216439175679], [-76.25643672635849, 36.8621824820107], [-76.25648693779797, 36.86233939199893], [-76.25654993688048, 36.86252139252519], [-76.2565543899172, 36.86253414726484], [-76.25658693710325, 36.8626273921073], [-76.25659993686737, 36.8627583925681], [-76.2566059368344, 36.862908391872075], [-76.2566309376811, 36.863014392114586], [-76.25668093719997, 36.863077392074125], [-76.25685593786308, 36.86313939267779], [-76.25690593769997, 36.86313939202327], [-76.25701193721518, 36.863121392140215], [-76.25704993707865, 36.86309739219561], [-76.25712493805246, 36.86305839233202], [-76.25722493794841, 36.86304639261253], [-76.25725593762841, 36.86306439269297], [-76.25730593733003, 36.86313939234826], [-76.2573199375495, 36.863185392570074], [-76.25737193740285, 36.86320239192445], [-76.25752093794327, 36.863251392193916], [-76.25779693751446, 36.86342139203099], [-76.25796193817227, 36.86374639261423], [-76.25800593740226, 36.863858392316864], [-76.25809256790859, 36.863950437135024], [-76.25811793791053, 36.86397739282729], [-76.25815593802587, 36.864021392036484], [-76.25816193811369, 36.86409639253801], [-76.25816793754915, 36.864264392087684], [-76.25813693815962, 36.86438339270721], [-76.25811793829463, 36.864477392930176], [-76.25810593741507, 36.86460239241186], [-76.25814993807198, 36.86465839253152], [-76.25823093770173, 36.86468939250517], [-76.2582679385092, 36.86470239244226], [-76.25831193811207, 36.86472139295952], [-76.2583369383457, 36.864733392286624], [-76.258447938508, 36.864781393017296], [-76.2586249384072, 36.86489139283509], [-76.25874393852772, 36.86500639256507], [-76.25876893824712, 36.86504339223837], [-76.25879493764762, 36.86510039259112], [-76.25881193868935, 36.865126392535636], [-76.25884793781668, 36.86516039226378], [-76.2588799378715, 36.86517939257113], [-76.2589359379354, 36.865192392415864], [-76.25909093872274, 36.865231392581], [-76.25983093892184, 36.86527539290119], [-76.26016293818381, 36.86528639289653], [-76.2603739382297, 36.865294392817056], [-76.26048293864557, 36.86529439238115], [-76.26060393850999, 36.86525539291321], [-76.26074493878185, 36.86520439244557], [-76.26086593907372, 36.86518539235029], [-76.26113093928991, 36.865158392419644], [-76.26127205443828, 36.865190848786455], [-76.26133093869156, 36.865204392794915], [-76.26151793889308, 36.86528239257117], [-76.26169393893109, 36.86535739269603], [-76.26193590916972, 36.86550751953432], [-76.26196793932151, 36.865527392985065], [-76.26198766077846, 36.8655468552538], [-76.262073068703, 36.86563113634295], [-76.26209761814621, 36.8656553623777], [-76.26216227456084, 36.86571916731289], [-76.26224236437147, 36.865798201031296], [-76.26236171560852, 36.865915978973824], [-76.26237913396069, 36.86593316730968], [-76.26249893909277, 36.86605139271813], [-76.26259119043046, 36.866132164923016], [-76.26262927843962, 36.8661655127866], [-76.26339893990786, 36.86683939246831], [-76.26373353458145, 36.8670295322138], [-76.26421194047268, 36.86730139256878], [-76.26518694038637, 36.867651392708765], [-76.26653694066536, 36.868064392654055], [-76.26741594139966, 36.8685213926977], [-76.26780568090885, 36.86872373919604], [-76.26780694057454, 36.868724393189176], [-76.26791994131442, 36.86856939282085], [-76.26810294101904, 36.86829739318046], [-76.26813374174758, 36.86824672107452], [-76.26828118991389, 36.868004146074355], [-76.26835094074653, 36.86788939277462], [-76.26842191535232, 36.86775591870242], [-76.26848494139234, 36.86763739244341], [-76.26860672968212, 36.86739279820666], [-76.2686372952626, 36.867331411440624], [-76.26872394123343, 36.867157392920895], [-76.26879164379666, 36.86702630191487], [-76.26881809091509, 36.866975093566936], [-76.26901361448925, 36.86659650289039], [-76.26906178071631, 36.86650323895138], [-76.2690849418574, 36.866458392204855], [-76.26913094148536, 36.86635739300363], [-76.2691412579233, 36.86633469593857], [-76.2691720317565, 36.86626436961503], [-76.26933394156703, 36.8658383923891], [-76.26949885374653, 36.86545669857495], [-76.26951469751225, 36.86542002704303], [-76.26956007879653, 36.86531498953642], [-76.26961956533638, 36.86517730632744], [-76.26962246759521, 36.86517058764138], [-76.26967094098512, 36.86505839244347], [-76.26967732560283, 36.865045522228236], [-76.26968521748618, 36.865029615073034], [-76.26968664491942, 36.8650267370614], [-76.26969821687274, 36.865003410298506], [-76.26982540660295, 36.86474701761761], [-76.26997082121748, 36.864453886662524], [-76.26997559709736, 36.86444425876436], [-76.27011294120227, 36.864167391982065], [-76.27013929061997, 36.864114062396126], [-76.27015328055019, 36.864085748247184], [-76.27025369206793, 36.86388251976462], [-76.27026182193448, 36.863866064553], [-76.27027994112477, 36.86382939195504], [-76.27024885464007, 36.863788248366866], [-76.270244288315, 36.863782204538644], [-76.2702398515765, 36.86377633172619], [-76.27021194181772, 36.863739392023206], [-76.27020290612856, 36.86372751712452], [-76.27020030971802, 36.86372410392788], [-76.27018412629728, 36.86370283447986], [-76.27016887607112, 36.86368279057895], [-76.27015865778533, 36.8636693599984], [-76.27014951303467, 36.86365734150996], [-76.27014194189499, 36.86364739179012], [-76.27012300074361, 36.86361621711453], [-76.27012257593483, 36.86361551860143], [-76.27010641357334, 36.8635889179418], [-76.27010487061135, 36.86358637923899], [-76.27009406894446, 36.86356860199114], [-76.27005762365394, 36.86350862075579], [-76.27003392856436, 36.86346962206753], [-76.27000308377754, 36.863418856372114], [-76.26997089294048, 36.86336587658878], [-76.26996589714284, 36.86335765409799], [-76.26994977876569, 36.86333112545787], [-76.26988412938728, 36.86322307764556], [-76.26983640459115, 36.863144532110674], [-76.26980459496868, 36.86309217695279], [-76.26976125088967, 36.86302083988186], [-76.26975339183547, 36.863007905642235], [-76.26972909785555, 36.86296792113502], [-76.26972020201659, 36.86295327984423], [-76.26970842790388, 36.862933902190306], [-76.26969665489183, 36.86291452545734], [-76.26969451067168, 36.8629109955439], [-76.26968844168978, 36.862901008513674], [-76.26967530237167, 36.862879381256356], [-76.26966194150215, 36.86285739194716], [-76.26965916732382, 36.8628523583053], [-76.26965116222758, 36.86283783036808], [-76.26964672894907, 36.86282978349367], [-76.26963320960904, 36.86280524931002], [-76.26961320810148, 36.86276894905352], [-76.26961034129158, 36.862763746898196], [-76.26960790576007, 36.862759328109526], [-76.269601746205, 36.86274814954684], [-76.26959953328293, 36.86274413339018], [-76.2695932959935, 36.86273281363872], [-76.26957395046641, 36.862697705723164], [-76.26956886225081, 36.862688471023716], [-76.26956872170504, 36.86268821507017], [-76.26956412541412, 36.86267987575744], [-76.26955319819378, 36.862660044553785], [-76.26955137719102, 36.86265673890621], [-76.26953816674924, 36.86263276491797], [-76.26952517037822, 36.862609178976435], [-76.26951215059547, 36.86258555022437], [-76.26949652703814, 36.862557197525945], [-76.26948803005612, 36.862541775091216], [-76.26947962034778, 36.86252651295396], [-76.26947275904053, 36.86251406094365], [-76.26947219672748, 36.86251304163342], [-76.26946045170847, 36.86249172565859], [-76.2694576956889, 36.86248672390425], [-76.26944465247546, 36.86246305413731], [-76.26942371081066, 36.86242504772696], [-76.26942357234915, 36.86242479722104], [-76.26942135303713, 36.862420770122846], [-76.26941897189705, 36.862416447907904], [-76.26940522587844, 36.862391501971445], [-76.26939901633922, 36.862380232310755], [-76.2693800501647, 36.86234581029474], [-76.26937497369295, 36.86233659744185], [-76.26937231245795, 36.86233176784401], [-76.26937173313684, 36.8623307166623], [-76.2693715957703, 36.86233046707842], [-76.26936537764298, 36.862319184633556], [-76.2693649410558, 36.86231839124991], [-76.26936413290994, 36.86231596654248], [-76.26936232181377, 36.86231053204488], [-76.26935805738012, 36.86229773814722], [-76.26934306317406, 36.862252758996966], [-76.26933715876565, 36.862235044025226], [-76.26932030816539, 36.86218449340633], [-76.26929183220894, 36.862099066155466], [-76.2692166395114, 36.86187348829107]]]}, "properties": {"OBJECTID": 485, "PERIMETER": 19778.242, "PRECINCTS": 48, "PRECINCTS1": 46, "ELECTION": 52, "ELECTION_I": 35, "PRECNAME": "Union Chapel", "SUPWARD": 7, "WARD": 3, "ADDRESSNUM": 1200, "POLLPLACE": "Union Chapel A.M.E. Church", "ADDRESSSTR": "St. Julian Avenue", "PRECNUM": 313, "POLLADDRESS": "1200 St. Julian Avenue", "NAME_1": "Union", "NAME_2": "Chapel", "created_user": "CSIEMER", "created_date": 1662571027000, "last_edited_user": "CSIEMER", "last_edited_date": 1666096341000, "Shape__Area": 15771167.650410693, "Shape__Length": 20097.394572372934, "NORFOLKGIS.Precincts.AREA": null}}, {"type": "Feature", "id": 486, "geometry": {"type": "Polygon", "coordinates": [[[-76.24530352950576, 36.936704552966255], [-76.24550893734553, 36.936685408424836], [-76.24582999636009, 36.93665134298853], [-76.24600450184049, 36.93663282739851], [-76.24619693765344, 36.936612408126024], [-76.24626414882744, 36.936605849086554], [-76.24650445936979, 36.936582398045395], [-76.2465056328027, 36.936582283526505], [-76.2466306529293, 36.93657008273992], [-76.24747029472144, 36.93648813887354], [-76.2482895776166, 36.93640817698256], [-76.24831793920659, 36.93640540848026], [-76.24837889800467, 36.936398996210904], [-76.24875966859807, 36.93635894363658], [-76.24877288444918, 36.936357553473805], [-76.24883630657459, 36.93635088166642], [-76.2489570761833, 36.93633817790216], [-76.24897601067458, 36.936336186017215], [-76.24902673504603, 36.936330850214844], [-76.249030938708, 36.93633040789549], [-76.24904456670045, 36.93632844871422], [-76.24906873170752, 36.936324975040336], [-76.24908290211036, 36.936322937904094], [-76.24908985874904, 36.93632193805642], [-76.24909127511327, 36.93632173441984], [-76.24919093924602, 36.93630740771914], [-76.24919453924122, 36.936311297551114], [-76.24921780061804, 36.93633642782322], [-76.24924184750228, 36.936362406896464], [-76.24925232768629, 36.936373729546524], [-76.24929458571965, 36.93641938443823], [-76.2492989810512, 36.93642413227426], [-76.24930196418374, 36.9364273558984], [-76.24931448888518, 36.93643830845581], [-76.24934072791962, 36.93646125488866], [-76.24934107876308, 36.936461540128434], [-76.24935143910572, 36.9364699805907], [-76.24935893866268, 36.93647640851162], [-76.24936283223633, 36.936479261069955], [-76.24937592838903, 36.9364888562758], [-76.24942335895621, 36.936523607978174], [-76.2494285317267, 36.936527397208046], [-76.24945993857715, 36.936550408277625], [-76.24948888919273, 36.93656629294759], [-76.24951632396531, 36.93658134547392], [-76.24957293923748, 36.93661240782608], [-76.24958751774363, 36.93661878553791], [-76.24962990643849, 36.93663733133009], [-76.24966893873129, 36.936654408531034], [-76.24979593899172, 36.93669540791835], [-76.24984483783571, 36.93670560892822], [-76.24986609228431, 36.93671004301131], [-76.24986747494151, 36.93671033177076], [-76.25024437079252, 36.936788957793716], [-76.25028997768568, 36.936798471878625], [-76.2504880421411, 36.93683979091415], [-76.25050079529868, 36.936842451483436], [-76.25053120849496, 36.93684879580838], [-76.25053893985552, 36.936850408450134], [-76.25066239533727, 36.93687724611897], [-76.25066327446794, 36.93687743780324], [-76.25067693920344, 36.936880407836526], [-76.25084243441837, 36.936933139224244], [-76.25086797617902, 36.93694127774868], [-76.2508902254708, 36.936949423594825], [-76.25089795775514, 36.93695225398368], [-76.25090833268206, 36.93695642838988], [-76.25094200633357, 36.93696997474052], [-76.25099153090592, 36.93698989861664], [-76.25101308418739, 36.93699856924499], [-76.25102074166006, 36.93700165057876], [-76.25104503793311, 36.93701142466678], [-76.25105166125128, 36.93701408961445], [-76.25105493908352, 36.93701540792058], [-76.25107693960976, 36.9370244079798], [-76.25110916283862, 36.93704017726496], [-76.2511303978244, 36.937050568811856], [-76.25113564846997, 36.93705313809487], [-76.25114273307055, 36.937056605067134], [-76.25116267309868, 36.93706636341438], [-76.25119221683762, 36.937080820408795], [-76.25126494006076, 36.937116408421964], [-76.25132332703497, 36.93714948140325], [-76.25133503272666, 36.937156111319624], [-76.25139318676648, 36.937189051815416], [-76.25140793923549, 36.937197408430166], [-76.25144305205221, 36.937220886428904], [-76.2515573530358, 36.93729731190463], [-76.25157693922404, 36.93731040840348], [-76.25159626673167, 36.93732605443975], [-76.25164699354148, 36.937367118357756], [-76.25167040016228, 36.93738606748945], [-76.25170347391179, 36.937412840590554], [-76.25176594035207, 36.937463408553604], [-76.25176646635678, 36.93746388371904], [-76.25177452692627, 36.937471168594904], [-76.2517780164174, 36.937474323415906], [-76.2517946974481, 36.93748939962521], [-76.25182721419598, 36.93751878863661], [-76.25192681825064, 36.93760881294793], [-76.25200131995237, 36.93767614925266], [-76.25202168633325, 36.93769455704978], [-76.25202442023298, 36.93769702769811], [-76.25216475657837, 36.937823865566656], [-76.25217087724617, 36.937829397116495], [-76.25217097017827, 36.93782948181931], [-76.2522405786459, 36.93789239422921], [-76.25228169551049, 36.9379295559904], [-76.25231325685876, 36.93795808110942], [-76.25236894007712, 36.93800840819748], [-76.25242793966935, 36.938073408079816], [-76.25243276067711, 36.93807880570622], [-76.252471021188, 36.93812164281658], [-76.2524913365935, 36.93814438875554], [-76.25250831885305, 36.93816340149664], [-76.25251631001085, 36.93817234982499], [-76.25254507961618, 36.93820456130603], [-76.25255317298756, 36.938213622454136], [-76.25257420574751, 36.9382371707893], [-76.25259400065069, 36.938259333488226], [-76.252636940015, 36.93830740860412], [-76.25265925606821, 36.93833493937286], [-76.25267543119016, 36.93835489391761], [-76.25267545625384, 36.93835491963507], [-76.25276175032853, 36.93846138039968], [-76.25278199750987, 36.93848635677643], [-76.25285094034443, 36.93857140818406], [-76.2528740921345, 36.9386021899027], [-76.25290395258806, 36.93864189089996], [-76.2529389401623, 36.93868840869338], [-76.2529734622072, 36.93873657790506], [-76.25298194068493, 36.938748408182725], [-76.25303671029954, 36.938834383837104], [-76.25305220258967, 36.93885870323767], [-76.2531527520124, 36.93901654115324], [-76.25317411131245, 36.939050069285734], [-76.25328125242264, 36.93921825368592], [-76.25329879848428, 36.939245797739126], [-76.2533489003576, 36.93932444513201], [-76.25336740575445, 36.939353492963576], [-76.25338139610471, 36.939375454475794], [-76.25340221161898, 36.93940812848916], [-76.25346641572072, 36.93950891163386], [-76.25348632679582, 36.93954016581703], [-76.25349094053095, 36.93954740905016], [-76.25360359870075, 36.93969427384143], [-76.25361320121671, 36.93970679255821], [-76.25369027998758, 36.93980727440071], [-76.25374147025894, 36.93987400734702], [-76.25379394068263, 36.93994240882479], [-76.25383384525838, 36.93999476830037], [-76.25387373909379, 36.94004711313415], [-76.25395094041713, 36.940148408366255], [-76.25409494067873, 36.94033240840244], [-76.2542069623854, 36.940450325498794], [-76.25420894098949, 36.94045240849962], [-76.25433235361108, 36.94056571618513], [-76.25453885363896, 36.94075530704505], [-76.25461194040952, 36.94082240905153], [-76.25475494126191, 36.94094640921292], [-76.2548783001036, 36.94104066839805], [-76.25490857931673, 36.94106380423542], [-76.25493322105346, 36.94108263294188], [-76.25494994132941, 36.941095409125296], [-76.25500028695292, 36.94112875300267], [-76.25524149809813, 36.94128850649399], [-76.25525494085649, 36.941297409067744], [-76.25530215693371, 36.94133182068169], [-76.25530493461225, 36.94133384500471], [-76.25537294100668, 36.941383408907946], [-76.25547113229979, 36.941455250353414], [-76.25565263670823, 36.94158804709096], [-76.25566321679572, 36.941595788093736], [-76.25568032673708, 36.941608306603015], [-76.25576794181553, 36.94167240866475], [-76.25577222878, 36.9416592304213], [-76.25577470093566, 36.941651629474336], [-76.25577560775153, 36.94164884171617], [-76.25577648857063, 36.94164613548654], [-76.25577704329393, 36.94164442986414], [-76.25577894707251, 36.94163857844604], [-76.25578594707775, 36.9416170593204], [-76.255788028878, 36.94161065695695], [-76.25579494110906, 36.94158940927091], [-76.25576493094616, 36.94155008568315], [-76.25570568020545, 36.941465856560875], [-76.25559494165664, 36.94129740848229], [-76.25552394062422, 36.94119040899301], [-76.255397130754, 36.940981316699535], [-76.255392941389, 36.94097440884515], [-76.25534394093962, 36.94089440882482], [-76.2553042393992, 36.940820136938406], [-76.25519694077933, 36.94061940842289], [-76.25508494067323, 36.940396409103876], [-76.2550635600372, 36.940346771636776], [-76.25499506033259, 36.9401877383407], [-76.25491394059532, 36.9399994083494], [-76.25487694072739, 36.939901408817924], [-76.25475594055239, 36.9395524086181], [-76.25475262970161, 36.9395409448583], [-76.254738646877, 36.93949253202983], [-76.25466294042943, 36.939230408105686], [-76.2546169402472, 36.93904540844317], [-76.25457191337352, 36.93883204587548], [-76.25455706040397, 36.93876166261048], [-76.25455194129354, 36.938737408109134], [-76.25451994106947, 36.938526407994416], [-76.25446624735258, 36.93818467875666], [-76.25446560591821, 36.93818059591514], [-76.25445878339316, 36.938137172769245], [-76.25441294049503, 36.937845408598186], [-76.25434515740163, 36.93741121795818], [-76.25430694032926, 36.937166408469345], [-76.25419194019241, 36.93644440763695], [-76.25411417747935, 36.9359364986227], [-76.25408094091522, 36.93571940757452], [-76.25397594016665, 36.93504340780498], [-76.25386794067104, 36.93435840719522], [-76.25377157237087, 36.933745401238056], [-76.25375994064227, 36.93367140717938], [-76.25364194065791, 36.93291240729588], [-76.25346494028553, 36.931773407305556], [-76.25341393980206, 36.93145340676424], [-76.25338293955339, 36.93125940710998], [-76.25336393946769, 36.93113240675075], [-76.25336210756575, 36.93112027263514], [-76.2532794265486, 36.93057144024625], [-76.25326193940742, 36.930453406773275], [-76.25321093963468, 36.93010140651553], [-76.25319194032701, 36.929976406270534], [-76.25315493970324, 36.92973440648446], [-76.25312189869781, 36.92952199866939], [-76.25309893933358, 36.92937440645531], [-76.25308554359994, 36.92929004976194], [-76.25308500726355, 36.92928666838168], [-76.25306625195222, 36.92916856105028], [-76.25306487536719, 36.92915989329098], [-76.25290393956207, 36.928146405838106], [-76.25289593385055, 36.9280955786029], [-76.25289143816173, 36.928067039973755], [-76.25277193914785, 36.92730840577856], [-76.25266493901611, 36.92663140600408], [-76.25257393894337, 36.92607540564608], [-76.2525509177184, 36.9259339450182], [-76.25249793930323, 36.92560840587959], [-76.25248258564791, 36.92549785924516], [-76.25246793985494, 36.92539240537102], [-76.25245746509113, 36.92530435830842], [-76.25244345717327, 36.92518659847524], [-76.25243593896992, 36.92512340557643], [-76.2523999391615, 36.924656405156625], [-76.25239945674453, 36.92463478013249], [-76.25239422451098, 36.92440007641181], [-76.25239344534673, 36.924365101803254], [-76.2523929396957, 36.92434240550462], [-76.25239993959165, 36.92409640529469], [-76.25241609223556, 36.92387876957985], [-76.25241893879193, 36.92384040572577], [-76.25243818001395, 36.92369033010161], [-76.25244069508076, 36.9236707129536], [-76.25244319566626, 36.923651205496064], [-76.2524589390477, 36.92352840521313], [-76.25249963061266, 36.92332103023718], [-76.2525019171878, 36.92330938135495], [-76.25253370905894, 36.92314735911398], [-76.25254467397039, 36.92301733400978], [-76.25282863730158, 36.92172450652692], [-76.25282865383775, 36.921724441042855], [-76.25282885149701, 36.921723529928734], [-76.25282885796184, 36.92172350120842], [-76.25282965156397, 36.92171983247159], [-76.25282968348766, 36.92171974024048], [-76.25283101733298, 36.92171345072608], [-76.25283106686135, 36.921713219118814], [-76.25283253849896, 36.92170637158503], [-76.25283259318311, 36.92170611754209], [-76.25283412864093, 36.92169897287413], [-76.25283413507903, 36.92169894505468], [-76.25283451933751, 36.92169715506438], [-76.25283640256154, 36.92168839096919], [-76.25283673328443, 36.92168685414238], [-76.25283695212791, 36.921685834367246], [-76.25284451870587, 36.921650626298174], [-76.2528445837284, 36.92165032648289], [-76.25285097564753, 36.92162058261026], [-76.25285111229086, 36.921619949755005], [-76.25285229102998, 36.92161446129919], [-76.25285906957787, 36.9215829229743], [-76.25285910604275, 36.92158275331202], [-76.25286643556524, 36.9215486484965], [-76.25286686411424, 36.92154665203719], [-76.2528746402638, 36.92151047088545], [-76.2528747887946, 36.92150977786554], [-76.25287744551768, 36.92149741675819], [-76.25288122615747, 36.92147982574191], [-76.25288136151802, 36.92147919827038], [-76.25288178231916, 36.921477235915056], [-76.25288307149003, 36.921471241196166], [-76.25288343627156, 36.92146954006927], [-76.25288788489513, 36.921448843976016], [-76.25288952583655, 36.92144120827334], [-76.2528989391373, 36.92139740486575], [-76.25290872129368, 36.921351421779946], [-76.2529115819137, 36.92133797661356], [-76.25294223648285, 36.92119388336631], [-76.25294815348437, 36.921166069262355], [-76.25297929955555, 36.92101966887636], [-76.25300557105392, 36.92089617471532], [-76.2530086794627, 36.92088156520397], [-76.25303511648985, 36.92075729361342], [-76.25311513906928, 36.920381137506], [-76.25314893260733, 36.92022228475646], [-76.25322293938521, 36.91987440411864], [-76.25327732843789, 36.91963370470475], [-76.25328812946628, 36.91958590407062], [-76.25331693906963, 36.91945840399166], [-76.25337048695472, 36.9191614608866], [-76.25339644532282, 36.91901750944332], [-76.25342693914784, 36.91884840445846], [-76.25343090105525, 36.918826090999325], [-76.25347473134488, 36.91857923345359], [-76.2535095959037, 36.9183828715686], [-76.25353631027075, 36.918232409517536], [-76.25353631558636, 36.91823238167657], [-76.25360093944816, 36.917868404207994], [-76.25365627770316, 36.91760191651566], [-76.25366730097718, 36.91754883445589], [-76.25374435667203, 36.91717775732541], [-76.25377993913216, 36.91700640413761], [-76.25382436126849, 36.91679980224976], [-76.25382766575932, 36.916784436611316], [-76.2538405470182, 36.916724524292285], [-76.25385542673578, 36.91665532186175], [-76.25385939147907, 36.91663688164031], [-76.253860345777, 36.91663244619686], [-76.25389537585956, 36.91646952467493], [-76.2539280139905, 36.916317726338505], [-76.25392941886156, 36.916311192998], [-76.2539489389737, 36.916220403936286], [-76.25395184636781, 36.916208890381775], [-76.25395771962339, 36.91618563273724], [-76.25397393913677, 36.916121403524976], [-76.2539275476612, 36.91611062543845], [-76.25387493958874, 36.916098403528295], [-76.25325293932018, 36.915930403390554], [-76.25275093947549, 36.91578440353426], [-76.25193593858513, 36.91556740341564], [-76.25142979356397, 36.915444441453346], [-76.25140493867042, 36.915438403625394], [-76.2512867613555, 36.91541141283978], [-76.2512429386915, 36.915401403918665], [-76.250890938044, 36.91532340319163], [-76.25088691073839, 36.915322670835714], [-76.25082493797093, 36.91531140318506], [-76.25055093784447, 36.91526640318042], [-76.25042493844703, 36.91525040369543], [-76.25014893799029, 36.91522640340451], [-76.24996493772261, 36.91521940395815], [-76.24981593842288, 36.91521940369409], [-76.24944693846807, 36.91522840359507], [-76.24916469474222, 36.915228403994725], [-76.24914500298901, 36.91522840369748], [-76.24909893804006, 36.91522840404575], [-76.249023685651, 36.915224172350975], [-76.2489512842551, 36.915220101567606], [-76.24884993798865, 36.91521440377783], [-76.24869227140591, 36.91519656828565], [-76.24822398439173, 36.91514359518905], [-76.24817839266228, 36.915138437569674], [-76.24697593718219, 36.915002403382026], [-76.24609931216557, 36.914901776147474], [-76.24606993667393, 36.91489840329367], [-76.24594589925935, 36.914884799100044], [-76.24567679495344, 36.91485528330668], [-76.245636449859, 36.91485085808112], [-76.24505793607128, 36.91478740339433], [-76.24407293616984, 36.91472140385606], [-76.24398304741638, 36.914716500425925], [-76.24392304049884, 36.91471322777474], [-76.243632935661, 36.914697403499964], [-76.24331593613189, 36.91468040326734], [-76.2429269360628, 36.9146684040923], [-76.24251493533754, 36.9146674039428], [-76.24186493572908, 36.914691403626875], [-76.24179519052284, 36.91469537464039], [-76.24172467279138, 36.914699390261646], [-76.24166193515191, 36.91470296221212], [-76.24158393530787, 36.91470740366705], [-76.24150892510433, 36.914711570807235], [-76.24149232662703, 36.91471249307784], [-76.24141971025762, 36.914716527684206], [-76.24141248034914, 36.91471692868739], [-76.24140808279292, 36.914717173191335], [-76.24140393486257, 36.9147174035628], [-76.24141293519753, 36.914805403754556], [-76.2414779350514, 36.91543440430671], [-76.24159164667994, 36.916157041668775], [-76.24167793600007, 36.91670540395634], [-76.24185693578701, 36.91787440482318], [-76.24201293537294, 36.91888640463376], [-76.24209593555821, 36.919421404389325], [-76.24211793585748, 36.91956340494763], [-76.2422059363987, 36.92012840462629], [-76.24224293581013, 36.92036640477023], [-76.24236393614245, 36.92115640547218], [-76.24236916798284, 36.92119038500588], [-76.24245693627778, 36.92176040509511], [-76.24249493657166, 36.92200940487884], [-76.24259393600198, 36.92264340550785], [-76.24263493655555, 36.92290240589359], [-76.24265493612221, 36.92302740581719], [-76.24271593646901, 36.92331440559833], [-76.24276093613042, 36.92363840598617], [-76.2427849358527, 36.92385240595017], [-76.24282893597366, 36.924172405732754], [-76.24290393664455, 36.92465940606978], [-76.24295993669678, 36.92502540614073], [-76.24303893703413, 36.92554640634655], [-76.24311093637175, 36.92602340579959], [-76.24318393640715, 36.926499405840545], [-76.24331602249943, 36.927361582619874], [-76.24332993637964, 36.927452406232845], [-76.24344893678055, 36.928239406688725], [-76.2434739365464, 36.92840240694417], [-76.24350993713807, 36.928630406383306], [-76.243585936722, 36.92919040674654], [-76.24359466969429, 36.92924209417751], [-76.2436229369127, 36.929409407070786], [-76.24364893656191, 36.92955540671741], [-76.2436759363638, 36.929667406802075], [-76.24368593690289, 36.92971140729711], [-76.24375093658809, 36.93013340698193], [-76.24384893704647, 36.93076840715082], [-76.2439289373549, 36.93129740727217], [-76.24394277299281, 36.93138823017168], [-76.2439679368394, 36.931553407524916], [-76.2439769380465, 36.931609830468815], [-76.24400893685242, 36.93181040700826], [-76.2440799376503, 36.93225840720707], [-76.24411993755025, 36.93250840720366], [-76.24414493744703, 36.932666407319566], [-76.24416425638881, 36.9327884913635], [-76.24421693734872, 36.933121407698266], [-76.24423481966012, 36.93323650285289], [-76.24432693679084, 36.93382940804827], [-76.24438505234461, 36.93421351477255], [-76.2444549377759, 36.934675407723006], [-76.24448893783602, 36.934897407535665], [-76.2445272444298, 36.93513942922647], [-76.24453744586712, 36.93520388022496], [-76.24459424115967, 36.93556270227262], [-76.24461793703951, 36.93571240801815], [-76.2446336172763, 36.93581506334782], [-76.24464653834083, 36.93589966171691], [-76.24475125375056, 36.93658525379936], [-76.24477693769393, 36.936753408176955], [-76.24489569812704, 36.936742462852834], [-76.24490406061715, 36.93674169212207], [-76.2449939379696, 36.936733407934085], [-76.24530352950576, 36.936704552966255]]]}, "properties": {"OBJECTID": 486, "PERIMETER": 25313.371, "PRECINCTS": 10, "PRECINCTS1": 31, "ELECTION": 0, "ELECTION_I": 0, "PRECNAME": "Crossroads", "SUPWARD": 6, "WARD": 5, "ADDRESSNUM": 8044, "POLLPLACE": "Crossroads Community Center", "ADDRESSSTR": "Tidewater Drive", "PRECNUM": 511, "POLLADDRESS": "8019 Old Ocean View Road", "NAME_1": "Crossroads", "NAME_2": " ", "created_user": "CSIEMER", "created_date": 1662571027000, "last_edited_user": "CSIEMER", "last_edited_date": 1687295475000, "Shape__Area": 24058474.32638159, "Shape__Length": 25397.357213869724, "NORFOLKGIS.Precincts.AREA": null}}, {"type": "Feature", "id": 487, "geometry": {"type": "Polygon", "coordinates": [[[-76.29579695485243, 36.96361441221255], [-76.29572595441934, 36.96364041182211], [-76.29562361036416, 36.96366043924769], [-76.2956029848302, 36.9636530410131], [-76.2955985804746, 36.96365146130908], [-76.29559661729198, 36.963650757509235], [-76.29557402526558, 36.96364265360486], [-76.29540402217648, 36.96358167209123], [-76.29519449261734, 36.96350651192625], [-76.29513068325343, 36.963455104598964], [-76.29507322528633, 36.963408813443415], [-76.29488292289395, 36.963255497385944], [-76.29470025548606, 36.963108331726296], [-76.29462160650768, 36.96304496423852], [-76.29443480973012, 36.96300191535877], [-76.29412017551398, 36.96292940449458], [-76.29405575656621, 36.96299480694435], [-76.29367208900834, 36.9633843322859], [-76.29367329081273, 36.96343789478547], [-76.29367947953266, 36.963713613786766], [-76.29368631153743, 36.96401799641859], [-76.2936939319349, 36.964357475712106], [-76.29369731943589, 36.964508372133366], [-76.29369972499111, 36.964652759432724], [-76.29370537875022, 36.964991965667714], [-76.29371240388113, 36.9654134675551], [-76.29371360430655, 36.96548551153103], [-76.29371510996994, 36.965575843540094], [-76.29374382012487, 36.96559403881467], [-76.29376917420716, 36.965610103411564], [-76.29386835717317, 36.96567294798258], [-76.29397332846688, 36.96573946050012], [-76.29397550562976, 36.96574084075472], [-76.29397444781024, 36.96574082992924], [-76.29393395428414, 36.96574041299543], [-76.29388831411869, 36.96574149132409], [-76.29383085112326, 36.965742848142895], [-76.29380695474244, 36.96574341307167], [-76.29372195472027, 36.96578941244018], [-76.29368195382168, 36.965825412439266], [-76.29356995426701, 36.96582541266418], [-76.29357595406921, 36.96566141257937], [-76.29357077170643, 36.96564975180547], [-76.29356395429402, 36.965634412552035], [-76.29346095417984, 36.96561041238195], [-76.29327295464259, 36.96557741281936], [-76.2930129539016, 36.96557741290086], [-76.29300395401619, 36.96559241304568], [-76.29300395415409, 36.965628412517084], [-76.29286195420947, 36.96562841251268], [-76.29286195441867, 36.96556141252626], [-76.29284595396155, 36.9655374127957], [-76.29277695389271, 36.96553441265831], [-76.29267695365233, 36.96553441275181], [-76.292630954319, 36.96551941257712], [-76.29259495387531, 36.96551341263895], [-76.29255295419665, 36.965492413218136], [-76.29252499125931, 36.965458457845095], [-76.2925249543752, 36.96545841298621], [-76.2925129533532, 36.9654224127267], [-76.29250695372271, 36.965362412776294], [-76.29248295402928, 36.965310412603685], [-76.29230195340297, 36.96523341306274], [-76.29215195423092, 36.965172412936816], [-76.29204695327246, 36.965144412467616], [-76.29190095338343, 36.96512841274884], [-76.29179195388781, 36.96510441294358], [-76.29169895370022, 36.965019412709744], [-76.2915979532029, 36.96494641254657], [-76.29154895330299, 36.96491341309666], [-76.29154095334542, 36.96479241282886], [-76.29157695365845, 36.96475641234652], [-76.29157695301582, 36.96467141302912], [-76.2915769537291, 36.9645904121772], [-76.2915369531229, 36.964569412955356], [-76.29141095384594, 36.964569412333255], [-76.29141595346704, 36.96461841229286], [-76.29113195317969, 36.96457441273321], [-76.2911279533746, 36.96446841228997], [-76.29096595373477, 36.964416412483935], [-76.29096195354258, 36.96432341236381], [-76.2908489533877, 36.964302412869365], [-76.29075995345102, 36.964294412809146], [-76.29065895300121, 36.96416941223622], [-76.29060995292332, 36.964104412223506], [-76.2905619532897, 36.96409241213273], [-76.29022995355132, 36.964149412188334], [-76.29026295311996, 36.96427541249591], [-76.29014095263037, 36.964339412924666], [-76.28980895292545, 36.96436341295329], [-76.28886995221843, 36.96420141266838], [-76.28887795297544, 36.96408041276883], [-76.28791495269826, 36.96366741267647], [-76.28790695274414, 36.96375641238404], [-76.28797195220334, 36.9638784128657], [-76.28802895203158, 36.96397541230491], [-76.28797995294235, 36.964363412518146], [-76.28793195221009, 36.96450941296094], [-76.28778688956167, 36.964538652488145], [-76.2872919516784, 36.96463841312456], [-76.28723595207516, 36.96475241318826], [-76.28701695170426, 36.96478441249777], [-76.28694395173491, 36.96483241298929], [-76.28685895197917, 36.964938412982974], [-76.28659582740086, 36.964884086139], [-76.28645695249709, 36.96485541255397], [-76.28624026328669, 36.964810661414], [-76.28559807651264, 36.96467803397483], [-76.28486395169513, 36.96452641320082], [-76.28483140260614, 36.96451981065776], [-76.28468223678937, 36.964489551243126], [-76.28451395082429, 36.964455412579284], [-76.28449695142665, 36.96464541253126], [-76.28449371719934, 36.96469972184335], [-76.28445672075999, 36.96532096381658], [-76.28445450338745, 36.96535817358989], [-76.28445438790301, 36.96536012466871], [-76.28445314894996, 36.96538093634291], [-76.28444959494371, 36.96544060724776], [-76.2844492709267, 36.96544603906893], [-76.28444895084156, 36.965451413276895], [-76.28438721161241, 36.96545038285422], [-76.28434891286236, 36.96544974346483], [-76.28390995146086, 36.965442413308864], [-76.28384895133692, 36.96544641261544], [-76.28382995162434, 36.96547541294826], [-76.28382982241443, 36.96547587471594], [-76.28382690757483, 36.96548623685355], [-76.28382095121856, 36.96550741302906], [-76.28379695168206, 36.96551741305819], [-76.28377666268803, 36.96552129783923], [-76.28375257253855, 36.965525910506074], [-76.28374995069778, 36.965526412740495], [-76.2836386726663, 36.96550521703018], [-76.28338610367759, 36.96545710931495], [-76.28274195042468, 36.96533441274352], [-76.28271395046961, 36.965268413484345], [-76.28255495087504, 36.965240413214715], [-76.282540951148, 36.96530641304068], [-76.28253513063262, 36.965312233383386], [-76.2825341215766, 36.96531324281648], [-76.28249895080309, 36.96534841348034], [-76.28242795119604, 36.96536741331615], [-76.28233895042196, 36.965348412943776], [-76.28214666456853, 36.96528343344872], [-76.28204895011271, 36.96525041278955], [-76.28192400393282, 36.965205965721935], [-76.28179595069645, 36.96516041344125], [-76.28152795068901, 36.96508141298792], [-76.28138795033014, 36.965048412657225], [-76.2812367745802, 36.96506905604793], [-76.28119095011364, 36.965081412849564], [-76.28112095012315, 36.96510041272732], [-76.28101295061307, 36.965095413473605], [-76.28090994993671, 36.965076412897865], [-76.28017395021197, 36.96513241341222], [-76.2799249504864, 36.96510041344959], [-76.27972394981033, 36.96510941348543], [-76.27955994995133, 36.96512841284418], [-76.27951396506066, 36.96512209240493], [-76.2793489495476, 36.96509941303898], [-76.27914194965328, 36.965067412930594], [-76.27909935767495, 36.9650466705617], [-76.27898795022448, 36.96499241313295], [-76.27895247537839, 36.964976804965886], [-76.27891294951962, 36.96495941310841], [-76.27888895011579, 36.96497341330493], [-76.27887495008875, 36.96503441288036], [-76.27887491879845, 36.9650347521039], [-76.278874875898, 36.96503521910195], [-76.27886594975821, 36.96513241323435], [-76.27886594966816, 36.965170412956496], [-76.27884889690432, 36.96518746564395], [-76.27883294927072, 36.96520341339373], [-76.27880494987471, 36.96520741311592], [-76.27877194946117, 36.96520341342508], [-76.27863594998117, 36.96517041324519], [-76.27812094938992, 36.965039412972956], [-76.27800294934087, 36.96501041339625], [-76.27781894919042, 36.96492941277987], [-76.27765386915533, 36.964855519661754], [-76.27740200830725, 36.96474278180254], [-76.27659694898287, 36.964382413330625], [-76.27646294930504, 36.96432541349438], [-76.27636735282843, 36.96427282789908], [-76.27593968634767, 36.964037572000095], [-76.27589394893144, 36.964012412668616], [-76.27537394890915, 36.96373141304489], [-76.27525856975718, 36.96371317385401], [-76.27519296483248, 36.96370280302914], [-76.27518486440776, 36.96370152310305], [-76.27496127650973, 36.963666177686456], [-76.27481094790029, 36.96364241314315], [-76.27467994792572, 36.96359041286395], [-76.27465973170723, 36.963578592957994], [-76.27458492722221, 36.96353485675636], [-76.2745248054356, 36.963499704396376], [-76.27451950705316, 36.96349660710685], [-76.27443194824924, 36.963445413150346], [-76.2743279477084, 36.963435413191355], [-76.27426683511847, 36.963519185249], [-76.27423894787819, 36.96355741265411], [-76.27423663863469, 36.96356466911598], [-76.27423652601799, 36.96356502302431], [-76.27419694760323, 36.96368941336084], [-76.27416394862661, 36.9637684128358], [-76.2740939482157, 36.96381041318917], [-76.27398194802485, 36.96385741263362], [-76.27394286414138, 36.9638860746026], [-76.27389194774386, 36.96392341270244], [-76.2738269476204, 36.964026412815294], [-76.27381044931998, 36.96404868517751], [-76.27374694851802, 36.96413441281394], [-76.2736379479501, 36.964210413372804], [-76.27350794848849, 36.96427041280363], [-76.27342275697805, 36.96430860177844], [-76.27336294768182, 36.964335412822145], [-76.27331182723665, 36.96436893494275], [-76.27327691236192, 36.96439182936365], [-76.27324094827763, 36.9644154132864], [-76.27321742428535, 36.964433537880616], [-76.27313627356217, 36.96448217066171], [-76.27309594750537, 36.964500413391626], [-76.27296894738176, 36.96450941296365], [-76.27290792564696, 36.964505781531166], [-76.27288494776333, 36.96450441354796], [-76.27255010100686, 36.96442371567624], [-76.27252394789123, 36.9644174129047], [-76.27240578219987, 36.96436007819043], [-76.2723549472625, 36.96433541312289], [-76.27216007608486, 36.96423797754], [-76.272068301251, 36.96419209032407], [-76.27199894742414, 36.96415741348159], [-76.27194876232858, 36.96412345844451], [-76.27191465583508, 36.964100381884535], [-76.27188498557587, 36.96408030707185], [-76.27176394783147, 36.96399841274795], [-76.27158661070507, 36.96384556245513], [-76.27152494710974, 36.96379241329944], [-76.27152158358814, 36.963787848150936], [-76.2715175158063, 36.9637823277316], [-76.27151065264066, 36.963773013680445], [-76.27148294729106, 36.96373541286877], [-76.27145494745496, 36.9637264131299], [-76.27143901795372, 36.963738150865424], [-76.27143653105728, 36.96373998309507], [-76.27143594779632, 36.96374041281215], [-76.27139102421852, 36.96378854548758], [-76.27136594757903, 36.96381541329589], [-76.27128594709994, 36.96384841348001], [-76.27123894725409, 36.96383941331892], [-76.2711549474553, 36.96376841280674], [-76.27108894718685, 36.96372641316384], [-76.27100994659983, 36.96369841321491], [-76.27096294754966, 36.963696412967025], [-76.27084094742382, 36.96369341314627], [-76.27074694655124, 36.963642413398404], [-76.27066294720652, 36.96356741316729], [-76.2706342073466, 36.96353253810047], [-76.2705739470196, 36.963459412803026], [-76.27052321403805, 36.963346304073916], [-76.27052225275422, 36.96334415952961], [-76.27051294733465, 36.96332341306377], [-76.27045694677568, 36.96325341325941], [-76.27040994735346, 36.963220412982466], [-76.27035739685682, 36.96323156004612], [-76.27034394726326, 36.96323441300392], [-76.27032094660532, 36.96325741342424], [-76.2702904913344, 36.96327879608706], [-76.2702872190439, 36.963281093832485], [-76.27027394638716, 36.96329041293445], [-76.27021294709816, 36.96333241308924], [-76.27026179447033, 36.963274405953534], [-76.27026279429307, 36.963273218878804], [-76.27026941012797, 36.96326536359594], [-76.27028501284288, 36.96324683433515], [-76.27031354690381, 36.96321295115865], [-76.27032331354246, 36.96320135363746], [-76.27035951798419, 36.96315836062257], [-76.27036019890681, 36.96315755148403], [-76.27048494646783, 36.96300941319553], [-76.27043182046714, 36.962886338616876], [-76.27036494690428, 36.96273141321724], [-76.27068594696782, 36.962782412825405], [-76.27084494757595, 36.96282541275276], [-76.27088974975052, 36.962895018068586], [-76.27090094656344, 36.962912413014344], [-76.27083994752468, 36.963050412612276], [-76.27078145873658, 36.963113266872384], [-76.2707806978473, 36.96311408351132], [-76.27077294711414, 36.96312241306391], [-76.27074794735545, 36.96317941307419], [-76.27075794732256, 36.96322541274599], [-76.27076794755344, 36.96325541316829], [-76.2708269470072, 36.963243412865744], [-76.27095320559027, 36.96319588620392], [-76.27117859857337, 36.96311104205794], [-76.27135294673062, 36.96304541280666], [-76.27155794778652, 36.962953413207615], [-76.27158794744399, 36.96290741249327], [-76.27159047905083, 36.96289848555317], [-76.27159216718907, 36.96289253336594], [-76.27162594674532, 36.96277341331939], [-76.27119017610555, 36.96271760593373], [-76.27074815746943, 36.962660996169014], [-76.27068894746478, 36.9626534129518], [-76.27033894668799, 36.96259841316162], [-76.26989695392697, 36.962508463619464], [-76.26976894667719, 36.96248241257718], [-76.26947499099239, 36.962407519697884], [-76.26929794625607, 36.96236241260032], [-76.26905201926454, 36.96228377396182], [-76.26895394618124, 36.96225241288162], [-76.26860894624785, 36.962129412583785], [-76.26818894634808, 36.96196441311989], [-76.26793194560615, 36.96185741317485], [-76.26761594639208, 36.96170541252892], [-76.26720594531317, 36.96147541236267], [-76.26710494528608, 36.9614074130519], [-76.26698694623362, 36.96132841242128], [-76.26677094588877, 36.96119741237877], [-76.26667163089321, 36.96112074647933], [-76.26617894561642, 36.9607404126726], [-76.26587148304434, 36.96042721729635], [-76.26569460472051, 36.96024703966406], [-76.26548194554994, 36.96003041209686], [-76.26528394494915, 36.95981041209714], [-76.26510994499546, 36.95957541204259], [-76.26493386496068, 36.959310374656724], [-76.2649179453466, 36.95928641212519], [-76.26482875013504, 36.959132861823065], [-76.26475994548883, 36.95901441244846], [-76.26467194498674, 36.95884841249049], [-76.26450594507803, 36.958490412295596], [-76.26436194489918, 36.95813741256904], [-76.26428194526467, 36.957911412464355], [-76.26422694433717, 36.9577184124813], [-76.26445594426237, 36.95765241190372], [-76.26443394501537, 36.957539411974], [-76.26465194535561, 36.95749041176648], [-76.26511694546979, 36.95744041192321], [-76.265284127583, 36.957436589513655], [-76.26577036926196, 36.957425471898596], [-76.26577893245066, 36.9574252767273], [-76.26594794537472, 36.95742141153848], [-76.26594753828513, 36.95740543427392], [-76.26594394544938, 36.95726441194635], [-76.26588294552636, 36.95720141218544], [-76.2658393876482, 36.957152758189565], [-76.2658259818239, 36.95713778329306], [-76.26569494550172, 36.95699141228547], [-76.26566975302714, 36.956965479064394], [-76.26546888644201, 36.956758704609186], [-76.26516916520418, 36.95639657097005], [-76.26512094445636, 36.95626441188955], [-76.26505994517136, 36.95606341134587], [-76.265071945177, 36.95558041150305], [-76.26507253318081, 36.955562842395736], [-76.26507872334457, 36.95537785780158], [-76.26508894493278, 36.95507241167567], [-76.26512294536947, 36.95499141186973], [-76.26516594433106, 36.9548544115987], [-76.26528754131036, 36.95465222071289], [-76.26528845070922, 36.95465070927267], [-76.26533794440564, 36.954568411087365], [-76.26544194464195, 36.954452411612685], [-76.26550894463398, 36.95437782728461], [-76.26554794546303, 36.954334411167025], [-76.26584994551958, 36.95415841118447], [-76.26595383939215, 36.95407678021883], [-76.26596127490568, 36.95407093818347], [-76.26600276293466, 36.95403834051465], [-76.2660826816834, 36.95397554689457], [-76.26612994484904, 36.95393841142817], [-76.26616494471286, 36.953848411245104], [-76.26618168982856, 36.95380554567396], [-76.26621494564421, 36.953720411285246], [-76.26622223646892, 36.95363735982711], [-76.26622235694295, 36.95363597851581], [-76.26622580678081, 36.953596685816066], [-76.26623056111796, 36.9535425200865], [-76.26623322456426, 36.953512184665136], [-76.26623412603453, 36.95350191447669], [-76.26623794485883, 36.95345841128505], [-76.26618494505391, 36.95344741114655], [-76.266104945105, 36.95350441109327], [-76.26605625732941, 36.953532051516845], [-76.26605320868536, 36.95353378282231], [-76.26604405711359, 36.95353897753263], [-76.26595158162215, 36.95359147693133], [-76.26591294541292, 36.95361341148887], [-76.26570994480909, 36.9537244109364], [-76.26563594504006, 36.953644411181905], [-76.26557502299903, 36.953584323187826], [-76.26556294488176, 36.95357241108147], [-76.26552454713777, 36.95352910812959], [-76.26544606485794, 36.95344059889568], [-76.26537064144559, 36.95335553867391], [-76.26497594457025, 36.95291041060603], [-76.26493016187416, 36.95286570247855], [-76.26478924220969, 36.95272809121107], [-76.26476294448288, 36.95270241076736], [-76.26470976501675, 36.95291770402955], [-76.26469214689702, 36.95298902883513], [-76.26463894419213, 36.95320441086404], [-76.26456901985914, 36.95348739943318], [-76.26455876285081, 36.953528908070595], [-76.26455394417864, 36.953548411320334], [-76.26449307093674, 36.953797777798144], [-76.26444529237547, 36.953993502162646], [-76.26443994441668, 36.95401541101415], [-76.26442260658652, 36.95408563152933], [-76.26431994429103, 36.954501410963424], [-76.26410794427217, 36.95508041182199], [-76.26391913478649, 36.95554273127872], [-76.26389394474839, 36.95560441159681], [-76.26387357338524, 36.95565040237345], [-76.26383472451867, 36.95573811228744], [-76.26380698373487, 36.95580074190487], [-76.26373094400319, 36.95597241196805], [-76.26372442275579, 36.955991974754845], [-76.26364194400146, 36.956239412133314], [-76.26351194483243, 36.95673541211318], [-76.26346894395054, 36.95655041150304], [-76.26349394395277, 36.95621841180236], [-76.26340894467138, 36.956146412050536], [-76.26338992661275, 36.95613194847353], [-76.26333794426054, 36.956092411982205], [-76.2632506534412, 36.9560404393], [-76.26320377961376, 36.95601253110861], [-76.26303394454617, 36.9559114114052], [-76.2628407151134, 36.95577940091927], [-76.26246894462221, 36.955525412114326], [-76.26240294399052, 36.95547641182608], [-76.26195394419646, 36.95515041174072], [-76.2617039441542, 36.954978411384026], [-76.26163997106225, 36.954934869166394], [-76.261508068191, 36.95484508993477], [-76.26139394321227, 36.954767411808085], [-76.2610849439227, 36.95455541190217], [-76.26085194310218, 36.954395411409685], [-76.26032594334553, 36.954024411676684], [-76.26030921386969, 36.95403951190244], [-76.26030204915232, 36.95403454682315], [-76.26029940297238, 36.95403671559999], [-76.2603067052841, 36.95404177523943], [-76.25993594272882, 36.95437641120339], [-76.25979437251974, 36.954504322121494], [-76.2595939425965, 36.954685411907626], [-76.25935194301674, 36.95487741187307], [-76.25927389714089, 36.95495089451581], [-76.25917516062948, 36.95504385627624], [-76.25911182968538, 36.95510348391098], [-76.25900994335565, 36.95519941142043], [-76.25865694248971, 36.95552541156574], [-76.25854436965746, 36.95562941501197], [-76.25847887078619, 36.95568992851477], [-76.25837174657008, 36.955788897843846], [-76.25836794292928, 36.955792411895565], [-76.25831994295635, 36.95583541172674], [-76.25831970385072, 36.95583563521573], [-76.25829712291548, 36.955856775484776], [-76.25827294324274, 36.95587941219641], [-76.25827159222732, 36.9559609270351], [-76.25826929262192, 36.95609965624947], [-76.25826694274299, 36.956241412204996], [-76.25826694314935, 36.95626887513866], [-76.25826694286137, 36.956394579221836], [-76.25826694275385, 36.95650741175137], [-76.25828394264937, 36.9567884123214], [-76.25830694276291, 36.95693741172417], [-76.2583739432104, 36.95720641260205], [-76.2584427598858, 36.95741196820272], [-76.2584509432656, 36.95743641246961], [-76.25848867986262, 36.95753106338736], [-76.25851194268547, 36.957589412513755], [-76.25860194244066, 36.95776641252089], [-76.25878594331405, 36.95804941197447], [-76.2589309434164, 36.95824041244653], [-76.25896394613986, 36.95827852023052], [-76.2590175882288, 36.958357298049606], [-76.25908951032385, 36.958423508416885], [-76.25911194339778, 36.95844941213707], [-76.25925894270645, 36.95859741258778], [-76.25939334882325, 36.95870244893994], [-76.25952894316906, 36.95880841274055], [-76.25964194303126, 36.95888641277029], [-76.25987994324606, 36.95902841294625], [-76.25979894372519, 36.9590744128822], [-76.25969894369487, 36.959028412259286], [-76.25962794349486, 36.95903041292603], [-76.25931203142663, 36.959330665662506], [-76.25926117977178, 36.959378995453605], [-76.25904294357966, 36.95958641230158], [-76.25886294326062, 36.959779412543654], [-76.25861976076496, 36.95998875815002], [-76.2586900467318, 36.96003191748501], [-76.2588250953656, 36.96011484348404], [-76.25899943677487, 36.960255086122224], [-76.25909567092256, 36.96015757257896], [-76.25956677737295, 36.96030351143407], [-76.25975896783986, 36.96040333030048], [-76.25994724994095, 36.96051955864168], [-76.26062985065266, 36.96093848219262], [-76.26068273824337, 36.96088660222328], [-76.26085217733554, 36.96094546234328], [-76.26144143361053, 36.96127949594153], [-76.26222841836429, 36.9617580913346], [-76.26238421436463, 36.96181531593044], [-76.26284295695963, 36.96204795300369], [-76.26331961767883, 36.96236953255308], [-76.26361070024804, 36.962598979032926], [-76.26366004361243, 36.96255115141134], [-76.26393005460316, 36.96268266390555], [-76.26421587729025, 36.96285843422848], [-76.26439676261644, 36.96299374617131], [-76.26449457523334, 36.963043685110094], [-76.26475507065074, 36.96326567796609], [-76.26506458765422, 36.963450826272755], [-76.26511678393167, 36.96353835926007], [-76.26520848455966, 36.96344737881204], [-76.26540467929433, 36.96352803264922], [-76.26591434303782, 36.963892124732176], [-76.26642658323303, 36.96428511169429], [-76.26651174323945, 36.96418370251411], [-76.26694435262071, 36.96437461631068], [-76.26795814193024, 36.965059409990964], [-76.26801578437428, 36.96496228545845], [-76.26879502600659, 36.96524150347094], [-76.26983475645582, 36.96586014888131], [-76.27010042587047, 36.96579100591337], [-76.27039791441426, 36.96592027755605], [-76.27074171550416, 36.96610468570635], [-76.27120820993343, 36.96642466575605], [-76.27131270564196, 36.96636414227854], [-76.27149144468707, 36.96622397899961], [-76.27200057202562, 36.96637511383969], [-76.27300370251702, 36.96684261815339], [-76.27311457700874, 36.96679801119625], [-76.27348555096198, 36.966873718793714], [-76.27386473345517, 36.96701963739054], [-76.27461208949592, 36.96733667655033], [-76.27465009411739, 36.967325032425684], [-76.27467497564386, 36.96729390849035], [-76.27485635960734, 36.96729665301343], [-76.27497244517814, 36.967307776958954], [-76.27529873520388, 36.9673895019125], [-76.27540662497448, 36.96744648961566], [-76.27573217128676, 36.967553611467], [-76.27601822115534, 36.967723174942584], [-76.27617057864182, 36.96778169040489], [-76.27618173148687, 36.96775167938943], [-76.27630568867198, 36.96772792287578], [-76.27666012361033, 36.96778407522893], [-76.27695461329468, 36.96789953643773], [-76.27732764857703, 36.968021974910656], [-76.27767572278246, 36.96817828349081], [-76.27775092625862, 36.96818245072207], [-76.27777051159396, 36.96821510219964], [-76.27785157326807, 36.96825303699136], [-76.27796003197804, 36.96817403785917], [-76.27816799015866, 36.968087990057484], [-76.27832936772383, 36.968072493461236], [-76.27854125075447, 36.96808611089802], [-76.27869097303315, 36.96811778562948], [-76.2787989066582, 36.968173397300816], [-76.27919642365045, 36.968278435126], [-76.27935913015082, 36.96833439351675], [-76.27954108202559, 36.96843467269914], [-76.2796530424915, 36.968469754394576], [-76.27969382493517, 36.968480139942336], [-76.27983161113481, 36.968451832865], [-76.27990307099665, 36.968466918387506], [-76.28040506428079, 36.96862887012109], [-76.28072106069395, 36.96871175835591], [-76.28121830797032, 36.968918949301965], [-76.28128638673157, 36.96893259651637], [-76.28129487984337, 36.968876435897336], [-76.28137441114666, 36.9688497755638], [-76.2814628576768, 36.968752537985885], [-76.28152503735033, 36.968733792364546], [-76.28168301480517, 36.96871754019101], [-76.28183352375088, 36.96872243898394], [-76.28220858113397, 36.968776216878744], [-76.28237847672958, 36.968820629408626], [-76.28259515546542, 36.968904388378974], [-76.28277547844282, 36.96894350307819], [-76.28297498861504, 36.969028997335315], [-76.28307758964684, 36.969032991572796], [-76.28307859434965, 36.96899866856351], [-76.28319170259024, 36.96899461865994], [-76.28334528620347, 36.9688944871072], [-76.28341753185245, 36.96888279856671], [-76.28371168647965, 36.96889314903203], [-76.28420483046295, 36.969006838902594], [-76.28446261651338, 36.96908999413547], [-76.28457250469674, 36.96907901386786], [-76.28470099638827, 36.96913432036121], [-76.28474540272205, 36.969137903999375], [-76.28474531378261, 36.969023887116535], [-76.28479326257002, 36.969023416419105], [-76.28486989277559, 36.96897884130648], [-76.2850787608184, 36.96874444050414], [-76.28522963137785, 36.96873697866286], [-76.28587501199928, 36.96879652017909], [-76.28603816599754, 36.9688373680976], [-76.28643465322942, 36.96897807651773], [-76.28647249635056, 36.9689719202611], [-76.28647592719307, 36.968854534568855], [-76.28657288783558, 36.96881720932206], [-76.28666193059581, 36.96869937493389], [-76.28676405712436, 36.96860239180706], [-76.28684356727776, 36.968576414258045], [-76.28725046758115, 36.968595058648006], [-76.28775490366579, 36.968673917250015], [-76.2880762086305, 36.96880977194096], [-76.28812049464383, 36.9688174730716], [-76.28815209491172, 36.96879059374881], [-76.28819670168335, 36.96878731147387], [-76.28847109855938, 36.96853628009375], [-76.28857480163987, 36.968502514175654], [-76.2891445175394, 36.968573665150146], [-76.28952590254009, 36.968645395444014], [-76.28992491472376, 36.968817047146345], [-76.28992711823672, 36.96874153639668], [-76.29018913702618, 36.96867983575682], [-76.29086241599532, 36.968839465397], [-76.29148228517138, 36.96906952036502], [-76.29202967456031, 36.96920205341371], [-76.29225471115568, 36.96923443755097], [-76.2926052226946, 36.96930832564094], [-76.29322051710717, 36.96946067282964], [-76.29368574008183, 36.96947558111367], [-76.29378229804932, 36.969451978265255], [-76.29380715238963, 36.96942153765034], [-76.29387052667113, 36.96924414769989], [-76.2939271192884, 36.96918202005769], [-76.29410912634448, 36.969046005410505], [-76.29424742802485, 36.96899983253673], [-76.29439755850464, 36.96901775803632], [-76.29459792040592, 36.969074402053764], [-76.29473638687975, 36.96914018701553], [-76.29482708351993, 36.969200268439614], [-76.2948628274026, 36.96926618801314], [-76.29486373106515, 36.969352746399096], [-76.29483589480327, 36.969368021818596], [-76.29469903203275, 36.96936476920747], [-76.29467033620189, 36.969409562460335], [-76.29470351749256, 36.969445900052726], [-76.29509081240474, 36.96943255515268], [-76.29543634181876, 36.96944246553258], [-76.2954777064218, 36.96943293820236], [-76.2954796246727, 36.96936703782307], [-76.29540121681052, 36.969355265803486], [-76.29529141085342, 36.96936351035696], [-76.29524398149759, 36.969346137314574], [-76.29522068649396, 36.96932303507907], [-76.29520911654988, 36.96925001351848], [-76.29526070245137, 36.96912460242624], [-76.29538681403687, 36.969026686985686], [-76.2954770262856, 36.968985794718996], [-76.29569103170697, 36.968926615343356], [-76.29592417174268, 36.96891587358858], [-76.29626247641447, 36.968938696108275], [-76.29653466271085, 36.968998055144716], [-76.29673138445406, 36.96906218161291], [-76.29696825380904, 36.96915865503434], [-76.29705873260001, 36.96922628582601], [-76.29711017112041, 36.96934126399241], [-76.2971017772277, 36.96951212998495], [-76.29705217092736, 36.969569581189276], [-76.29688479588725, 36.969673593939014], [-76.29688381740047, 36.969707230602175], [-76.29694425677461, 36.96974819907137], [-76.29764370326674, 36.96957738573109], [-76.2987063984264, 36.96902182120366], [-76.29906295591844, 36.96883541286979], [-76.2994051699518, 36.968706227482365], [-76.29940941439136, 36.96870462494907], [-76.29946295645155, 36.968684413086976], [-76.29936695613391, 36.96855941298157], [-76.29897695560665, 36.968242413413044], [-76.29894022275276, 36.96821428327677], [-76.29870795628699, 36.96803641340868], [-76.29840895549644, 36.96783641314285], [-76.29810795532086, 36.967659413422346], [-76.29805247652861, 36.96763084375534], [-76.29786422742878, 36.96751671827129], [-76.2975086916024, 36.96732026496665], [-76.29761971814953, 36.96708235034081], [-76.29765795551602, 36.96700041333948], [-76.29784895531385, 36.966689412785705], [-76.29807795613486, 36.96639041285412], [-76.2982808145578, 36.96617481726715], [-76.29871387659058, 36.965714559626306], [-76.29871701876999, 36.965711764724475], [-76.29891395623704, 36.965554412246135], [-76.29903395570989, 36.965534412140066], [-76.29920195560312, 36.965502412465746], [-76.29919495561596, 36.96546641277692], [-76.29907324369027, 36.96539486502489], [-76.29906959139406, 36.96539271814915], [-76.29904695645668, 36.96537941237777], [-76.29903834955877, 36.96537393510711], [-76.29894204474962, 36.96531265049036], [-76.29863995629596, 36.96512041211628], [-76.29862346785661, 36.96510015733413], [-76.29853498366884, 36.9649914647803], [-76.29847795593328, 36.96492141273533], [-76.29845280795605, 36.96488663898608], [-76.29835524534634, 36.964751730664254], [-76.29826895567743, 36.96463241227394], [-76.29819641330687, 36.964520534091704], [-76.29817903379173, 36.96449373040462], [-76.2981269555172, 36.96441341239339], [-76.29809977569366, 36.96436438787829], [-76.2980789869363, 36.96432688881017], [-76.29802892122578, 36.9642365825964], [-76.29801995594953, 36.96422041201118], [-76.29798382666814, 36.96418156844283], [-76.29794938679383, 36.96414454118388], [-76.29792453421733, 36.96411782108714], [-76.29771623377174, 36.963893867603254], [-76.29769621088205, 36.96387234048354], [-76.29767395515921, 36.9638484117919], [-76.29758455063352, 36.963737125143886], [-76.29755869573104, 36.96370494197985], [-76.29753095574294, 36.9636704124235], [-76.29748096437059, 36.96361401201625], [-76.29742194514087, 36.96354742661483], [-76.2972969552731, 36.96340641259654], [-76.29719095473352, 36.96329941176968], [-76.29718556049724, 36.963295679165256], [-76.29713488624392, 36.963260612731624], [-76.29709204296992, 36.96323096499794], [-76.29707374954586, 36.96321830529131], [-76.29694095543682, 36.96312641216931], [-76.2968931302612, 36.96309925164359], [-76.29681439628182, 36.96305453862182], [-76.29677895479708, 36.96303441167576], [-76.2967033964702, 36.9630071480116], [-76.29668195525583, 36.962999411998], [-76.29665249774577, 36.96299321045756], [-76.29664516293529, 36.96299166693466], [-76.2966059547434, 36.96298341240242], [-76.29651395491963, 36.96296841189111], [-76.29639195548334, 36.96298341170884], [-76.29638535367525, 36.96298883409705], [-76.29634118576232, 36.96302511472524], [-76.29633595447305, 36.9630294117502], [-76.29624495471357, 36.96311141256895], [-76.29615610182084, 36.96322142096575], [-76.29588795448997, 36.96355341252347], [-76.29583081654725, 36.963591713240945], [-76.29579695485243, 36.96361441221255]]]}, "properties": {"OBJECTID": 487, "PERIMETER": 51574.172, "PRECINCTS": 2, "PRECINCTS1": 36, "ELECTION": 0, "ELECTION_I": 0, "PRECNAME": "Ocean View School", "SUPWARD": 6, "WARD": 1, "ADDRESSNUM": 9501, "POLLPLACE": "Ocean View Elementary School", "ADDRESSSTR": "W Government Avenue", "PRECNUM": 102, "POLLADDRESS": "350 W Government Avenue", "NAME_1": "Ocean View", "NAME_2": "Elementary School", "created_user": "CSIEMER", "created_date": 1662571027000, "last_edited_user": "CSIEMER", "last_edited_date": 1687294731000, "Shape__Area": 18331243.23929601, "Shape__Length": 41084.56125242314, "NORFOLKGIS.Precincts.AREA": null}}, {"type": "Feature", "id": 488, "geometry": {"type": "Polygon", "coordinates": [[[-76.24240197581156, 36.94986172320025], [-76.24242987537667, 36.94987783903313], [-76.24246261402047, 36.94989675097292], [-76.24253294258773, 36.94993737747866], [-76.24266152287716, 36.95002943405706], [-76.24317569017136, 36.95032432924172], [-76.24328023757417, 36.9503966877018], [-76.24357919376216, 36.9506689494137], [-76.24430629730108, 36.95112197946323], [-76.2444301090052, 36.9512214149392], [-76.24454789382908, 36.95128752991863], [-76.24475130893686, 36.951433530601044], [-76.24480514748251, 36.95148204466117], [-76.24488560445462, 36.951534518681356], [-76.24498345936072, 36.95157970965073], [-76.24529252594435, 36.95179990808143], [-76.24552619913817, 36.951966390685534], [-76.24557426956514, 36.951997533416396], [-76.24581035380639, 36.95215047796679], [-76.24589941245644, 36.952208173740566], [-76.24623975458479, 36.95244879831989], [-76.24663821800834, 36.95275660340799], [-76.24698534109906, 36.95296080952306], [-76.24719825376869, 36.95313651578662], [-76.247219139829, 36.95315375170106], [-76.24723200318081, 36.95321405112162], [-76.24737107953726, 36.953258233204714], [-76.24750875750975, 36.953345444176136], [-76.24791909307719, 36.9536836590568], [-76.24809000110693, 36.95378269438084], [-76.2483153453004, 36.953881004106414], [-76.24846454564789, 36.953998622364686], [-76.24868754102404, 36.954095243186565], [-76.24883841423436, 36.95421348156933], [-76.24891824456529, 36.95427604419647], [-76.24935459902781, 36.954562381265355], [-76.24957866366985, 36.95470941107883], [-76.2496291673786, 36.95475849177073], [-76.24968912240958, 36.95481675708259], [-76.25007368514243, 36.955068556730154], [-76.25030828928394, 36.95517938033429], [-76.2504577913989, 36.95528573908743], [-76.25060283306298, 36.95541886688507], [-76.25060382910252, 36.95541978099715], [-76.25092715751039, 36.95562212549436], [-76.2510008063061, 36.955668216656484], [-76.25107148923426, 36.95573945519733], [-76.25103278262749, 36.955818728855405], [-76.25105736409799, 36.955821067452575], [-76.25115188506729, 36.9557147238492], [-76.25176085388608, 36.95607524317412], [-76.25191394906025, 36.956214346987096], [-76.2520397110728, 36.95629189362548], [-76.2523211331784, 36.95646542214707], [-76.25240726365642, 36.95653499909162], [-76.25254021615046, 36.95659410713843], [-76.25271930158843, 36.95671594589838], [-76.25282148446367, 36.95678546419669], [-76.25315587945013, 36.957012961914884], [-76.25337917365118, 36.95717687287741], [-76.25356040300476, 36.95734031705522], [-76.25360463203279, 36.957300108925104], [-76.25366442896724, 36.95732641730615], [-76.25385798816052, 36.957411577218856], [-76.2543142092073, 36.95770819503872], [-76.25438428692985, 36.957764099339435], [-76.25449154439796, 36.957849663667496], [-76.25497471140189, 36.95818250196303], [-76.25527619448773, 36.95828296873944], [-76.25543731599784, 36.9583817268827], [-76.25558484251651, 36.95850490757919], [-76.25570486571664, 36.95860512366062], [-76.25607188421095, 36.95882668140654], [-76.2561891702795, 36.95893064853001], [-76.25634915917782, 36.95876919435026], [-76.25638277147847, 36.958768599771076], [-76.2564270790176, 36.958784304062355], [-76.2564829542007, 36.95880410848923], [-76.25658797661336, 36.958841331900196], [-76.256969920144, 36.95906540234516], [-76.25726199268047, 36.95924957851598], [-76.25770659595463, 36.95950380770937], [-76.25771919930023, 36.95948931780773], [-76.25774411938339, 36.959496351261535], [-76.25791608692445, 36.95956364305067], [-76.25800138576591, 36.95961250172474], [-76.25808521026818, 36.95966051468971], [-76.25857386249888, 36.959960574680196], [-76.25861976076496, 36.95998875815002], [-76.25886294326062, 36.959779412543654], [-76.25898583779478, 36.9596476421942], [-76.25904294357966, 36.95958641230158], [-76.25926117977178, 36.959378995453605], [-76.25928406367255, 36.95935724602614], [-76.25931203142663, 36.959330665662506], [-76.25962794349486, 36.95903041292603], [-76.25969894369487, 36.959028412259286], [-76.25979894372519, 36.9590744128822], [-76.25987994324606, 36.95902841294625], [-76.25964194303126, 36.95888641277029], [-76.25952894316906, 36.95880841274055], [-76.25939334882325, 36.95870244893994], [-76.25934460156323, 36.95866435411164], [-76.25925894270645, 36.95859741258778], [-76.25911194339778, 36.95844941213707], [-76.25908951032385, 36.958423508416885], [-76.2590175882288, 36.958357298049606], [-76.25896394613986, 36.95827852023052], [-76.2589309434164, 36.95824041244653], [-76.25892189931749, 36.95822849977943], [-76.25878594331405, 36.95804941197447], [-76.25867134775402, 36.95787316025557], [-76.25860194244066, 36.95776641252089], [-76.25851194268547, 36.957589412513755], [-76.25848867986262, 36.95753106338736], [-76.2584509432656, 36.95743641246961], [-76.2584427598858, 36.95741196820272], [-76.2583739432104, 36.95720641260205], [-76.25837167044074, 36.957197286184034], [-76.25831765623958, 36.95698042466519], [-76.25830694276291, 36.95693741172417], [-76.25828394264937, 36.9567884123214], [-76.25827151158553, 36.95658294075848], [-76.25826694275385, 36.95650741175137], [-76.25826694286137, 36.956394579221836], [-76.25826694314935, 36.95626887513866], [-76.25826694274299, 36.956241412204996], [-76.25826929262192, 36.95609965624947], [-76.25827159222732, 36.9559609270351], [-76.25827294324274, 36.95587941219641], [-76.25829712291548, 36.955856775484776], [-76.25831970385072, 36.95583563521573], [-76.25831994295635, 36.95583541172674], [-76.25836794292928, 36.955792411895565], [-76.25837174657008, 36.955788897843846], [-76.25847887078619, 36.95568992851477], [-76.25854436965746, 36.95562941501197], [-76.25865694248971, 36.95552541156574], [-76.25898255070163, 36.955224709183575], [-76.25900994335565, 36.95519941142043], [-76.25911182968538, 36.95510348391098], [-76.25917516062948, 36.95504385627624], [-76.25927389714089, 36.95495089451581], [-76.25931638255304, 36.95491089356628], [-76.25935194301674, 36.95487741187307], [-76.2595939425965, 36.954685411907626], [-76.25979437251974, 36.954504322121494], [-76.25993594272882, 36.95437641120339], [-76.2603067052841, 36.95404177523943], [-76.26030921386969, 36.95403951190244], [-76.26032594334553, 36.954024411676684], [-76.26050363004589, 36.95414973889614], [-76.26057748416942, 36.954201830107856], [-76.26081349593711, 36.95436829362314], [-76.26085194310218, 36.954395411409685], [-76.2610849439227, 36.95455541190217], [-76.26139394321227, 36.954767411808085], [-76.261508068191, 36.95484508993477], [-76.26163997106225, 36.954934869166394], [-76.2617039441542, 36.954978411384026], [-76.26195394419646, 36.95515041174072], [-76.26197067274656, 36.95516255783893], [-76.26200351411451, 36.95518640294984], [-76.2620966351594, 36.95525401451156], [-76.26240294399052, 36.95547641182608], [-76.26246894462221, 36.955525412114326], [-76.26279727673264, 36.95574972452513], [-76.2628407151134, 36.95577940091927], [-76.26303394454617, 36.9559114114052], [-76.2632506534412, 36.9560404393], [-76.26333794426054, 36.956092411982205], [-76.26338992663935, 36.95613194757263], [-76.26340894467138, 36.956146412050536], [-76.26349394395277, 36.95621841180236], [-76.26346894395054, 36.95655041150304], [-76.26351194483243, 36.95673541211318], [-76.26364194400146, 36.956239412133314], [-76.26372442275579, 36.955991974754845], [-76.26373094400319, 36.95597241196805], [-76.26380698261232, 36.95580074188352], [-76.26382409658697, 36.955762105640446], [-76.26382560918017, 36.95575869117361], [-76.26383472451867, 36.95573811228744], [-76.26387357338524, 36.95565040237345], [-76.26389394474839, 36.95560441159681], [-76.26391913478649, 36.95554273127872], [-76.26410794427217, 36.95508041182199], [-76.2641740152121, 36.95489996379027], [-76.26419470563307, 36.95484345465761], [-76.26431994429103, 36.954501410963424], [-76.26442260658652, 36.95408563152933], [-76.26443994441668, 36.95401541101415], [-76.26444529237547, 36.953993502162646], [-76.26445696932917, 36.953945669484696], [-76.26449000725026, 36.95381033060449], [-76.26449307093674, 36.953797777798144], [-76.26455394417864, 36.953548411320334], [-76.26455876285081, 36.953528908070595], [-76.26456901985914, 36.95348739943318], [-76.26463894419213, 36.95320441086404], [-76.26469214689702, 36.95298902883513], [-76.26470976501675, 36.95291770402955], [-76.26476294448288, 36.95270241076736], [-76.26478924220969, 36.95272809121107], [-76.26493016187416, 36.95286570247855], [-76.26497594457025, 36.95291041060603], [-76.26509212729832, 36.95304143937231], [-76.26544606485794, 36.95344059889568], [-76.26556294488176, 36.95357241108147], [-76.26563594504006, 36.953644411181905], [-76.26570994480909, 36.9537244109364], [-76.26591294541292, 36.95361341148887], [-76.26605320868536, 36.95353378282231], [-76.26605625732941, 36.953532051516845], [-76.266104945105, 36.95350441109327], [-76.26618494505391, 36.95344741114655], [-76.26623794485883, 36.95345841128505], [-76.26624994503958, 36.95332641125904], [-76.26627794472482, 36.95314441068203], [-76.2663279453271, 36.9530584108105], [-76.26653694531232, 36.95286741071377], [-76.2667429455509, 36.952740410800075], [-76.26717718293197, 36.95249450726363], [-76.26740845875453, 36.95236353695026], [-76.26763294594724, 36.952236410562286], [-76.26868894612387, 36.95165441059082], [-76.26916694549715, 36.95138641027276], [-76.2692359461012, 36.95130141053036], [-76.26927394547627, 36.95120141074952], [-76.26926794554387, 36.95109441011195], [-76.26924657088999, 36.95105414620633], [-76.26922494622556, 36.95101341064572], [-76.26900400007867, 36.950760178765805], [-76.26887594534298, 36.9506134107382], [-76.26835894566385, 36.95001941043804], [-76.26789594593842, 36.94948840979406], [-76.2676911731571, 36.94925345371077], [-76.26762531297439, 36.94917788574607], [-76.2673939446941, 36.94891241050213], [-76.26706394550733, 36.9485334104912], [-76.26688094557954, 36.94832340965523], [-76.26666994443376, 36.948059410295166], [-76.26663394551096, 36.94798041036727], [-76.2666329265903, 36.94796906983507], [-76.26662594548665, 36.947891409694655], [-76.26668498864714, 36.94765457979784], [-76.26689494540972, 36.946812409660204], [-76.26690494508362, 36.946718409308545], [-76.26734421066651, 36.94652826701485], [-76.26740394520732, 36.94650240966154], [-76.26809618801761, 36.94619678874636], [-76.26848632699483, 36.94602454214927], [-76.26868594529765, 36.94593640946147], [-76.26959594574782, 36.94553540967778], [-76.27033059635676, 36.945210770035466], [-76.27079914185595, 36.945003718058274], [-76.27084670897469, 36.9449826976299], [-76.27086990713214, 36.944972446271024], [-76.27094471487402, 36.94493938794473], [-76.27100186879608, 36.94491413158018], [-76.27102965558439, 36.94490185166087], [-76.27105404836139, 36.9448910721754], [-76.2711706429661, 36.944839548059235], [-76.2712569465066, 36.944801409193566], [-76.27126743696424, 36.944778520406075], [-76.27128994661858, 36.94472940880235], [-76.27130033692445, 36.9447077097213], [-76.2713223509625, 36.944661739897754], [-76.27132394588347, 36.94465840892816], [-76.2711233713342, 36.9446044868276], [-76.27106835605683, 36.94458969638564], [-76.27094438292742, 36.944556366445156], [-76.2709422927424, 36.94455580493224], [-76.27090187421834, 36.944544938036046], [-76.27085699120629, 36.944532872404444], [-76.27079582250941, 36.94451642745237], [-76.27076324884564, 36.94450766969727], [-76.27012134524034, 36.944335095381724], [-76.26961294580838, 36.94419840940434], [-76.26899713735017, 36.94403239000797], [-76.26879482237712, 36.943977845864204], [-76.26877094559569, 36.94397140863673], [-76.26854194507189, 36.94391040867616], [-76.26816194514494, 36.943827409098326], [-76.26796994463614, 36.94377640876154], [-76.26775394480133, 36.94371940911182], [-76.267386055101, 36.943621677780804], [-76.26722694478985, 36.943579409378984], [-76.26711680123975, 36.94355067531383], [-76.26711194469644, 36.94354940861178], [-76.26664394511897, 36.9434254090407], [-76.26639194455606, 36.94335840925462], [-76.26635894440113, 36.943188409027215], [-76.26630356030863, 36.94317030940374], [-76.26620594443256, 36.94313840887235], [-76.26578394498203, 36.94291140865755], [-76.26544092045421, 36.94269838982869], [-76.26534594481974, 36.942639408449374], [-76.26500594453209, 36.942513408906976], [-76.26479904229177, 36.94246910385376], [-76.26466729932795, 36.94244089338848], [-76.26453278569487, 36.942412089279415], [-76.26427296711505, 36.94235645210854], [-76.26363247669225, 36.942219295104], [-76.26354370644393, 36.942200285172895], [-76.26353494335306, 36.94219840860682], [-76.26276084719865, 36.94203240636308], [-76.26263232507414, 36.942004845265714], [-76.26257380636554, 36.941992295230996], [-76.26231164734504, 36.94193607462629], [-76.26221994377873, 36.94191640845162], [-76.26206926409475, 36.941884059722724], [-76.26171839208753, 36.94180873129563], [-76.26168894336733, 36.94180240918131], [-76.26158479957533, 36.941779267080875], [-76.2614428320996, 36.94174771885139], [-76.26143297787597, 36.941745529310644], [-76.26141182808678, 36.94174082894046], [-76.26102160921928, 36.94165411407061], [-76.26095747165017, 36.94163986080823], [-76.26091032148119, 36.94162938323048], [-76.26076717091048, 36.94159757098034], [-76.26073875075585, 36.94159125559295], [-76.26067419156486, 36.94157690941617], [-76.26059094264073, 36.94155840889307], [-76.26051885463845, 36.94153694444796], [-76.26045709435698, 36.94151855563316], [-76.26041294285145, 36.941505409223694], [-76.26040334802455, 36.94153330774566], [-76.26032179069512, 36.941770441524405], [-76.26028156832862, 36.941887391568564], [-76.26019974739758, 36.94212528731847], [-76.2601972546324, 36.94213253642339], [-76.26017494292842, 36.94219740934791], [-76.26013930510945, 36.942301558894044], [-76.26013409225217, 36.94231679459861], [-76.26012968332745, 36.94232967862005], [-76.26010446738879, 36.9424033692942], [-76.2600837033796, 36.9424640496699], [-76.26007881871094, 36.94247832535569], [-76.2600487388573, 36.94256623170867], [-76.26004556279487, 36.942575511199564], [-76.26001733026868, 36.9426580192794], [-76.2599873621523, 36.94274559784603], [-76.25995655200637, 36.942835636427866], [-76.25994294268207, 36.94287540880036], [-76.25991014376557, 36.94297824318656], [-76.25989979912399, 36.943010675699966], [-76.25985515279413, 36.94315065516158], [-76.25984827242688, 36.94317222636331], [-76.25982385615471, 36.94324878054751], [-76.2597956600017, 36.9433371815276], [-76.25976850716539, 36.943422311477825], [-76.25973594291585, 36.94352440936702], [-76.25971661652804, 36.94358373257169], [-76.25970242680533, 36.9436272877274], [-76.25968187405307, 36.94369037151252], [-76.25966773737262, 36.9437337645273], [-76.25965267939043, 36.9437799829078], [-76.2596448552208, 36.943803997758316], [-76.2596060403444, 36.94392314040936], [-76.25955939874424, 36.94406630235309], [-76.25954957236101, 36.94409646515035], [-76.25954866592109, 36.94409924392874], [-76.259519942678, 36.9441874094668], [-76.25950973252606, 36.944218131009315], [-76.25948741375757, 36.94428529046108], [-76.25945130495131, 36.94439394671492], [-76.25944197116793, 36.94442203131801], [-76.259427042187, 36.94446695415915], [-76.25936045642835, 36.94466731371254], [-76.25935943212778, 36.94467039400549], [-76.25931461772191, 36.944805243998054], [-76.25931099238328, 36.944816152699644], [-76.25929894284877, 36.94485240964204], [-76.2592725998157, 36.94493203042919], [-76.25925480058065, 36.944985827526764], [-76.25923443372113, 36.94504738516213], [-76.25921628538991, 36.945102238317354], [-76.25918391772711, 36.9452000700324], [-76.25915035751407, 36.94530150342212], [-76.25914606952293, 36.94531446362845], [-76.25914439477937, 36.94531952535471], [-76.25912094214807, 36.945390409231905], [-76.2590856324286, 36.94548796041782], [-76.25905840130321, 36.94556319349763], [-76.25903362828046, 36.945631633822316], [-76.25901629929128, 36.94567950703438], [-76.25900322234466, 36.945715636206664], [-76.25900294229886, 36.94571640965324], [-76.25899655925825, 36.945729352463324], [-76.25898798276226, 36.945746744997194], [-76.25896694242931, 36.94578940966713], [-76.25895776624724, 36.945802474110806], [-76.25893309243344, 36.94583760258297], [-76.25890794258179, 36.9458734097231], [-76.25889617842695, 36.94588561991767], [-76.258894711645, 36.94588714322101], [-76.25889443356223, 36.9458874326692], [-76.25882894271042, 36.94595540972085], [-76.258721803538, 36.94605411294977], [-76.25857494216646, 36.94618940992195], [-76.25855307450585, 36.94621056829505], [-76.25842557574892, 36.94633393676883], [-76.25835894234888, 36.94639840980191], [-76.25834678226437, 36.94640896559438], [-76.25828425849453, 36.94646324491647], [-76.25826794201755, 36.946477409872884], [-76.25823651850459, 36.94650490563262], [-76.25821994265867, 36.94651940996146], [-76.25821629002832, 36.94652246627977], [-76.25817094190808, 36.946560410250434], [-76.25811394211915, 36.94660941001181], [-76.25808320053636, 36.94663590649477], [-76.2580163989434, 36.94669348336128], [-76.25795470358305, 36.946746658808955], [-76.25794809220125, 36.9467523574098], [-76.25790797218484, 36.94678693699746], [-76.25787508926939, 36.946815279168774], [-76.2578022855878, 36.94687802891662], [-76.25773296554075, 36.94693777588159], [-76.25769394242153, 36.94697141004635], [-76.25755632831797, 36.94709374917551], [-76.25730265767437, 36.94731926215053], [-76.25717503864013, 36.94743271467667], [-76.25699826775467, 36.947589861813334], [-76.25697223584814, 36.947613003715716], [-76.2568265226151, 36.94774254002585], [-76.25665186905651, 36.94789780353175], [-76.25659494208084, 36.94794841022293], [-76.25629078537212, 36.94822006359079], [-76.25608034727253, 36.948408011354545], [-76.25599174827303, 36.94848714210129], [-76.25593944822059, 36.94853385182383], [-76.2558089411471, 36.94865041073743], [-76.25576069629842, 36.948694007822574], [-76.25538964236539, 36.94902930709512], [-76.2553830858059, 36.94903507510931], [-76.25536250615824, 36.94905371563919], [-76.25533373177457, 36.949079779372646], [-76.25477494714973, 36.949585913029956], [-76.25422067401688, 36.95008019527043], [-76.25390130466107, 36.95036693323848], [-76.25263538868417, 36.951501691334165], [-76.25246786010318, 36.951651858939925], [-76.25242531913688, 36.95169064134578], [-76.25236510559141, 36.95174553509757], [-76.25236119246225, 36.95174910274954], [-76.25230463569046, 36.95180066278371], [-76.25227436722022, 36.95182825752302], [-76.25218958844731, 36.95190554495116], [-76.2521788706108, 36.95191531556796], [-76.25216249774775, 36.951930242101895], [-76.25210503225722, 36.95198263016179], [-76.25204494062322, 36.95203741161395], [-76.25204006845118, 36.95204169463997], [-76.2520028611859, 36.95207440265862], [-76.25195439427337, 36.9521170079149], [-76.25194364895994, 36.95212645349247], [-76.25191709697619, 36.952149795310106], [-76.25186106622337, 36.95219905047586], [-76.25182994070403, 36.95222641149242], [-76.2518168952475, 36.95223616011606], [-76.25179414094947, 36.952253163053406], [-76.25177345522246, 36.952268620019744], [-76.25175427755461, 36.952282950254656], [-76.25173894068539, 36.95229441093559], [-76.25169106684682, 36.95232069458121], [-76.2516369409993, 36.95235041098497], [-76.25162851633856, 36.9523537508462], [-76.25161514463677, 36.952359051253985], [-76.25157800366274, 36.95237377354993], [-76.25152994914221, 36.952392821976495], [-76.25152594080276, 36.952394411074714], [-76.25150964863913, 36.95239885431515], [-76.2514791669025, 36.95240716805745], [-76.25145507454205, 36.952413739017985], [-76.25142694000851, 36.95242141168121], [-76.25137968917758, 36.95242874406783], [-76.25131094091041, 36.95243941148581], [-76.25116977029433, 36.95244180483738], [-76.2511339545841, 36.95244241162484], [-76.25105408104321, 36.95244376590643], [-76.25098544192028, 36.95244492936065], [-76.2507423963679, 36.95244904882269], [-76.25060660806506, 36.952451350644914], [-76.25056037708117, 36.95245213391736], [-76.25050086210696, 36.95245314260847], [-76.25018994030962, 36.952458411613435], [-76.25000060980554, 36.952460883656975], [-76.24987365468503, 36.95246254059332], [-76.24980694021616, 36.95246341118454], [-76.24972093972151, 36.952450411067275], [-76.24968593973037, 36.952456411506816], [-76.24976194044528, 36.95254441182929], [-76.24967569499029, 36.95254317079427], [-76.24962293959604, 36.95254241189996], [-76.24950793940376, 36.95251841161357], [-76.24950767629873, 36.95251827047158], [-76.24933091839053, 36.95242368166327], [-76.24932293984658, 36.95241941150566], [-76.2492994074523, 36.95240066510182], [-76.24926721649419, 36.95237502153916], [-76.24920180661329, 36.95232291609667], [-76.24914593967978, 36.952278411551724], [-76.24910669635985, 36.952249799953655], [-76.2490231069409, 36.952188856433914], [-76.24891680874113, 36.95211135624153], [-76.24889493969764, 36.952095411507074], [-76.24886021230307, 36.95207032229394], [-76.24880674745789, 36.952031695436084], [-76.24878410788835, 36.952015339326806], [-76.24871909078443, 36.95196836722317], [-76.24866793940195, 36.95193141156233], [-76.24864316374251, 36.95191225994002], [-76.2486131106388, 36.95188902862545], [-76.24854875572262, 36.95183928205841], [-76.24852824753862, 36.95182342910581], [-76.24850493981602, 36.95180541153947], [-76.24848858578453, 36.951791718476855], [-76.24843204477365, 36.95174437667284], [-76.2483844216111, 36.95170450128593], [-76.24837700071215, 36.95169828846529], [-76.2482744520035, 36.95161242441423], [-76.24825293896431, 36.95159441141288], [-76.2482374907732, 36.95158277816661], [-76.24820782581162, 36.95156043932248], [-76.24809226499937, 36.95147341737111], [-76.24804331163122, 36.95143655399115], [-76.24800593974769, 36.951408411404486], [-76.24795329855353, 36.95136817564023], [-76.24790619086328, 36.951332170497395], [-76.24785490925817, 36.95129297386553], [-76.24784893982023, 36.951288411275925], [-76.2477347033904, 36.95120658278682], [-76.24767450236735, 36.95116346013457], [-76.24766137459035, 36.951154057077346], [-76.24764727252835, 36.95114395572414], [-76.24752535210558, 36.95105662300087], [-76.24741075237442, 36.950974533938854], [-76.2473426451929, 36.95092574777974], [-76.24732450308935, 36.95091275221071], [-76.24729994561068, 36.95089516114082], [-76.24716000379563, 36.950794918585665], [-76.24714393898557, 36.95078341128665], [-76.24705308803887, 36.950714407737365], [-76.24700809205554, 36.95068023189696], [-76.24698710750502, 36.95066429291985], [-76.2468676382737, 36.95057355328661], [-76.24680293855408, 36.95052441114388], [-76.24670038316282, 36.95042551798879], [-76.24668955184214, 36.950415073567314], [-76.24666293920727, 36.95038941085067], [-76.24658693858586, 36.95030341125859], [-76.2465801342526, 36.950299020088906], [-76.2465419231835, 36.95027435825923], [-76.24654032869338, 36.95027332988628], [-76.24647691247861, 36.950232401117596], [-76.24644827377276, 36.95021391771511], [-76.24644593881466, 36.95021241094454], [-76.24628293902863, 36.95012041106272], [-76.24625331527258, 36.950105936065334], [-76.24610693907682, 36.95003441100481], [-76.24609430406402, 36.95002925726527], [-76.2459340081094, 36.94996387305526], [-76.24591815417176, 36.94995740649321], [-76.24591287027475, 36.94995525098638], [-76.24587893877757, 36.949941410816066], [-76.24583746550424, 36.94992690508091], [-76.24574194682526, 36.94989349814602], [-76.24567593844847, 36.949870411487794], [-76.24558463692017, 36.94984319656939], [-76.24546793809307, 36.94980841079502], [-76.2453651730778, 36.94978751539178], [-76.24522894685255, 36.949759815654296], [-76.24522635480078, 36.949759288228464], [-76.24503629149747, 36.9497206418169], [-76.24484505072459, 36.9496817543823], [-76.24476543928571, 36.9496655668483], [-76.2445198638972, 36.94961563073492], [-76.24424872777536, 36.94956049683699], [-76.24422599320665, 36.949555873869265], [-76.24410299932036, 36.94953086304366], [-76.24409093769663, 36.94952841068229], [-76.24390790909825, 36.94947841748494], [-76.24387493816674, 36.949469411189334], [-76.24385649658633, 36.949462919938526], [-76.24377203860493, 36.94943319025601], [-76.243624937449, 36.94938141073112], [-76.24358828117781, 36.949366054677654], [-76.24358714866187, 36.94936558045833], [-76.24352686278712, 36.949340325503414], [-76.24347693812362, 36.94931941114133], [-76.24329669039032, 36.94923098801], [-76.243264937345, 36.94921541136614], [-76.243182106249, 36.94916999252138], [-76.24317193816658, 36.94916441168141], [-76.24310113616745, 36.949122424403484], [-76.24310107216795, 36.94912238621895], [-76.2430859380071, 36.94911341103818], [-76.24300843612153, 36.949064972887825], [-76.24299793790836, 36.949058411311846], [-76.24299028000655, 36.94906462442711], [-76.24284588249802, 36.94918176807855], [-76.24255946844019, 36.949414122965734], [-76.24253969514788, 36.94943016461308], [-76.24251554850474, 36.949449753937586], [-76.24227617953524, 36.94964394213115], [-76.24221814945649, 36.949691019055635], [-76.2421913717384, 36.94971274183038], [-76.24224165951483, 36.94975820991139], [-76.24227505127861, 36.94978840251324], [-76.24235286073589, 36.94983335061747], [-76.24240197581156, 36.94986172320025]]]}, "properties": {"OBJECTID": 488, "PERIMETER": 51574.172, "PRECINCTS": 2, "PRECINCTS1": 36, "ELECTION": 0, "ELECTION_I": 0, "PRECNAME": "Pretlow", "SUPWARD": 6, "WARD": 5, "ADDRESSNUM": 9501, "POLLPLACE": "Mary D. Pretlow Library", "ADDRESSSTR": "111 W Ocean View Avenue", "PRECNUM": 507, "POLLADDRESS": "111 W. Ocean View Avenue", "NAME_1": "Ocean View", "NAME_2": "School", "created_user": "CSIEMER", "created_date": 1662571027000, "last_edited_user": "CSIEMER", "last_edited_date": 1687295407000, "Shape__Area": 20483149.297353506, "Shape__Length": 28889.14414541034, "NORFOLKGIS.Precincts.AREA": null}}, {"type": "Feature", "id": 489, "geometry": {"type": "Polygon", "coordinates": [[[-76.28647894995333, 36.91997240297473], [-76.28647924632219, 36.91997409410672], [-76.28648225836601, 36.919991310097394], [-76.286482581625, 36.919993156770474], [-76.286487541044, 36.92002149260638], [-76.28648887634458, 36.92002912346271], [-76.28650127225045, 36.92009995804381], [-76.28650783623094, 36.92013746843371], [-76.28651009222551, 36.92015035986265], [-76.2865139500618, 36.920172403261176], [-76.28646927527605, 36.92017752998227], [-76.28644599282997, 36.92018020218279], [-76.28637736090394, 36.92018807759552], [-76.28635533437061, 36.9201906057741], [-76.2863201809202, 36.92019463990815], [-76.2860259490529, 36.92022840371603], [-76.28596418417982, 36.9202353527228], [-76.28591877339576, 36.92024046176875], [-76.28482568237172, 36.92036343998401], [-76.28471458447423, 36.92037593861676], [-76.28362594866277, 36.92049840382123], [-76.28333191562189, 36.92055510352094], [-76.28303994821023, 36.92061140338576], [-76.28275094804486, 36.92063940335269], [-76.2815679478793, 36.92075540338258], [-76.28151994757238, 36.920759403669805], [-76.28103294780976, 36.92080240384273], [-76.28079194783597, 36.920823403691756], [-76.28027994796219, 36.920883403584135], [-76.27980594769922, 36.920936404153395], [-76.27944916653558, 36.92094420613551], [-76.27930294739767, 36.92094740387976], [-76.27912579173963, 36.920924218089354], [-76.27896831890256, 36.92090360774973], [-76.27881394727474, 36.920883403721874], [-76.27871494730927, 36.9208574035189], [-76.27860498342874, 36.92082904358821], [-76.27833385511042, 36.9207591188392], [-76.2781139469176, 36.920702403927585], [-76.2779449467057, 36.920597403838066], [-76.2777956383131, 36.920496096378336], [-76.27772049991307, 36.920445115238564], [-76.27770104472339, 36.92043191469781], [-76.27737318590404, 36.92020945771122], [-76.2766491338898, 36.91971817111002], [-76.27657312530904, 36.91966659677495], [-76.27631386585144, 36.919490680997654], [-76.27624947221112, 36.91944698687355], [-76.27577469965269, 36.91912483282811], [-76.27542790401321, 36.91888951443191], [-76.2752396529313, 36.91876177496495], [-76.27507994606967, 36.91865340320367], [-76.27471941706261, 36.91841198454203], [-76.27319796679774, 36.91739315800438], [-76.27308165545094, 36.917315269475445], [-76.27272306684574, 36.91707513590424], [-76.27260238369907, 36.91699431842882], [-76.27239494562768, 36.91685540325095], [-76.27232940861462, 36.91681130755034], [-76.27230404297914, 36.91679424077506], [-76.27223294485262, 36.91674640351082], [-76.27213094454905, 36.91724240302562], [-76.27210594547876, 36.91736240333038], [-76.27207692354449, 36.91750533569799], [-76.27206594486127, 36.91755940347572], [-76.27200570454413, 36.91783527275492], [-76.2719589447592, 36.91804940324835], [-76.2719289453801, 36.91820540311685], [-76.27185394526076, 36.91843740332989], [-76.27181394532134, 36.918541403899475], [-76.27177694487695, 36.918624403559974], [-76.27172994456735, 36.91871640400202], [-76.2715559446347, 36.91902140402023], [-76.27150894447263, 36.919141403573306], [-76.27135094440891, 36.91942540370636], [-76.27116094493147, 36.91969640402678], [-76.27096394460243, 36.91994740426439], [-76.27057494442398, 36.920411404137134], [-76.27035894520453, 36.920668404065296], [-76.27025394494459, 36.92079340443343], [-76.27019094446759, 36.920883404452006], [-76.27011794466027, 36.92098740410032], [-76.27007194439534, 36.921051403881464], [-76.2699209445037, 36.92126540409462], [-76.26987194466054, 36.9213744044889], [-76.26963226841809, 36.92190417310465], [-76.26958194472212, 36.92201540439879], [-76.26950294476387, 36.92218340417365], [-76.26915887064752, 36.92356557634898], [-76.26879694416502, 36.925019404756036], [-76.26851694479896, 36.92609140566706], [-76.26849094449017, 36.9262424051125], [-76.26839594410824, 36.926577405307164], [-76.2682839438478, 36.92702440583832], [-76.2682007624164, 36.92726682267474], [-76.26814394389113, 36.92743240524005], [-76.26804142919043, 36.92765031631016], [-76.26795294398313, 36.92783840598356], [-76.26782194467961, 36.928100405534224], [-76.26688994369411, 36.92974640640556], [-76.26674994460534, 36.929994406039015], [-76.26649447561596, 36.93044505878373], [-76.26641509313708, 36.9305850899115], [-76.2663559415857, 36.93068943347736], [-76.26631490824226, 36.93076181618948], [-76.26583894364181, 36.93160140662671], [-76.2660819436431, 36.93164140632547], [-76.26625177772175, 36.9316695496667], [-76.26677594463158, 36.931756406517955], [-76.2669147052722, 36.93180968101273], [-76.26699994419157, 36.93184240618024], [-76.267122836917, 36.93188953998448], [-76.26779836219598, 36.93214862383852], [-76.26784994446587, 36.93216840659846], [-76.26941985636282, 36.9327703491401], [-76.26971994554208, 36.93288540674699], [-76.27055080782688, 36.932826486322554], [-76.27066103667806, 36.93281866951889], [-76.2709749460208, 36.93279640660473], [-76.27103248659378, 36.93282815388712], [-76.27126034239929, 36.93295386953852], [-76.27133331390345, 36.932994130550334], [-76.272023139131, 36.933374724363524], [-76.27245394602471, 36.93361240677348], [-76.27210026431442, 36.93484452289325], [-76.2718729464064, 36.93563640741667], [-76.27265994667417, 36.93705340758041], [-76.27272594642162, 36.9371094077362], [-76.27306694667759, 36.93805340717999], [-76.27361094702546, 36.938428407370324], [-76.27440794638876, 36.93881240782751], [-76.27457304612126, 36.93889842866597], [-76.27507394709637, 36.93915940800707], [-76.27565494686164, 36.93971240803341], [-76.27586153895857, 36.94019785279312], [-76.2758779470147, 36.940236408117606], [-76.27592794808577, 36.94261540815981], [-76.2759249476143, 36.942671408263756], [-76.27588294761306, 36.94280140839037], [-76.27583494738167, 36.942932408198736], [-76.27586294755896, 36.943076408241154], [-76.27587994704697, 36.943292408636815], [-76.27585894723448, 36.943666409137585], [-76.2757409477053, 36.943671408859764], [-76.27572194790704, 36.94361840879321], [-76.27548394733144, 36.94291840896423], [-76.27534394730043, 36.94253840887162], [-76.27447994730042, 36.94276640841282], [-76.27409562070108, 36.94286766384806], [-76.27393879595604, 36.942957516045595], [-76.2730909463448, 36.94512640943923], [-76.27283739301473, 36.94506590214498], [-76.27282694617506, 36.94506340940558], [-76.2725769463788, 36.94499640869789], [-76.27132394588347, 36.94465840892816], [-76.27132234973416, 36.944661743479955], [-76.27130033692445, 36.9447077097213], [-76.27128994661858, 36.94472940880235], [-76.27126743696424, 36.944778520406075], [-76.2712569465066, 36.944801409193566], [-76.2711706429661, 36.944839548059235], [-76.27114133049741, 36.944852501258026], [-76.27105404836139, 36.9448910721754], [-76.27102965558439, 36.94490185166087], [-76.27100186879608, 36.94491413158018], [-76.27094471487402, 36.94493938794473], [-76.27086990713214, 36.944972446271024], [-76.27084670897469, 36.9449826976299], [-76.27079914185595, 36.945003718058274], [-76.27033059635676, 36.945210770035466], [-76.27030880208417, 36.94522040072823], [-76.26959594574782, 36.94553540967778], [-76.26868594529765, 36.94593640946147], [-76.26848632699483, 36.94602454214927], [-76.26809618801761, 36.94619678874636], [-76.26740394520732, 36.94650240966154], [-76.26734421066651, 36.94652826701485], [-76.26690494508362, 36.946718409308545], [-76.26689494540972, 36.946812409660204], [-76.26674867748595, 36.94739911759116], [-76.26666994443376, 36.948059410295166], [-76.26688094557954, 36.94832340965523], [-76.26706394550733, 36.9485334104912], [-76.2673939446941, 36.94891241050213], [-76.26762531297439, 36.94917788574607], [-76.2676911731571, 36.94925345371077], [-76.26789594593842, 36.94948840979406], [-76.26835894566385, 36.95001941043804], [-76.26871783018662, 36.95043174814891], [-76.26887594534298, 36.9506134107382], [-76.26900400007867, 36.950760178765805], [-76.26922494622556, 36.95101341064572], [-76.26924657088999, 36.95105414620633], [-76.26926794554387, 36.95109441011195], [-76.26927394547627, 36.95120141074952], [-76.2692359461012, 36.95130141053036], [-76.26916694549715, 36.95138641027276], [-76.26895104306253, 36.951507461291975], [-76.26868894612387, 36.95165441059082], [-76.26763294594724, 36.952236410562286], [-76.26740845875453, 36.95236353695026], [-76.26726109974302, 36.95244698585301], [-76.26717718293197, 36.95249450726363], [-76.2667429455509, 36.952740410800075], [-76.26653694531232, 36.95286741071377], [-76.2663279453271, 36.9530584108105], [-76.26627794472482, 36.95314441068203], [-76.26624994503958, 36.95332641125904], [-76.26623877770692, 36.95344924937691], [-76.26623794485883, 36.95345841128505], [-76.26623412603453, 36.95350191447669], [-76.26623322456426, 36.953512184665136], [-76.26623056111796, 36.9535425200865], [-76.26622580678081, 36.953596685816066], [-76.26622235694295, 36.95363597851581], [-76.26622223646892, 36.95363735982711], [-76.26621494564421, 36.953720411285246], [-76.26618168982856, 36.95380554567396], [-76.26616494471286, 36.953848411245104], [-76.26612994484904, 36.95393841142817], [-76.2660826816834, 36.95397554689457], [-76.26600276293466, 36.95403834051465], [-76.26596127490568, 36.95407093818347], [-76.26595383939215, 36.95407678021883], [-76.26584994551958, 36.95415841118447], [-76.26575139234619, 36.9542158462503], [-76.26554794546303, 36.954334411167025], [-76.26550894463398, 36.95437782728461], [-76.26544194464195, 36.954452411612685], [-76.26533794440564, 36.954568411087365], [-76.26528845070922, 36.95465070927267], [-76.26528754131036, 36.95465222071289], [-76.26516594433106, 36.9548544115987], [-76.26512294536947, 36.95499141186973], [-76.26508894493278, 36.95507241167567], [-76.26507872334457, 36.95537785780158], [-76.26507253318081, 36.955562842395736], [-76.265071945177, 36.95558041150305], [-76.26506427086711, 36.955889317707125], [-76.26505994517136, 36.95606341134587], [-76.26512094445636, 36.95626441188955], [-76.26516916520418, 36.95639657097005], [-76.26546888644201, 36.956758704609186], [-76.26569494550172, 36.95699141228547], [-76.2658259818239, 36.95713778329306], [-76.2658393876482, 36.957152758189565], [-76.26588294552636, 36.95720141218544], [-76.26594394544938, 36.95726441194635], [-76.26594753828513, 36.95740543427392], [-76.26594794537472, 36.95742141153848], [-76.26577893245066, 36.9574252767273], [-76.26577036926196, 36.957425471898596], [-76.26511694546979, 36.95744041192321], [-76.26465194535561, 36.95749041176648], [-76.26443394501537, 36.957539411974], [-76.26445594426237, 36.95765241190372], [-76.26422694433717, 36.9577184124813], [-76.26428194526467, 36.957911412464355], [-76.26436194489918, 36.95813741256904], [-76.26450594507803, 36.958490412295596], [-76.26467194498674, 36.95884841249049], [-76.26472123946625, 36.95894139975094], [-76.26475994548883, 36.95901441244846], [-76.26482875013504, 36.959132861823065], [-76.2649179453466, 36.95928641212519], [-76.26493386496068, 36.959310374656724], [-76.26510994499546, 36.95957541204259], [-76.26520282035781, 36.95970084806592], [-76.26528394494915, 36.95981041209714], [-76.26548194554994, 36.96003041209686], [-76.26587148304434, 36.96042721729635], [-76.26617894561642, 36.9607404126726], [-76.26677094588877, 36.96119741237877], [-76.26698694623362, 36.96132841242128], [-76.26710494528608, 36.9614074130519], [-76.26720594531317, 36.96147541236267], [-76.26761594639208, 36.96170541252892], [-76.26793194560615, 36.96185741317485], [-76.26818894634808, 36.96196441311989], [-76.26860894624785, 36.962129412583785], [-76.26895394618124, 36.96225241288162], [-76.26929794625607, 36.96236241260032], [-76.26976894667719, 36.96248241257718], [-76.26989695392697, 36.962508463619464], [-76.27033894668799, 36.96259841316162], [-76.27068894746478, 36.9626534129518], [-76.27162594674532, 36.96277341331939], [-76.2716518317528, 36.96269129801522], [-76.27165193463073, 36.962690970064216], [-76.27165494753359, 36.96268141317252], [-76.27166794784084, 36.96258841313213], [-76.27173694775985, 36.96241541323254], [-76.2718859469189, 36.96219941301347], [-76.27195803747098, 36.96212732270084], [-76.27197294786339, 36.96211241261864], [-76.2720649471997, 36.96205641288477], [-76.27206994750978, 36.961999412364726], [-76.27201394792519, 36.96191741253533], [-76.27199807874796, 36.96187793315174], [-76.27197294787275, 36.96181541246645], [-76.27196294702932, 36.9617074124161], [-76.27198294754032, 36.96158941305937], [-76.27203994723624, 36.961476412269974], [-76.27203394684258, 36.96133841301885], [-76.27198794748814, 36.96121041298354], [-76.27200394761627, 36.96104141245756], [-76.27205994684061, 36.96088741209838], [-76.27216794766346, 36.96076441220487], [-76.27217675204237, 36.96076507923012], [-76.27223394687114, 36.96076941288894], [-76.27228594758579, 36.96079541252831], [-76.27231094708492, 36.960784412536505], [-76.27234838631722, 36.960678007792026], [-76.27234894767773, 36.96067641218967], [-76.27233730177426, 36.96056311343176], [-76.27230094732491, 36.96020941202674], [-76.27228055905267, 36.96011851247424], [-76.27226807906493, 36.96006287091865], [-76.27222560839839, 36.959873528620015], [-76.27220494720902, 36.959781412444016], [-76.27234351721867, 36.95972636405079], [-76.27235112298041, 36.959678988080206], [-76.27235194114427, 36.95947205260522], [-76.27235194782884, 36.95947041224537], [-76.27239085629112, 36.959431503481824], [-76.27244894697185, 36.95937341188133], [-76.27242916764645, 36.959192870397786], [-76.27242022865249, 36.95911127437977], [-76.2724019475987, 36.958944412454784], [-76.27244994689238, 36.958672412200066], [-76.27249994707634, 36.95834141214101], [-76.27254994732996, 36.957991412167196], [-76.27255082957177, 36.95763522968185], [-76.27255252980673, 36.956949416825864], [-76.2725526625526, 36.956895784443], [-76.27255310490048, 36.95671726912288], [-76.27255394734024, 36.95637741140975], [-76.2725409473816, 36.95610541138068], [-76.27252994681285, 36.95587141115544], [-76.27245694687065, 36.955521411603584], [-76.27218994710974, 36.95530741121582], [-76.27189794696669, 36.955092411061905], [-76.27170394717902, 36.95489841111036], [-76.27170494721096, 36.95448941156215], [-76.27180543370861, 36.954187948810656], [-76.27182794645493, 36.954120411401455], [-76.27197394673652, 36.95373141110026], [-76.27202394715411, 36.953537410793544], [-76.27187794656565, 36.95336141116822], [-76.27185681148528, 36.953269825803055], [-76.27182498400163, 36.953131904109405], [-76.27181477756174, 36.95308767807736], [-76.2718059468616, 36.953049410904256], [-76.27175894642603, 36.95225241089665], [-76.2721969468278, 36.95211641092228], [-76.27256294736439, 36.95199941024421], [-76.27280594690251, 36.951980410185804], [-76.27290394669238, 36.95192241084997], [-76.27307494769977, 36.95178641047115], [-76.27358694766431, 36.951648410296755], [-76.27412394785301, 36.951454410526004], [-76.27592246770138, 36.95096095291593], [-76.27639094862576, 36.950832410390426], [-76.27897694904905, 36.95011141036374], [-76.28064817437196, 36.94965631290477], [-76.2817644983479, 36.94935230595159], [-76.2821129501174, 36.949257409762154], [-76.2821239493688, 36.9492554097628], [-76.28220295022439, 36.949456409453596], [-76.2825259505167, 36.94936940933247], [-76.28244394993742, 36.949174409573764], [-76.28281815919688, 36.9490686921198], [-76.28333595016566, 36.94892240912008], [-76.28335895694828, 36.94891618440455], [-76.28413795027373, 36.94870540974795], [-76.28421495061727, 36.948896409334445], [-76.28429595068229, 36.94887740964304], [-76.2843799505844, 36.9488534097637], [-76.28429095056892, 36.9486564091641], [-76.28607195066456, 36.948181409060076], [-76.28613795108217, 36.94835740974825], [-76.28631395127077, 36.94830440935493], [-76.28626995094905, 36.94811140947584], [-76.28668795128269, 36.94798840937752], [-76.28693529389707, 36.94757761338038], [-76.2869928336792, 36.94751795874383], [-76.28719395123616, 36.947566409484615], [-76.28732595173571, 36.94733740873445], [-76.28714060531493, 36.947233783279394], [-76.28710595131507, 36.94721440895678], [-76.28724914668055, 36.94690936001486], [-76.28743595171669, 36.94651140858899], [-76.28533880859004, 36.94524452409509], [-76.28519295085435, 36.94515640885748], [-76.2853748705949, 36.944953461531334], [-76.28573612553959, 36.94455044414611], [-76.28696595079339, 36.94317840815735], [-76.28709912894271, 36.94326062836931], [-76.28758795103553, 36.94356240803961], [-76.28837095183766, 36.943843408033814], [-76.28863735847033, 36.94393698800175], [-76.28908524515602, 36.94409431506319], [-76.29039795209407, 36.944555408816065], [-76.29118095253084, 36.94482940864306], [-76.29131695244041, 36.94487240817726], [-76.29145656694389, 36.94475186012279], [-76.2915439519213, 36.94467640866762], [-76.29195195277269, 36.94471540812985], [-76.29246717188087, 36.944721315445236], [-76.2927369526682, 36.94472440838263], [-76.29359735533836, 36.94471537943593], [-76.29416595377012, 36.94470940850941], [-76.29471595303293, 36.94467740804196], [-76.29555070730078, 36.94463471371114], [-76.29606495372785, 36.94460840843306], [-76.29642822242141, 36.94458884157926], [-76.29649195431605, 36.94458540824997], [-76.29691995414498, 36.94456340862735], [-76.29735795375332, 36.944541408178225], [-76.29775683472647, 36.94451816062891], [-76.29800995415366, 36.94450340789219], [-76.29866095419511, 36.94446440820186], [-76.29929095524467, 36.94442640813906], [-76.3000847534962, 36.94437890508489], [-76.30084495499877, 36.94433340756765], [-76.30128307453776, 36.94430740717208], [-76.30151895542757, 36.9442934080195], [-76.30194595593971, 36.94426740820128], [-76.30219495597791, 36.94425240814457], [-76.30223995616099, 36.94425040810722], [-76.30309095657293, 36.94428440749314], [-76.30337895570707, 36.9443244080072], [-76.30378358101639, 36.94436339162564], [-76.30409577745012, 36.94439346944453], [-76.30415925218081, 36.944399584284234], [-76.30471795604574, 36.94445340818382], [-76.30478705331099, 36.94447673905649], [-76.30479495691246, 36.94447940770319], [-76.30484021785442, 36.944482284287034], [-76.30497510304832, 36.94449635400834], [-76.3051627431609, 36.944502784038654], [-76.30526695691444, 36.94450940807782], [-76.30567295725741, 36.94453540781339], [-76.30587895640407, 36.94454840767705], [-76.30598895726091, 36.944555407658854], [-76.30636495649676, 36.94455240825932], [-76.30657298924983, 36.94455110331545], [-76.3066839574756, 36.94455040776039], [-76.30697705371915, 36.94454852630196], [-76.3072131981716, 36.94454700988019], [-76.30730695756478, 36.944546407462326], [-76.30764395705818, 36.94454340776084], [-76.30808895813082, 36.94454140805613], [-76.30908295736931, 36.944478407617304], [-76.30922495838598, 36.94446940766493], [-76.3095259583435, 36.944450407897655], [-76.30969140103083, 36.944440013387045], [-76.30990795839813, 36.944426408165434], [-76.30996423987429, 36.94442300365316], [-76.31015595858766, 36.94441140780552], [-76.31162595861842, 36.94431840791061], [-76.31214398796106, 36.944284932571016], [-76.3124467532755, 36.944265366910415], [-76.31456942388283, 36.9441281713082], [-76.31479759218314, 36.94411342176867], [-76.31569496040191, 36.94405540762287], [-76.31636996022499, 36.94401940774582], [-76.3176050469008, 36.94395348145045], [-76.31772799411728, 36.94394691816121], [-76.31833696026344, 36.94391440736845], [-76.31892496053955, 36.94388340732516], [-76.31892481695033, 36.94386920379172], [-76.3189239611585, 36.94378440723631], [-76.31905756931567, 36.94377881727123], [-76.31916296073337, 36.943774407417486], [-76.31911796040907, 36.94336340701512], [-76.31911334865667, 36.943311595345016], [-76.31910199494288, 36.943184059170356], [-76.31908067028994, 36.94294450136804], [-76.31893191216157, 36.94127333957979], [-76.31888296064635, 36.94072340632549], [-76.31881212182601, 36.94001692502572], [-76.31868632446415, 36.93876231235658], [-76.31863002730852, 36.93820082962985], [-76.31862096068639, 36.938110405879385], [-76.31858262966028, 36.93760373981177], [-76.31856847932795, 36.937416696348826], [-76.31856596030987, 36.93738340577633], [-76.31848740531784, 36.936371345364314], [-76.31848407282564, 36.9363284041908], [-76.31846296072864, 36.936056405745994], [-76.31845496025227, 36.93592440593461], [-76.31841896081919, 36.93582040555676], [-76.31837636308224, 36.93572804814778], [-76.31833912797183, 36.93564731587394], [-76.31830596069165, 36.93557540583268], [-76.31830519453499, 36.93557428835577], [-76.31825823152525, 36.935505834103736], [-76.31812896057528, 36.935317405186616], [-76.31808948185362, 36.93526020798192], [-76.31800195995355, 36.935133405150715], [-76.31791195977954, 36.934979405581096], [-76.31787095964242, 36.93487040521563], [-76.31784396012563, 36.934784405010795], [-76.31783898799536, 36.93473213317656], [-76.3178328930085, 36.934668049851766], [-76.31777625735954, 36.93407260244824], [-76.31773495985502, 36.93363840491295], [-76.31772096006394, 36.933410405496154], [-76.31771696006075, 36.93333440544287], [-76.31770896017217, 36.93325140512041], [-76.31766195940332, 36.932736404976524], [-76.3176458408164, 36.932541285571574], [-76.31764295947798, 36.93250640455299], [-76.31751695959922, 36.932478404993354], [-76.3172483616927, 36.93256132816105], [-76.31706995957789, 36.93261640502332], [-76.31604595955368, 36.93270340530098], [-76.31569295969908, 36.93270840496347], [-76.31394322891633, 36.932807785435074], [-76.31363295909549, 36.932825405522316], [-76.31337795597379, 36.932840041601374], [-76.31042775068244, 36.93300933312188], [-76.30871362807379, 36.93310765958491], [-76.30832246114547, 36.93313009452106], [-76.30792228204419, 36.93315304516962], [-76.30664295705829, 36.93322640514279], [-76.3067150532639, 36.93308846659911], [-76.30672440774931, 36.93307056884351], [-76.3070349560989, 36.93247640495508], [-76.3070633168008, 36.932421580546965], [-76.30730395618396, 36.93195640539037], [-76.3073609561201, 36.93147140494861], [-76.30838395658877, 36.93081940512419], [-76.30914095715242, 36.930592404726305], [-76.30893295693198, 36.93015340469856], [-76.30817495708435, 36.93042540525221], [-76.30814943531209, 36.93037841300883], [-76.3080018665667, 36.930106697999406], [-76.30798595687386, 36.93007740464609], [-76.30790473679504, 36.93010488705254], [-76.30715136984843, 36.93035980195855], [-76.30685995611353, 36.930458404854974], [-76.30680575166659, 36.93035335519677], [-76.30666561976933, 36.93008177714902], [-76.30650495603702, 36.92977040480306], [-76.30669095679565, 36.92970440438662], [-76.30619295575332, 36.92872340474348], [-76.30649395652102, 36.928619404857834], [-76.30638017886392, 36.92838864400486], [-76.30628095665341, 36.928187404647666], [-76.30646695622106, 36.9281224042363], [-76.30625395661517, 36.92769440418012], [-76.30650809521211, 36.92760879915726], [-76.30663395624889, 36.92756640385045], [-76.30660033070883, 36.92749938596232], [-76.3065111995858, 36.92732174336132], [-76.30648995632733, 36.92727940403971], [-76.30651263880688, 36.92727202326927], [-76.30681204852141, 36.92717460266485], [-76.30706188567186, 36.92709331037201], [-76.30710002961023, 36.92708089896804], [-76.30753795691693, 36.9269384044016], [-76.307499956221, 36.92686240426159], [-76.30758795595001, 36.92685740414248], [-76.30805901189424, 36.92682273496128], [-76.30821295705456, 36.92681140417756], [-76.31145695812957, 36.92661740427468], [-76.3168759595622, 36.926294403278504], [-76.3173829594806, 36.926248403337325], [-76.31740695970193, 36.92644340328329], [-76.31741450833856, 36.92650379555642], [-76.31744295962915, 36.92673140360293], [-76.31765195909335, 36.9267164035992], [-76.31754196010232, 36.92607040313994], [-76.31745695950323, 36.925742403101566], [-76.31741195914198, 36.925569403005206], [-76.3173959589555, 36.92550940365003], [-76.31712595917271, 36.924804403709494], [-76.31709095880606, 36.92473140366152], [-76.31694195892766, 36.92441640306689], [-76.31680047618369, 36.924117507602695], [-76.31679095929461, 36.92409740275203], [-76.31677595922605, 36.9240644031046], [-76.31676495927086, 36.92404040298417], [-76.31657995901215, 36.92378640328286], [-76.31655695942365, 36.92374840302277], [-76.31645095914014, 36.92357740263754], [-76.31639995954268, 36.92349440297469], [-76.31634395903538, 36.92340340278553], [-76.31623195904609, 36.92327140335337], [-76.31544795882088, 36.92235040293354], [-76.31520195819465, 36.922129402643804], [-76.31516395814842, 36.92208540238484], [-76.31364895758814, 36.920708402819606], [-76.31302695772884, 36.92013840258778], [-76.31198195688363, 36.91918040263643], [-76.31192795719477, 36.91913140197462], [-76.31147295732414, 36.91871540236725], [-76.3108309570092, 36.91812140190186], [-76.31039595661235, 36.91771740237982], [-76.31037180662338, 36.91773015204191], [-76.31023495684562, 36.91780240214246], [-76.31012495644441, 36.917699401647596], [-76.31004795674923, 36.91762840207737], [-76.30985895680952, 36.91745340178603], [-76.30978095675586, 36.91745440200093], [-76.30903738633005, 36.91746822065107], [-76.30892387772948, 36.91747032963778], [-76.30850511414353, 36.91747810967041], [-76.30809434633828, 36.91748573895688], [-76.3079804142368, 36.917487855361344], [-76.30795095575125, 36.91748840208411], [-76.3065361668059, 36.917469521974034], [-76.30617733787217, 36.91746473122917], [-76.306002955075, 36.917462402317796], [-76.30597220943268, 36.91745680698969], [-76.305491955881, 36.917369402297204], [-76.30497995564176, 36.91727740258067], [-76.30473395509472, 36.91723340215899], [-76.30448895478943, 36.91718840226291], [-76.30372075616118, 36.9172999088776], [-76.30286421361392, 36.91742423245818], [-76.30277270417595, 36.91743751435031], [-76.3027452011734, 36.917441506168785], [-76.30263531884528, 36.917452999644816], [-76.30239780590816, 36.917477393212984], [-76.30222818994876, 36.91749498316678], [-76.30190740306935, 36.917528215091835], [-76.30170385316798, 36.91754931150646], [-76.30156372927301, 36.91756383486957], [-76.30150030200518, 36.91757040844856], [-76.30136460192375, 36.91758447259455], [-76.30133470369148, 36.91764621907058], [-76.30120930901053, 36.91790519265193], [-76.30115753070731, 36.91791063280489], [-76.3011065145108, 36.91791584472487], [-76.30090296003193, 36.91793693788793], [-76.30069940658797, 36.9179580298187], [-76.30048101136944, 36.9179806328951], [-76.3003863686382, 36.917990168655734], [-76.30013546024634, 36.918020421877756], [-76.29978076419683, 36.91806318894356], [-76.29880493761318, 36.91816670770481], [-76.2985502210802, 36.91819325647351], [-76.29788142893709, 36.918265025985725], [-76.2975325747682, 36.918302528140536], [-76.29688683612218, 36.918371942359904], [-76.29643344373292, 36.91842067794719], [-76.29591948885232, 36.91847592162796], [-76.2958757745998, 36.91848062012285], [-76.29587498028444, 36.918464160774356], [-76.29585802588548, 36.91846721036335], [-76.29585695270634, 36.91846740296232], [-76.29585543783413, 36.91842916941262], [-76.29584912497133, 36.91826977851007], [-76.29584506184113, 36.91816720209895], [-76.29583553737953, 36.917926753648686], [-76.29580432454605, 36.91713873457954], [-76.29580006623621, 36.9170312168376], [-76.29577595205105, 36.916422402708164], [-76.2957711920631, 36.916301027922685], [-76.29576395211167, 36.91611640219594], [-76.29580706587197, 36.91611640212635], [-76.29581395270597, 36.91611640236928], [-76.29600395287169, 36.91611340215951], [-76.29637295223974, 36.91610840241482], [-76.29645895276975, 36.91610640194213], [-76.29645867622713, 36.91609521896419], [-76.29644831607546, 36.915676782727445], [-76.2964409526868, 36.91537940244019], [-76.2964291379134, 36.91493729979096], [-76.29642895346868, 36.91493040091134], [-76.29642195232539, 36.9146684022706], [-76.29642895267283, 36.9146504016978], [-76.29642595286626, 36.9146164019586], [-76.29640595215594, 36.914377402145014], [-76.29638795268863, 36.914023401665446], [-76.29638932167556, 36.91398261003603], [-76.29639265946197, 36.913883137866264], [-76.29639295274579, 36.91387440195217], [-76.29549695152328, 36.91389940188951], [-76.29529495254435, 36.91388940201218], [-76.29534195155561, 36.91367240165402], [-76.29546695167961, 36.913562402058275], [-76.29562895207302, 36.91336740188886], [-76.29583595191951, 36.913130401781665], [-76.29606395236266, 36.91296640164685], [-76.2961999524052, 36.9127154010189], [-76.29622295169914, 36.91266740112301], [-76.2963480794521, 36.91255503335303], [-76.29642040215157, 36.912490085898064], [-76.29675073166672, 36.9121934393386], [-76.29680259889183, 36.912146860175596], [-76.2968940189745, 36.91206476234039], [-76.29713036555044, 36.911852511711416], [-76.29724591740124, 36.91174874013288], [-76.29736445638991, 36.91164228518343], [-76.29786095226359, 36.91119640114182], [-76.29762495298057, 36.911171401319685], [-76.29737844415845, 36.9111609611825], [-76.29719995226792, 36.91115340146656], [-76.29688617218812, 36.91121765465857], [-76.29669695243072, 36.9112564006976], [-76.29642995188723, 36.91133540153099], [-76.29603595260207, 36.911438401606546], [-76.29569595219313, 36.91149340147089], [-76.29546678292344, 36.911536822556634], [-76.29541095166277, 36.911547401177934], [-76.29526595187166, 36.911596401673386], [-76.2952237899819, 36.9116147801093], [-76.2951482396398, 36.91164771117787], [-76.29510995224018, 36.911664400989366], [-76.29492595203436, 36.91168440094008], [-76.29480095201963, 36.91168240109179], [-76.29470106920635, 36.9116209353387], [-76.29469875124332, 36.91161950915857], [-76.29467095121623, 36.911602401594486], [-76.29457095179787, 36.91158040151403], [-76.2943739513161, 36.91152340111662], [-76.29423695167071, 36.91151440084883], [-76.2933829514214, 36.91158940119416], [-76.2933354881268, 36.911598738816174], [-76.29333318568254, 36.9115862937358], [-76.2933203105889, 36.91151671105898], [-76.29325879969068, 36.911184269242], [-76.2932277156473, 36.91101627186991], [-76.29319841737153, 36.9108542191535], [-76.29312506730028, 36.910838524734736], [-76.29301420454992, 36.91084995821179], [-76.29270429748824, 36.910881921276264], [-76.29269296879764, 36.910813531216306], [-76.2926842613537, 36.910761012009885], [-76.29267715875758, 36.91071813868427], [-76.29266454911249, 36.910642010697565], [-76.29266439442114, 36.91064107848696], [-76.29266235559587, 36.910628797882374], [-76.29264916688322, 36.91054919778353], [-76.29264609220135, 36.91053062874368], [-76.29263038348623, 36.91043584652541], [-76.292455569912, 36.91045344350037], [-76.292349315577, 36.91046413634388], [-76.29225286549156, 36.910473843276584], [-76.29220703887947, 36.91047845558145], [-76.29207439633018, 36.91049180908743], [-76.29190585877217, 36.910508769602174], [-76.29170104422141, 36.91052938568009], [-76.29171333837652, 36.91060382591726], [-76.29171771669363, 36.91063030821139], [-76.29172341498146, 36.91066480589172], [-76.29163829807266, 36.910690001557455], [-76.29159356911511, 36.9107032413697], [-76.29035769261705, 36.911069064690466], [-76.2898869499763, 36.91120840115849], [-76.28983999192387, 36.91122234563175], [-76.28949294995802, 36.9113254010651], [-76.28953856316964, 36.91138493857095], [-76.28958259234727, 36.91144240738371], [-76.28958795026283, 36.91144940177381], [-76.28967368829169, 36.91156997159707], [-76.28971761357563, 36.91163174151271], [-76.28974795065504, 36.911674401166835], [-76.28978553467665, 36.91170227500286], [-76.28980018285829, 36.91171313876486], [-76.29004595061105, 36.91189540152677], [-76.29018595024868, 36.9120734011891], [-76.29026295051203, 36.912250402007906], [-76.29027360117982, 36.912270022118236], [-76.29027424355486, 36.91227120506614], [-76.29033894988153, 36.91239040189867], [-76.29036201509321, 36.91241322807688], [-76.2904359500643, 36.91248640164164], [-76.29062195069974, 36.91256940182617], [-76.29087795090713, 36.91268440153919], [-76.2910599503675, 36.91272940184088], [-76.2912739506083, 36.912807401794055], [-76.29151995097867, 36.912896401625574], [-76.29165995029503, 36.91300540185121], [-76.29174195092699, 36.91313040125796], [-76.29187995132364, 36.91334040198405], [-76.29198595047433, 36.91350140179903], [-76.29203800372086, 36.91358084957675], [-76.29204295062414, 36.9135884021831], [-76.29204479161815, 36.913591135446396], [-76.29207924803306, 36.91364231490522], [-76.29207975591862, 36.913643068070044], [-76.29212223153533, 36.9137061573318], [-76.29215069394198, 36.91374843138043], [-76.29217895083596, 36.91379040140742], [-76.2922050966718, 36.91394040974371], [-76.29221876171302, 36.914018806494624], [-76.29222424287606, 36.91405025435331], [-76.29223644310868, 36.914120249022105], [-76.29229695091635, 36.91446740172049], [-76.2923350268362, 36.914701017394805], [-76.29237424590087, 36.914941640986534], [-76.29238483486209, 36.91500661181912], [-76.29243175777387, 36.915294498829724], [-76.2924889510661, 36.91564540190064], [-76.29255042964621, 36.91563914993778], [-76.2926659514733, 36.915627402248504], [-76.29267173308047, 36.915649122801454], [-76.29273995113289, 36.915905402131834], [-76.29275530716531, 36.9159986931278], [-76.29277995152486, 36.91614840268721], [-76.29275092693948, 36.91614909345248], [-76.29273795135894, 36.91614940233931], [-76.29256095108256, 36.916152402540106], [-76.29227595139707, 36.9161574023289], [-76.29163895133617, 36.916169402253225], [-76.29096375314951, 36.91618212127184], [-76.29054176861935, 36.91619006873574], [-76.29047095059666, 36.91619140203412], [-76.29006395044527, 36.91619940229898], [-76.28991686517172, 36.91620088599068], [-76.28936995049142, 36.91620640279013], [-76.28936661977765, 36.9162064447103], [-76.28912994990274, 36.916209402818325], [-76.2888889501963, 36.91621140287924], [-76.28862194990988, 36.916215402879466], [-76.28858922867896, 36.91621593924828], [-76.28852681406005, 36.916216962561684], [-76.28850234304224, 36.916217363881096], [-76.2883779495829, 36.916219402357015], [-76.28835551734934, 36.91622583517479], [-76.28824195013745, 36.91625840269535], [-76.28818395041809, 36.916423402136125], [-76.28798794969882, 36.91682940292516], [-76.2878399503874, 36.91713440303877], [-76.28744394974501, 36.917960402826445], [-76.28766494967513, 36.91916640346625], [-76.28776595006708, 36.91974940289243], [-76.28676495005239, 36.91985440290447], [-76.28646195006516, 36.91987240368095], [-76.28646405006187, 36.91988475496055], [-76.28646490064305, 36.91988976363448], [-76.28646647666456, 36.91989903049355], [-76.28647289630733, 36.91993679235316], [-76.28647625606797, 36.91995655493646], [-76.28647894995333, 36.91997240297473]]]}, "properties": {"OBJECTID": 489, "PERIMETER": 81396.688, "PRECINCTS": 4, "PRECINCTS1": 41, "ELECTION": 0, "ELECTION_I": 0, "PRECNAME": "Titustown", "SUPWARD": 7, "WARD": 1, "ADDRESSNUM": 7545, "POLLPLACE": "Titustown Recreation Center", "ADDRESSSTR": "Diven Street", "PRECNUM": 104, "POLLADDRESS": "7545 Diven Street", "NAME_1": "Titustown", "NAME_2": " ", "created_user": "CSIEMER", "created_date": 1662571027000, "last_edited_user": "NORFOLKGIS", "last_edited_date": 1684863580000, "Shape__Area": 142664907.1088907, "Shape__Length": 84848.29270440794, "NORFOLKGIS.Precincts.AREA": null}}, {"type": "Feature", "id": 490, "geometry": {"type": "Polygon", "coordinates": [[[-76.27269094240067, 36.87387539429095], [-76.27249250564758, 36.87348649791752], [-76.27249194233625, 36.87348539387664], [-76.27244689927726, 36.873512702190666], [-76.27243491459835, 36.87351996802748], [-76.27241927578976, 36.87352944954637], [-76.27240844593851, 36.87353601528113], [-76.27239963217862, 36.87354135912924], [-76.271917943223, 36.87383339363732], [-76.27189861389198, 36.873845063927476], [-76.27175894285584, 36.87392939430188], [-76.27166294232565, 36.873982393804965], [-76.2714325561624, 36.87410976961802], [-76.27112394213572, 36.87428039402027], [-76.2710089420184, 36.874382394213974], [-76.27083994218998, 36.87447139411541], [-76.27048594197255, 36.874646394470986], [-76.27046996198301, 36.87465433693707], [-76.27026428500758, 36.87475656073493], [-76.27004746983653, 36.874864318998114], [-76.26984031268437, 36.87496727743955], [-76.2696509420986, 36.87506139455016], [-76.26837794218578, 36.87569539434544], [-76.2682429411266, 36.87576939495841], [-76.26814694187871, 36.87583739499923], [-76.26812221058506, 36.87586083490802], [-76.26803194134898, 36.87594639422849], [-76.2679799417825, 36.876001394909984], [-76.26795794132865, 36.87602639465881], [-76.26793533832668, 36.876066946905816], [-76.26788994150523, 36.87614839478994], [-76.26787494190803, 36.87618239430714], [-76.26780894113122, 36.8763423944613], [-76.26780088217744, 36.87636369484287], [-76.26765397415959, 36.87675199432677], [-76.26755394114915, 36.8770163951364], [-76.267309941351, 36.87764839503576], [-76.26723194160516, 36.87778039478006], [-76.26713394088597, 36.877900394801834], [-76.26703394090174, 36.877994395496444], [-76.26690194866852, 36.87808399597616], [-76.2668969409499, 36.87808739540534], [-76.26683894087905, 36.87812239554961], [-76.2667189418093, 36.87818439489767], [-76.26658394115019, 36.878235395270266], [-76.26641394076734, 36.87827839476534], [-76.26626694099693, 36.87829839479454], [-76.26614894069343, 36.87830539482447], [-76.26602394086137, 36.878302395248404], [-76.265848941094, 36.87828139534194], [-76.26571794061248, 36.87825639516406], [-76.26467594030032, 36.87799739528683], [-76.26417785205395, 36.87787430889664], [-76.26379781701885, 36.87778039312857], [-76.26377443681446, 36.87777461561141], [-76.26372094084354, 36.87776139552074], [-76.26367794055913, 36.87774039535235], [-76.26363294012172, 36.8777043952447], [-76.26362531461479, 36.87769448194061], [-76.26362508987408, 36.877694189224094], [-76.26361294005052, 36.8776783948873], [-76.2635605748532, 36.87766575509588], [-76.26355686906601, 36.87767586914065], [-76.26355640786073, 36.87767712678707], [-76.26353121276493, 36.87774479079956], [-76.26351707088988, 36.87777778217297], [-76.26126053134253, 36.88362407268955], [-76.26031008293842, 36.886351112383245], [-76.25872975178848, 36.890678504407106], [-76.25768028814858, 36.892739628343996], [-76.25686725433685, 36.896056691035454], [-76.25669750820617, 36.89624439470993], [-76.25654125340449, 36.89643853641863], [-76.25639507118842, 36.896639052747034], [-76.2562550541431, 36.896862351613684], [-76.25613931420517, 36.897074438403244], [-76.25603712685796, 36.89729090404358], [-76.25594454504052, 36.897529532079034], [-76.25587292251188, 36.8977534505924], [-76.25577902216126, 36.898152089218854], [-76.25573573500131, 36.898574360248574], [-76.25573744013357, 36.89897894565649], [-76.25578709085322, 36.899381699268105], [-76.25584764436775, 36.89964729106521], [-76.25594200118304, 36.899926579255784], [-76.2560284185402, 36.90012741449073], [-76.25624777856581, 36.9005753057023], [-76.25639770116548, 36.9009421968171], [-76.25649553263679, 36.90126029087095], [-76.25651393951975, 36.90130540076438], [-76.25657593951925, 36.90149040012396], [-76.25658993927858, 36.90154540045444], [-76.25662093949764, 36.9016784000994], [-76.25665705580046, 36.901920458799715], [-76.25666793994311, 36.90199340093899], [-76.25667893999353, 36.902197400216814], [-76.25667293967135, 36.90250740078673], [-76.25666901372453, 36.90269428925066], [-76.25666841457532, 36.90272276386123], [-76.25666293903026, 36.90298340091335], [-76.25664959685635, 36.90340907947617], [-76.25664892791103, 36.9034304310171], [-76.25664193955475, 36.90365340061525], [-76.25664171121987, 36.90366411176236], [-76.25663494004388, 36.9039824010438], [-76.2567961102109, 36.90399830384393], [-76.25696736588333, 36.90401520202628], [-76.25716193948938, 36.904034400868426], [-76.25736686257153, 36.904048898819454], [-76.25768493980632, 36.90407140071641], [-76.2580079394839, 36.90404140063643], [-76.25822535403346, 36.90402966300436], [-76.25843394037982, 36.90401840107596], [-76.25846079917294, 36.90402530135573], [-76.25868694027893, 36.90408340078826], [-76.25885594074519, 36.904074400975865], [-76.25904294065974, 36.90403640089138], [-76.25921194034075, 36.90400840055557], [-76.25935294079956, 36.903933400511384], [-76.25936961425663, 36.90390410834889], [-76.25938993988349, 36.90386840044674], [-76.2594929399862, 36.90377440048442], [-76.25952577028471, 36.90374354055474], [-76.25964294003849, 36.90363340112954], [-76.25982094017795, 36.903511400786336], [-76.25998994096541, 36.90331540098138], [-76.26013994048041, 36.90302440029202], [-76.2602149409312, 36.90280840098119], [-76.26022961786389, 36.9027668147189], [-76.2602610882373, 36.90267764784692], [-76.26028094028993, 36.902621400256066], [-76.26043094105584, 36.902480400877444], [-76.2605529403703, 36.90236840026626], [-76.26061794102272, 36.90223640091326], [-76.26070294016495, 36.90206840054906], [-76.2608429411131, 36.901805400711694], [-76.2609559410616, 36.901683400606174], [-76.26110594109169, 36.90162740056014], [-76.26127494035701, 36.90160840025496], [-76.26134994112176, 36.90164640022635], [-76.26136794120431, 36.90175840037603], [-76.26143394053025, 36.90189040041925], [-76.2633075973665, 36.901996607134215], [-76.26345018909664, 36.90200468935139], [-76.26610994206364, 36.90215540027361], [-76.26606394213691, 36.90235440009249], [-76.26681094230189, 36.9024683999209], [-76.26724094236504, 36.90253439987997], [-76.26702694291022, 36.902152399911294], [-76.26716009990255, 36.901956661915186], [-76.26721345920348, 36.90187822357111], [-76.2677687298446, 36.901061969913854], [-76.26786135666832, 36.90092580621852], [-76.2680602783884, 36.90063338258553], [-76.26816094342615, 36.90048540024718], [-76.2686560576955, 36.89993627206288], [-76.26881021584389, 36.89976529508047], [-76.26956556493778, 36.89892751878474], [-76.27028694354318, 36.89812739887447], [-76.27074717635821, 36.89761693633508], [-76.27129562431661, 36.89700861962126], [-76.27135973388253, 36.89693751142984], [-76.27161791925332, 36.89665113746814], [-76.27170468592365, 36.89655489772126], [-76.27181635366641, 36.89643103620586], [-76.27199994370953, 36.89622739881568], [-76.27232872008756, 36.89635080229212], [-76.27258007785984, 36.89644514567888], [-76.27277131282288, 36.89651692263972], [-76.27306611931488, 36.89662757211383], [-76.27332241743986, 36.896723767868], [-76.27349994489313, 36.896790398476426], [-76.27355621086319, 36.89681688396153], [-76.27360003568033, 36.89683751278847], [-76.2743850517397, 36.89720702923276], [-76.27445594483186, 36.897240399216294], [-76.27463789806421, 36.89737367878279], [-76.27555494481172, 36.898045399183424], [-76.275676945622, 36.89792639875334], [-76.27590994520197, 36.8978023988745], [-76.27624094515235, 36.89757639926646], [-76.27690994578234, 36.89772739931269], [-76.2770564054998, 36.897756690702664], [-76.27727178043362, 36.89781762989625], [-76.27844283955287, 36.898148966323795], [-76.27908425713413, 36.89833044120615], [-76.2795649468233, 36.898450398781954], [-76.27959494581306, 36.89835839884236], [-76.2796369460384, 36.89819939902163], [-76.27965694616391, 36.89805839935396], [-76.27965894612542, 36.897915399283754], [-76.27965502769669, 36.897882311800174], [-76.27964715224897, 36.8978158071046], [-76.27964094576652, 36.89776339886451], [-76.27964636734681, 36.89776493717435], [-76.27975483689792, 36.89779571214837], [-76.27985594602421, 36.897824399215125], [-76.28004794606075, 36.897879398753865], [-76.280213354484, 36.89793644566188], [-76.28061790920731, 36.89807596898026], [-76.28068294670781, 36.89809839914655], [-76.28081133450812, 36.8981427020121], [-76.28082494614675, 36.89814739917744], [-76.28086365588872, 36.898161169307656], [-76.28168794727546, 36.89845439920035], [-76.28189190107575, 36.89852655617417], [-76.28192516493476, 36.89853832398218], [-76.2819649469186, 36.898552398811084], [-76.2822529466982, 36.89865239905914], [-76.28226494710437, 36.89865639863761], [-76.28269594682713, 36.898810399290156], [-76.28280433752668, 36.89884898745548], [-76.28283038419859, 36.898858259965074], [-76.2828497586919, 36.89886515768389], [-76.28327254313243, 36.89901566973942], [-76.28332058029353, 36.899032770661464], [-76.28361563914929, 36.89913781128868], [-76.28373199813387, 36.89917923492694], [-76.2838209686622, 36.89921163397923], [-76.2839517244381, 36.89925924995448], [-76.2839639482709, 36.899267398949135], [-76.2840245419385, 36.899289764164386], [-76.2843206233709, 36.899399050570864], [-76.28433006671062, 36.899402535718956], [-76.28457894782221, 36.899494398725224], [-76.28488794755556, 36.89961339874224], [-76.2852785069909, 36.89975646728651], [-76.28528583025279, 36.899759149847974], [-76.2854257518343, 36.89981040442912], [-76.28547687371741, 36.899829130954366], [-76.28573694853463, 36.89992439952388], [-76.28604084199205, 36.900028331263826], [-76.28614262040945, 36.900063139387605], [-76.28620758432064, 36.900085356831305], [-76.2862369482061, 36.90009539952943], [-76.28663494903688, 36.900224399032275], [-76.28658094867285, 36.90028839926239], [-76.28651994894513, 36.90037739949811], [-76.28651886394212, 36.90039530090192], [-76.28651463507661, 36.90040152630151], [-76.28651804811005, 36.90040875012574], [-76.28651794832025, 36.900410399546814], [-76.28653394861531, 36.900442399202355], [-76.28655094811273, 36.90045739900322], [-76.28656929257788, 36.90046904040861], [-76.28665494898215, 36.90052339879546], [-76.28671990625313, 36.90056842576044], [-76.28673640599781, 36.90057986384252], [-76.28677989788238, 36.90061001240682], [-76.28680519595449, 36.90062754805186], [-76.28683094833401, 36.900645399612], [-76.28695257081596, 36.90073521242928], [-76.28695261257297, 36.90073524296063], [-76.28702594896176, 36.90078939881705], [-76.28709594923185, 36.90080939948779], [-76.28715594870457, 36.90081339917046], [-76.28727494852016, 36.90084739932862], [-76.2870369493106, 36.901102399373066], [-76.28735594871226, 36.90114039957699], [-76.28753294948397, 36.90108639964794], [-76.28802687992543, 36.90123085856093], [-76.28887830202771, 36.90147986595192], [-76.29130795013853, 36.90219039916629], [-76.2913857584752, 36.902072966111575], [-76.29141595053208, 36.902027398989546], [-76.29147943250544, 36.901932247872786], [-76.29177573797017, 36.90148811893009], [-76.29177586587997, 36.901487927540195], [-76.2918649507881, 36.901354399501464], [-76.29171073103699, 36.900621871286056], [-76.29146495046177, 36.899454398773536], [-76.29150134894613, 36.899347039907575], [-76.29159502916646, 36.89907072868616], [-76.29201746535226, 36.8978247123109], [-76.29205995061129, 36.89769939801683], [-76.29217695045324, 36.89735439803432], [-76.29219150505433, 36.897311591691384], [-76.29289806136347, 36.89523351427537], [-76.29297942141615, 36.89499421416419], [-76.29297974172442, 36.89499327284663], [-76.29322135538344, 36.89428262424677], [-76.29326495051626, 36.89415439738526], [-76.29276495067383, 36.893254397530605], [-76.29108182537009, 36.89225983144178], [-76.29106106085932, 36.892247562039856], [-76.29056494910917, 36.891954397412796], [-76.29007289212133, 36.89190350076956], [-76.2845819477819, 36.891335397562585], [-76.28208546999159, 36.890022752243944], [-76.27972094599612, 36.88877939725359], [-76.27960294541464, 36.88871739702371], [-76.27796394513788, 36.88785439699175], [-76.27755194569626, 36.8876703969353], [-76.27616394465228, 36.887054396661675], [-76.27552394477087, 36.88559239631196], [-76.27534645217732, 36.88518650762291], [-76.27525920085222, 36.8849869792598], [-76.27500486487732, 36.88440535371964], [-76.27500061573419, 36.88439563492921], [-76.27476394368705, 36.8838543964643], [-76.27478183268673, 36.88353240877919], [-76.27479551008311, 36.88328621037318], [-76.27479811459759, 36.88323932997585], [-76.27486394456818, 36.882054395373515], [-76.27451103761499, 36.8817014905492], [-76.27450062000194, 36.88169107261339], [-76.2743740358236, 36.88156448797795], [-76.27426494399714, 36.881455395711924], [-76.27316494385965, 36.880355395801416], [-76.27236394291465, 36.87955439490996], [-76.2724079606795, 36.879462122616324], [-76.27247444806889, 36.87932274715225], [-76.27247522881817, 36.879321110647496], [-76.272972318402, 36.878279064279454], [-76.27304648069264, 36.878123594953145], [-76.27417994356264, 36.875747394742255], [-76.27409082117975, 36.875604397828724], [-76.27401813035755, 36.875487765320166], [-76.27392242648666, 36.8753342066229], [-76.27390511779451, 36.87530643379619], [-76.27390121440588, 36.87530017013839], [-76.27364894305013, 36.874895394075665], [-76.27322453694107, 36.874443525852406], [-76.27317222417157, 36.87438782664276], [-76.27313275979134, 36.874345808550004], [-76.27305986041276, 36.874268191685026], [-76.27304860806787, 36.87425621102466], [-76.27269094240067, 36.87387539429095]]]}, "properties": {"OBJECTID": 490, "PERIMETER": 33706.383, "PRECINCTS": 26, "PRECINCTS1": 9, "ELECTION": 27, "ELECTION_I": 41, "PRECNAME": "Willard", "SUPWARD": 6, "WARD": 2, "ADDRESSNUM": 1511, "POLLPLACE": "Willard Model School Lakewood", "ADDRESSSTR": "Willow Wood Drive", "PRECNUM": 218, "POLLADDRESS": "1511 Willow Wood Drive", "NAME_1": "Willard", "NAME_2": " ", "created_user": "CSIEMER", "created_date": 1662571027000, "last_edited_user": "CSIEMER", "last_edited_date": 1666096342000, "Shape__Area": 56953263.37653839, "Shape__Length": 41217.69448069057, "NORFOLKGIS.Precincts.AREA": null}}, {"type": "Feature", "id": 491, "geometry": {"type": "Polygon", "coordinates": [[[-76.29745920485956, 36.873485494039066], [-76.29767695030826, 36.87354339289338], [-76.2976811008912, 36.87353429392352], [-76.29770128842831, 36.873490032354674], [-76.2977602141261, 36.87336083681905], [-76.29786395122103, 36.87313339259972], [-76.29795195116218, 36.87295739336232], [-76.29797495088934, 36.872910392942046], [-76.29799219976817, 36.87289866412409], [-76.297999950397, 36.87289339310806], [-76.2980329509708, 36.872890392676354], [-76.29830295076195, 36.87297339297068], [-76.29842712039715, 36.87300917763997], [-76.29927250573482, 36.8732528066205], [-76.29928495139028, 36.87325639282773], [-76.29916712056313, 36.873517501493374], [-76.29898395077704, 36.8739233931962], [-76.29892222480098, 36.874060606749715], [-76.2986699504844, 36.874621393243416], [-76.29862586654629, 36.874718852719084], [-76.29856135941372, 36.874865098828366], [-76.29825736599419, 36.87555428260252], [-76.29803951802066, 36.87599046419196], [-76.29797447607137, 36.876228264943705], [-76.29807183187697, 36.877704048667866], [-76.29661191577495, 36.877778090698854], [-76.29558797452779, 36.87783001064523], [-76.29381805213677, 36.8779197346507], [-76.29096966435792, 36.878064074752736], [-76.28850280278503, 36.87818712068993], [-76.28492687986288, 36.87837938233436], [-76.2821426965086, 36.87851093227118], [-76.28209499079935, 36.87926816018221], [-76.28207632605523, 36.87996153547226], [-76.28207057892922, 36.88095049991563], [-76.28202394640238, 36.88095739480579], [-76.28202128789307, 36.880982955142734], [-76.28201079530976, 36.88108385071629], [-76.28200865663645, 36.88110441287467], [-76.28199794588346, 36.88120739549897], [-76.28197994567664, 36.88132639570371], [-76.28196194662085, 36.881416395366195], [-76.28195927823039, 36.881429787970816], [-76.28188811271865, 36.88178695756828], [-76.28187722601454, 36.88184159658347], [-76.2818636747882, 36.88190960934514], [-76.28185594585929, 36.881948395250845], [-76.28182257249762, 36.88212115294395], [-76.28178794667477, 36.88230039575122], [-76.28173110519586, 36.882592775974864], [-76.28171816115852, 36.882659355296774], [-76.28169188850732, 36.88279449599216], [-76.28168447846093, 36.882832616391646], [-76.28168162297162, 36.88284729982117], [-76.28167289085603, 36.88289221770198], [-76.28166360014916, 36.88294000490172], [-76.28164932042272, 36.8830134598612], [-76.28164473460092, 36.883037044063656], [-76.28164339924012, 36.883043912502174], [-76.28163494582334, 36.88308739525916], [-76.28173894664079, 36.88310039600905], [-76.2818399122599, 36.88311309149042], [-76.28184114758301, 36.88311324731234], [-76.28196696979637, 36.88312906826351], [-76.28230392093761, 36.88317143723647], [-76.282314415177, 36.883172756609866], [-76.28233604536472, 36.88317547596934], [-76.28258194617729, 36.883206395344835], [-76.28258712481912, 36.88318605009135], [-76.28259126765158, 36.88316977659102], [-76.28259544991035, 36.88315334429284], [-76.28259556777306, 36.88315288231356], [-76.28259594674087, 36.88315139590165], [-76.2825974597103, 36.88314343925127], [-76.28259854435026, 36.88313773604527], [-76.28259931065509, 36.883133709682326], [-76.28260247296711, 36.88311708507306], [-76.28260266929162, 36.88311605040425], [-76.28260382662287, 36.88310997179896], [-76.28260389973656, 36.88310958198582], [-76.28260553988538, 36.88310095982316], [-76.28260557028916, 36.8831008026578], [-76.28260575459728, 36.88309983356196], [-76.2826069930086, 36.883093322929675], [-76.28260716530045, 36.883092419406736], [-76.28260820091059, 36.88308697306604], [-76.28260854954354, 36.88308514266112], [-76.28260876579837, 36.88308400200721], [-76.28260882540542, 36.88308369035802], [-76.28260953487191, 36.8830799576691], [-76.28260959045599, 36.883079668478196], [-76.28261020058615, 36.88307645490425], [-76.28261045912916, 36.883075096016405], [-76.28261090381295, 36.88307274373034], [-76.28261095887011, 36.88307247255682], [-76.2826112292713, 36.883071053501226], [-76.28261127960556, 36.883070790350814], [-76.28261184974289, 36.883067793251406], [-76.28261187095285, 36.88306768188228], [-76.28261219056682, 36.88306599965511], [-76.28261226226913, 36.883065619730345], [-76.28261279659476, 36.88306281124201], [-76.28261351919856, 36.88305901300127], [-76.28261525217843, 36.88304990224721], [-76.28261546568956, 36.883048778667394], [-76.28261586332417, 36.883046692297846], [-76.28261650241997, 36.88304333234786], [-76.28261852716805, 36.88303268576373], [-76.28261935976515, 36.88302831092166], [-76.28261966616202, 36.883026696948896], [-76.28262269049497, 36.883010799841976], [-76.2826227898574, 36.88301027982605], [-76.2826231863965, 36.883008192534454], [-76.28262672392165, 36.88298959560551], [-76.28263230081723, 36.88296027394932], [-76.2826339860439, 36.88295141467636], [-76.28263621076482, 36.88293972357699], [-76.28264176777533, 36.88291050610365], [-76.28265101859924, 36.882861874406764], [-76.28265145086922, 36.8828596012066], [-76.28266253145209, 36.88280134950628], [-76.28266407081448, 36.882793257247], [-76.28266495392458, 36.88278861294809], [-76.28268741452776, 36.882670539607446], [-76.28268879363742, 36.88266328439705], [-76.2827112144904, 36.882545416715615], [-76.28271284800655, 36.88253682867852], [-76.28271397891343, 36.88253088568005], [-76.28272892852658, 36.88245228833986], [-76.28273594642437, 36.88241539535621], [-76.2827370853543, 36.882409561574256], [-76.28273784963095, 36.882405642434875], [-76.28273860066466, 36.88240179245084], [-76.2827388474655, 36.88240052798463], [-76.28274034415115, 36.88239285856137], [-76.2827422329923, 36.882383174774105], [-76.28274290477927, 36.88237973251479], [-76.28274348937947, 36.882376739293306], [-76.2827443024458, 36.882372571396196], [-76.28274431446182, 36.88237250582324], [-76.28274464264632, 36.882368611804864], [-76.2827445664068, 36.88237121891992], [-76.28274568167222, 36.88236550367164], [-76.28275335537096, 36.88232617495226], [-76.28275668930476, 36.882309089374935], [-76.28275848442605, 36.882299886049815], [-76.28275994670807, 36.88229239534901], [-76.28277044289499, 36.882259225746154], [-76.28278494699029, 36.88221339547041], [-76.28282794687127, 36.88213839569565], [-76.28283790542054, 36.88212721738914], [-76.2828806445373, 36.88207924374613], [-76.28292594626453, 36.88202839531342], [-76.28310494703284, 36.8818663955938], [-76.28312607288277, 36.88184221935009], [-76.28314766418832, 36.88181751196658], [-76.28316360893136, 36.881799266297335], [-76.28316841384192, 36.88179376758309], [-76.2832019471029, 36.88175539545336], [-76.28322594711705, 36.8817103950775], [-76.28323742730876, 36.881680824229285], [-76.28323869170319, 36.88167756711201], [-76.28324010773252, 36.881673920761365], [-76.28325894613914, 36.881625395100315], [-76.28326775278576, 36.88157451328633], [-76.28326936483192, 36.88156519833677], [-76.28328453447511, 36.881477551769], [-76.28328526071593, 36.881473358795155], [-76.28328594659807, 36.88146939490828], [-76.28328594660839, 36.88146087429486], [-76.28328594691845, 36.881459059850776], [-76.28328594669776, 36.88145791601305], [-76.28328594632089, 36.8814418094953], [-76.28328594653668, 36.881439959896184], [-76.28328594659678, 36.88142533523251], [-76.28328594630798, 36.8814234261337], [-76.28328594804569, 36.88142117906083], [-76.2832859461965, 36.881420896898376], [-76.28328594681022, 36.881414005966185], [-76.28328594691922, 36.88141189136343], [-76.28328594606116, 36.88140075226512], [-76.28328594632602, 36.88137875172658], [-76.28328594695229, 36.88135539554029], [-76.28328555554322, 36.881348480987405], [-76.28328540131056, 36.88134573522047], [-76.28328373090989, 36.88131617224838], [-76.28327942304632, 36.88123992463702], [-76.28327937330042, 36.88123905478162], [-76.28327594607723, 36.88117839488394], [-76.28327069944577, 36.881126659337184], [-76.28327066891386, 36.88112636040897], [-76.28327030737405, 36.88112279950134], [-76.28326222576335, 36.88104311048191], [-76.28326178667344, 36.88103878645675], [-76.28325883073562, 36.88100963549079], [-76.28325453313887, 36.88096727222555], [-76.28325430504026, 36.880965019013516], [-76.28325428844782, 36.880964857355956], [-76.28325336793621, 36.8809557767525], [-76.28325296275855, 36.88095178957661], [-76.28325265276655, 36.88094872989963], [-76.28325157182141, 36.880938075188105], [-76.28325127506874, 36.88093513834667], [-76.2832508081278, 36.8809305388793], [-76.28325058437233, 36.88092832901481], [-76.2832504587604, 36.88092709898425], [-76.2832504284393, 36.88092679284904], [-76.28325035177308, 36.880926037860554], [-76.28324831879667, 36.88090599909173], [-76.28324707695602, 36.880893747729154], [-76.28324694544331, 36.88089245088616], [-76.28324691834374, 36.88089218807737], [-76.28324681218818, 36.880891136884365], [-76.28324632605488, 36.88088634957071], [-76.28324606576163, 36.88088377756906], [-76.28324554823867, 36.88087868229728], [-76.283245459481, 36.88087780359349], [-76.2832454064032, 36.880877277996966], [-76.28324447780267, 36.88086812873691], [-76.28324409455098, 36.8808643510916], [-76.28324364518606, 36.88086003318201], [-76.28324360160639, 36.88085948973742], [-76.28324329150973, 36.880856433663844], [-76.28324313040251, 36.88085484421987], [-76.28322248588819, 36.88065129400357], [-76.28322071426042, 36.88063382995961], [-76.28321894627634, 36.88061639482805], [-76.28443046490517, 36.88055981122275], [-76.28444411727806, 36.88055917360993], [-76.28488894683059, 36.88053839542234], [-76.28492327860293, 36.8805383945994], [-76.28496902694151, 36.88053839537446], [-76.28503294651391, 36.88053839527655], [-76.28524387675445, 36.88053783676949], [-76.28541094695404, 36.880537394914384], [-76.28577694753395, 36.8805273951025], [-76.28592952149197, 36.8805230594347], [-76.28601423177473, 36.880520651849054], [-76.28633994771127, 36.88051139464826], [-76.28655926462666, 36.88049989238046], [-76.28662594767896, 36.88049639480243], [-76.2866677865585, 36.88049425263504], [-76.28762194789552, 36.88044539520621], [-76.28797894781087, 36.880421394831586], [-76.28813794858594, 36.880409394914345], [-76.28853194794543, 36.88038839508773], [-76.29035594830441, 36.880290395058886], [-76.29094130399268, 36.88025824489395], [-76.29147143589088, 36.88022912614447], [-76.29150294886784, 36.880227394780185], [-76.29264383501463, 36.880166957237634], [-76.29272994921897, 36.88016239440416], [-76.2932560836317, 36.880130089134305], [-76.29328749680396, 36.880128159822455], [-76.2936419493528, 36.880106394741816], [-76.29410464802231, 36.88008409657131], [-76.29419732299215, 36.880079630605046], [-76.29455494981141, 36.880062394939756], [-76.29474137129992, 36.8800450086197], [-76.29474794957945, 36.88004439477477], [-76.29474517466436, 36.880135987027636], [-76.294745110064, 36.880138131060335], [-76.29474334153812, 36.880196470169665], [-76.29474315080739, 36.880202758107366], [-76.2947430716131, 36.880205403925665], [-76.29474295441722, 36.88020924063333], [-76.29473975305125, 36.88031487804076], [-76.29473860852656, 36.880352648929566], [-76.29473834892354, 36.880361227742036], [-76.2947369501129, 36.88040739456625], [-76.29473716639691, 36.880435180453055], [-76.29473716879184, 36.880435599632015], [-76.29473724875072, 36.88044585143903], [-76.29473810492743, 36.880555952841405], [-76.29473824048797, 36.88057335891308], [-76.29473863901596, 36.88062473870692], [-76.29473902191734, 36.88067403245218], [-76.2947390543035, 36.880678127053244], [-76.29473932055193, 36.88071233519145], [-76.29473963719325, 36.880753066542], [-76.2947396386082, 36.880753210786736], [-76.29473964017505, 36.88075338838477], [-76.29473963995501, 36.88075347310886], [-76.29473969785205, 36.88076081850562], [-76.2947397178498, 36.88076337154252], [-76.29473975570193, 36.88076831983745], [-76.29473981313262, 36.88077564269139], [-76.29473981430645, 36.880775833802545], [-76.29473982397519, 36.88077704451517], [-76.2947398355043, 36.880778577049625], [-76.29473984693388, 36.880780074428976], [-76.29473985888745, 36.880781553790904], [-76.29473985909182, 36.880781585342454], [-76.29473987014929, 36.880782941200756], [-76.29473987117117, 36.88078309895858], [-76.29473988241732, 36.88078460264406], [-76.29473989394117, 36.8807859810452], [-76.29473989481109, 36.880786105449715], [-76.29473990493052, 36.88078745498082], [-76.29473990513489, 36.880787486532405], [-76.29473991457304, 36.8807886665944], [-76.29473991580453, 36.88078881714524], [-76.29473992556238, 36.880790140530074], [-76.29473993635774, 36.88079131250524], [-76.29473993772557, 36.880791612685], [-76.29473995650694, 36.880792355761066], [-76.2947399513978, 36.8807927243229], [-76.2947399588183, 36.88079339507662], [-76.29473939174397, 36.88079341057262], [-76.29473874158022, 36.88079342811445], [-76.29473781630296, 36.88079345311179], [-76.29473146284911, 36.88079362590359], [-76.29470413223679, 36.880794368522174], [-76.29469045177825, 36.880794739995366], [-76.29468071723761, 36.88079500435696], [-76.29465196275764, 36.8807957860373], [-76.29464487941429, 36.88079597847486], [-76.29454199125655, 36.880798773961466], [-76.2945360869704, 36.880798934442645], [-76.29449318152525, 36.88080010033868], [-76.29444136348646, 36.8808015090343], [-76.29443007259304, 36.8808018153673], [-76.29438749613847, 36.88080297297872], [-76.29438646419557, 36.88080300047774], [-76.2943513540111, 36.88080395481519], [-76.29424670621603, 36.880806798133484], [-76.29423876047096, 36.880807014016334], [-76.29422756612236, 36.88080731853696], [-76.29418794969463, 36.880808394639324], [-76.29415473040298, 36.88080602233125], [-76.29414237787732, 36.88080513963657], [-76.29411778702757, 36.880803382697046], [-76.29408995015126, 36.880801394451176], [-76.29408913079277, 36.88080807620001], [-76.29408635626214, 36.88083070692581], [-76.29407819190718, 36.88089729060841], [-76.29407802297581, 36.88089866201637], [-76.29406345493504, 36.881017473968356], [-76.29406258410881, 36.88102457478629], [-76.29404230079447, 36.88118999981611], [-76.29404143743228, 36.881197036777266], [-76.2940289567223, 36.88129882510156], [-76.29402763266538, 36.88130962562001], [-76.29400648862313, 36.88148206872743], [-76.29400531916059, 36.881491604830906], [-76.29399994969113, 36.88153539502064], [-76.29399371531116, 36.881586544830164], [-76.29399237684729, 36.88159753166015], [-76.29399193184213, 36.88160118013742], [-76.29397106635096, 36.88177237377207], [-76.29396984760025, 36.881782369546734], [-76.29396487459702, 36.881823175553144], [-76.29396420537407, 36.88182866851752], [-76.29395745240957, 36.881884065729636], [-76.29395713108816, 36.881886702494974], [-76.29395699531051, 36.881887821242074], [-76.29394957133371, 36.88194873391875], [-76.29394667533693, 36.881972489967644], [-76.29394665617141, 36.881972647346416], [-76.29393633184063, 36.88205734933996], [-76.29393569352892, 36.8820625896014], [-76.29393535306664, 36.88206538284457], [-76.2939349888688, 36.882068374843485], [-76.29393036968621, 36.88210627428466], [-76.29392806329278, 36.88212519116545], [-76.29392646560551, 36.882138299444705], [-76.2939263315775, 36.88213939659193], [-76.29392546178892, 36.88214653798998], [-76.29392473524696, 36.882152496784364], [-76.29391824430162, 36.882205750964914], [-76.29391771648977, 36.882210085627754], [-76.29391194941638, 36.8822573953854], [-76.29390841618199, 36.88228778071662], [-76.29390825428197, 36.88228918019864], [-76.2938990014858, 36.88236875101554], [-76.2938984088297, 36.88237384881722], [-76.29388874431707, 36.882456964177436], [-76.29388856335545, 36.88245851743479], [-76.29388009599334, 36.88253133826347], [-76.29387883445285, 36.882542186825475], [-76.29387321782264, 36.8825904945121], [-76.29387127394895, 36.88260720895645], [-76.29386980290158, 36.88261985901615], [-76.29386201031551, 36.88268687961921], [-76.29386153466795, 36.882690963780846], [-76.29385239666992, 36.88276955516561], [-76.29385142403686, 36.88277791688139], [-76.29384897402862, 36.88279899163337], [-76.29384240582525, 36.882855475749224], [-76.2938422769563, 36.882856588316436], [-76.29384222457338, 36.882857038916086], [-76.29384179817251, 36.88286070306548], [-76.29383262741456, 36.88293957055273], [-76.29383224877328, 36.882942827281155], [-76.29383090955903, 36.88295433959077], [-76.29383058766112, 36.882957111549594], [-76.29383037204401, 36.88295896881708], [-76.29382731494606, 36.88298525106555], [-76.29382694967396, 36.88298839537451], [-76.29382495808358, 36.883000463293854], [-76.29382436404642, 36.88300406570698], [-76.29382405905402, 36.88300590957861], [-76.29382396359316, 36.88300649096847], [-76.2938217554213, 36.88301987081216], [-76.29381728746928, 36.88304693869816], [-76.29381416676904, 36.88306584299162], [-76.29381161535868, 36.88308130124455], [-76.29380836217193, 36.88310070961663], [-76.29380827287424, 36.88310123343497], [-76.29380782103503, 36.88310388217115], [-76.29380758678772, 36.88310526136603], [-76.29380368198977, 36.883128168314585], [-76.29379895181755, 36.883155918115605], [-76.29379347068866, 36.883188074103515], [-76.29379338807279, 36.8831885610914], [-76.29379193771962, 36.88319706706868], [-76.29379090798717, 36.88320311030589], [-76.2937799498618, 36.88326739531768], [-76.29377893906451, 36.88327571845918], [-76.2937786040467, 36.88327847845385], [-76.29377541686142, 36.88330471859867], [-76.2937728463102, 36.88332588572931], [-76.29377041310765, 36.88334591881921], [-76.29376991901542, 36.88334998100156], [-76.29376212352935, 36.88341416495394], [-76.29376158188477, 36.88341862735019], [-76.29375637326693, 36.88346150747099], [-76.29375292619713, 36.88348989158663], [-76.29374955895027, 36.88351761469871], [-76.29374787531283, 36.88353147670519], [-76.2937477743983, 36.88353224547625], [-76.29374695634658, 36.88353903451027], [-76.2937412514207, 36.88358601372718], [-76.29373991593474, 36.88359701142743], [-76.29373071419765, 36.883672772228024], [-76.29372880619592, 36.8836884832251], [-76.29372801992831, 36.88369495106902], [-76.2937269118254, 36.88370407279407], [-76.29372439877254, 36.88372476688629], [-76.29372028189682, 36.88375866198098], [-76.2937199499041, 36.88376139499139], [-76.29371941959275, 36.88376361681014], [-76.29371144078037, 36.88379704098538], [-76.29370984728736, 36.88380371720991], [-76.29370740285788, 36.88381395496864], [-76.29370115281465, 36.883840141205276], [-76.29370085259777, 36.883841396575804], [-76.29369658707996, 36.88385926804022], [-76.2936910936543, 36.883882280360254], [-76.29369035258395, 36.883885382459205], [-76.29368294996326, 36.883916395488], [-76.29368608918074, 36.88391740988012], [-76.29368725304776, 36.88391778597053], [-76.29369229310721, 36.88391941563233], [-76.29372959566751, 36.883931473254734], [-76.29373580183922, 36.88393347904674], [-76.29378194957997, 36.88394839511157], [-76.29395758659795, 36.88400273617622], [-76.2939629500899, 36.884004395334124], [-76.29382578961672, 36.88447240490211], [-76.29377943966287, 36.884630552298376], [-76.29359894965395, 36.885246395551675], [-76.29349856352431, 36.88558968049675], [-76.29345253089808, 36.885747094626375], [-76.29343413323694, 36.8858100077431], [-76.29343267905357, 36.88581497939805], [-76.2933449146913, 36.886115097891725], [-76.2933439501946, 36.88611839589588], [-76.29333932395001, 36.88612448065324], [-76.29323295027385, 36.88626439633627], [-76.29311653269751, 36.8863327064331], [-76.2931119502735, 36.88633539566634], [-76.29303308077213, 36.886382919679484], [-76.29287795012762, 36.886476395894945], [-76.29266594952138, 36.88660339613909], [-76.292793680243, 36.88658179223403], [-76.29279592462619, 36.886579551238796], [-76.29280443437277, 36.88657929375738], [-76.29280344921824, 36.886580139659806], [-76.29502856348637, 36.88651202071515], [-76.29637752424581, 36.88646383501208], [-76.29821270328739, 36.886396585400846], [-76.3024485100721, 36.886223124624905], [-76.30230843731496, 36.883385919481334], [-76.311949171489, 36.88306576238407], [-76.31207295543375, 36.883063394798405], [-76.31216783096257, 36.883058491388994], [-76.3124599560836, 36.883043394816674], [-76.31253014650903, 36.883039885626175], [-76.31257995570573, 36.88303739497051], [-76.31257623548933, 36.88296620213521], [-76.31254685663822, 36.88240404870286], [-76.31254295582099, 36.88232939488684], [-76.31254275234478, 36.88232548009955], [-76.31253628329937, 36.882201350615446], [-76.31250638247339, 36.881637553269684], [-76.31248790671118, 36.88129399499673], [-76.31247546754284, 36.881062680042284], [-76.31246695578703, 36.88090439425163], [-76.31246341656576, 36.88083743575737], [-76.31243176232582, 36.88023858608602], [-76.31242995497765, 36.880204393609866], [-76.31240308450276, 36.87979057935958], [-76.31239937900962, 36.879733510185886], [-76.31239495549943, 36.879665394099675], [-76.3123579555046, 36.87939039349928], [-76.31232795541591, 36.879341394034704], [-76.3123275479951, 36.879340970921724], [-76.31231246536657, 36.87932528404465], [-76.3123029556506, 36.87931539392146], [-76.31189721447257, 36.879332659924096], [-76.31187995487288, 36.87933339398009], [-76.3115372073242, 36.87934839681819], [-76.31124180396608, 36.87936132599159], [-76.31106744908195, 36.87936895719797], [-76.31063280899863, 36.879384200404715], [-76.31011788337527, 36.87940225682341], [-76.3100500923944, 36.879403020428306], [-76.31001695448484, 36.87940339425371], [-76.31000783820197, 36.87925352012303], [-76.3100076068637, 36.879249720183296], [-76.31000261268908, 36.879167601514766], [-76.30999195498305, 36.87899239386355], [-76.30998747045426, 36.87888357919344], [-76.30998485226446, 36.878820044888556], [-76.3099769550656, 36.87862839379735], [-76.3099729552047, 36.87853939374686], [-76.30996334812303, 36.87831779283214], [-76.30995795506217, 36.87819339383051], [-76.30995295460852, 36.8778683936152], [-76.30994895496372, 36.87763639366835], [-76.30995695510937, 36.877529393599495], [-76.30997595497047, 36.877445393969516], [-76.31000704587086, 36.87736583718064], [-76.31002069244101, 36.8772903935207], [-76.31002426942608, 36.87727061494811], [-76.31003295418644, 36.87703439331457], [-76.31004895461633, 36.87695739361403], [-76.31008295475038, 36.87688439344969], [-76.31014095481949, 36.876842393121834], [-76.31017369300216, 36.87682602350496], [-76.31021895469671, 36.8768033929988], [-76.3101900497497, 36.876784854088704], [-76.3097839543545, 36.87652439324494], [-76.3095171909396, 36.876352903468884], [-76.30899995436289, 36.87602039317525], [-76.30864295459999, 36.87580139331748], [-76.30842795378061, 36.875728392758475], [-76.30825495380881, 36.87564839300349], [-76.30812241345996, 36.87559332412914], [-76.30585855444659, 36.87493709518807], [-76.3055150793202, 36.87483752604467], [-76.30502595256507, 36.874711392824466], [-76.30468505749951, 36.874621402217336], [-76.3026572993161, 36.87408608171624], [-76.30220395155804, 36.873966393402036], [-76.30176795193952, 36.87383139288962], [-76.30169495142744, 36.873810392572146], [-76.30148848681233, 36.87375186866572], [-76.30116856520378, 36.87366118395597], [-76.30062800768869, 36.873507956173306], [-76.29934195130123, 36.873143393117545], [-76.29876905036912, 36.872980937358435], [-76.29769443683071, 36.872676202954594], [-76.29753995053811, 36.872632393062766], [-76.29691684917128, 36.87245937304363], [-76.29676503404279, 36.872417217535876], [-76.29620934792864, 36.87226291289587], [-76.2961520181193, 36.87224699378712], [-76.29608811992061, 36.872229249653586], [-76.29583295026711, 36.87215839247454], [-76.29579107223856, 36.872146651575626], [-76.29572594945832, 36.87212839302267], [-76.29551495026325, 36.87278239316398], [-76.29547995043914, 36.87288839294158], [-76.29558994973036, 36.87292739309217], [-76.29569595045162, 36.87296439279988], [-76.29599495030622, 36.873065392961976], [-76.29651094945615, 36.87321561279304], [-76.29676095032181, 36.87328839324252], [-76.29706395022956, 36.8733803934295], [-76.29717443915422, 36.87340977288806], [-76.29745920485956, 36.873485494039066]]]}, "properties": {"OBJECTID": 491, "PERIMETER": 19506.779, "PRECINCTS": 38, "PRECINCTS1": 16, "ELECTION": 39, "ELECTION_I": 46, "PRECNAME": "Lamberts Point", "SUPWARD": 7, "WARD": 2, "ADDRESSNUM": 1220, "POLLPLACE": "Lambert's Point Community Center", "ADDRESSSTR": "W 42nd Street", "PRECNUM": 207, "POLLADDRESS": "1251 W 42nd Street", "NAME_1": "Lamberts", "NAME_2": "Point", "created_user": "CSIEMER", "created_date": 1662571027000, "last_edited_user": "CSIEMER", "last_edited_date": 1687294844000, "Shape__Area": 20477686.98336952, "Shape__Length": 31581.489548955447, "NORFOLKGIS.Precincts.AREA": null}}, {"type": "Feature", "id": 492, "geometry": {"type": "Polygon", "coordinates": [[[-76.25179093642355, 36.88295139672437], [-76.25176793709088, 36.88286739664591], [-76.25213205702062, 36.882774009907166], [-76.25219293653731, 36.88275839645217], [-76.25223589922143, 36.88274462513483], [-76.2525301805039, 36.882661346736484], [-76.25271614184719, 36.882598119166666], [-76.25271493759232, 36.88259339637466], [-76.25268286434343, 36.88246760204092], [-76.25263793758015, 36.88229139683063], [-76.25255085701713, 36.88195069233666], [-76.25251085826694, 36.88179419340258], [-76.2524808516898, 36.88167679245636], [-76.252474815024, 36.88165317277832], [-76.25227540544732, 36.88087295770198], [-76.25224893665636, 36.88076939644083], [-76.2519984299322, 36.87978800103195], [-76.25183593659057, 36.87915139594139], [-76.2517997316306, 36.87900815638421], [-76.25177070690552, 36.87889332398055], [-76.2514375076118, 36.87757504731182], [-76.25130793675797, 36.87706239548299], [-76.25125993646108, 36.876862395811095], [-76.25119493608653, 36.87666039506224], [-76.25113749424153, 36.876384983274136], [-76.25110733106438, 36.876240358307726], [-76.25107800875476, 36.87609976774994], [-76.25085393664742, 36.875025394694205], [-76.25076393597425, 36.874627395386376], [-76.25074888761276, 36.874563120574024], [-76.25070670903197, 36.87438296944414], [-76.25069327884249, 36.8743256084924], [-76.25055838403648, 36.87374944473814], [-76.25054968502312, 36.873712288506326], [-76.25054177963946, 36.87367852221244], [-76.25052793649924, 36.8736193947494], [-76.25035698360759, 36.87364475163277], [-76.25030424391412, 36.87365257427085], [-76.24993380022985, 36.87370752056064], [-76.2499009354917, 36.87371239490049], [-76.24962939620097, 36.873755822055855], [-76.24962220523719, 36.87375697237492], [-76.24957031288528, 36.87376527151955], [-76.24946292872522, 36.873782445269924], [-76.2493560066821, 36.873799545750956], [-76.24933193573202, 36.87380339498037], [-76.24924843521549, 36.87382034284746], [-76.24912993590468, 36.873844394456604], [-76.24909793534155, 36.87386539448632], [-76.24858021842934, 36.873939763369435], [-76.24830269787063, 36.87397962781165], [-76.24819293484128, 36.873995394644695], [-76.24799076525389, 36.87401558791767], [-76.24787192914664, 36.8740274578551], [-76.24775473139695, 36.87403916438525], [-76.24734193514226, 36.87408039466275], [-76.24737893529976, 36.87422339507105], [-76.24740946300159, 36.87435046035555], [-76.2474666742825, 36.8745885980176], [-76.24753083371945, 36.87485564523349], [-76.24753293550667, 36.87486439551027], [-76.24758455344838, 36.875065707475834], [-76.24760544724177, 36.875147193881055], [-76.24770293480188, 36.87552739488329], [-76.24759030146664, 36.87554618977272], [-76.24753604145961, 36.875555243073904], [-76.2472851137278, 36.87559711406879], [-76.24714541778793, 36.875620423793], [-76.24694273544476, 36.875654243312944], [-76.24684593486516, 36.87567039543646], [-76.2468405952832, 36.875653635632375], [-76.24680750186432, 36.875549761125306], [-76.2467739344931, 36.87544439565749], [-76.24674893489284, 36.875341395658275], [-76.24669907136001, 36.87513676472525], [-76.246691365231, 36.87510514272936], [-76.24666094813892, 36.87498031297042], [-76.24663125808007, 36.87485846897787], [-76.24662297997874, 36.874824500544236], [-76.24656593519379, 36.8745903947628], [-76.24655122678774, 36.87452582390474], [-76.24640576678148, 36.873887238360595], [-76.2463839347865, 36.8737913946446], [-76.24629152066957, 36.87334621855888], [-76.24615197175025, 36.87336550250795], [-76.24593893511079, 36.873399394661384], [-76.24542193453583, 36.87347139455943], [-76.24455293402083, 36.87359239484503], [-76.24413993380985, 36.87364739467439], [-76.24376493396248, 36.87370639486197], [-76.24366993371628, 36.87371839472686], [-76.24348586171368, 36.873742121409286], [-76.24318893403301, 36.873780395008396], [-76.24291579210394, 36.87381807023491], [-76.24249293394288, 36.87387639479866], [-76.24249393375364, 36.873829394661364], [-76.24247893368934, 36.87376539540046], [-76.24242893347491, 36.873666394677976], [-76.2423719329993, 36.8735963945679], [-76.24229993304557, 36.8735363953764], [-76.24229110564985, 36.873531120343735], [-76.24225262801377, 36.87350812682623], [-76.24221793355059, 36.873487394541705], [-76.2421099335719, 36.87344539518828], [-76.24201393293501, 36.87342539458223], [-76.24191393310149, 36.87341939471275], [-76.24182485518367, 36.873429071400224], [-76.24162137607163, 36.873451176419735], [-76.24155493337418, 36.87345839461186], [-76.2414882604909, 36.87346769051929], [-76.24135066733473, 36.87348687479163], [-76.24129856374799, 36.87349413956903], [-76.24126660739357, 36.87349859450439], [-76.2411756502993, 36.873511275815055], [-76.24113893283528, 36.8735163954275], [-76.24069393274151, 36.873569395107445], [-76.2405908544131, 36.87358274243471], [-76.23986458371718, 36.87367678253411], [-76.2398250038641, 36.873681907063826], [-76.23969492032829, 36.873698749694945], [-76.23968993313719, 36.87369939557507], [-76.23966022138796, 36.87370291617108], [-76.23947316762897, 36.873725078430496], [-76.23926793245242, 36.87374939544831], [-76.23886293299863, 36.873806394827426], [-76.23884485920028, 36.87371298707166], [-76.23883267156951, 36.87365000318483], [-76.23877329521223, 36.87334314324582], [-76.23875270966299, 36.87323675417783], [-76.23874393235846, 36.87319139473071], [-76.23871744459522, 36.873054449865656], [-76.2386624397203, 36.87277006598419], [-76.23865128154974, 36.87271237493907], [-76.23863674463884, 36.87263721147486], [-76.23863033879194, 36.872604093286526], [-76.23862465902984, 36.87257473068756], [-76.23855593266966, 36.872219394872495], [-76.23854061711894, 36.87214092818224], [-76.23851198321182, 36.871994224201714], [-76.23850782466592, 36.87197291853698], [-76.23847493212773, 36.871804394970766], [-76.23845414657198, 36.871753080587105], [-76.23845399716565, 36.87175271085074], [-76.23844293193613, 36.87172539434796], [-76.23842267389924, 36.871695892606056], [-76.23839804298736, 36.871660023181796], [-76.23834979199053, 36.871589754091254], [-76.23833993236987, 36.87157539463826], [-76.23831161808103, 36.8715321603442], [-76.23828445740524, 36.87149068520485], [-76.23827823376206, 36.87148118295749], [-76.23814246603705, 36.87127386912961], [-76.23810732213578, 36.87122020596171], [-76.23801207272572, 36.87107476198784], [-76.2376700912737, 36.87055255594984], [-76.23737134335526, 36.87009636277973], [-76.23719193131816, 36.86982239401191], [-76.23707893181474, 36.869647394585456], [-76.23703130444623, 36.869576799800726], [-76.23681084531962, 36.86925002122421], [-76.23665637182376, 36.869021050110504], [-76.23651522966793, 36.868811836032805], [-76.23639656287062, 36.868861645474716], [-76.23604866045349, 36.86900933987727], [-76.2357729316396, 36.86912639395878], [-76.23546972933781, 36.86925502600927], [-76.23515084090738, 36.869390311705835], [-76.2350139314051, 36.86944839425374], [-76.2346403146642, 36.869606749650785], [-76.23425893110893, 36.86976839464844], [-76.23386841458331, 36.86993444216051], [-76.2334969309713, 36.870092394387775], [-76.23332502994751, 36.8701659625063], [-76.23302493050453, 36.870294394987766], [-76.23282893014795, 36.870386394725266], [-76.23275093041767, 36.87042839437517], [-76.2326539307697, 36.870480394915226], [-76.23263133962931, 36.87048844896953], [-76.23258232333407, 36.870505924367635], [-76.23253893043763, 36.87052139455492], [-76.2325146050349, 36.87052677768187], [-76.2324462151021, 36.870541914075], [-76.23241693063075, 36.870548394884835], [-76.23241619519357, 36.870549502904424], [-76.23240288361079, 36.8705695485906], [-76.23237969532492, 36.87060447376347], [-76.23237869075659, 36.87060599032026], [-76.23233593015671, 36.87067039492184], [-76.23229575379841, 36.87073020279133], [-76.23227804032442, 36.87075657228899], [-76.23224793004027, 36.87080139435074], [-76.23223340670249, 36.87082327887446], [-76.23220587792065, 36.87086475977612], [-76.23220158974328, 36.870871221900714], [-76.23218394836015, 36.870897804600865], [-76.23216344854006, 36.87092869568802], [-76.23213931963063, 36.87096505477885], [-76.23210193025831, 36.871021394706446], [-76.23204339461441, 36.871110091470875], [-76.23200553458334, 36.87116745886864], [-76.23199368312926, 36.87118541626611], [-76.23198671796088, 36.871195970335826], [-76.23192100763136, 36.87129553976226], [-76.23184756228147, 36.871406826454596], [-76.23184116352071, 36.871416521622464], [-76.23183441336202, 36.871426749930855], [-76.23182675948523, 36.87143834801124], [-76.2318257089023, 36.87143993939106], [-76.23181420988097, 36.87145736365113], [-76.2318069297225, 36.87146839476808], [-76.23175198175115, 36.871551335964334], [-76.23174726782163, 36.8715584514648], [-76.23166832470879, 36.871677610901656], [-76.2316564587449, 36.871695522919], [-76.23165283400617, 36.871700993700316], [-76.23164692396377, 36.87170991409619], [-76.2315949306838, 36.87178839457031], [-76.23158490012587, 36.87180304387918], [-76.2315815073568, 36.87180799814119], [-76.23157293383697, 36.871820520388745], [-76.23149110424546, 36.871940029600516], [-76.23148782991316, 36.871944812181134], [-76.23148378366962, 36.87195072100052], [-76.23139395037991, 36.8720819197048], [-76.2313895709397, 36.8720883151407], [-76.23137992981192, 36.87210239507178], [-76.23130969719409, 36.87220419339705], [-76.23130211049808, 36.87221519062292], [-76.23129697142745, 36.87222263861766], [-76.23129093045318, 36.87223139512195], [-76.23126849297539, 36.87226627780662], [-76.23125261060014, 36.872290969005036], [-76.23121329164073, 36.87235209828917], [-76.23121091957246, 36.872355784184215], [-76.23112957525099, 36.87248224675361], [-76.23112310716606, 36.872492302900866], [-76.23104669275052, 36.87261110066536], [-76.23104392996548, 36.87261539555381], [-76.23104062269192, 36.87262052722152], [-76.23103347054443, 36.872631622060695], [-76.23083443673883, 36.87294040999227], [-76.23082475142344, 36.87295543457383], [-76.23082013576582, 36.87296259700737], [-76.23078430390353, 36.8730181869434], [-76.23063128225658, 36.87325558540546], [-76.23062536062892, 36.87326477233852], [-76.2306176553124, 36.87327672720033], [-76.23058692942946, 36.8733243952512], [-76.23051492999615, 36.873437395591964], [-76.23029340140509, 36.87378175909233], [-76.23025361516095, 36.87384360466512], [-76.23020636271994, 36.87391705634244], [-76.23019482988279, 36.873934985477504], [-76.22989992954037, 36.874393395449424], [-76.22978306765438, 36.87457569629372], [-76.22977192345004, 36.87459307945452], [-76.22975308920304, 36.874622460084396], [-76.22974211323414, 36.87463958238975], [-76.22971840650492, 36.87467656392452], [-76.22954735793634, 36.874943391574185], [-76.22954229595592, 36.87495128807213], [-76.22934633746519, 36.875256969298576], [-76.22934026205488, 36.87526644795108], [-76.22933546484396, 36.875273931318674], [-76.22933208467646, 36.87527920395137], [-76.22930836109362, 36.87531621032348], [-76.22925223500584, 36.87540376347035], [-76.22921592980195, 36.875460395729846], [-76.22920854860425, 36.875471852901505], [-76.22913097899188, 36.87559227041396], [-76.22893089106674, 36.875902879248365], [-76.22890429922766, 36.875944159421294], [-76.22884650757793, 36.876033872346824], [-76.22880849117118, 36.876092888007115], [-76.22855692948848, 36.87648339628762], [-76.22849145413512, 36.87658552841963], [-76.2284839991627, 36.87659715628668], [-76.22817937689196, 36.877072318465096], [-76.22815488009446, 36.87711052833706], [-76.22808188028569, 36.87722439493031], [-76.22805113234517, 36.87727235489762], [-76.22785492883337, 36.87757839597779], [-76.22765964838469, 36.87788304755988], [-76.22764352299846, 36.8779082059355], [-76.22745923556658, 36.878195705671374], [-76.2274587235578, 36.87819650430454], [-76.22723563910488, 36.87854452720173], [-76.22721870487993, 36.87857094442725], [-76.22716392948237, 36.87865639644002], [-76.22689092941762, 36.87908439692778], [-76.22681499718806, 36.87920320781994], [-76.22679556669003, 36.87923361216545], [-76.22675819735026, 36.879292082687826], [-76.2267372140632, 36.879324915040854], [-76.22672092914458, 36.87935039651348], [-76.22665392906728, 36.8794523963539], [-76.22639337145526, 36.879854713780965], [-76.22639292909714, 36.879855396578435], [-76.2263678160844, 36.879894301768395], [-76.22610916916294, 36.8802949880437], [-76.22610545783526, 36.88030073732177], [-76.22604356182691, 36.880396623322405], [-76.22597592916384, 36.88050139672922], [-76.22597004320929, 36.8805104786773], [-76.2259690313967, 36.880512041014164], [-76.22595674883405, 36.88053099454892], [-76.2257189357252, 36.88089795525977], [-76.22569779873648, 36.88093056993998], [-76.22568796199405, 36.88094574894532], [-76.22568704666396, 36.8809471617159], [-76.22568023352848, 36.8809576751208], [-76.22567774170273, 36.8809615199426], [-76.22557002560833, 36.88112773131742], [-76.22555792875593, 36.88114639726359], [-76.22547698015141, 36.88127078083502], [-76.2253529288461, 36.8814613970222], [-76.22533835083368, 36.88148437037723], [-76.22508283916142, 36.88188704153585], [-76.22503081320737, 36.88196902869393], [-76.225003928595, 36.882011397568256], [-76.22499147164419, 36.88203079922533], [-76.22495729657399, 36.882084024654944], [-76.22495377952454, 36.882089500938164], [-76.22495307323936, 36.8820906022685], [-76.224952097446, 36.88209212202859], [-76.22495123024201, 36.88209350057202], [-76.22495043780958, 36.882094705695614], [-76.22495039661386, 36.88209476979726], [-76.22494984592385, 36.88209562175421], [-76.22494973174057, 36.88209579981915], [-76.22494925409217, 36.88209653601099], [-76.2249492129235, 36.882096599211806], [-76.22494892102719, 36.88209705326323], [-76.22494798946929, 36.88209851979704], [-76.22494576717142, 36.88210198042778], [-76.22494562710061, 36.882102198553476], [-76.22494242430693, 36.88210718606415], [-76.22494228306067, 36.88210740596986], [-76.22493925445315, 36.88211212283389], [-76.22493896132723, 36.88211258046701], [-76.22493891307863, 36.88211265524861], [-76.22493089836969, 36.882125138297184], [-76.22493068178477, 36.882125475726134], [-76.22492701052784, 36.882131192395086], [-76.22492197497385, 36.88213903604177], [-76.22492178430339, 36.882139332509055], [-76.22491320225204, 36.88215269873913], [-76.2249130821912, 36.88215288570398], [-76.22491112237296, 36.8821559376835], [-76.22491055503617, 36.88215682086617], [-76.2249091260607, 36.88215904664459], [-76.22490431651907, 36.88216653772074], [-76.22490418120401, 36.88216674692472], [-76.22490251087687, 36.88216935021443], [-76.22489807097456, 36.8821762643541], [-76.22482169634819, 36.88229521333059], [-76.22480374001815, 36.882323178846306], [-76.22470792910904, 36.88247239737976], [-76.22468490590767, 36.88250827351393], [-76.22468105441256, 36.88251427422556], [-76.22467621762743, 36.88252181163732], [-76.2245003654178, 36.882795827210835], [-76.22443312092798, 36.88290060912737], [-76.22442182167529, 36.88291821596991], [-76.22441592898161, 36.8829273977695], [-76.22440107166535, 36.88295053596983], [-76.22415455478608, 36.88333443970975], [-76.22413485232421, 36.88336512322181], [-76.22407532231868, 36.8834578298704], [-76.2240164737129, 36.88354947524629], [-76.22401357804027, 36.88355398374083], [-76.22393373303049, 36.883678326425034], [-76.22392906102179, 36.88368560289646], [-76.22390992814275, 36.883715397831], [-76.22387539267208, 36.88376839244979], [-76.22386068685289, 36.883790958442376], [-76.22384396722319, 36.883816615011284], [-76.22383900923572, 36.88382422215402], [-76.22382088984655, 36.88385202573103], [-76.22377106258601, 36.88392848534976], [-76.22373592822339, 36.88398239765128], [-76.22372854495698, 36.88399409243283], [-76.22370229541292, 36.88403566660398], [-76.2235749277959, 36.88423739754145], [-76.22352701195125, 36.88431345061935], [-76.22348347319584, 36.884382556823454], [-76.22343982957518, 36.8844518268349], [-76.22343703353678, 36.88445626603794], [-76.22343045298356, 36.88446671081836], [-76.22340292778512, 36.88451039828458], [-76.22336667128272, 36.88456862888598], [-76.22333901644035, 36.88461304394412], [-76.22333692847828, 36.88461639808302], [-76.22356330878941, 36.884690569974964], [-76.22362992810321, 36.88471239769093], [-76.22367511814267, 36.884726354903414], [-76.22402492840065, 36.884834397754524], [-76.22403257365997, 36.884836778562445], [-76.22425292901747, 36.88490539797812], [-76.22470568471795, 36.8850508928708], [-76.22494127111597, 36.8851265987057], [-76.22517092869985, 36.885200398234105], [-76.2253543123197, 36.88527818607461], [-76.22540443548918, 36.88529944733963], [-76.22546593023417, 36.88532553205678], [-76.22558061859567, 36.88537418036654], [-76.22564335111151, 36.88540079011471], [-76.22565892871158, 36.88540739768821], [-76.2258978175228, 36.88552727717495], [-76.22620892927829, 36.88568339841453], [-76.2265337081124, 36.885874375463985], [-76.22658848367749, 36.885906585138656], [-76.22670355832197, 36.8859742507761], [-76.22675992962998, 36.88600739802833], [-76.2269826640002, 36.886166296167275], [-76.22735009713723, 36.88642842067414], [-76.22740192968986, 36.88646539811227], [-76.22797893128681, 36.88698865315933], [-76.22803885545794, 36.887042994980085], [-76.2281319302076, 36.887127398726705], [-76.22817318436944, 36.887172230501285], [-76.22819843177696, 36.88719966805616], [-76.22823344693438, 36.887237720699], [-76.22825832925223, 36.88726476088468], [-76.22829344662395, 36.88730292455136], [-76.22832792937727, 36.88734039810117], [-76.22834848548284, 36.88736722753307], [-76.22852608588877, 36.88759903415539], [-76.22854810105777, 36.887627769326265], [-76.22862790815789, 36.88773193398606], [-76.22873093062249, 36.88786639827728], [-76.22879389352894, 36.88795550689905], [-76.22885864352747, 36.88804714684348], [-76.22886004303011, 36.888049126278965], [-76.22889230075718, 36.888094779918696], [-76.22905442759105, 36.88832423055556], [-76.22905643744502, 36.888327075389704], [-76.22908492976742, 36.888367398459835], [-76.22911591929196, 36.88835364832993], [-76.2292359298339, 36.88830039853744], [-76.22928293001785, 36.88828039844152], [-76.22937463774242, 36.88823938671311], [-76.22941362062282, 36.88822195290106], [-76.22943575987067, 36.888212052717584], [-76.229604930286, 36.88813639867703], [-76.22965048549096, 36.88811589278765], [-76.22990449499865, 36.88800155166974], [-76.22998084967055, 36.887967180774005], [-76.23003083632395, 36.88794467906944], [-76.2301714141316, 36.88788139853043], [-76.2302651446821, 36.88783920563636], [-76.23028693080526, 36.887829398528595], [-76.23053789048906, 36.88771487367797], [-76.23056400384469, 36.88770295704446], [-76.23068234608371, 36.887648951588446], [-76.23083955601615, 36.887577208459206], [-76.23097676635471, 36.88751459116585], [-76.2310899179018, 36.887462953949544], [-76.23144077683187, 36.88730283645003], [-76.23150410898764, 36.887273933313224], [-76.23151718770718, 36.8872679645017], [-76.23159293065484, 36.887233398698186], [-76.2317211340822, 36.8871733477673], [-76.23174584651468, 36.88716177249792], [-76.23182825312192, 36.88712317261993], [-76.23186193135882, 36.887107397813274], [-76.23206006710114, 36.88701493440716], [-76.2320815996301, 36.88700488591993], [-76.2321677331074, 36.886964690194795], [-76.23219193085502, 36.88695339784828], [-76.23233676630275, 36.886888596115085], [-76.2324815116662, 36.886823833933015], [-76.23250297008055, 36.886814233727776], [-76.23271493141247, 36.886719397715844], [-76.2328472395374, 36.88665898852676], [-76.23291098508892, 36.8866298835089], [-76.23318011697097, 36.88650700368935], [-76.23322972346206, 36.886484353612744], [-76.23342893177707, 36.886393397728], [-76.2334874676591, 36.88636704296826], [-76.23362322052077, 36.88630592238843], [-76.2336399317059, 36.886298398227595], [-76.23371880824172, 36.88626089264944], [-76.23381074901948, 36.8862171743088], [-76.23388531921219, 36.88618171552127], [-76.23394989161312, 36.886151011535134], [-76.2339869319278, 36.886133398168084], [-76.23406959702758, 36.88609943843027], [-76.23417193197604, 36.88605739761763], [-76.23423110997723, 36.88603300636106], [-76.23431993141143, 36.885996397936886], [-76.23452857679908, 36.88589780366165], [-76.23458088005778, 36.88587308769059], [-76.23482772342423, 36.88575644285703], [-76.23492093171043, 36.88571239747103], [-76.23496683008895, 36.885691724028035], [-76.23512505436965, 36.8856204563779], [-76.2351622274861, 36.88560371323629], [-76.23521156645248, 36.885581488948375], [-76.23527393220036, 36.88555339807919], [-76.23528056189608, 36.88555038456379], [-76.23534533677325, 36.885520941155086], [-76.23540751568254, 36.88549267805828], [-76.23547991093028, 36.8854597714321], [-76.23558057891428, 36.885414013370045], [-76.23562593209797, 36.885393397674186], [-76.23567836574905, 36.885369664438834], [-76.23571089677544, 36.88535493908945], [-76.23572093166992, 36.88535039753628], [-76.23572973768363, 36.88536284488649], [-76.23580928585696, 36.88547528679902], [-76.2359496746973, 36.885673725942546], [-76.235957931675, 36.885685397426165], [-76.23623937893514, 36.8856179988408], [-76.2365593392961, 36.88554137677349], [-76.23664435809187, 36.88552101640135], [-76.23671543703367, 36.88550399476729], [-76.23688796308284, 36.885462678086206], [-76.23697005675821, 36.88544301829825], [-76.23702693245443, 36.8854293978357], [-76.23713682859203, 36.8854028208098], [-76.23717993252357, 36.88539239723619], [-76.23728714478177, 36.8853594551446], [-76.23735893252305, 36.88533739726587], [-76.23753093266568, 36.88527039742692], [-76.23769293258357, 36.88518939751668], [-76.23784293308861, 36.88509539747336], [-76.23798093327132, 36.88499139800756], [-76.238172932669, 36.88481139724953], [-76.23817413044526, 36.884810139450934], [-76.23819101056976, 36.88479241162673], [-76.23827164162329, 36.88470773266789], [-76.23841193294271, 36.884560397191784], [-76.23841677051549, 36.88455628989181], [-76.23846493323734, 36.88451539756392], [-76.23840993321855, 36.88445939735682], [-76.23833909579548, 36.88435939265593], [-76.23829093275867, 36.8842913977767], [-76.23818276821251, 36.88412815950825], [-76.23817717936396, 36.88411972410781], [-76.2380729323241, 36.88396239755179], [-76.23805902030075, 36.88394905707112], [-76.23802904837179, 36.88392031477067], [-76.23800987617128, 36.883901928969266], [-76.23790362034194, 36.88380003157235], [-76.237877932402, 36.883775397254794], [-76.23790710242278, 36.88362980158216], [-76.23790841964333, 36.88362322345896], [-76.237993933033, 36.88319639693486], [-76.23799993325215, 36.883083396933586], [-76.23799993274852, 36.88288339684274], [-76.23801013278594, 36.88276099611757], [-76.23802493280792, 36.882583397131604], [-76.23805712185873, 36.882535658883654], [-76.23808509378637, 36.882494176118364], [-76.23814293250125, 36.88240839689509], [-76.23839006963823, 36.88228242490947], [-76.238399933334, 36.88227739670508], [-76.23868693331579, 36.88220239716091], [-76.2389929325101, 36.88224039669636], [-76.23913971613196, 36.88229685221777], [-76.2393179332506, 36.88236539679203], [-76.23937553378977, 36.882389205309245], [-76.23954293326786, 36.882458396805184], [-76.23971165154595, 36.88252547806732], [-76.23977097127887, 36.882549062566454], [-76.23987493307719, 36.88259039665932], [-76.24013093362855, 36.882646397256934], [-76.24026793346364, 36.882627397376936], [-76.2403650285733, 36.88253804549888], [-76.24042152337476, 36.88248605537077], [-76.24043093299863, 36.882477396537766], [-76.24055294306392, 36.88232403743165], [-76.24057493336126, 36.88229639687618], [-76.2406113053786, 36.882268108063386], [-76.24079093326114, 36.8821283966269], [-76.2409809338231, 36.882002396883244], [-76.24108693322951, 36.88195239663496], [-76.24127493411113, 36.88188339703524], [-76.24149993368482, 36.88180839670532], [-76.24169293425943, 36.881683396353765], [-76.24175873463318, 36.88159050248057], [-76.24181193403474, 36.881515396600356], [-76.24203093407378, 36.88135239677198], [-76.24215593388588, 36.88118339700029], [-76.2421559333695, 36.881015396840006], [-76.24212621734623, 36.88095834199652], [-76.24208093333709, 36.880871396712564], [-76.24205319919739, 36.88082356495104], [-76.2420119336982, 36.88075239612033], [-76.24205013419156, 36.88066530023747], [-76.2421119333335, 36.880524396853424], [-76.24220193439007, 36.88044239674545], [-76.2422849336877, 36.880442396253244], [-76.24243993344108, 36.880499396751965], [-76.2426289342676, 36.88063939635241], [-76.2426859344686, 36.88074539624391], [-76.24266193398694, 36.88085239619353], [-76.24261293411573, 36.88100839682449], [-76.24257994852526, 36.881186197519135], [-76.24257587615628, 36.88120814708525], [-76.24257193345476, 36.881229396971165], [-76.24255293353838, 36.88142639705526], [-76.24257025949021, 36.881469499301986], [-76.24258257721186, 36.881500144762356], [-76.2426349343805, 36.881630397097595], [-76.24269493357812, 36.881779397005765], [-76.24273118876067, 36.88185687358601], [-76.24276793460795, 36.88193539706284], [-76.24287293382652, 36.8820403963263], [-76.24303893425319, 36.88210739712616], [-76.24317893448402, 36.88214039686858], [-76.24340793433592, 36.88226339639242], [-76.24348993450563, 36.88237839668936], [-76.24357097936159, 36.88254582869057], [-76.24358093487733, 36.88256639726655], [-76.24362193408412, 36.88270639659121], [-76.24363065797331, 36.88274463640335], [-76.24366943740732, 36.88291462869748], [-76.24369493406456, 36.883026396672484], [-76.24369422537895, 36.883028567996426], [-76.24368826103466, 36.88304683520171], [-76.24367893491501, 36.88307539735217], [-76.24365044754806, 36.883188480332535], [-76.24364920432339, 36.88319341852755], [-76.24364877180376, 36.883195132749286], [-76.24364593436431, 36.88320639682611], [-76.24363750016144, 36.88322530975622], [-76.24361293451192, 36.883280396954824], [-76.24362193396115, 36.883379397438546], [-76.2437279345815, 36.883477396998636], [-76.24383493463799, 36.88355139670997], [-76.24391693481876, 36.883600397091435], [-76.24406493498822, 36.883707397169864], [-76.24419593432874, 36.883846396665916], [-76.24422084899008, 36.883861562899604], [-76.24442593427501, 36.88398639697588], [-76.2446309351674, 36.884051396704535], [-76.24471306183055, 36.88404668691698], [-76.24490993488303, 36.8840353973294], [-76.24504684698663, 36.883920838143474], [-76.24504988143121, 36.88391829951881], [-76.24510593542533, 36.88387139689766], [-76.2451639351802, 36.88381339691022], [-76.24524593518588, 36.883731396857655], [-76.24526729883978, 36.8837159922048], [-76.24539293504417, 36.883625397430464], [-76.24550793447838, 36.88359239727493], [-76.24560283874109, 36.8836151265193], [-76.24574593561964, 36.88364939669425], [-76.24592193501248, 36.88376739742234], [-76.24605593808121, 36.88380041290733], [-76.24605993486018, 36.883801397261685], [-76.24617893479133, 36.88385939663319], [-76.24647193579327, 36.88400539664391], [-76.24656893482839, 36.88405439706493], [-76.2467262537808, 36.88411704002508], [-76.24678993508593, 36.88414239733833], [-76.24692093515283, 36.88417039667073], [-76.24705330049981, 36.8842058863137], [-76.24719693513485, 36.88424439695042], [-76.2472611359302, 36.88427282322744], [-76.2473275440746, 36.884302226512894], [-76.24765993555977, 36.884449396911485], [-76.24778959230005, 36.88450825418906], [-76.2478119359983, 36.884518397482196], [-76.24793893559136, 36.8845273973359], [-76.24802293556405, 36.88450839740057], [-76.24811693621947, 36.884490396703505], [-76.24824793550214, 36.88443839668143], [-76.24830530000132, 36.884409918327734], [-76.24838893624529, 36.88436839664685], [-76.24849693558201, 36.8843163972771], [-76.248650935704, 36.88426939670793], [-76.24871849867024, 36.884244392766284], [-76.24873425425773, 36.88423856259984], [-76.24877793586293, 36.884222396921395], [-76.24887593654263, 36.8841993966308], [-76.24905393586657, 36.884221396701584], [-76.24914393593698, 36.88423339739558], [-76.24942093627966, 36.884253396751525], [-76.24959293618464, 36.88428839697385], [-76.24974793622103, 36.88429739664447], [-76.24987893589375, 36.88429739688388], [-76.24998708505525, 36.88428522983135], [-76.25003893606348, 36.884279396635186], [-76.25019293619584, 36.88423239676938], [-76.25039658687494, 36.88421060418485], [-76.25039896764847, 36.88421034960967], [-76.25046393646156, 36.884203397291984], [-76.2507627203001, 36.88411048265974], [-76.25079193633297, 36.884101397239746], [-76.25092693687927, 36.8841383967622], [-76.25110403743618, 36.884390681900555], [-76.25124493710003, 36.88459139680578], [-76.25152175723127, 36.884972143417535], [-76.2515553009121, 36.88501022204331], [-76.25181993716369, 36.885251396879355], [-76.25194593742687, 36.885418397472044], [-76.25216793759681, 36.88528739725393], [-76.25217580116022, 36.88528278483328], [-76.25217896893729, 36.88527907318835], [-76.25226601337283, 36.88522716435445], [-76.2522496802481, 36.88513767997254], [-76.25206888297643, 36.88414710320114], [-76.2519234873015, 36.883567895130085], [-76.25190903827264, 36.88351033460885], [-76.25188229484857, 36.88340379799997], [-76.25187865354503, 36.883392639636604], [-76.25183293714848, 36.88320439647322], [-76.25180503690625, 36.883036334312166], [-76.25179093642355, 36.88295139672437]]]}, "properties": {"OBJECTID": 492, "PERIMETER": 20133.408, "PRECINCTS": 37, "PRECINCTS1": 15, "ELECTION": 38, "ELECTION_I": 12, "PRECNAME": "Sherwood", "SUPWARD": 7, "WARD": 3, "ADDRESSNUM": 3035, "POLLPLACE": "Sherwood Forest Recreation Center", "ADDRESSSTR": "4537 Little John Drive", "PRECNUM": 311, "POLLADDRESS": "4537 Little John Drive", "NAME_1": "Sherwood", "NAME_2": " ", "created_user": "CSIEMER", "created_date": 1662571027000, "last_edited_user": "CSIEMER", "last_edited_date": 1687295082000, "Shape__Area": 32258984.658423733, "Shape__Length": 30936.421509666994, "NORFOLKGIS.Precincts.AREA": null}}, {"type": "Feature", "id": 493, "geometry": {"type": "Polygon", "coordinates": [[[-76.24899193697871, 36.89775239974481], [-76.24900893678286, 36.897666399926756], [-76.24901691667367, 36.89758660004733], [-76.24902093740604, 36.8975464000891], [-76.24906593668905, 36.897369399391145], [-76.24907717792154, 36.89735173415919], [-76.24916393718765, 36.89721540013382], [-76.24918386086486, 36.897185319817815], [-76.24919155210094, 36.89717370780981], [-76.24926593712274, 36.897061399882254], [-76.24930093692434, 36.89694639965689], [-76.24930322424485, 36.896915626407605], [-76.24931193673964, 36.89679839929523], [-76.2493179364416, 36.89666639989754], [-76.24935997289529, 36.89654095770857], [-76.24938093686379, 36.896478399169474], [-76.24937141169156, 36.896442918964325], [-76.24934093652456, 36.896329399530565], [-76.24926293681439, 36.896054399211195], [-76.24917202971037, 36.89563587017823], [-76.24916977183729, 36.89562547195338], [-76.24916193662212, 36.89558939944334], [-76.24913393682348, 36.89549639934804], [-76.24916193691489, 36.89541139981636], [-76.2492649364662, 36.89529939931945], [-76.24938693705171, 36.895186399766324], [-76.2495471413277, 36.895043294830984], [-76.24955873980677, 36.89503293572399], [-76.24956493737969, 36.89502739919273], [-76.24978093668985, 36.89471839923924], [-76.24978551012708, 36.894693662991145], [-76.24984693720475, 36.89436139957218], [-76.24984936889047, 36.89434953448522], [-76.25012748648881, 36.89299263119606], [-76.25013177090383, 36.89297172745155], [-76.25013593723688, 36.89295139922649], [-76.25019793648869, 36.89262739869348], [-76.25011793652, 36.89254339857479], [-76.2500429372754, 36.89253339865006], [-76.24991193636141, 36.89249639836566], [-76.24988645632477, 36.892419045854545], [-76.2498839372333, 36.892411399040604], [-76.25005293664688, 36.89229039867111], [-76.25007493664154, 36.89216439867974], [-76.25027932754998, 36.89196049668605], [-76.25044280618984, 36.89179740772807], [-76.25049393677273, 36.89174639893761], [-76.25055393737075, 36.891635398665485], [-76.25060793758536, 36.89153539833836], [-76.25061493730693, 36.89143639839674], [-76.25057793648783, 36.8913903988085], [-76.25046493752447, 36.89130539855288], [-76.25033393721274, 36.89123039861581], [-76.25026893732861, 36.891183398679736], [-76.2502779364997, 36.89110839823707], [-76.2504649371246, 36.89105239838365], [-76.25056793701853, 36.89107139887623], [-76.25071193677566, 36.89107339818817], [-76.25089693684312, 36.89094939852584], [-76.25098993742152, 36.89085239793378], [-76.25108393685528, 36.89079839836849], [-76.25124393673711, 36.89079239800259], [-76.25136493766382, 36.890799397980985], [-76.2514499377997, 36.89086439825578], [-76.2514779373202, 36.8909113980112], [-76.25148693766143, 36.89101539849554], [-76.25146793738811, 36.89116539837502], [-76.25145893749763, 36.89123039813825], [-76.25145893709247, 36.89129639846945], [-76.25150593758387, 36.8913903988407], [-76.25163693708791, 36.891493398581275], [-76.25174893743876, 36.89152739871907], [-76.25185719496403, 36.89154317168742], [-76.25189993775672, 36.8915493985599], [-76.25192156850721, 36.89153572392307], [-76.25198693761885, 36.8914943981385], [-76.25201138413091, 36.89146856825636], [-76.25209293730174, 36.891382398645824], [-76.25221593806124, 36.89128439809967], [-76.25235093742852, 36.89118539836399], [-76.25243293731741, 36.89114439855879], [-76.25252693792588, 36.89112239841326], [-76.25255471166138, 36.891118024341615], [-76.25265393781619, 36.89110239849475], [-76.25303893762229, 36.891120398084304], [-76.25307769212507, 36.89093805951723], [-76.25308555932166, 36.890901044549494], [-76.25312044066409, 36.89073692797435], [-76.25313411983358, 36.89067256742155], [-76.25316799558047, 36.890513180940054], [-76.25318225350387, 36.89044610119113], [-76.2531906826097, 36.89040644241942], [-76.25319304681116, 36.89039531781392], [-76.25319390364645, 36.8903912834282], [-76.25319978074157, 36.89036363352255], [-76.25320570616417, 36.89033575378931], [-76.2532059603999, 36.89033455892338], [-76.25321770175101, 36.890279312947776], [-76.25322715056379, 36.89023485583417], [-76.25322872056732, 36.890227469358656], [-76.25323826197153, 36.89018257594762], [-76.25323893743854, 36.89017939800342], [-76.2532404583842, 36.89017961186567], [-76.25324449153253, 36.89018017842574], [-76.25325746153553, 36.890182000210814], [-76.25332956992077, 36.890192127631], [-76.25338161201593, 36.890199436752646], [-76.25341693815399, 36.89020439817589], [-76.25350316882121, 36.89021635576398], [-76.25366939634492, 36.89023940614466], [-76.25380137774597, 36.890257707629296], [-76.2541067295109, 36.89030004885163], [-76.2541669384555, 36.89030839796041], [-76.2542397179493, 36.890321031741486], [-76.25433859869851, 36.89033819613616], [-76.25443193861425, 36.89035439825743], [-76.25445058704815, 36.89035943545545], [-76.25452637867944, 36.890379908166636], [-76.25457438191323, 36.89039287500824], [-76.25460593767356, 36.89040139835672], [-76.25460392229984, 36.890393439486765], [-76.25460004233608, 36.890378114125525], [-76.25458888361665, 36.890334041018725], [-76.2545744468564, 36.890277015645914], [-76.25457009567756, 36.890259830761494], [-76.25456723237022, 36.89024852331391], [-76.25456100160294, 36.890223910357186], [-76.25455179101901, 36.89018752892707], [-76.25455062055188, 36.89018290775861], [-76.25436693823706, 36.88945739828835], [-76.25430693787155, 36.88921339753683], [-76.25425918666336, 36.889016548189986], [-76.2539649574282, 36.88900147276042], [-76.25384053493914, 36.88899509775098], [-76.25380195776813, 36.88898993188188], [-76.25364193772178, 36.888982397552866], [-76.2531649379297, 36.888982397808576], [-76.25303275548754, 36.888979251006035], [-76.25270293751046, 36.888971397806145], [-76.25256267590082, 36.88891179711072], [-76.25234993730733, 36.88882139811637], [-76.2520835631254, 36.888534132258776], [-76.25206793527205, 36.88851727777127], [-76.2519929374165, 36.88843639777576], [-76.25187193692638, 36.888071397345534], [-76.25186868557665, 36.88806282347361], [-76.25176286861057, 36.887783731226676], [-76.25173489760007, 36.88770995767626], [-76.2517119367879, 36.88764939766537], [-76.25172583418824, 36.88752248974805], [-76.25173127241534, 36.887472830796284], [-76.25174993681698, 36.88730239754516], [-76.25182486527545, 36.88717611292163], [-76.25191666390926, 36.88702139722068], [-76.25192793689627, 36.88700239742753], [-76.25208571820436, 36.88679652282986], [-76.2521087323928, 36.886766493998145], [-76.25211493766915, 36.88675839759582], [-76.25214973122944, 36.88669251214179], [-76.25220893703272, 36.886580397155655], [-76.25222793742402, 36.88648639769393], [-76.25222367290182, 36.88646411980425], [-76.25219341172257, 36.88630605572099], [-76.25214293678644, 36.8860423975691], [-76.25213782198463, 36.8860210579628], [-76.2521272027949, 36.88597675873991], [-76.25208507399273, 36.88580100077461], [-76.25207798199655, 36.88577141273177], [-76.25205859621872, 36.885690540228616], [-76.25202270590069, 36.88554080794823], [-76.25201493685019, 36.88550839736736], [-76.25194593742687, 36.885418397472044], [-76.25181993716369, 36.885251396879355], [-76.2515553009121, 36.88501022204331], [-76.25152175723127, 36.884972143417535], [-76.25142392297367, 36.88483757914965], [-76.25124493710003, 36.88459139680578], [-76.25110403743618, 36.884390681900555], [-76.25092693687927, 36.8841383967622], [-76.25079193633297, 36.884101397239746], [-76.2507627203001, 36.88411048265974], [-76.25046393646156, 36.884203397291984], [-76.25039896764847, 36.88421034960967], [-76.25039658687494, 36.88421060418485], [-76.25028144043672, 36.88422292607433], [-76.25019293619584, 36.88423239676938], [-76.25003893606348, 36.884279396635186], [-76.24998708505525, 36.88428522983135], [-76.24987893589375, 36.88429739688388], [-76.24974793622103, 36.88429739664447], [-76.24959293618464, 36.88428839697385], [-76.24942093627966, 36.884253396751525], [-76.24928890118457, 36.884243863969466], [-76.24914393593698, 36.88423339739558], [-76.24905393586657, 36.884221396701584], [-76.24895738194019, 36.88420946327215], [-76.24887593654263, 36.8841993966308], [-76.24877793586293, 36.884222396921395], [-76.24873425425773, 36.88423856259984], [-76.24871849867024, 36.884244392766284], [-76.248650935704, 36.88426939670793], [-76.24854671046698, 36.88430120655065], [-76.24849693558201, 36.8843163972771], [-76.24838893624529, 36.88436839664685], [-76.24830530000132, 36.884409918327734], [-76.24824793550214, 36.88443839668143], [-76.24811693621947, 36.884490396703505], [-76.24802293556405, 36.88450839740057], [-76.24793893559136, 36.8845273973359], [-76.2478119359983, 36.884518397482196], [-76.24778959230005, 36.88450825418906], [-76.24765993555977, 36.884449396911485], [-76.2473275440746, 36.884302226512894], [-76.24719693513485, 36.88424439695042], [-76.24692093515283, 36.88417039667073], [-76.24678993508593, 36.88414239733833], [-76.2467262537808, 36.88411704002508], [-76.24656893482839, 36.88405439706493], [-76.24647193579327, 36.88400539664391], [-76.24617893479133, 36.88385939663319], [-76.24605993486018, 36.883801397261685], [-76.24605593808121, 36.88380041290733], [-76.24592193501248, 36.88376739742234], [-76.24574593561964, 36.88364939669425], [-76.24560283874109, 36.8836151265193], [-76.24550793447838, 36.88359239727493], [-76.24539293504417, 36.883625397430464], [-76.24526729883978, 36.8837159922048], [-76.24524593518588, 36.883731396857655], [-76.24519036880478, 36.883786962997654], [-76.2451639351802, 36.88381339691022], [-76.24510593542533, 36.88387139689766], [-76.24504988143121, 36.88391829951881], [-76.24504684698663, 36.883920838143474], [-76.24490993488303, 36.8840353973294], [-76.24478859954533, 36.88404235537561], [-76.2446309351674, 36.884051396704535], [-76.24442593427501, 36.88398639697588], [-76.24419593432874, 36.883846396665916], [-76.24406493498822, 36.883707397169864], [-76.24391693481876, 36.883600397091435], [-76.24383493463799, 36.88355139670997], [-76.2437279345815, 36.883477396998636], [-76.24362193396115, 36.883379397438546], [-76.24361293451192, 36.883280396954824], [-76.24364593436431, 36.88320639682611], [-76.24364877180376, 36.883195132749286], [-76.24364920432339, 36.88319341852755], [-76.24365044754806, 36.883188480332535], [-76.24367893491501, 36.88307539735217], [-76.24368826103466, 36.88304683520171], [-76.24369422537895, 36.883028567996426], [-76.24369493406456, 36.883026396672484], [-76.24366943740732, 36.88291462869748], [-76.24362193408412, 36.88270639659121], [-76.24358093487733, 36.88256639726655], [-76.24357097936159, 36.88254582869057], [-76.24348993450563, 36.88237839668936], [-76.24340793433592, 36.88226339639242], [-76.24317893448402, 36.88214039686858], [-76.24303893425319, 36.88210739712616], [-76.24287293382652, 36.8820403963263], [-76.24276793460795, 36.88193539706284], [-76.24273118876067, 36.88185687358601], [-76.24269493357812, 36.881779397005765], [-76.2426349343805, 36.881630397097595], [-76.24257025949021, 36.881469499301986], [-76.24255293353838, 36.88142639705526], [-76.24257193345476, 36.881229396971165], [-76.24257587615628, 36.88120814708525], [-76.24261293411573, 36.88100839682449], [-76.24266193398694, 36.88085239619353], [-76.2426859344686, 36.88074539624391], [-76.2426289342676, 36.88063939635241], [-76.24243993344108, 36.880499396751965], [-76.2422849336877, 36.880442396253244], [-76.24220193439007, 36.88044239674545], [-76.2421119333335, 36.880524396853424], [-76.24205013419156, 36.88066530023747], [-76.2420119336982, 36.88075239612033], [-76.24205319919739, 36.88082356495104], [-76.24208093333709, 36.880871396712564], [-76.24212621734623, 36.88095834199652], [-76.2421559333695, 36.881015396840006], [-76.24215593388588, 36.88118339700029], [-76.24203093407378, 36.88135239677198], [-76.24181193403474, 36.881515396600356], [-76.24175873463318, 36.88159050248057], [-76.24169293425943, 36.881683396353765], [-76.24149993368482, 36.88180839670532], [-76.24127493411113, 36.88188339703524], [-76.24108693322951, 36.88195239663496], [-76.2409809338231, 36.882002396883244], [-76.24079093326114, 36.8821283966269], [-76.2406113053786, 36.882268108063386], [-76.24057493336126, 36.88229639687618], [-76.24055294306392, 36.88232403743165], [-76.24043093299863, 36.882477396537766], [-76.2403650285733, 36.88253804549888], [-76.24026793346364, 36.882627397376936], [-76.24013093362855, 36.882646397256934], [-76.23987493307719, 36.88259039665932], [-76.23977097127887, 36.882549062566454], [-76.23971165154595, 36.88252547806732], [-76.23954293326786, 36.882458396805184], [-76.23937553378977, 36.882389205309245], [-76.2393179332506, 36.88236539679203], [-76.23913971613196, 36.88229685221777], [-76.2389929325101, 36.88224039669636], [-76.23868693331579, 36.88220239716091], [-76.238399933334, 36.88227739670508], [-76.23839006963823, 36.88228242490947], [-76.23814293250125, 36.88240839689509], [-76.23808509378637, 36.882494176118364], [-76.23802493280792, 36.882583397131604], [-76.23801013278594, 36.88276099611757], [-76.23799993274852, 36.88288339684274], [-76.23799993325215, 36.883083396933586], [-76.237993933033, 36.88319639693486], [-76.23790841964333, 36.88362322345896], [-76.23790710242278, 36.88362980158216], [-76.23789782604449, 36.88367610245906], [-76.237877932402, 36.883775397254794], [-76.23790362034194, 36.88380003157235], [-76.23800987617128, 36.883901928969266], [-76.23802904837179, 36.88392031477067], [-76.23805902030075, 36.88394905707112], [-76.2380729323241, 36.88396239755179], [-76.23817717936396, 36.88411972410781], [-76.23818276821251, 36.88412815950825], [-76.2381970941759, 36.88414978077272], [-76.23829093275867, 36.8842913977767], [-76.23833909579548, 36.88435939265593], [-76.23840993321855, 36.88445939735682], [-76.23846493323734, 36.88451539756392], [-76.23841677051549, 36.88455628989181], [-76.23841193294271, 36.884560397191784], [-76.23836217556632, 36.884612653101094], [-76.23834913560381, 36.884626347294216], [-76.23827164162329, 36.88470773266789], [-76.23819101056976, 36.88479241162673], [-76.23817413044526, 36.884810139450934], [-76.238172932669, 36.88481139724953], [-76.23798093327132, 36.88499139800756], [-76.23784293308861, 36.88509539747336], [-76.23769293258357, 36.88518939751668], [-76.23753093266568, 36.88527039742692], [-76.23744582668746, 36.88530354908564], [-76.23735893252305, 36.88533739726587], [-76.23717993252357, 36.88539239723619], [-76.23713682859203, 36.8854028208098], [-76.23702693245443, 36.8854293978357], [-76.23697005675821, 36.88544301829825], [-76.23688796308284, 36.885462678086206], [-76.23664435809187, 36.88552101640135], [-76.2365593392961, 36.88554137677349], [-76.23623937893514, 36.8856179988408], [-76.235957931675, 36.885685397426165], [-76.2359496746973, 36.885673725942546], [-76.23572973768363, 36.88536284488649], [-76.23572093166992, 36.88535039753628], [-76.23567836574905, 36.885369664438834], [-76.23562593209797, 36.885393397674186], [-76.23527393220036, 36.88555339807919], [-76.23512505436965, 36.8856204563779], [-76.23492093171043, 36.88571239747103], [-76.23431993141143, 36.885996397936886], [-76.23417193197604, 36.88605739761763], [-76.23406959702758, 36.88609943843027], [-76.2339869319278, 36.886133398168084], [-76.23394989161312, 36.886151011535134], [-76.23381074901948, 36.8862171743088], [-76.23343046540927, 36.886390142692704], [-76.23342754397378, 36.886391474459664], [-76.23314308098111, 36.886521119548405], [-76.23233676630275, 36.886888596115085], [-76.23228616282924, 36.8869116583434], [-76.23212435801669, 36.88698539955726], [-76.2320815996301, 36.88700488591993], [-76.23186193135882, 36.887107397813274], [-76.2317211340822, 36.8871733477673], [-76.23159293065484, 36.887233398698186], [-76.23151718770718, 36.8872679645017], [-76.23083955601615, 36.887577208459206], [-76.23028693080526, 36.887829398528595], [-76.23003083632395, 36.88794467906944], [-76.22990449499865, 36.88800155166974], [-76.22965048549096, 36.88811589278765], [-76.229604930286, 36.88813639867703], [-76.22943575987067, 36.888212052717584], [-76.22941362062282, 36.88822195290106], [-76.22931686973249, 36.88826522070148], [-76.22928293001785, 36.88828039844152], [-76.2292359298339, 36.88830039853744], [-76.22911591929196, 36.88835364832993], [-76.22908492976742, 36.888367398459835], [-76.2291163169955, 36.88841320106258], [-76.22915548635287, 36.88847035818303], [-76.22916811312528, 36.88848878300269], [-76.22917122571273, 36.88849332570923], [-76.22921749445985, 36.88856084343855], [-76.22921993079018, 36.88856439868503], [-76.22936864387647, 36.88878291730705], [-76.22946493015405, 36.888924398658396], [-76.23028693104547, 36.890084399210586], [-76.2303208260476, 36.89013142169256], [-76.23051382019032, 36.89039915746096], [-76.23055117083656, 36.8904509734373], [-76.23083693100759, 36.8908473988898], [-76.23094122201013, 36.89100435241317], [-76.23107747069447, 36.891209400267606], [-76.23111630056147, 36.891267836385175], [-76.23124093120813, 36.89145539922447], [-76.23107693129288, 36.89149139939464], [-76.2311599311199, 36.89161339899482], [-76.2312499308357, 36.891595399194784], [-76.23132393088207, 36.89157939885875], [-76.23148893150201, 36.89182839901352], [-76.23151726891602, 36.8918764234255], [-76.23167405350573, 36.89214212946008], [-76.23183712258087, 36.89241848465465], [-76.23190493077458, 36.892533399476875], [-76.23195224746546, 36.89262741962715], [-76.23213722629541, 36.892994983070594], [-76.23214441761583, 36.89300927258148], [-76.23221393174414, 36.89314739994936], [-76.23259387102146, 36.89401856925479], [-76.23263320586369, 36.894108761970415], [-76.23263349260576, 36.89410941829741], [-76.23265911483281, 36.89416816778059], [-76.23286785932682, 36.894646791054654], [-76.23287530868869, 36.89466386984707], [-76.23288993215158, 36.89469740016958], [-76.23320693236707, 36.8955134000842], [-76.23336682497505, 36.89591421145061], [-76.23367737445281, 36.89669267019478], [-76.23371399631986, 36.896784467803016], [-76.23373365673429, 36.89683374845293], [-76.23377526814511, 36.89693805602407], [-76.23377852975975, 36.89694623131456], [-76.2338029322672, 36.897007400620126], [-76.23384453137045, 36.89710934812036], [-76.23387393165282, 36.897181400561756], [-76.2340314956132, 36.897566335985516], [-76.23418993239385, 36.89795340081893], [-76.234303946718, 36.89822893973109], [-76.23445088092653, 36.898584028688965], [-76.2346339323886, 36.899026400800125], [-76.23477520507018, 36.899382775483055], [-76.23494393257022, 36.89980840097925], [-76.23497992783238, 36.89988412261701], [-76.23513693290296, 36.90021440048865], [-76.23550393299868, 36.90079440109102], [-76.2355080158504, 36.9007992173963], [-76.23561900895017, 36.900930140176044], [-76.2356647532587, 36.900984097295904], [-76.23572556179816, 36.90105582412564], [-76.23590493295198, 36.90126740135581], [-76.23611979355724, 36.90147113221037], [-76.23616242309869, 36.901511553546484], [-76.23617290314426, 36.90152149028474], [-76.23620735238411, 36.90155415452521], [-76.23625572738632, 36.90160002354552], [-76.23642569911377, 36.90174929151541], [-76.23649634712918, 36.90181133465741], [-76.23679401660345, 36.90203891945295], [-76.23697782822809, 36.90216219961929], [-76.23699637092297, 36.90217463691196], [-76.23705155570651, 36.902211648190054], [-76.2371083823828, 36.902251184261246], [-76.2371949336669, 36.90231140141663], [-76.23726101959744, 36.90234786712676], [-76.23731279765089, 36.90237643890332], [-76.23740684253663, 36.90242833264231], [-76.23766793336655, 36.90257240150062], [-76.2377940178764, 36.902632152420104], [-76.23787912975568, 36.90267248673883], [-76.23788319251308, 36.9026744118573], [-76.23816593327125, 36.902808401566816], [-76.23823776360716, 36.902835300993594], [-76.23846756358574, 36.9029213554048], [-76.23864393339653, 36.902987401037315], [-76.23867207680037, 36.90299579262927], [-76.23891893418015, 36.90306940094447], [-76.239222270761, 36.90314602684347], [-76.23939793443404, 36.90319040128953], [-76.23955193444631, 36.9032164016012], [-76.23969293426588, 36.90324040121572], [-76.23988117392697, 36.903272264134245], [-76.24007388964021, 36.903304884343086], [-76.24014193485077, 36.90331640174189], [-76.24026898047896, 36.90332805391096], [-76.24081793446308, 36.9033784014599], [-76.24113778415152, 36.90338426003979], [-76.2413639351681, 36.9033884018145], [-76.24160108762314, 36.90338651974641], [-76.24161155288232, 36.903386436913024], [-76.24174193537574, 36.903385401654965], [-76.24275793568381, 36.90337840103407], [-76.24274493553278, 36.90324440085577], [-76.24274459815621, 36.90324035261152], [-76.24273893566512, 36.903172400982385], [-76.24273394259303, 36.90312309002091], [-76.24267393464717, 36.90253040124471], [-76.2426569355317, 36.90243440101539], [-76.2430550379665, 36.90242687574804], [-76.24318593523051, 36.90242440119823], [-76.24389093550721, 36.90241640137189], [-76.24481493618208, 36.90240840129246], [-76.24536293614122, 36.90240140091096], [-76.24566693645028, 36.90239340093597], [-76.24569693658185, 36.90239040063216], [-76.24630393637801, 36.90237940053519], [-76.24662336899564, 36.90237634240762], [-76.24684156961055, 36.902374252308675], [-76.24715693922423, 36.90237123111469], [-76.24734793616022, 36.90236940099987], [-76.24750014966354, 36.902369733286], [-76.24752416436871, 36.9023697852276], [-76.24770556072612, 36.90237017990041], [-76.24774181507416, 36.90237025904487], [-76.24780693688412, 36.90237040103343], [-76.24824412251358, 36.90236576325462], [-76.2483115784872, 36.9023650474106], [-76.2485287280346, 36.90236274295263], [-76.24879696773374, 36.9023598961191], [-76.24879934228697, 36.90235987039509], [-76.24903193696245, 36.9023574011576], [-76.24928330057756, 36.902354713122456], [-76.24941794783824, 36.90235327243103], [-76.24949859807613, 36.902352410164745], [-76.24952244680205, 36.902352154757075], [-76.24991031682562, 36.902348005031314], [-76.25001716450096, 36.90234686157801], [-76.25014869729884, 36.902345454167616], [-76.25043393764314, 36.90234240084665], [-76.25043363235886, 36.90233230323063], [-76.25043315946586, 36.90231662110448], [-76.25043271941614, 36.902302063619224], [-76.25043234684298, 36.90228973291557], [-76.2504315571948, 36.902263545533174], [-76.25043002749713, 36.90221290325531], [-76.25042819847027, 36.90215230318802], [-76.2504259375373, 36.90207740087951], [-76.25042582379385, 36.9020658034394], [-76.25042118487534, 36.901594171245726], [-76.25041831535094, 36.90135779252604], [-76.25041443157038, 36.90109553489782], [-76.25041397696131, 36.90106479027538], [-76.25040693791682, 36.90058940026859], [-76.25040598360003, 36.90052538451184], [-76.25040597229928, 36.9005246307476], [-76.25039839150169, 36.90001606614054], [-76.25039797450252, 36.89998813902776], [-76.2503949378065, 36.89978440032176], [-76.25039210893888, 36.89949004244047], [-76.25038856773779, 36.899121436533854], [-76.25038811051846, 36.89907383798439], [-76.25038609087915, 36.89886362615009], [-76.25038398702033, 36.898644718056744], [-76.250382192801, 36.89845799761469], [-76.25038193724153, 36.898431400412015], [-76.25018593587409, 36.8984060838422], [-76.25014193756193, 36.89840040024762], [-76.2499869373477, 36.89839240037081], [-76.24992988716221, 36.898394225827246], [-76.24986193695698, 36.89839639960337], [-76.24975802179742, 36.89840854523773], [-76.2497079370716, 36.898414399695255], [-76.24954393712942, 36.89844840036049], [-76.24946793986243, 36.898471028812004], [-76.24941172064165, 36.898487767830545], [-76.24931677477402, 36.898512045170186], [-76.24905679511461, 36.89862250747426], [-76.2489779371357, 36.89865340049875], [-76.2487678940523, 36.89873610452002], [-76.24866743227291, 36.89877566122595], [-76.2486579365038, 36.89877940029003], [-76.24846493695391, 36.89883740004291], [-76.24817493617283, 36.89889939979728], [-76.24814712647688, 36.89890302766876], [-76.24808208811729, 36.898911510852486], [-76.24801393673343, 36.89892040035735], [-76.24775695942898, 36.89893098117383], [-76.24767393608607, 36.89893439986173], [-76.24766891845528, 36.89888823448401], [-76.24765393683474, 36.89875040042157], [-76.24764885447951, 36.898726773554166], [-76.24764293589065, 36.89869926016056], [-76.2476411500574, 36.8986909585335], [-76.24761693626373, 36.89857840051433], [-76.24758610390415, 36.89845781148857], [-76.24757691200841, 36.898421861590904], [-76.24756373756773, 36.89837033353448], [-76.24756364000893, 36.89836995308764], [-76.24753946582175, 36.89827540795909], [-76.24752693594718, 36.89822639987351], [-76.24751604942496, 36.89819532276537], [-76.24749964772599, 36.89814850291333], [-76.24748270911893, 36.898100150347155], [-76.2474439361406, 36.89800240041668], [-76.2475184547819, 36.89795003384652], [-76.24753225729482, 36.89795209303353], [-76.24754756937192, 36.89794984374161], [-76.24773632125634, 36.89792351590864], [-76.24794779729183, 36.89789401144349], [-76.24815338367425, 36.89786532756906], [-76.24829503715095, 36.8978455687437], [-76.24831606283576, 36.897843884021], [-76.24833564995068, 36.89784438370243], [-76.24833949991967, 36.897844480002306], [-76.24836014227792, 36.89784719924978], [-76.24836654971354, 36.8978484748719], [-76.24838549613027, 36.89785354214874], [-76.24840093608601, 36.897859228185766], [-76.24841874182418, 36.89786782411288], [-76.24843110073438, 36.89787533588723], [-76.24844036890758, 36.89788220345286], [-76.24844402249522, 36.89788490636475], [-76.24845365163851, 36.89789352590444], [-76.2484668458101, 36.897908283595314], [-76.24847626170823, 36.897922193716006], [-76.2484829151777, 36.897935250491365], [-76.24848860579921, 36.897951440922846], [-76.24849164785519, 36.89796694964946], [-76.24849246720976, 36.897981116912575], [-76.24849175757542, 36.89798876138693], [-76.24883201842577, 36.89808686029636], [-76.24894007499385, 36.89811801296886], [-76.24896944249181, 36.89787407433271], [-76.24897397012492, 36.8978364584078], [-76.24899193697871, 36.89775239974481]]]}, "properties": {"OBJECTID": 493, "PERIMETER": 24762.063, "PRECINCTS": 27, "PRECINCTS1": 10, "ELECTION": 28, "ELECTION_I": 56, "PRECNAME": "Norview", "SUPWARD": 7, "WARD": 3, "ADDRESSNUM": 6325, "POLLPLACE": "Norview Middle School", "ADDRESSSTR": "Sewells Point Road", "PRECNUM": 309, "POLLADDRESS": "6325 Sewells Point Road", "NAME_1": "Norview", "NAME_2": " ", "created_user": "CSIEMER", "created_date": 1662571027000, "last_edited_user": "CSIEMER", "last_edited_date": 1666096342000, "Shape__Area": 35845035.73980701, "Shape__Length": 30394.475581727427, "NORFOLKGIS.Precincts.AREA": null}}, {"type": "Feature", "id": 494, "geometry": {"type": "Polygon", "coordinates": [[[-76.32867596088124, 36.892833396070614], [-76.32893027035674, 36.89231838027287], [-76.32998381171097, 36.89018471267467], [-76.33010531113264, 36.8899386391939], [-76.33069118739498, 36.88875204007629], [-76.33100996177055, 36.88810639521492], [-76.33160796199219, 36.886737394907776], [-76.33222586594869, 36.88532261424086], [-76.33222596200433, 36.8853223942796], [-76.33355059024805, 36.88233475280111], [-76.3335999618394, 36.882223393963585], [-76.33432528392179, 36.880587018315914], [-76.33514996287387, 36.87872639259855], [-76.33479971224715, 36.878680319410364], [-76.33228005806102, 36.878348846247704], [-76.33170745201863, 36.87827350963165], [-76.33115145275661, 36.87820035428842], [-76.33017896044336, 36.878072393098584], [-76.32726196047352, 36.87779639270169], [-76.32668296001556, 36.877802393104695], [-76.32659595932006, 36.87779239300267], [-76.32609895964886, 36.877745393364116], [-76.32573395905027, 36.87775839331757], [-76.32521195913584, 36.877878393045116], [-76.32480416718163, 36.878009726766486], [-76.32466541606715, 36.878054412389204], [-76.32453195894755, 36.87809739316231], [-76.32362895869588, 36.87845539341387], [-76.32317031370725, 36.878669846456496], [-76.32274995878194, 36.87886639339437], [-76.32192095893392, 36.879192393790575], [-76.32139095809744, 36.87935739374216], [-76.32031395846155, 36.879623393929656], [-76.31965462234194, 36.879704485003934], [-76.31902684850164, 36.87978169116029], [-76.31863895769354, 36.87982939373891], [-76.31765295714816, 36.879928393487994], [-76.31713530042013, 36.880005149871145], [-76.31707295688888, 36.880014394167056], [-76.31650095621823, 36.88003439356252], [-76.31611695635468, 36.87988939378214], [-76.31541495686523, 36.879477393686145], [-76.31443695561524, 36.87879339358006], [-76.31431845009782, 36.87870377615702], [-76.31415077957868, 36.87857697863837], [-76.31323495604248, 36.87788439379301], [-76.31233995513293, 36.877340393479486], [-76.31220027454924, 36.87726591447626], [-76.31208698645374, 36.87720550668386], [-76.31186207483088, 36.87708557985727], [-76.31176795505583, 36.87703539322617], [-76.3116886836589, 36.87700545631554], [-76.31124194633466, 36.87683674569191], [-76.31087295453877, 36.87669739349942], [-76.31072967520117, 36.87664863445564], [-76.31030199377037, 36.87650308779238], [-76.30962859078116, 36.87627391477325], [-76.30948895390637, 36.87622639296213], [-76.30899995436289, 36.87602039317525], [-76.3097839543545, 36.87652439324494], [-76.3101900497497, 36.876784854088704], [-76.31021895469671, 36.8768033929988], [-76.31017369300216, 36.87682602350496], [-76.31014095481949, 36.876842393121834], [-76.31008295475038, 36.87688439344969], [-76.31004895461633, 36.87695739361403], [-76.31003295418644, 36.87703439331457], [-76.31002426942608, 36.87727061494811], [-76.3100229544944, 36.877306393366574], [-76.31000995469704, 36.877358393887285], [-76.31000704587086, 36.87736583718064], [-76.30997595497047, 36.877445393969516], [-76.30995695510937, 36.877529393599495], [-76.30994895496372, 36.87763639366835], [-76.30995295460852, 36.8778683936152], [-76.30995795506217, 36.87819339383051], [-76.3099729552047, 36.87853939374686], [-76.3099769550656, 36.87862839379735], [-76.30998747045426, 36.87888357919344], [-76.30999195498305, 36.87899239386355], [-76.31001695448484, 36.87940339425371], [-76.3100500923944, 36.879403020428306], [-76.31011788337527, 36.87940225682341], [-76.31063280899863, 36.879384200404715], [-76.31106744908195, 36.87936895719797], [-76.31124180396608, 36.87936132599159], [-76.31187995487288, 36.87933339398009], [-76.3123029556506, 36.87931539392146], [-76.31231246536657, 36.87932528404465], [-76.3123275479951, 36.879340970921724], [-76.31232795541591, 36.879341394034704], [-76.3123579555046, 36.87939039349928], [-76.31239495549943, 36.879665394099675], [-76.31239937900962, 36.879733510185886], [-76.31242995497765, 36.880204393609866], [-76.31246341656576, 36.88083743575737], [-76.31246695578703, 36.88090439425163], [-76.31247546754284, 36.881062680042284], [-76.31248790671118, 36.88129399499673], [-76.31250895520279, 36.88168539395687], [-76.31252195555346, 36.88192639454236], [-76.31254275234478, 36.88232548009955], [-76.31254295582099, 36.88232939488684], [-76.31254685663822, 36.88240404870286], [-76.31257623548933, 36.88296620213521], [-76.31257995570573, 36.88303739497051], [-76.31253014650903, 36.883039885626175], [-76.3124599560836, 36.883043394816674], [-76.31216783096257, 36.883058491388994], [-76.31200407475367, 36.88306393649367], [-76.311949171489, 36.88306576238407], [-76.30230843731496, 36.883385919481334], [-76.3024485100721, 36.886223124624905], [-76.29820894606141, 36.88640819124853], [-76.29502856348637, 36.88651202071515], [-76.29279592462619, 36.886579551238796], [-76.292793680243, 36.88658179223403], [-76.29266594952138, 36.88660339613909], [-76.29245969493091, 36.88679586096248], [-76.29232195019655, 36.88692439626171], [-76.29214694931, 36.88725739624391], [-76.29212894939955, 36.88740339627507], [-76.29215290557961, 36.88773505800795], [-76.29217394938895, 36.888026396572876], [-76.29218768025316, 36.888114394234925], [-76.29221794933967, 36.888308396567496], [-76.29219295010793, 36.88858939667951], [-76.29209294918387, 36.88896439692015], [-76.29205734862259, 36.88911553300344], [-76.29203662826292, 36.88920349536146], [-76.29201130960921, 36.8893109813874], [-76.29198694992775, 36.889414396841715], [-76.29170194997792, 36.890533397263326], [-76.291615740457, 36.89064114232261], [-76.29111266872279, 36.89126987604783], [-76.2909938092801, 36.89141842462096], [-76.29095127594061, 36.89147158160922], [-76.29074889645143, 36.891724508888515], [-76.29068148796141, 36.891808753075146], [-76.29067609817588, 36.89181548858877], [-76.29060163083389, 36.89190855417017], [-76.29059472700904, 36.89191718292226], [-76.29056494910917, 36.891954397412796], [-76.29081060560813, 36.89209956211172], [-76.29087065494953, 36.89213504651415], [-76.29088982634798, 36.89214637562386], [-76.29106106085932, 36.892247562039856], [-76.29108182537009, 36.89225983144178], [-76.2911508031987, 36.89230059156002], [-76.29125568713481, 36.892362569524074], [-76.29126494194017, 36.89236803809019], [-76.29276495067383, 36.893254397530605], [-76.29307190990154, 36.89309905931356], [-76.29516390796684, 36.89204035533236], [-76.2951848590617, 36.89202975270353], [-76.29548010677384, 36.89188033052617], [-76.29548195074457, 36.891879397055426], [-76.29552838173403, 36.89210959020412], [-76.2955529508435, 36.8922313971219], [-76.29558983799191, 36.89241188039458], [-76.29560895116958, 36.89250539752052], [-76.2956437010923, 36.89267842155845], [-76.29565695155702, 36.89274439751431], [-76.29568776663204, 36.89290022903485], [-76.29577298575767, 36.89333116570987], [-76.29581870101693, 36.893562337677714], [-76.29583295098168, 36.89363439762584], [-76.29584747981858, 36.893702270562905], [-76.2958526678401, 36.89372650997969], [-76.29589995068523, 36.8939473979116], [-76.29594365057497, 36.89410127528967], [-76.29597913322063, 36.89422621891171], [-76.29600991605562, 36.89431545791891], [-76.29602042433994, 36.89434592277082], [-76.29602272529311, 36.894345098814], [-76.29602493213065, 36.894344308245195], [-76.29618428544642, 36.894287236288015], [-76.29621642280186, 36.89427572646076], [-76.29628000800014, 36.894252953442596], [-76.29643893000541, 36.89419603530428], [-76.29648296893724, 36.8941802624942], [-76.29659195161244, 36.894146397497316], [-76.29677295093087, 36.894100397350044], [-76.29686395137962, 36.89408539759391], [-76.29700895139868, 36.89407439720833], [-76.29718695199253, 36.89407739778214], [-76.29728395129221, 36.89409539727119], [-76.29745595154424, 36.89416239708663], [-76.29749349193604, 36.89417928556163], [-76.29766447831913, 36.8942562044863], [-76.29780495202743, 36.89431939777351], [-76.2981814644464, 36.894467697349285], [-76.29829495224344, 36.894512397720874], [-76.29868924752036, 36.89466841456713], [-76.29885095159874, 36.894732397256725], [-76.29919700855964, 36.894864607894185], [-76.2993242403379, 36.894913215160244], [-76.29932995199306, 36.894915397958016], [-76.2997339522708, 36.895084397710995], [-76.30019395309347, 36.89525439747198], [-76.30023261713146, 36.89526454677021], [-76.30027395307198, 36.89527539775448], [-76.30028908911336, 36.895278168837635], [-76.30029062179284, 36.89527844990835], [-76.30032806392212, 36.89528530525982], [-76.30034495256298, 36.89528839757694], [-76.30080146145544, 36.89527684123649], [-76.30089795291015, 36.89527439792594], [-76.30118163920572, 36.89526225321017], [-76.3013333961406, 36.89525575630791], [-76.30205916581404, 36.8952246830461], [-76.30216953920333, 36.89521995649231], [-76.30220595277457, 36.89521839762615], [-76.30278895281128, 36.89520439761414], [-76.30298395353158, 36.89519639782648], [-76.30298562420423, 36.89519075589195], [-76.30307912032659, 36.89518757156289], [-76.30315208313677, 36.89518468744301], [-76.30405707852142, 36.895148904844866], [-76.30407188991217, 36.89514831991418], [-76.30445095548228, 36.89513333009491], [-76.30446941161655, 36.89513259958661], [-76.3048049540751, 36.89511839720133], [-76.30506825715283, 36.89510949755489], [-76.30515994176038, 36.89510623537506], [-76.30583843274587, 36.895082093129965], [-76.30630064230236, 36.8950656445945], [-76.3068378863437, 36.89504652317355], [-76.30757477463705, 36.89502021316375], [-76.30808195503784, 36.89500339691626], [-76.30815005161622, 36.89500093180878], [-76.30868177982772, 36.894989924910234], [-76.30943433155701, 36.8949743439052], [-76.309754693209, 36.89497973835275], [-76.30999195504751, 36.895001396888944], [-76.31052495559605, 36.89508639747477], [-76.3105801769567, 36.89509262895885], [-76.31058467704842, 36.89509313643854], [-76.31061956136305, 36.89509707271508], [-76.31078195591469, 36.89511539687986], [-76.31094995620765, 36.89512139729453], [-76.31149395564782, 36.895091397377755], [-76.31163095652461, 36.895090397323266], [-76.31236495608542, 36.89514739727503], [-76.31236689889954, 36.89513237803715], [-76.3126031275767, 36.89515577059846], [-76.31262710294514, 36.8951581448725], [-76.31271637190672, 36.89516698486629], [-76.3128963120966, 36.8951830124163], [-76.31322297312357, 36.89521383200305], [-76.31342695648507, 36.895230397175204], [-76.31347595709067, 36.895238397188194], [-76.31353495704134, 36.89526039745456], [-76.31355295692633, 36.895271397233735], [-76.31362795699009, 36.895294397300695], [-76.31392095662608, 36.89532239745839], [-76.31440695679296, 36.895354397530944], [-76.3145285040657, 36.89537697466191], [-76.31479995741789, 36.89542739702196], [-76.31517134417714, 36.89549993836534], [-76.31521359097462, 36.89550818975148], [-76.31560538386614, 36.8955847145181], [-76.31643549988, 36.8957468486647], [-76.31707007388627, 36.895870785789164], [-76.3212619589389, 36.89668939727557], [-76.3212680992844, 36.89668988788208], [-76.32196822770644, 36.896745794770816], [-76.3238419599834, 36.89689539724398], [-76.32471696010866, 36.89695539736351], [-76.32504196037313, 36.89697839695742], [-76.32628296044214, 36.897048397056125], [-76.32734296115126, 36.89701039676966], [-76.32938296205448, 36.89681339726335], [-76.3307819625393, 36.896619396608095], [-76.3310029622245, 36.89658839679174], [-76.33246396275712, 36.896471396621116], [-76.33308996247195, 36.89637039700315], [-76.33169892596383, 36.8954213508371], [-76.33169874103237, 36.8954212248406], [-76.32848196118346, 36.89322639614056], [-76.32867596088124, 36.892833396070614]]]}, "properties": {"OBJECTID": 494, "PERIMETER": 36246.203, "PRECINCTS": 31, "PRECINCTS1": 53, "ELECTION": 32, "ELECTION_I": 19, "PRECNAME": "Larchmont School", "SUPWARD": 6, "WARD": 2, "ADDRESSNUM": 1167, "POLLPLACE": "Larchmont School", "ADDRESSSTR": "Bolling Avenue", "PRECNUM": 201, "POLLADDRESS": "1145 Bolling Avenue", "NAME_1": "Larchmont", "NAME_2": "Elementary School", "created_user": "CSIEMER", "created_date": 1662571027000, "last_edited_user": "CSIEMER", "last_edited_date": 1687294803000, "Shape__Area": 58216004.662306435, "Shape__Length": 41883.95478040559, "NORFOLKGIS.Precincts.AREA": null}}, {"type": "Feature", "id": 495, "geometry": {"type": "Polygon", "coordinates": [[[-76.25357977821336, 36.917991087552004], [-76.25353631558636, 36.91823238167657], [-76.25353631027075, 36.918232409517536], [-76.25351657904578, 36.918343541157554], [-76.25347473134488, 36.91857923345359], [-76.25343090105525, 36.918826090999325], [-76.25342693914784, 36.91884840445846], [-76.25340638290166, 36.9189624001998], [-76.25339644532282, 36.91901750944332], [-76.25337048695472, 36.9191614608866], [-76.25331693906963, 36.91945840399166], [-76.2533149193708, 36.91946734485774], [-76.25329821070413, 36.91954129045046], [-76.25329409396349, 36.919559508718386], [-76.25328812946628, 36.91958590407062], [-76.25327732843789, 36.91963370470475], [-76.25322293938521, 36.91987440411864], [-76.25318488079226, 36.92005330570592], [-76.25316490904018, 36.920147184950075], [-76.25315092448082, 36.92021292061741], [-76.25314893260733, 36.92022228475646], [-76.25311513906928, 36.920381137506], [-76.25305269497433, 36.92067466463494], [-76.25304890423745, 36.920692485312536], [-76.25304168950946, 36.92072639673374], [-76.25303566684408, 36.920754709984585], [-76.25303511648985, 36.92075729361342], [-76.2530086794627, 36.92088156520397], [-76.25300557105392, 36.92089617471532], [-76.25297929955555, 36.92101966887636], [-76.25295961815497, 36.92111218175423], [-76.2529504387529, 36.921155330733846], [-76.25294815348437, 36.921166069262355], [-76.25294223648285, 36.92119388336631], [-76.2529115819137, 36.92133797661356], [-76.25290872129368, 36.921351421779946], [-76.25290687409715, 36.921360107244034], [-76.2528989391373, 36.92139740486575], [-76.25288952583655, 36.92144120827334], [-76.25288788489513, 36.921448843976016], [-76.25288343627156, 36.92146954006927], [-76.25288307149003, 36.921471241196166], [-76.25288178231916, 36.921477235915056], [-76.25288136151802, 36.92147919827038], [-76.25288122615747, 36.92147982574191], [-76.25287894183082, 36.921490456122754], [-76.25287812531279, 36.92149425421938], [-76.25287744551768, 36.92149741675819], [-76.2528747887946, 36.92150977786554], [-76.2528746402638, 36.92151047088545], [-76.25286686411424, 36.92154665203719], [-76.25286643556524, 36.9215486484965], [-76.25285910604275, 36.92158275331202], [-76.25285906957787, 36.9215829229743], [-76.25285229102998, 36.92161446129919], [-76.25285111229086, 36.921619949755005], [-76.25285097564753, 36.92162058261026], [-76.25284909109114, 36.92162935389109], [-76.25284865356517, 36.92163138803635], [-76.2528445837284, 36.92165032648289], [-76.25284451870587, 36.921650626298174], [-76.25283695212791, 36.921685834367246], [-76.25283673328443, 36.92168685414238], [-76.25283640256154, 36.92168839096919], [-76.25283477323016, 36.92169597551497], [-76.25283451933751, 36.92169715506438], [-76.25283413507903, 36.92169894505468], [-76.25283412864093, 36.92169897287413], [-76.25283259318311, 36.92170611754209], [-76.25283253849896, 36.92170637158503], [-76.25283106686135, 36.921713219118814], [-76.25283101733298, 36.92171345072608], [-76.25282968348766, 36.92171974024048], [-76.252829653808, 36.921719832514455], [-76.25282885796184, 36.92172350120842], [-76.25282885021473, 36.92172353531242], [-76.25282865383775, 36.921724441042855], [-76.25282863842361, 36.92172450654835], [-76.2528261010171, 36.921736061405014], [-76.25282598708046, 36.92173657210766], [-76.25275029788807, 36.922081172738615], [-76.25254467397039, 36.92301733400978], [-76.25253370905894, 36.92314735911398], [-76.2525019171878, 36.92330938135495], [-76.25249963061266, 36.92332103023718], [-76.2524589390477, 36.92352840521313], [-76.25244319566626, 36.923651205496064], [-76.25244069508076, 36.9236707129536], [-76.25243818001395, 36.92369033010161], [-76.25242572285198, 36.92378749689809], [-76.25241893879193, 36.92384040572577], [-76.25241609223556, 36.92387876957985], [-76.25241178584722, 36.92393679058634], [-76.25239993959165, 36.92409640529469], [-76.2523929396957, 36.92434240550462], [-76.25239344534673, 36.924365101803254], [-76.25239422451098, 36.92440007641181], [-76.25239945674453, 36.92463478013249], [-76.2523999391615, 36.924656405156625], [-76.25243593896992, 36.92512340557643], [-76.25244345717327, 36.92518659847524], [-76.25245746509113, 36.92530435830842], [-76.25246793985494, 36.92539240537102], [-76.25248258564791, 36.92549785924516], [-76.25249793930323, 36.92560840587959], [-76.2525509177184, 36.9259339450182], [-76.25257178894417, 36.92606219460036], [-76.25257393894337, 36.92607540564608], [-76.25259334582218, 36.92619397804282], [-76.25266493901611, 36.92663140600408], [-76.25277193914785, 36.92730840577856], [-76.25289143816173, 36.928067039973755], [-76.25289593385055, 36.9280955786029], [-76.25290393956207, 36.928146405838106], [-76.25295605552962, 36.928474606188594], [-76.25295686153983, 36.92847968369739], [-76.25309893933358, 36.92937440645531], [-76.25315493970324, 36.92973440648446], [-76.25319194032701, 36.929976406270534], [-76.25321093963468, 36.93010140651553], [-76.25330080880484, 36.930038831786284], [-76.25334593942547, 36.93000740617702], [-76.2562719407893, 36.93025540620362], [-76.25647476338013, 36.9301556046888], [-76.25658694090748, 36.93010040637318], [-76.25676986521322, 36.93017342577181], [-76.25682994087289, 36.930197406431994], [-76.25694194117871, 36.930187406340686], [-76.25697083970907, 36.93018556183815], [-76.25708294102766, 36.93017840646366], [-76.25722394153162, 36.93015940662428], [-76.25728385806033, 36.930159406653125], [-76.25748594176228, 36.93015940621154], [-76.25772925700326, 36.930146083543136], [-76.25778038986337, 36.93014328379513], [-76.25783294082362, 36.93014040651072], [-76.2579371373199, 36.93015235014143], [-76.25799406843379, 36.93015887558493], [-76.25808594171649, 36.93016940689246], [-76.25820694150009, 36.93014040686304], [-76.25831094110471, 36.93012640676847], [-76.25843194191587, 36.930140406405684], [-76.25861494200288, 36.93015440621671], [-76.25875594174467, 36.930159406223396], [-76.25899494136975, 36.93014040656953], [-76.25921494223324, 36.930107406598744], [-76.25954294183211, 36.93005640616045], [-76.25988094197852, 36.9300704065767], [-76.26002094161969, 36.93007740598272], [-76.26014894186784, 36.930253406135236], [-76.2602281339101, 36.930268189298225], [-76.26036710811726, 36.93029413086936], [-76.26057589173256, 36.9303331035867], [-76.26073536376637, 36.930362872075435], [-76.26074894175234, 36.93036540664416], [-76.26084355488459, 36.930406609305585], [-76.26124494241078, 36.930581406812564], [-76.26127668952151, 36.93059787634328], [-76.26196394263573, 36.93095440691551], [-76.26259042843097, 36.93114464335461], [-76.26259294337102, 36.93114540690205], [-76.26404020129931, 36.93158625444153], [-76.26426394367769, 36.93165440648515], [-76.26557964242726, 36.93161013378491], [-76.26583894364181, 36.93160140662671], [-76.26631490824226, 36.93076181618948], [-76.2663559415857, 36.93068943347736], [-76.26641509313708, 36.9305850899115], [-76.26649447561596, 36.93044505878373], [-76.26674994460534, 36.929994406039015], [-76.26688994369411, 36.92974640640556], [-76.26782194467961, 36.928100405534224], [-76.26795294398313, 36.92783840598356], [-76.26804142919043, 36.92765031631016], [-76.26810322525687, 36.9275189603977], [-76.26814394389113, 36.92743240524005], [-76.2682007624164, 36.92726682267474], [-76.2682839438478, 36.92702440583832], [-76.26839594410824, 36.926577405307164], [-76.26849094449017, 36.9262424051125], [-76.26851694479896, 36.92609140566706], [-76.26872590592876, 36.92529138289588], [-76.26879694416502, 36.925019404756036], [-76.26901855966912, 36.92412919916208], [-76.26915887064752, 36.92356557634898], [-76.26946312709512, 36.9223433581137], [-76.26950294476387, 36.92218340417365], [-76.2695296885058, 36.922126531404444], [-76.26958194472212, 36.92201540439879], [-76.26963226841809, 36.92190417310465], [-76.26987194466054, 36.9213744044889], [-76.2699209445037, 36.92126540409462], [-76.27007194439534, 36.921051403881464], [-76.27011794466027, 36.92098740410032], [-76.27019094446759, 36.920883404452006], [-76.27025394494459, 36.92079340443343], [-76.27035894520453, 36.920668404065296], [-76.27057494442398, 36.920411404137134], [-76.27096394460243, 36.91994740426439], [-76.27116094493147, 36.91969640402678], [-76.27135094440891, 36.91942540370636], [-76.27143820515825, 36.9192685570038], [-76.27150894447263, 36.919141403573306], [-76.2715559446347, 36.91902140402023], [-76.27172994456735, 36.91871640400202], [-76.27177694487695, 36.918624403559974], [-76.27181394532134, 36.918541403899475], [-76.27185394526076, 36.91843740332989], [-76.2719289453801, 36.91820540311685], [-76.2719589447592, 36.91804940324835], [-76.27200570454413, 36.91783527275492], [-76.2720357327177, 36.91769775776446], [-76.27206594486127, 36.91755940347572], [-76.27207692354449, 36.91750533569799], [-76.27210594547876, 36.91736240333038], [-76.27213094454905, 36.91724240302562], [-76.27218815656389, 36.91696419764391], [-76.27223294485262, 36.91674640351082], [-76.27209930196678, 36.91665014643107], [-76.27160013274158, 36.91629061404194], [-76.27130471792736, 36.91607783575776], [-76.2711678499407, 36.91597925308957], [-76.27031240555164, 36.91536308992248], [-76.27006294425148, 36.91518340305484], [-76.27000894388163, 36.91521840269848], [-76.26994994420684, 36.915260403043966], [-76.26984471866525, 36.91533717456068], [-76.26982195070948, 36.915353785663484], [-76.26975394388097, 36.91540340284578], [-76.26946694457797, 36.91561040337837], [-76.26943177583306, 36.91563364481704], [-76.26935194426613, 36.91568640309871], [-76.2690139435647, 36.91588640276137], [-76.26896011165601, 36.91591633223666], [-76.26846894421165, 36.91618940314248], [-76.26803794415531, 36.91640440360716], [-76.26778394420158, 36.916531402933934], [-76.2675149431405, 36.91666440297231], [-76.26747694363286, 36.916683403226], [-76.2674237085852, 36.916633393745535], [-76.26737794404345, 36.916590403572975], [-76.26714194313976, 36.91670340352617], [-76.26708223146639, 36.91673198380023], [-76.26702494389714, 36.91675940316068], [-76.26688314972799, 36.91665198397499], [-76.26670874496223, 36.916519858666], [-76.26659594344068, 36.91643440286531], [-76.26653555774921, 36.91638274010171], [-76.26644757058077, 36.91630746247616], [-76.26634484229466, 36.916219572138075], [-76.2662109925497, 36.916105056055855], [-76.26566511693554, 36.91563802246224], [-76.2655622404525, 36.91555000329668], [-76.26550894254913, 36.91550440301459], [-76.26518459764533, 36.91521200081071], [-76.26511294329704, 36.915147402909795], [-76.26506953086624, 36.91510249423401], [-76.2650370911405, 36.915068935998725], [-76.26487954426158, 36.914905957209506], [-76.26467794233471, 36.9146974027511], [-76.26441222130777, 36.91436733438449], [-76.26432694218462, 36.91426140323541], [-76.26425562911602, 36.91416649280271], [-76.26405194241656, 36.91389540288131], [-76.26392094248115, 36.91370140319199], [-76.2638179420644, 36.91349040257459], [-76.26330094154635, 36.912741402926464], [-76.26326394922923, 36.91269306069886], [-76.26309931741177, 36.91247791745346], [-76.26286094171525, 36.91216640209159], [-76.26253794209956, 36.91177940268352], [-76.26213694131245, 36.911321402702576], [-76.26144094135412, 36.910601402034395], [-76.26121282552045, 36.91038241305221], [-76.26074986430068, 36.9099379688388], [-76.26071594127716, 36.909905402321314], [-76.26022894077772, 36.9095044019069], [-76.25952694071105, 36.90894340196611], [-76.25943594025094, 36.9088714018195], [-76.25920735909826, 36.90869862846291], [-76.2586249399287, 36.9082584022186], [-76.25777517564491, 36.907612587371695], [-76.25717493947944, 36.907156401956726], [-76.25689450571303, 36.90694862205749], [-76.25688956645801, 36.90694496286804], [-76.2568726608002, 36.906932436555124], [-76.25685619116773, 36.90692023404132], [-76.25681680575381, 36.906891053098605], [-76.2567346060567, 36.906830148758594], [-76.25656893955276, 36.906707401721235], [-76.25656429429732, 36.906828776473205], [-76.25656119144956, 36.9069098325722], [-76.25656107224371, 36.9069129499437], [-76.25656093978026, 36.90691640147099], [-76.25656086581299, 36.906929405047535], [-76.25656033208035, 36.907023813527324], [-76.25655993921026, 36.90709340182521], [-76.25656329194209, 36.907201782735584], [-76.25656594005694, 36.90728740138159], [-76.25654636337765, 36.90785825658223], [-76.25654526535787, 36.90789027216969], [-76.25654093946535, 36.908016401439575], [-76.25653493987255, 36.908192402293906], [-76.25650093937887, 36.90862040232049], [-76.25645993951429, 36.90894440189454], [-76.25642993941084, 36.90908240249513], [-76.25642260439422, 36.9091154987532], [-76.25639953175063, 36.90921960660988], [-76.25638893972176, 36.9092674024557], [-76.2563609400663, 36.90936940169097], [-76.25627793972254, 36.90962140193555], [-76.25618507445822, 36.909853310622395], [-76.25617773054749, 36.90987164854191], [-76.25614338030906, 36.90995742890451], [-76.256026201696, 36.91028733554707], [-76.25597730138247, 36.91043522291182], [-76.25585695793242, 36.91080172055788], [-76.25585694559365, 36.91080175817987], [-76.25582149884177, 36.91091161749768], [-76.25581809889584, 36.910922154514985], [-76.25575917742366, 36.91110476329318], [-76.25572520982399, 36.91121003580593], [-76.25566892034203, 36.91138448781176], [-76.25565655262065, 36.911422815942274], [-76.25563893957705, 36.91147740290868], [-76.25555716109243, 36.911731536159735], [-76.25547223948385, 36.91199543429293], [-76.25527772389555, 36.91260218179239], [-76.25519974012823, 36.91284613059217], [-76.2551929396283, 36.912867402886256], [-76.25512000878352, 36.913082059818834], [-76.25505193994461, 36.913282402948255], [-76.25503491534343, 36.91332035364229], [-76.25500393934178, 36.91338940290319], [-76.25494393964564, 36.91352540334249], [-76.25491122026095, 36.91360593250435], [-76.25491038964178, 36.91360797717519], [-76.25489293236498, 36.9136509420301], [-76.25489212105597, 36.91365294109976], [-76.25489192853206, 36.913653415149454], [-76.2548739033574, 36.91369777799896], [-76.25478501204893, 36.913916557437204], [-76.25478288948729, 36.913922691290395], [-76.25477784032223, 36.91393728089536], [-76.25476086841077, 36.913986326644256], [-76.2543763069869, 36.9150975729045], [-76.25430576810574, 36.91530140185048], [-76.254202222948, 36.91562450604646], [-76.25418587940001, 36.91567550528418], [-76.25418111473579, 36.9156903734184], [-76.25417693888188, 36.91570340318725], [-76.25413620981884, 36.91587407675722], [-76.25411886685878, 36.91594675201087], [-76.25407193898408, 36.91614340364373], [-76.25405517726406, 36.91613964104392], [-76.25397393913677, 36.916121403524976], [-76.25395771962339, 36.91618563273724], [-76.25395184636781, 36.916208890381775], [-76.2539489389737, 36.916220403936286], [-76.25392941886156, 36.916311192998], [-76.2539280139905, 36.916317726338505], [-76.25389537585956, 36.91646952467493], [-76.253860345777, 36.91663244619686], [-76.25385939147907, 36.91663688164031], [-76.25385542673578, 36.91665532186175], [-76.2538405470182, 36.916724524292285], [-76.25382766575932, 36.916784436611316], [-76.25382436126849, 36.91679980224976], [-76.25377993913216, 36.91700640413761], [-76.25374435667203, 36.91717775732541], [-76.2537111178848, 36.917337827750195], [-76.25366730097718, 36.91754883445589], [-76.25365627770316, 36.91760191651566], [-76.25361619784287, 36.91779492481791], [-76.25360093944816, 36.917868404207994], [-76.25360359404199, 36.91786868028071], [-76.25357977821336, 36.917991087552004]]]}, "properties": {"OBJECTID": 495, "PERIMETER": 24896.645, "PRECINCTS": 14, "PRECINCTS1": 30, "ELECTION": 0, "ELECTION_I": 0, "PRECNAME": "Wesley", "SUPWARD": 7, "WARD": 1, "ADDRESSNUM": 288, "POLLPLACE": "Wesley Grace United Methodist Church", "ADDRESSSTR": "E. Little Creek Road", "PRECNUM": 107, "POLLADDRESS": "288 E. Little Creek Road", "NAME_1": "Wesley", "NAME_2": " ", "created_user": "CSIEMER", "created_date": 1662571027000, "last_edited_user": "NORFOLKGIS", "last_edited_date": 1684863591000, "Shape__Area": 31735036.331465043, "Shape__Length": 25117.821932105322, "NORFOLKGIS.Precincts.AREA": null}}, {"type": "Feature", "id": 496, "geometry": {"type": "Polygon", "coordinates": [[[-76.27678309396701, 36.88127246794338], [-76.27658194408679, 36.88128439587756], [-76.27624894461499, 36.88131039521818], [-76.27426494399714, 36.881455395711924], [-76.2743740358236, 36.88156448797795], [-76.27450062000194, 36.88169107261339], [-76.27451103761499, 36.8817014905492], [-76.27486394456818, 36.882054395373515], [-76.27484772053685, 36.882346436904285], [-76.27479811459759, 36.88323932997585], [-76.27479551008311, 36.88328621037318], [-76.27478183268673, 36.88353240877919], [-76.27476394368705, 36.8838543964643], [-76.27500061573419, 36.88439563492921], [-76.27500486487732, 36.88440535371964], [-76.27513942936568, 36.88471308152947], [-76.27525920085222, 36.8849869792598], [-76.27537659251442, 36.885255432599735], [-76.27552394477087, 36.88559239631196], [-76.27616394465228, 36.887054396661675], [-76.27755194569626, 36.8876703969353], [-76.27796394513788, 36.88785439699175], [-76.27824409394233, 36.88800191026355], [-76.27944411292648, 36.88863376742831], [-76.27960294541464, 36.88871739702371], [-76.27972094599612, 36.88877939725359], [-76.28208546999159, 36.890022752243944], [-76.2845819477819, 36.891335397562585], [-76.29007289212133, 36.89190350076956], [-76.29056494910917, 36.891954397412796], [-76.29059472700904, 36.89191718292226], [-76.29060163083389, 36.89190855417017], [-76.29067609817588, 36.89181548858877], [-76.29068148796141, 36.891808753075146], [-76.29071416563413, 36.89176791370654], [-76.29074889645143, 36.891724508888515], [-76.29080012616406, 36.89166048366531], [-76.29081561653017, 36.89164112424431], [-76.29095127594061, 36.89147158160922], [-76.2909938092801, 36.89141842462096], [-76.2910125615751, 36.8913949883324], [-76.29111266872279, 36.89126987604783], [-76.29124768394765, 36.89110113671937], [-76.29147442302548, 36.89081776049969], [-76.291615740457, 36.89064114232261], [-76.29170194997792, 36.890533397263326], [-76.2918395462218, 36.88999315455456], [-76.29184878183761, 36.889956892270256], [-76.29187199554522, 36.8898657499095], [-76.29192706544309, 36.88964952807732], [-76.29198694992775, 36.889414396841715], [-76.29198926248633, 36.88940457847275], [-76.29200177006064, 36.88935148159272], [-76.29201130960921, 36.8893109813874], [-76.29203662943692, 36.88920349358076], [-76.29205734862259, 36.88911553300344], [-76.29206286487558, 36.88909211375854], [-76.29206818513093, 36.889069529099146], [-76.29209294918387, 36.88896439692015], [-76.29213408767886, 36.88881012988787], [-76.29216718280453, 36.88868602368374], [-76.29219295010793, 36.88858939667951], [-76.29220195495265, 36.88848817865193], [-76.29220389671028, 36.888466352553024], [-76.29221272613037, 36.888367111525454], [-76.29221794933967, 36.888308396567496], [-76.29218768025316, 36.888114394234925], [-76.2921816904208, 36.88807600977695], [-76.29217592864455, 36.8880390807995], [-76.29217394938895, 36.888026396572876], [-76.29215290557961, 36.88773505800795], [-76.29214684604952, 36.887651171383794], [-76.2921464528754, 36.887645714349546], [-76.29213918029323, 36.887545028745265], [-76.29212894939955, 36.88740339627507], [-76.29214694931, 36.88725739624391], [-76.29229335649282, 36.88697880527569], [-76.29232195019655, 36.88692439626171], [-76.29245969493091, 36.88679586096248], [-76.29266594952138, 36.88660339613909], [-76.29287795012762, 36.886476395894945], [-76.29303308077213, 36.886382919679484], [-76.2931119502735, 36.88633539566634], [-76.29311653269751, 36.8863327064331], [-76.29323295027385, 36.88626439633627], [-76.29333932395001, 36.88612448065324], [-76.2933439501946, 36.88611839589588], [-76.2933449146913, 36.886115097891725], [-76.29339728425039, 36.88593601683983], [-76.29343267905357, 36.88581497939805], [-76.29343413326316, 36.88581000684227], [-76.29345253089808, 36.885747094626375], [-76.29349856352431, 36.88558968049675], [-76.29359894965395, 36.885246395551675], [-76.29363943899128, 36.88510824578804], [-76.29365650506848, 36.88505001366066], [-76.29377943966287, 36.884630552298376], [-76.29382578961672, 36.88447240490211], [-76.2939629500899, 36.884004395334124], [-76.29395758659795, 36.88400273617622], [-76.29378194957997, 36.88394839511157], [-76.29373580183922, 36.88393347904674], [-76.29372959566751, 36.883931473254734], [-76.29369229310721, 36.88391941563233], [-76.29368725304776, 36.88391778597053], [-76.29368608918074, 36.88391740988012], [-76.29368294996326, 36.883916395488], [-76.29369035258395, 36.883885382459205], [-76.2936910936543, 36.883882280360254], [-76.29369658707996, 36.88385926804022], [-76.29370085259777, 36.883841396575804], [-76.29370115281465, 36.883840141205276], [-76.29370740285788, 36.88381395496864], [-76.29370984728736, 36.88380371720991], [-76.29371144078037, 36.88379704098538], [-76.29371941959275, 36.88376361681014], [-76.2937199499041, 36.88376139499139], [-76.29372028189682, 36.88375866198098], [-76.29372493133349, 36.883720385442295], [-76.2937269118254, 36.88370407279407], [-76.29372801992831, 36.88369495106902], [-76.29372880619592, 36.8836884832251], [-76.29373071419765, 36.883672772228024], [-76.29373991593474, 36.88359701142743], [-76.2937412514207, 36.88358601372718], [-76.29374777664123, 36.883532245518374], [-76.29374787531283, 36.88353147670519], [-76.29374955895027, 36.88351761469871], [-76.29375292619713, 36.88348989158663], [-76.29375637326693, 36.88346150747099], [-76.29376158188477, 36.88341862735019], [-76.29376212352935, 36.88341416495394], [-76.29376991901542, 36.88334998100156], [-76.29377041310765, 36.88334591881921], [-76.2937786040467, 36.88327847845385], [-76.29377893906451, 36.88327571845918], [-76.2937799498618, 36.88326739531768], [-76.29379090798717, 36.88320311030589], [-76.29379193771962, 36.88319706706868], [-76.29379338807279, 36.8831885610914], [-76.29379895181755, 36.883155918115605], [-76.29380368198977, 36.883128168314585], [-76.29380758678772, 36.88310526136603], [-76.29380782103503, 36.88310388217115], [-76.29380994937914, 36.883091394981534], [-76.29381416676904, 36.88306584299162], [-76.29381728746928, 36.88304693869816], [-76.2938217554213, 36.88301987081216], [-76.29382495808358, 36.883000463293854], [-76.29382694967396, 36.88298839537451], [-76.29382731494606, 36.88298525106555], [-76.29383037204401, 36.88295896881708], [-76.29383058766112, 36.882957111549594], [-76.29383090955903, 36.88295433959077], [-76.29384700747727, 36.88281590665573], [-76.29384897402862, 36.88279899163337], [-76.29385142403686, 36.88277791688139], [-76.29385239666992, 36.88276955516561], [-76.29385454133616, 36.88275110756375], [-76.29386147625294, 36.882691467447714], [-76.29386153466795, 36.882690963780846], [-76.29386201031551, 36.88268687961921], [-76.29386980290158, 36.88261985901615], [-76.29387127394895, 36.88260720895645], [-76.29387321782264, 36.8825904945121], [-76.29387442841819, 36.88258008576043], [-76.29387883445285, 36.882542186825475], [-76.29388009599334, 36.88253133826347], [-76.29388668967935, 36.88247463198777], [-76.29388856335545, 36.88245851743479], [-76.29388874431707, 36.882456964177436], [-76.2938984088297, 36.88237384881722], [-76.2938990014858, 36.88236875101554], [-76.29390143047137, 36.8823478579436], [-76.29390825428197, 36.88228918019864], [-76.29390841618199, 36.88228778071662], [-76.29391194941638, 36.8822573953854], [-76.29391550871148, 36.882228196738154], [-76.29391771648977, 36.882210085627754], [-76.29391824430162, 36.882205750964914], [-76.29392455839628, 36.88215394736346], [-76.29392546178892, 36.88214653798998], [-76.2939263315775, 36.88213939659193], [-76.29392646560551, 36.882138299444705], [-76.29393036968621, 36.88210627428466], [-76.29393535306664, 36.88206538284457], [-76.29393569352892, 36.8820625896014], [-76.29393633184063, 36.88205734933996], [-76.29394665617141, 36.881972647346416], [-76.29394667533693, 36.881972489967644], [-76.29394957133371, 36.88194873391875], [-76.29395699531051, 36.881887821242074], [-76.29395713108816, 36.881886702494974], [-76.29395745240957, 36.881884065729636], [-76.29396420537407, 36.88182866851752], [-76.29396487459702, 36.881823175553144], [-76.29399193184213, 36.88160118013742], [-76.29399237684729, 36.88159753166015], [-76.29399371531116, 36.881586544830164], [-76.29399994969113, 36.88153539502064], [-76.29402763266538, 36.88130962562001], [-76.2940289567223, 36.88129882510156], [-76.29406258410881, 36.88102457478629], [-76.29406345493504, 36.881017473968356], [-76.29408798349256, 36.880817429743374], [-76.29408847336897, 36.88081343418186], [-76.29408913079277, 36.88080807620001], [-76.29408995015126, 36.880801394451176], [-76.29414237787732, 36.88080513963657], [-76.29415473152439, 36.88080602235231], [-76.29418794969463, 36.880808394639324], [-76.29422756612236, 36.88080731853696], [-76.29423876047096, 36.880807014016334], [-76.29443007259304, 36.8808018153673], [-76.29444136348646, 36.8808015090343], [-76.29449318152525, 36.88080010033868], [-76.29464487941429, 36.88079597847486], [-76.29465196275764, 36.8807957860373], [-76.29470413223679, 36.880794368522174], [-76.29473995321119, 36.88079339497137], [-76.29473932055193, 36.88071233519145], [-76.29473863901596, 36.88062473870692], [-76.29473824048797, 36.88057335891308], [-76.2947379504698, 36.88053614878799], [-76.2947369501129, 36.88040739456625], [-76.29473834892354, 36.880361227742036], [-76.29473860852656, 36.880352648929566], [-76.29474188431634, 36.880244568421126], [-76.294745110064, 36.880138131060335], [-76.29474517466436, 36.880135987027636], [-76.29474751040999, 36.88005887775364], [-76.29474794957945, 36.88004439477477], [-76.29474137129992, 36.8800450086197], [-76.29455494981141, 36.880062394939756], [-76.2943569348202, 36.8800719377884], [-76.29434767303164, 36.88007238495873], [-76.29419732299215, 36.880079630605046], [-76.29410464802231, 36.88008409657131], [-76.29409473007274, 36.88008457466785], [-76.29382234662121, 36.88009770126718], [-76.2936419493528, 36.880106394741816], [-76.29351497718277, 36.880114191193854], [-76.2935113690596, 36.88011441277149], [-76.29328749680396, 36.880128159822455], [-76.2932560836317, 36.880130089134305], [-76.29293727936431, 36.88014966448063], [-76.29293241232754, 36.88014996334488], [-76.29272994921897, 36.88016239440416], [-76.29264383501463, 36.880166957237634], [-76.29236368487217, 36.880181798571904], [-76.29235426558316, 36.88018229760941], [-76.2918446281814, 36.880209296107815], [-76.29172636556673, 36.88021556065822], [-76.29157608272465, 36.880223520808364], [-76.29150294886784, 36.880227394780185], [-76.29147143589088, 36.88022912614447], [-76.29094130399268, 36.88025824489395], [-76.29035594830441, 36.880290395058886], [-76.28853194794543, 36.88038839508773], [-76.28813794858594, 36.880409394914345], [-76.28797894781087, 36.880421394831586], [-76.28792925468179, 36.88042473532795], [-76.2878916739745, 36.8804272618747], [-76.28762194789552, 36.88044539520621], [-76.2866677865585, 36.88049425263504], [-76.28662594767896, 36.88049639480243], [-76.28655926462666, 36.88049989238046], [-76.28633994771127, 36.88051139464826], [-76.28601423177473, 36.880520651849054], [-76.28592952149197, 36.8805230594347], [-76.28577694753395, 36.8805273951025], [-76.28541094695404, 36.880537394914384], [-76.28524387675445, 36.88053783676949], [-76.28503294651391, 36.88053839527655], [-76.28496902694151, 36.88053839537446], [-76.28492327860293, 36.8805383945994], [-76.28488894683059, 36.88053839542234], [-76.28444411727806, 36.88055917360993], [-76.28443046490517, 36.88055981122275], [-76.28422900833519, 36.880569221678975], [-76.28406680219572, 36.88057679776722], [-76.28332578459468, 36.88061140602568], [-76.28321894627634, 36.88061639482805], [-76.28322071426042, 36.88063382995961], [-76.28322248588819, 36.88065129400357], [-76.28322430458799, 36.88066922043507], [-76.28322700964567, 36.880695898728725], [-76.2832389664732, 36.880813781442676], [-76.28324313040251, 36.88085484421987], [-76.28324329150973, 36.880856433663844], [-76.28324360160639, 36.88085948973742], [-76.28324364182183, 36.88086003311851], [-76.28324409455098, 36.8808643510916], [-76.28324447780267, 36.88086812873691], [-76.2832454064032, 36.880877277996966], [-76.283245459481, 36.88087780359349], [-76.28324554823867, 36.88087868229728], [-76.28324606576163, 36.88088377756906], [-76.28324632605488, 36.88088634957071], [-76.28324681218818, 36.880891136884365], [-76.28324691834374, 36.88089218807737], [-76.28324694544331, 36.88089245088616], [-76.28324707695602, 36.880893747729154], [-76.28324831879667, 36.88090599909173], [-76.28325035177308, 36.880926037860554], [-76.2832504284393, 36.88092679284904], [-76.2832504587604, 36.88092709898425], [-76.28325058437233, 36.88092832901481], [-76.2832508081278, 36.8809305388793], [-76.28325127506874, 36.88093513834667], [-76.28325157182141, 36.880938075188105], [-76.28325265276655, 36.88094872989963], [-76.28325296275855, 36.88095178957661], [-76.28325336793621, 36.8809557767525], [-76.28325428844782, 36.880964857355956], [-76.28325430504026, 36.880965019013516], [-76.28325453313887, 36.88096727222555], [-76.28325883073562, 36.88100963549079], [-76.28326178667344, 36.88103878645675], [-76.28326222576335, 36.88104311048191], [-76.28327030737405, 36.88112279950134], [-76.28327066891386, 36.88112636040897], [-76.28327069944577, 36.881126659337184], [-76.28327594607723, 36.88117839488394], [-76.28327942304632, 36.88123992463702], [-76.28327959658527, 36.88124300787911], [-76.28328540131056, 36.88134573522047], [-76.28328555554322, 36.881348480987405], [-76.28328594695229, 36.88135539554029], [-76.28328594632602, 36.88137875172658], [-76.28328594606116, 36.88140075226512], [-76.28328594691922, 36.88141189136343], [-76.28328594681022, 36.881414005966185], [-76.2832859461965, 36.881420896898376], [-76.28328595365282, 36.8814211791666], [-76.28328594630798, 36.8814234261337], [-76.28328594659678, 36.88142533523251], [-76.28328594653668, 36.881439959896184], [-76.28328594632089, 36.8814418094953], [-76.28328594669776, 36.88145791601305], [-76.28328594691845, 36.881459059850776], [-76.28328594660839, 36.88146087429486], [-76.28328594659807, 36.88146939490828], [-76.28328526071593, 36.881473358795155], [-76.28328453447511, 36.881477551769], [-76.28326936483192, 36.88156519833677], [-76.28326775278576, 36.88157451328633], [-76.28325894613914, 36.881625395100315], [-76.28324010773252, 36.881673920761365], [-76.28323869170319, 36.88167756711201], [-76.28323742730876, 36.881680824229285], [-76.28322594711705, 36.8817103950775], [-76.2832019471029, 36.88175539545336], [-76.28316841384192, 36.88179376758309], [-76.28316360893136, 36.881799266297335], [-76.28312607288277, 36.88184221935009], [-76.28310494703284, 36.8818663955938], [-76.28292594626453, 36.88202839531342], [-76.2828806445373, 36.88207924374613], [-76.28283790542054, 36.88212721738914], [-76.28282794687127, 36.88213839569565], [-76.28278494699029, 36.88221339547041], [-76.28277044289499, 36.882259225746154], [-76.28275994670807, 36.88229239534901], [-76.28275335537096, 36.88232617495226], [-76.28274568167222, 36.88236550367164], [-76.28274464264632, 36.882368611804864], [-76.28274430775957, 36.88237250479539], [-76.2827443024458, 36.882372571396196], [-76.28274348937947, 36.882376739293306], [-76.28274290477927, 36.88237973251479], [-76.2827422329923, 36.882383174774105], [-76.2827388474655, 36.88240052798463], [-76.28273860066466, 36.88240179245084], [-76.28273784963095, 36.882405642434875], [-76.28273594642437, 36.88241539535621], [-76.28272892852658, 36.88245228833986], [-76.28271397891343, 36.88253088568005], [-76.28265145086922, 36.8828596012066], [-76.28265101859924, 36.882861874406764], [-76.28264176777533, 36.88291050610365], [-76.28263621076482, 36.88293972357699], [-76.2826339860439, 36.88295141467636], [-76.28262672392165, 36.88298959560551], [-76.2826227898574, 36.88301027982605], [-76.28262269049497, 36.883010799841976], [-76.28261966616202, 36.883026696948896], [-76.28261935976515, 36.88302831092166], [-76.28261852716805, 36.88303268576373], [-76.28261650241997, 36.88304333234786], [-76.28261546568956, 36.883048778667394], [-76.28261525217843, 36.88304990224721], [-76.28261279659476, 36.88306281124201], [-76.28261226226913, 36.883065619730345], [-76.28261219056682, 36.88306599965511], [-76.28261127960556, 36.883070790350814], [-76.2826112292713, 36.883071053501226], [-76.28261095887011, 36.88307247255682], [-76.28261090381295, 36.88307274373034], [-76.28260959045599, 36.883079668478196], [-76.28260953487191, 36.8830799576691], [-76.28260854954354, 36.88308514266112], [-76.28260820091059, 36.88308697306604], [-76.28260575459728, 36.88309983356196], [-76.28259931065509, 36.883133709682326], [-76.28259854435026, 36.88313773604527], [-76.2825974597103, 36.88314343925127], [-76.28259594674087, 36.88315139590165], [-76.28258712481912, 36.88318605009135], [-76.28258194617729, 36.883206395344835], [-76.28233604536472, 36.88317547596934], [-76.28196696979637, 36.88312906826351], [-76.28173894664079, 36.88310039600905], [-76.28163494582334, 36.88308739525916], [-76.28167289085603, 36.88289221770198], [-76.28171816115852, 36.882659355296774], [-76.28173110519586, 36.882592775974864], [-76.28178794667477, 36.88230039575122], [-76.28182257249762, 36.88212115294395], [-76.28185594585929, 36.881948395250845], [-76.2818636747882, 36.88190960934514], [-76.28195927823039, 36.881429787970816], [-76.28196194662085, 36.881416395366195], [-76.28197994567664, 36.88132639570371], [-76.28199794588346, 36.88120739549897], [-76.28200603876329, 36.88112958098273], [-76.28200865663645, 36.88110441287467], [-76.28201079530976, 36.88108385071629], [-76.28202128789307, 36.880982955142734], [-76.28202394640238, 36.88095739480579], [-76.2816418462673, 36.880976252213266], [-76.28149125054263, 36.88098368433513], [-76.28144520535751, 36.88098595706332], [-76.28136775850506, 36.88098977846453], [-76.28127351970325, 36.88099442925719], [-76.2812539456043, 36.8809953954459], [-76.28121394585992, 36.88099939569215], [-76.28090033170409, 36.88101105401933], [-76.28083325082719, 36.88101354844326], [-76.28078888334439, 36.88101519730923], [-76.28040694581183, 36.88102939552059], [-76.28023394525088, 36.88103329396406], [-76.28005194561722, 36.881037395288494], [-76.28004837548437, 36.88103746574253], [-76.2800326680791, 36.88103777377821], [-76.27984794582386, 36.88104139519541], [-76.27906144045667, 36.881074085976174], [-76.27902994472154, 36.88107539520635], [-76.27871427407203, 36.881098547238516], [-76.27802094442747, 36.88114939566696], [-76.27771094491793, 36.881197395700354], [-76.27759694453776, 36.881215395800744], [-76.2773239447063, 36.8812403950168], [-76.27703954196653, 36.88125726115055], [-76.27695151084875, 36.88126248112747], [-76.27678309396701, 36.88127246794338]]]}, "properties": {"OBJECTID": 496, "PERIMETER": 19200.301, "PRECINCTS": 32, "PRECINCTS1": 14, "ELECTION": 33, "ELECTION_I": 14, "PRECNAME": "Virginia Zoo", "SUPWARD": 6, "WARD": 2, "ADDRESSNUM": 446, "POLLPLACE": "Virginia Zoo", "ADDRESSSTR": "Granby Street", "PRECNUM": 214, "POLLADDRESS": "3500 Granby Street", "NAME_1": "Virginia Zoo", "NAME_2": " ", "created_user": "CSIEMER", "created_date": 1662571027000, "last_edited_user": "CSIEMER", "last_edited_date": 1687294948000, "Shape__Area": 17751979.001834787, "Shape__Length": 19425.296941429202, "NORFOLKGIS.Precincts.AREA": null}}, {"type": "Feature", "id": 497, "geometry": {"type": "Polygon", "coordinates": [[[-76.18763096372348, 36.841937815403874], [-76.18761124237332, 36.84195963547387], [-76.18752620118157, 36.84205548298638], [-76.18716657252185, 36.842204643660175], [-76.18665943349664, 36.84241498260799], [-76.18597723533462, 36.84269856284246], [-76.18577606008499, 36.842896323911816], [-76.18512441908439, 36.843536895463096], [-76.18352723870676, 36.845242470031195], [-76.181041023136, 36.84784743144561], [-76.18005584892038, 36.84842691640468], [-76.17963328452285, 36.849277144356954], [-76.17955564877307, 36.849244701761855], [-76.17826132861667, 36.85188397990577], [-76.17827711300329, 36.85188783891166], [-76.17829454176345, 36.851892099090655], [-76.17832142131773, 36.85189867066896], [-76.17835548058501, 36.85190699675594], [-76.17835542562963, 36.8519071065406], [-76.1783217277318, 36.85197521470694], [-76.17820856439255, 36.85220392203726], [-76.17819993091348, 36.85222137174706], [-76.17815442862421, 36.85231333347081], [-76.17815255271387, 36.85232251130212], [-76.17812224128912, 36.85247077132309], [-76.1781023205671, 36.852568212639014], [-76.17809124233936, 36.852622397059754], [-76.17804808450441, 36.85283349413322], [-76.17802774682036, 36.852932971550544], [-76.17799634383225, 36.853086571438936], [-76.17797117118583, 36.85320969769315], [-76.1779462307187, 36.85333168557043], [-76.1779224865452, 36.853447825436604], [-76.17791945116288, 36.8534626699194], [-76.1779115901137, 36.85350111925956], [-76.17790915477003, 36.85351310738034], [-76.17790409042487, 36.8535378036097], [-76.17789768444642, 36.85356913549194], [-76.17788682994644, 36.8536222309349], [-76.17787978698581, 36.85365667263993], [-76.17787707597027, 36.85366993438329], [-76.1778687809053, 36.853710505126486], [-76.17785661524603, 36.85377000877087], [-76.17785267736686, 36.853789271152436], [-76.17785153088816, 36.85379488127547], [-76.17783014397007, 36.85389948666635], [-76.17781154846504, 36.853990437994106], [-76.17781135575926, 36.853991383348394], [-76.17780198151301, 36.854037232026876], [-76.17779074313914, 36.85409220017443], [-76.17778455202964, 36.85412248257475], [-76.17776053709727, 36.85423993940359], [-76.17775944349815, 36.854245287365345], [-76.17775808075592, 36.85425195234579], [-76.1777428951851, 36.854326226853026], [-76.17772897344665, 36.854394318469694], [-76.17780391259298, 36.854413393520616], [-76.17804213929614, 36.85447411676903], [-76.17805891309516, 36.85447839286745], [-76.17833191267839, 36.85453539335807], [-76.1786059132176, 36.85457839276141], [-76.17888091257133, 36.85460639319186], [-76.17974891346076, 36.854642392892195], [-76.17991590174017, 36.854649018688185], [-76.18091482733459, 36.854688649658996], [-76.18124590943675, 36.85470178285773], [-76.1813369137208, 36.85470539306314], [-76.18217905061553, 36.854738674686324], [-76.18356391479254, 36.85479339288258], [-76.18460691432846, 36.854840393094435], [-76.18476668669904, 36.85484428994964], [-76.18478486334243, 36.854844733885216], [-76.18481191482618, 36.85484539332171], [-76.1849766226241, 36.85484539312315], [-76.18503391439235, 36.85484539292381], [-76.18537391530492, 36.854859393334564], [-76.18554497427608, 36.854868942424744], [-76.18578591459423, 36.85488239299685], [-76.18579124494732, 36.85484375002163], [-76.18579791483442, 36.854795393032006], [-76.18626391502191, 36.854816393004754], [-76.18673091503047, 36.854836393148275], [-76.18689086655023, 36.85484430993266], [-76.18761991550781, 36.85488039283911], [-76.18853083212962, 36.854916772210586], [-76.18868619462945, 36.85492297643554], [-76.18938054918742, 36.854950702027665], [-76.18941285116621, 36.85495199100827], [-76.19044991675794, 36.85499339253129], [-76.19061662504099, 36.85499945584273], [-76.1919806875104, 36.855049056793646], [-76.19203883924395, 36.85505117120807], [-76.19403137046973, 36.85512359652907], [-76.19424591757148, 36.85513139253661], [-76.19461316990957, 36.85514371977694], [-76.19471620290817, 36.855147178018], [-76.19492705809347, 36.85515425492261], [-76.19537844030451, 36.85516940355265], [-76.1955569178007, 36.855175392413024], [-76.19565591767125, 36.85517939265322], [-76.19574591845094, 36.85518239239167], [-76.19592691830358, 36.85518839231601], [-76.19592436171978, 36.85523695754143], [-76.1959219180831, 36.85528339230219], [-76.19606826453962, 36.85528922508293], [-76.19655388478861, 36.85530857872613], [-76.19699779229943, 36.8553262687601], [-76.19777891842669, 36.85535739285711], [-76.1977833631126, 36.85530899983192], [-76.19778791866578, 36.855259393009995], [-76.19830281675095, 36.8552791970216], [-76.19859391899054, 36.85529039262777], [-76.1990749193581, 36.855322392709624], [-76.19982491977878, 36.855352392247326], [-76.20057091975545, 36.85537739251005], [-76.20134691976443, 36.85538239293077], [-76.20159892018833, 36.85539039288176], [-76.20266291977573, 36.8554233924521], [-76.20276788371741, 36.85542777646069], [-76.20350092095073, 36.85545839239084], [-76.20367292025352, 36.85546539239552], [-76.2048219165422, 36.855511657479894], [-76.20613192142967, 36.855564391965615], [-76.20623792137845, 36.85556839198354], [-76.20660025144605, 36.855580753198794], [-76.20726392181999, 36.85560339206496], [-76.20778592204654, 36.85562039240243], [-76.20823392168188, 36.855634392532046], [-76.20962592222142, 36.85569939268872], [-76.20972792273955, 36.85570539195219], [-76.20983092257168, 36.85571039204902], [-76.20985280899488, 36.854699779579725], [-76.20985392200294, 36.854648391789546], [-76.20984392202675, 36.85377239209321], [-76.20984692218033, 36.85337639179896], [-76.209860922078, 36.852672391499205], [-76.20988092261288, 36.8517873914589], [-76.2098889225594, 36.851512391191214], [-76.2099119223556, 36.85100039155504], [-76.20994792229841, 36.85020939145885], [-76.20995611852248, 36.850041372086], [-76.20996192238273, 36.849922390890825], [-76.20996943089168, 36.849563418987906], [-76.20997809464728, 36.84914920039295], [-76.20998151710029, 36.84898556961279], [-76.20998292272225, 36.84891839078446], [-76.20998492270427, 36.84882439116789], [-76.21000892198475, 36.847765390337365], [-76.21001400146507, 36.84750874837884], [-76.21001888399354, 36.84726208449828], [-76.21002027858484, 36.84719162802467], [-76.21004459286262, 36.84596311017086], [-76.21004892211825, 36.84574439010062], [-76.21007292254978, 36.84439638956421], [-76.21008492236989, 36.84376339005774], [-76.2100879217777, 36.84360238937366], [-76.21009092243155, 36.843419389552544], [-76.21009292187513, 36.843263390074426], [-76.21009299763243, 36.843256942154014], [-76.21009492215904, 36.84309238979136], [-76.21010546239562, 36.842584490050605], [-76.21012692216405, 36.841550389064956], [-76.21012692140444, 36.841424389181604], [-76.2101269219571, 36.84118238940144], [-76.21013049491663, 36.84111220705966], [-76.21013091637369, 36.84110392886107], [-76.21016892162737, 36.84035738892361], [-76.21017505414495, 36.840254680498795], [-76.21018089945994, 36.840156768142435], [-76.21018468562319, 36.84009334041746], [-76.2101922768003, 36.83996619418809], [-76.21020092131074, 36.839821388765635], [-76.21023587359244, 36.839243764411705], [-76.21023777149539, 36.83921239091517], [-76.2102389214426, 36.8391933887421], [-76.2102429220603, 36.83903538845467], [-76.21026792153967, 36.83873938842062], [-76.21027592233395, 36.83859438836506], [-76.2102809220905, 36.83850638825676], [-76.21029986223162, 36.83779928885107], [-76.21030158421352, 36.83773498799692], [-76.2103049219672, 36.83761038816223], [-76.21030692222108, 36.837503388798], [-76.21031192125608, 36.83714438868193], [-76.21031291409146, 36.837098450111604], [-76.21031404767623, 36.83704599007332], [-76.21032292192506, 36.83663538831388], [-76.21032814693812, 36.83637107751338], [-76.2103287549294, 36.83634034228233], [-76.21033185299339, 36.83618366294955], [-76.21033561354736, 36.83599347589188], [-76.21034002464305, 36.83577032531184], [-76.21034013769412, 36.835764610041814], [-76.21034066169094, 36.835738143927095], [-76.21034156658163, 36.83569236859499], [-76.21034931985311, 36.83543137550986], [-76.2103604013719, 36.83506741740709], [-76.21036179487419, 36.8350216516026], [-76.21037224249024, 36.83467847154545], [-76.2103731146242, 36.83464983267435], [-76.21037381098422, 36.834626943905484], [-76.21037773000039, 36.83449823518176], [-76.21038739507033, 36.83418075813442], [-76.21039273406622, 36.834005403471046], [-76.21039617688989, 36.83384442675546], [-76.21039822590623, 36.83374862352274], [-76.21040278762682, 36.83353529735249], [-76.21041607333744, 36.83291404991061], [-76.2103904419824, 36.83253469508736], [-76.21019150059362, 36.83258483188746], [-76.21005073243253, 36.83262030796588], [-76.20961837800127, 36.83269359179618], [-76.20952307545784, 36.83270974509422], [-76.20898667876823, 36.832754352999835], [-76.20865318469428, 36.83275927230574], [-76.20842169655745, 36.83274852971884], [-76.20801134810172, 36.8326885592227], [-76.20757544498801, 36.832562378366845], [-76.20732935849819, 36.832458059853444], [-76.20706666476293, 36.83231870870703], [-76.20696289648613, 36.83225515016239], [-76.20636859683314, 36.831891134593484], [-76.20566949444908, 36.831398424457326], [-76.205582108697, 36.83133683519977], [-76.20435332414759, 36.83041957526829], [-76.20391200777458, 36.83009013310139], [-76.20367726133584, 36.82993039406296], [-76.20336528007229, 36.82974986138658], [-76.20219281022375, 36.829158825240945], [-76.20217062128694, 36.82914607986842], [-76.20198108054612, 36.829037204730206], [-76.20185550245297, 36.82896507151183], [-76.20153315753835, 36.828758663099684], [-76.20131354021704, 36.828596714885194], [-76.20115101471528, 36.82845645911872], [-76.20080777154443, 36.8281017977938], [-76.20059056058189, 36.8278993329285], [-76.2001878969691, 36.82758878886092], [-76.19992333049714, 36.82745840733356], [-76.1996285018506, 36.82738727978633], [-76.19942960565518, 36.82736663130995], [-76.19922911398807, 36.827362808047866], [-76.19902922199552, 36.8273758521138], [-76.19883212255398, 36.82740562170889], [-76.19849221464113, 36.82749984226689], [-76.19805462675735, 36.827690113922145], [-76.19779951030314, 36.82783322846955], [-76.19771215642325, 36.827892135602234], [-76.19760656740897, 36.827963338744745], [-76.19752011868373, 36.828021635224154], [-76.1973746798476, 36.828147536106826], [-76.19706884113339, 36.82841228707821], [-76.19701234676191, 36.828461191485815], [-76.19689905977383, 36.828566860773364], [-76.1965952248214, 36.82885026261269], [-76.19643675085888, 36.82899807626966], [-76.19637945747651, 36.8290515167153], [-76.19637282908467, 36.82905769907545], [-76.19611615633188, 36.82926207387587], [-76.19599598081133, 36.829347292618564], [-76.19581431544513, 36.8294761160701], [-76.19556255437013, 36.82961843098134], [-76.19532836260552, 36.82971901169814], [-76.1952910944003, 36.829735018009806], [-76.19503814417722, 36.82981520653758], [-76.19458503571546, 36.8299260462639], [-76.19467798685416, 36.83051852770848], [-76.19470943179729, 36.83071896006367], [-76.19471420667848, 36.830749396302096], [-76.19473018672754, 36.83085124949265], [-76.19473796107339, 36.83090080534955], [-76.1947584586403, 36.83103145640526], [-76.19479226949743, 36.8312469631037], [-76.19479463485041, 36.83126204197333], [-76.19480115431169, 36.83130359591236], [-76.1948156530352, 36.83139601042503], [-76.1948226356677, 36.8314405155828], [-76.19490263400284, 36.83217456038333], [-76.19494620406454, 36.832574340747726], [-76.19496476283244, 36.83274462192417], [-76.1949584785449, 36.832895146449964], [-76.19495551205216, 36.83296621395156], [-76.19491273428643, 36.83318524767254], [-76.19488359405706, 36.83326735711961], [-76.19487829627903, 36.8332822846431], [-76.19483706669803, 36.83339845812211], [-76.19471479490727, 36.83362625109907], [-76.1946382815115, 36.83375570327836], [-76.19437976772215, 36.83419307683162], [-76.19416721208503, 36.83455269104026], [-76.1935861930719, 36.835535673959065], [-76.19357487864603, 36.83555484326083], [-76.19328627275324, 36.836043836420096], [-76.19206300922006, 36.83805358755115], [-76.19190770126457, 36.838327339345476], [-76.19168862956973, 36.838899307346765], [-76.19138780715629, 36.83934946776213], [-76.19102418362733, 36.83972902002772], [-76.19037128985978, 36.84029108107449], [-76.18952944994349, 36.84088376501962], [-76.18943786941922, 36.840972628321886], [-76.18763096372348, 36.841937815403874]]]}, "properties": {"OBJECTID": 497, "PERIMETER": 34372.43, "PRECINCTS": 55, "PRECINCTS1": 27, "ELECTION": 59, "ELECTION_I": 30, "PRECNAME": "Eastside", "SUPWARD": 7, "WARD": 4, "ADDRESSNUM": 5833, "POLLPLACE": "Aldersgate United Methodist Church", "ADDRESSSTR": "Sellger Drive", "PRECNUM": 408, "POLLADDRESS": "5767 Sellger Drive", "NAME_1": "Eastside", "NAME_2": " ", "created_user": "CSIEMER", "created_date": 1662571027000, "last_edited_user": "CSIEMER", "last_edited_date": 1744808605000, "Shape__Area": 62853201.14757966, "Shape__Length": 34380.42993567587, "NORFOLKGIS.Precincts.AREA": null}}, {"type": "Feature", "id": 498, "geometry": {"type": "Polygon", "coordinates": [[[-76.2421913717384, 36.94971274183038], [-76.24221814945649, 36.949691019055635], [-76.24227617953524, 36.94964394213115], [-76.24238292077709, 36.94955734759024], [-76.24255946844019, 36.949414122965734], [-76.24299793790836, 36.949058411311846], [-76.2430859380071, 36.94911341103818], [-76.24317193701734, 36.94916441256078], [-76.243182106249, 36.94916999252138], [-76.243264937345, 36.94921541136614], [-76.24347693812362, 36.94931941114133], [-76.24352686278712, 36.949340325503414], [-76.24358714866187, 36.94936558045833], [-76.243624937449, 36.94938141073112], [-76.24385649658633, 36.949462919938526], [-76.24387493816674, 36.949469411189334], [-76.24390790909825, 36.94947841748494], [-76.24409093769663, 36.94952841068229], [-76.24422599320665, 36.949555873869265], [-76.2445198638972, 36.94961563073492], [-76.24503629149747, 36.9497206418169], [-76.24522635480078, 36.949759288228464], [-76.24546793809307, 36.94980841079502], [-76.24558463692017, 36.94984319656939], [-76.24567593844847, 36.949870411487794], [-76.24574194682526, 36.94989349814602], [-76.24587893877757, 36.949941410816066], [-76.24591287027475, 36.94995525098638], [-76.24591815417176, 36.94995740649321], [-76.24609430406402, 36.95002925726527], [-76.24610693907682, 36.95003441100481], [-76.24625331527258, 36.950105936065334], [-76.24628293902863, 36.95012041106272], [-76.24644593881466, 36.95021241094454], [-76.24644827377276, 36.95021391771511], [-76.24654032869338, 36.95027332988628], [-76.2465419231835, 36.95027435825923], [-76.24658693858586, 36.95030341125859], [-76.24666293920727, 36.95038941085067], [-76.24668955184214, 36.950415073567314], [-76.24670038316282, 36.95042551798879], [-76.24680293855408, 36.95052441114388], [-76.24698710750502, 36.95066429291985], [-76.24700809205554, 36.95068023189696], [-76.24714393898557, 36.95078341128665], [-76.24716000379563, 36.950794918585665], [-76.24729994561068, 36.95089516114082], [-76.24732450308935, 36.95091275221071], [-76.2473426451929, 36.95092574777974], [-76.24752535210558, 36.95105662300087], [-76.24766137459035, 36.951154057077346], [-76.2477347033904, 36.95120658278682], [-76.24784893982023, 36.951288411275925], [-76.24785490925817, 36.95129297386553], [-76.24790619086328, 36.951332170497395], [-76.24795329855353, 36.95136817564023], [-76.24800593974769, 36.951408411404486], [-76.24809226499937, 36.95147341737111], [-76.24820782581162, 36.95156043932248], [-76.24825293896431, 36.95159441141288], [-76.2482744520035, 36.95161242441423], [-76.24837700071215, 36.95169828846529], [-76.2483844216111, 36.95170450128593], [-76.24843204477365, 36.95174437667284], [-76.24850493981602, 36.95180541153947], [-76.24852824753862, 36.95182342910581], [-76.24854875572262, 36.95183928205841], [-76.24864316374251, 36.95191225994002], [-76.24866793940195, 36.95193141156233], [-76.24871909078443, 36.95196836722317], [-76.24880674745789, 36.952031695436084], [-76.24886021230307, 36.95207032229394], [-76.24888569629755, 36.952088732978936], [-76.24889493969764, 36.952095411507074], [-76.24914593967978, 36.952278411551724], [-76.24920180661329, 36.95232291609667], [-76.24926721649419, 36.95237502153916], [-76.2492994074523, 36.95240066510182], [-76.24932293984658, 36.95241941150566], [-76.24950793940376, 36.95251841161357], [-76.24962293959604, 36.95254241189996], [-76.24967569499029, 36.95254317079427], [-76.24976194044528, 36.95254441182929], [-76.24968593973037, 36.952456411506816], [-76.24972093972151, 36.952450411067275], [-76.24980694021616, 36.95246341118454], [-76.24987365468503, 36.95246254059332], [-76.25003705285252, 36.952460407296], [-76.25018570458407, 36.9524584666891], [-76.25018994030962, 36.952458411613435], [-76.25026826883605, 36.952457084247335], [-76.25050086210696, 36.95245314260847], [-76.25056037708117, 36.95245213391736], [-76.25060660806506, 36.952451350644914], [-76.25064949728527, 36.95245062332034], [-76.2507423963679, 36.95244904882269], [-76.25086813232937, 36.952446917849244], [-76.25098544192028, 36.95244492936065], [-76.25105408104321, 36.95244376590643], [-76.2511339545841, 36.95244241162484], [-76.25116977029433, 36.95244180483738], [-76.25124648406876, 36.9524405045322], [-76.25131094091041, 36.95243941148581], [-76.25137968917758, 36.95242874406783], [-76.25142694000851, 36.95242141168121], [-76.25145507454205, 36.952413739017985], [-76.2514791669025, 36.95240716805745], [-76.25150964863913, 36.95239885431515], [-76.25152594080276, 36.952394411074714], [-76.25152994914221, 36.952392821976495], [-76.25154727237633, 36.95238595482903], [-76.25161514463677, 36.952359051253985], [-76.2516369409993, 36.95235041098497], [-76.25169106684682, 36.95232069458121], [-76.25173000802093, 36.95229931488624], [-76.25173894068539, 36.95229441093559], [-76.25175427755461, 36.952282950254656], [-76.25177345522246, 36.952268620019744], [-76.25179414094947, 36.952253163053406], [-76.25180799384239, 36.952242811527185], [-76.2518168952475, 36.95223616011606], [-76.25182994070403, 36.95222641149242], [-76.25186106622337, 36.95219905047586], [-76.25191709697619, 36.952149795310106], [-76.25195439427337, 36.9521170079149], [-76.2520028611859, 36.95207440265862], [-76.25204006845118, 36.95204169463997], [-76.25204494062322, 36.95203741161395], [-76.25210503225722, 36.95198263016179], [-76.25216249774775, 36.951930242101895], [-76.25218958844731, 36.95190554495116], [-76.25227436722022, 36.95182825752302], [-76.25230463569046, 36.95180066278371], [-76.25236119246225, 36.95174910274954], [-76.25242531913688, 36.95169064134578], [-76.25246786010318, 36.951651858939925], [-76.25249936930575, 36.951623133208685], [-76.25254294098241, 36.95158341141623], [-76.25259121878537, 36.951540381375096], [-76.25259820145072, 36.95153415834729], [-76.25260715102394, 36.95152618098147], [-76.25263494101418, 36.95150141146658], [-76.25264293919615, 36.951494233460586], [-76.25266666258098, 36.95147294303624], [-76.25267208318483, 36.951468077363785], [-76.25270302015868, 36.9514403123235], [-76.25271038029577, 36.95143370620894], [-76.25272598663216, 36.951419700577986], [-76.25276139454162, 36.95138792332645], [-76.25278127690058, 36.95137007843466], [-76.25279449827944, 36.951358213947536], [-76.25279527594775, 36.95135751582324], [-76.2528219957228, 36.951333534345764], [-76.25284445214064, 36.951313380643434], [-76.25288145104199, 36.95128017534033], [-76.25288507207328, 36.951276912162065], [-76.2528856278167, 36.951276426125695], [-76.25289407476829, 36.951268845653395], [-76.25292360277986, 36.95124234530044], [-76.2529819895788, 36.951189943817305], [-76.25311721552276, 36.95106858089674], [-76.25318597921675, 36.95100686721273], [-76.25322994097763, 36.95096741132445], [-76.25331962989539, 36.95088698286968], [-76.25340832521866, 36.95080744575336], [-76.2534610785464, 36.95076013823602], [-76.25363539251656, 36.95060382175115], [-76.25374472548765, 36.9505057759576], [-76.25378017329764, 36.9504739874588], [-76.25395769683469, 36.95031479065099], [-76.25399005242748, 36.95028577514072], [-76.25413622223253, 36.95015469422466], [-76.25421794151548, 36.95008141041562], [-76.25426549545531, 36.95003871472798], [-76.25437175552032, 36.94994331020533], [-76.25446524545806, 36.94985936965267], [-76.2545310251663, 36.94980030956535], [-76.25453403188945, 36.949797609683586], [-76.25464262650601, 36.94970010784794], [-76.25477594127867, 36.949580411115406], [-76.25480909648327, 36.94955065440731], [-76.25521855453523, 36.94918315478319], [-76.25533373177457, 36.949079779372646], [-76.25536250615824, 36.94905371563919], [-76.2553830858059, 36.94903507510931], [-76.25538964236539, 36.94902930709512], [-76.25576069629842, 36.948694007822574], [-76.2558089411471, 36.94865041073743], [-76.25593944822059, 36.94853385182383], [-76.25629078537212, 36.94822006359079], [-76.25659494208084, 36.94794841022293], [-76.25665186905651, 36.94789780353175], [-76.2568265226151, 36.94774254002585], [-76.25717503864013, 36.94743271467667], [-76.25730265767437, 36.94731926215053], [-76.25769394242153, 36.94697141004635], [-76.2578022855878, 36.94687802891662], [-76.25794809220125, 36.9467523574098], [-76.25794220788438, 36.94675773636555], [-76.25795470358305, 36.946746658808955], [-76.25808320053636, 36.94663590649477], [-76.25811394211915, 36.94660941001181], [-76.25817094190808, 36.946560410250434], [-76.25821629002832, 36.94652246627977], [-76.25821994265867, 36.94651940996146], [-76.25823651850459, 36.94650490563262], [-76.25826794201755, 36.946477409872884], [-76.25834678226437, 36.94640896559438], [-76.25835894234888, 36.94639840980191], [-76.25839097808677, 36.94636741304308], [-76.25842557574892, 36.94633393676883], [-76.25855307450585, 36.94621056829505], [-76.25857494216646, 36.94618940992195], [-76.258721803538, 36.94605411294977], [-76.25875521846972, 36.9460233289671], [-76.25882894271042, 36.94595540972085], [-76.25888018194084, 36.94590222475155], [-76.25889443356223, 36.9458874326692], [-76.258894711645, 36.94588714322101], [-76.25889617842695, 36.94588561991767], [-76.25890794258179, 36.9458734097231], [-76.25893309243344, 36.94583760258297], [-76.25895776624724, 36.945802474110806], [-76.25896694242931, 36.94578940966713], [-76.25898798276226, 36.945746744997194], [-76.25899655925825, 36.945729352463324], [-76.25900294229886, 36.94571640965324], [-76.25900322234466, 36.945715636206664], [-76.25901629929128, 36.94567950703438], [-76.25903362828046, 36.945631633822316], [-76.25903391447044, 36.94563084246536], [-76.25905840130321, 36.94556319349763], [-76.2590856324286, 36.94548796041782], [-76.25912094214807, 36.945390409231905], [-76.25914606952293, 36.94531446362845], [-76.25915035751407, 36.94530150342212], [-76.25923443372113, 36.94504738516213], [-76.25925480058065, 36.944985827526764], [-76.25929894284877, 36.94485240964204], [-76.25931099238328, 36.944816152699644], [-76.25936045642835, 36.94466731371254], [-76.259427042187, 36.94446695415915], [-76.25944197116793, 36.94442203131801], [-76.25950973252606, 36.944218131009315], [-76.259519942678, 36.9441874094668], [-76.25954866592109, 36.94409924392874], [-76.25954957236101, 36.94409646515035], [-76.2596448552208, 36.943803997758316], [-76.25965267939043, 36.9437799829078], [-76.25966773737262, 36.9437337645273], [-76.25970242680533, 36.9436272877274], [-76.25973594291585, 36.94352440936702], [-76.25976850716539, 36.943422311477825], [-76.25982385615471, 36.94324878054751], [-76.25985515279413, 36.94315065516158], [-76.25991014376557, 36.94297824318656], [-76.25994294268207, 36.94287540880036], [-76.25995655200637, 36.942835636427866], [-76.26001733026868, 36.9426580192794], [-76.2600487388573, 36.94256623170867], [-76.2600837033796, 36.9424640496699], [-76.26010446738879, 36.9424033692942], [-76.26012968332745, 36.94232967862005], [-76.26013409225217, 36.94231679459861], [-76.26013930510945, 36.942301558894044], [-76.26017494292842, 36.94219740934791], [-76.2601972546324, 36.94213253642339], [-76.26021458082815, 36.942082159903464], [-76.26025289418537, 36.941970762910266], [-76.26028107690068, 36.94188882079405], [-76.26028156832862, 36.941887391568564], [-76.26032179069512, 36.941770441524405], [-76.2603439325957, 36.941706061996165], [-76.26035244628285, 36.941681309397616], [-76.26040334802455, 36.94153330774566], [-76.26041294285145, 36.941505409223694], [-76.2603838041184, 36.94150046005992], [-76.26030012983819, 36.94148624895661], [-76.2602505429299, 36.941477827592934], [-76.2597947048759, 36.94140040832124], [-76.25979213725357, 36.94139997271644], [-76.25972994261167, 36.94138940904332], [-76.25947255390074, 36.941338029441575], [-76.25946677793988, 36.94133687649973], [-76.25935881196112, 36.94131532440337], [-76.25932894755547, 36.941309363331214], [-76.25920394183069, 36.94128440911191], [-76.2589962053666, 36.94124012829879], [-76.25896897191106, 36.941234323637325], [-76.25893798906579, 36.94122771920353], [-76.25888130156625, 36.94121563576768], [-76.25874586314826, 36.94118676586644], [-76.25874531746234, 36.94118665000507], [-76.25872865828909, 36.9411830983561], [-76.25867749785844, 36.941172193701824], [-76.25867368374993, 36.941171380074586], [-76.25862140633775, 36.94116023687451], [-76.25847377655268, 36.9411284031175], [-76.25836234282953, 36.9411050146006], [-76.2581249425071, 36.94105440876747], [-76.25806970201056, 36.94104269053751], [-76.25804713692573, 36.94103790307952], [-76.25762487620293, 36.94094832595877], [-76.25757945376053, 36.94093868940676], [-76.2572916434205, 36.940877632691944], [-76.25710664862956, 36.94083838734816], [-76.25672494141652, 36.94075740888907], [-76.25667258850274, 36.940746293116455], [-76.25666416674395, 36.940744504568634], [-76.25663936564892, 36.94073923881578], [-76.25648874807727, 36.940707258099366], [-76.25647898498993, 36.94070518525242], [-76.25643294151136, 36.94069540840804], [-76.25632394100607, 36.94068840891354], [-76.25632119578795, 36.940688587282224], [-76.25630331595615, 36.94068974599165], [-76.25629619080321, 36.9406902076421], [-76.25626827185523, 36.940692016664734], [-76.25621594080553, 36.94069540866298], [-76.2562077944513, 36.94069709921959], [-76.25620452912779, 36.940697776935124], [-76.25615234834045, 36.94070860717835], [-76.25611642570506, 36.94071604752793], [-76.25611615520968, 36.940716118982614], [-76.25610434594837, 36.94071924762577], [-76.25608547331733, 36.94072545305927], [-76.2560579190407, 36.94073451240547], [-76.25605401368807, 36.94073579534174], [-76.25603694179092, 36.940741408679386], [-76.25603427940396, 36.94075315951641], [-76.25602540969977, 36.94079231434438], [-76.25602532185736, 36.94079270206012], [-76.2560123957843, 36.940849763622566], [-76.25597443926615, 36.94101731433474], [-76.25595116966322, 36.94109614219125], [-76.25587131184696, 36.94135190806516], [-76.25585790052091, 36.94139490257629], [-76.25577731895187, 36.9416530170749], [-76.25577470093566, 36.941651629474336], [-76.25577222878, 36.9416592304213], [-76.25576794181553, 36.94167240866475], [-76.25568032673708, 36.941608306603015], [-76.25566321679572, 36.941595788093736], [-76.25565263670823, 36.94158804709096], [-76.25547113229979, 36.941455250353414], [-76.25544254769886, 36.94143433644466], [-76.25538309129202, 36.94139083526655], [-76.25537294100668, 36.941383408907946], [-76.25530493461225, 36.94133384500471], [-76.25530215693371, 36.94133182068169], [-76.25525494085649, 36.941297409067744], [-76.25524149809813, 36.94128850649399], [-76.25504267890531, 36.9411568288256], [-76.25500028695292, 36.94112875300267], [-76.2549574732276, 36.941100397798465], [-76.25494994132941, 36.941095409125296], [-76.25493322105346, 36.94108263294188], [-76.25490857931673, 36.94106380423542], [-76.2548783001036, 36.94104066839805], [-76.25475494126191, 36.94094640921292], [-76.25461194040952, 36.94082240905153], [-76.25453885363896, 36.94075530704505], [-76.25452362345246, 36.94074132437763], [-76.25448018599758, 36.94070144386943], [-76.25433235361108, 36.94056571618513], [-76.25420894098949, 36.94045240849962], [-76.2542069623854, 36.940450325498794], [-76.25415654538882, 36.940397255200104], [-76.25410650414135, 36.9403445805461], [-76.25409494067873, 36.94033240840244], [-76.25395094041713, 36.940148408366255], [-76.25387373909379, 36.94004711313415], [-76.25384155725546, 36.940004887487994], [-76.25383384525838, 36.93999476830037], [-76.25380809573737, 36.93996098156805], [-76.25379394068263, 36.93994240882479], [-76.25374147025894, 36.93987400734702], [-76.25369027998758, 36.93980727440071], [-76.25361320121671, 36.93970679255821], [-76.25360359870075, 36.93969427384143], [-76.25354109797186, 36.93961279644118], [-76.25349383790285, 36.93955118706936], [-76.25349094053095, 36.93954740905016], [-76.25348632679582, 36.93954016581703], [-76.25346641572072, 36.93950891163386], [-76.25340221161898, 36.93940812848916], [-76.25338139610471, 36.939375454475794], [-76.25336740575445, 36.939353492963576], [-76.2533489003576, 36.93932444513201], [-76.25329879848428, 36.939245797739126], [-76.25328125242264, 36.93921825368592], [-76.25326487691163, 36.93919254916084], [-76.25323785344408, 36.93915012805189], [-76.25317411131245, 36.939050069285734], [-76.2531527520124, 36.93901654115324], [-76.25305724759433, 36.93886662264711], [-76.25305220258967, 36.93885870323767], [-76.25303671029954, 36.938834383837104], [-76.25298947272542, 36.93876023299241], [-76.25298194068493, 36.938748408182725], [-76.2529734622072, 36.93873657790506], [-76.2529389401623, 36.93868840869338], [-76.25290395258806, 36.93864189089996], [-76.2528740921345, 36.9386021899027], [-76.25285094034443, 36.93857140818406], [-76.25278199750987, 36.93848635677643], [-76.25277571786333, 36.938478610256546], [-76.25265210878482, 36.938326121658086], [-76.252636940015, 36.93830740860412], [-76.25259400065069, 36.938259333488226], [-76.25257420574751, 36.9382371707893], [-76.25255317298756, 36.938213622454136], [-76.25254507961618, 36.93820456130603], [-76.25251631001085, 36.93817234982499], [-76.25250831885305, 36.93816340149664], [-76.2524913365935, 36.93814438875554], [-76.252471021188, 36.93812164281658], [-76.25243276067711, 36.93807880570622], [-76.25242793966935, 36.938073408079816], [-76.25239595637288, 36.93803817142779], [-76.25236894007712, 36.93800840819748], [-76.25231325685876, 36.93795808110942], [-76.25228169551049, 36.9379295559904], [-76.2522405786459, 36.93789239422921], [-76.25217097017827, 36.93782948181931], [-76.25202442023298, 36.93769702769811], [-76.25202168633325, 36.93769455704978], [-76.25200131995237, 36.93767614925266], [-76.25192681825064, 36.93760881294793], [-76.25182721419598, 36.93751878863661], [-76.2517946974481, 36.93748939962521], [-76.2517780164174, 36.937474323415906], [-76.25176594035207, 36.937463408553604], [-76.25170347391179, 36.937412840590554], [-76.25167040016228, 36.93738606748945], [-76.25164699354148, 36.937367118357756], [-76.25159626673167, 36.93732605443975], [-76.25157693922404, 36.93731040840348], [-76.25140793923549, 36.937197408430166], [-76.25139318676648, 36.937189051815416], [-76.25133503272666, 36.937156111319624], [-76.25132332703497, 36.93714948140325], [-76.25126494006076, 36.937116408421964], [-76.25114273307055, 36.937056605067134], [-76.25113564846997, 36.93705313809487], [-76.2511303978244, 36.937050568811856], [-76.25107693960976, 36.9370244079798], [-76.25105493908352, 36.93701540792058], [-76.25105166125128, 36.93701408961445], [-76.25101308418739, 36.93699856924499], [-76.25099153090592, 36.93698989861664], [-76.25094200633357, 36.93696997474052], [-76.25089795775514, 36.93695225398368], [-76.2508902254708, 36.936949423594825], [-76.25086797617902, 36.93694127774868], [-76.25084243441837, 36.936933139224244], [-76.25067693920344, 36.936880407836526], [-76.25066327446794, 36.93687743780324], [-76.25066239533727, 36.93687724611897], [-76.25060808344129, 36.93686543931021], [-76.25048214318979, 36.93683856035477], [-76.25028997768568, 36.936798471878625], [-76.25024437079252, 36.936788957793716], [-76.24988287510934, 36.9367135442271], [-76.24986747494151, 36.93671033177076], [-76.24986609228431, 36.93671004301131], [-76.24984483783571, 36.93670560892822], [-76.24979593899172, 36.93669540791835], [-76.24966893873129, 36.936654408531034], [-76.24966340196188, 36.93665198603679], [-76.24962990643849, 36.93663733133009], [-76.24958751774363, 36.93661878553791], [-76.24957293923748, 36.93661240782608], [-76.24951632396531, 36.93658134547392], [-76.24948888919273, 36.93656629294759], [-76.24945993857715, 36.936550408277625], [-76.24945738791344, 36.936548539585594], [-76.2494285317267, 36.936527397208046], [-76.24942335895621, 36.936523607978174], [-76.24937592838903, 36.9364888562758], [-76.24936283223633, 36.936479261069955], [-76.24935143910572, 36.9364699805907], [-76.24931448778973, 36.936438307533486], [-76.24930196418374, 36.9364273558984], [-76.2492989810512, 36.93642413227426], [-76.24929458571965, 36.93641938443823], [-76.24925232768629, 36.936373729546524], [-76.24924184750228, 36.936362406896464], [-76.24921780061804, 36.93633642782322], [-76.24919453924122, 36.936311297551114], [-76.24919093924602, 36.93630740771914], [-76.24909127511327, 36.93632173441984], [-76.24908985874904, 36.93632193805642], [-76.24908290211036, 36.936322937904094], [-76.24906873170752, 36.936324975040336], [-76.24904456670045, 36.93632844871422], [-76.249030938708, 36.93633040789549], [-76.24902673504603, 36.936330850214844], [-76.24899666626582, 36.93633401345392], [-76.24897601067458, 36.936336186017215], [-76.2489570761833, 36.93633817790216], [-76.24883630657459, 36.93635088166642], [-76.24875966859807, 36.93635894363658], [-76.24831793920659, 36.93640540848026], [-76.2482895776166, 36.93640817698256], [-76.24747029472144, 36.93648813887354], [-76.24650445936979, 36.936582398045395], [-76.24626414882744, 36.936605849086554], [-76.24619693765344, 36.936612408126024], [-76.24550893734553, 36.936685408424836], [-76.2449939379696, 36.936733407934085], [-76.24490406061715, 36.93674169212207], [-76.24489569812704, 36.936742462852834], [-76.24477693769393, 36.936753408176955], [-76.24478772589369, 36.93682430349703], [-76.24480493820286, 36.936937408051485], [-76.24482157605281, 36.9370480092867], [-76.24483438464209, 36.93713315620494], [-76.24489506263951, 36.937536522645786], [-76.24492693749252, 36.93774840865249], [-76.24495454755125, 36.93793291296192], [-76.24495787148626, 36.93795512795724], [-76.24496019052266, 36.937970624674186], [-76.24496693228632, 36.93801567300418], [-76.24498716301822, 36.93815086316353], [-76.24498993816471, 36.93816940895875], [-76.24434927010351, 36.93823339810162], [-76.24427805567807, 36.9382405102388], [-76.24416893759151, 36.93825140832375], [-76.24344625834735, 36.93832456892033], [-76.24335895010364, 36.93833350158592], [-76.24329585110341, 36.93833995674643], [-76.24314327111176, 36.938355566780146], [-76.24266480185788, 36.93840451527812], [-76.2425982142123, 36.9384113366521], [-76.24253893646815, 36.93841740867649], [-76.24242399060186, 36.938429002697426], [-76.24172593628052, 36.93849940858073], [-76.2416172122783, 36.93851028123424], [-76.2416050746492, 36.938511494812374], [-76.2415713692447, 36.93851486575238], [-76.2413457444966, 36.93853742889348], [-76.24090593625137, 36.938581409025105], [-76.2408519363666, 36.93859540914033], [-76.24079093657461, 36.93862340918359], [-76.2407329370062, 36.93867140884542], [-76.24069667383846, 36.93870911150553], [-76.24064358441133, 36.93876430920204], [-76.24022821472434, 36.939196166173545], [-76.24020393580666, 36.93922140856176], [-76.24016803804241, 36.93925949216114], [-76.2399971539691, 36.93944078582716], [-76.23995189791994, 36.939488798406146], [-76.23984450519673, 36.93960273113994], [-76.23980454260914, 36.939645127096185], [-76.23980023347342, 36.93964969896273], [-76.23976491856426, 36.939687164490614], [-76.23975485888681, 36.93969783718697], [-76.23969493569759, 36.93976140938754], [-76.23957315067695, 36.93989044176976], [-76.23949644025811, 36.93997171684182], [-76.2394943182243, 36.93997396553747], [-76.23946476528361, 36.94000527719986], [-76.23944511397322, 36.94002609702659], [-76.2394145788409, 36.94005844890931], [-76.23937578979994, 36.940099545875164], [-76.23924872064768, 36.94023417483934], [-76.23917393560329, 36.94031340906359], [-76.23903741519683, 36.940459627139795], [-76.23863893587462, 36.94088640976966], [-76.23846134953892, 36.941077594821934], [-76.2384217361232, 36.94112024132384], [-76.23811973152647, 36.941445367548084], [-76.2380533174936, 36.9415168660832], [-76.23799893616246, 36.941575409845626], [-76.23792038375548, 36.941660343250156], [-76.23777056461708, 36.941822332350924], [-76.23772363063166, 36.94187307816002], [-76.2376419351899, 36.94196140949491], [-76.23740445971724, 36.94222299820952], [-76.23731859713695, 36.94231757860365], [-76.23728699980832, 36.94235238380082], [-76.23725530371796, 36.942387298859984], [-76.23711993588599, 36.942536409701944], [-76.23702711712589, 36.94263929380003], [-76.2369709337819, 36.942701569281155], [-76.23687093592571, 36.94281240944509], [-76.23682412143359, 36.94286452730627], [-76.23681249737032, 36.94287746816251], [-76.23664698278182, 36.94306172876543], [-76.23656193504343, 36.94315640995508], [-76.2364510329524, 36.94327458349713], [-76.2364506661594, 36.94327498295665], [-76.23629295146199, 36.94344630256746], [-76.23610089934218, 36.94365176659716], [-76.2358391632171, 36.94393177898077], [-76.23562047908861, 36.9441657312212], [-76.23561786198633, 36.94416853007176], [-76.2355205193052, 36.944315065165654], [-76.2355017167795, 36.94434336861057], [-76.23542376065578, 36.944460720874005], [-76.23537309354278, 36.94453699025913], [-76.23511095444698, 36.944931596009894], [-76.23506339695432, 36.945003184833155], [-76.2350467189678, 36.945028289589274], [-76.2349987121737, 36.94510055387815], [-76.2349915872542, 36.94511128001533], [-76.23497045834014, 36.945143085483565], [-76.23496052750278, 36.9451577777056], [-76.23502296346312, 36.945192836876224], [-76.23505604390027, 36.945214011878555], [-76.23509263213231, 36.945234451308586], [-76.2358604507925, 36.945663367075795], [-76.23622454006934, 36.9458503317094], [-76.2364431294758, 36.94598091952228], [-76.236543092123, 36.94607213385607], [-76.23667740828172, 36.94615920137347], [-76.23715406622782, 36.94635931915032], [-76.23775680909033, 36.94669304755041], [-76.23828761352152, 36.947028824317606], [-76.23890433706963, 36.9474679040388], [-76.2392707163937, 36.9476933663878], [-76.23968247168389, 36.947889477560125], [-76.23997172736561, 36.94806125395295], [-76.2409915487825, 36.94875808168412], [-76.24181552049032, 36.94936528283366], [-76.24191852754322, 36.949469600921155], [-76.24191866756594, 36.94946968833889], [-76.24201268439771, 36.94952839186998], [-76.24205599668537, 36.94957785168664], [-76.24205568111331, 36.94962178487914], [-76.24217849144367, 36.949701094868956], [-76.2421913717384, 36.94971274183038]]]}, "properties": {"OBJECTID": 498, "PERIMETER": 26731.385, "PRECINCTS": 5, "PRECINCTS1": 35, "ELECTION": 0, "ELECTION_I": 0, "PRECNAME": "Ocean View Golf Course", "SUPWARD": 6, "WARD": 5, "ADDRESSNUM": 9610, "POLLPLACE": "Ocean View Golf Course", "ADDRESSSTR": "Norfolk Avenue", "PRECNUM": 506, "POLLADDRESS": "9610 Norfolk Avenue", "NAME_1": "Ocean View", "NAME_2": "Center", "created_user": "CSIEMER", "created_date": 1662571027000, "last_edited_user": "CSIEMER", "last_edited_date": 1666096343000, "Shape__Area": 25797923.594275255, "Shape__Length": 21379.186394300283, "NORFOLKGIS.Precincts.AREA": null}}]}