{
"type": "FeatureCollection",
"name": "Superwards",
"crs": { "type": "name", "properties": { "name": "urn:ogc:def:crs:OGC:1.3:CRS84" } },
"features": [
{ "type": "Feature", "properties": { "OBJECTID": 3, "SUPWARD": 6, "SWARD_REP": "Jeremy D McGee", "WEBSITE": "https://www.norfolk.gov/6429/Jeremy-D-McGee", "created_user": "MSTRALE", "created_date": "2022-05-12T19:46:39Z", "last_edited_user": "CSIEMER", "last_edited_date": "2025-01-08T16:52:25Z", "SWARD_SBM": "Sarah E DiCalogero", "WEBSITE_SBM": "https://www.npsk12.com/Page/10363", "SHAPE_Length": 0.93312980505574539, "SHAPE_Area": 0.0085042565708863642 }, "geometry": { "type": "MultiPolygon", "coordinates": [ [ [ [ -76.345570968999937, 36.924538402000053 ], [ -76.342450966999934, 36.924714403000053 ], [ -76.341826966999975, 36.924779403000059 ], [ -76.33816296599997, 36.925162402000069 ], [ -76.338366965999967, 36.925754402000052 ], [ -76.337382332999937, 36.931169890000035 ], [ -76.337366965999934, 36.931254404000072 ], [ -76.337205593999954, 36.932384167000066 ], [ -76.336133233999988, 36.939890907000063 ], [ -76.336129146999951, 36.939919516000032 ], [ -76.335666965999962, 36.943154406000076 ], [ -76.335007388999941, 36.94759758400005 ], [ -76.335003696999934, 36.947622458000069 ], [ -76.334794195999962, 36.949033627000063 ], [ -76.334740525999962, 36.949395134000042 ], [ -76.333429209999963, 36.958226706000062 ], [ -76.33321848199995, 36.959645735000038 ], [ -76.332258965999984, 36.966106412000045 ], [ -76.327800027999956, 36.965286538000043 ], [ -76.326042963999953, 36.964963412000031 ], [ -76.325867207999977, 36.964931076000028 ], [ -76.323906962999956, 36.964570411000068 ], [ -76.322915791999947, 36.964732621000053 ], [ -76.318202661999976, 36.965503823000063 ], [ -76.317809645999944, 36.965568122000036 ], [ -76.313692799999956, 36.966241573000048 ], [ -76.312700400999972, 36.966403891000027 ], [ -76.310440959999937, 36.966773412000066 ], [ -76.308892526999955, 36.967048727000076 ], [ -76.307028217999971, 36.967380176000063 ], [ -76.305624104999936, 36.967629787000078 ], [ -76.305608290999942, 36.967632599000069 ], [ -76.305604517999939, 36.967633269000032 ], [ -76.303047102999983, 36.968087856000068 ], [ -76.302457347999962, 36.968192677000047 ], [ -76.302441956999985, 36.968195413000046 ], [ -76.301424833999988, 36.968362382000066 ], [ -76.300325612999984, 36.96854281700007 ], [ -76.299985229999947, 36.968598688000043 ], [ -76.299462955999957, 36.968684413000062 ], [ -76.299409413999967, 36.968704625000044 ], [ -76.299405169999943, 36.968706227000041 ], [ -76.299062955999943, 36.968835413000079 ], [ -76.298706397999979, 36.969021821000069 ], [ -76.297643702999949, 36.969577386000026 ], [ -76.29694425699995, 36.969748199000037 ], [ -76.29688381699998, 36.969707231000029 ], [ -76.296884795999972, 36.969673594000028 ], [ -76.297052170999962, 36.96956958100003 ], [ -76.297101776999966, 36.969512130000055 ], [ -76.297110170999986, 36.969341264000036 ], [ -76.297058732999972, 36.969226286000037 ], [ -76.296968253999978, 36.969158655000058 ], [ -76.296731383999941, 36.969062182000073 ], [ -76.296534662999989, 36.968998055000043 ], [ -76.296262475999981, 36.968938696000066 ], [ -76.295924171999957, 36.968915874000061 ], [ -76.295691031999979, 36.968926615000044 ], [ -76.295477025999958, 36.968985795000037 ], [ -76.295386813999983, 36.969026687000053 ], [ -76.29526070199995, 36.969124602000079 ], [ -76.295209116999956, 36.969250014000067 ], [ -76.295220685999936, 36.969323035000059 ], [ -76.295243980999942, 36.969346137000059 ], [ -76.295291410999937, 36.969363510000051 ], [ -76.295401216999949, 36.969355266000036 ], [ -76.295479624999984, 36.96936703800003 ], [ -76.295477705999986, 36.969432938000068 ], [ -76.295436341999959, 36.969442466000032 ], [ -76.295090811999955, 36.969432555000026 ], [ -76.294703516999959, 36.969445900000039 ], [ -76.294670335999967, 36.969409562000067 ], [ -76.294699031999983, 36.969364769000038 ], [ -76.294835894999949, 36.969368022000026 ], [ -76.294863730999964, 36.969352746000027 ], [ -76.294862826999974, 36.969266188000063 ], [ -76.294827083999962, 36.969200268000066 ], [ -76.294736386999944, 36.96914018700005 ], [ -76.294597919999944, 36.969074402000047 ], [ -76.294397558999947, 36.969017758000064 ], [ -76.294247427999949, 36.968999833000055 ], [ -76.294109125999967, 36.969046005000052 ], [ -76.293927118999989, 36.969182020000062 ], [ -76.293870526999967, 36.96924414800003 ], [ -76.293807151999943, 36.969421538000063 ], [ -76.29378229799994, 36.969451978000052 ], [ -76.293685739999944, 36.96947558100004 ], [ -76.293220516999952, 36.969460673000071 ], [ -76.292605222999953, 36.969308326000032 ], [ -76.292254710999941, 36.969234438000058 ], [ -76.292029674999981, 36.96920205300006 ], [ -76.291482284999972, 36.969069520000062 ], [ -76.290862415999982, 36.96883946500003 ], [ -76.29018913699997, 36.968679836000035 ], [ -76.28992711799998, 36.968741536000039 ], [ -76.289924914999972, 36.968817047000073 ], [ -76.289525902999969, 36.968645395000067 ], [ -76.289144517999944, 36.968573665000065 ], [ -76.288574801999971, 36.968502514000079 ], [ -76.288471098999935, 36.96853628000008 ], [ -76.288196701999937, 36.968787311000028 ], [ -76.288152094999987, 36.968790594000041 ], [ -76.288120494999987, 36.968817473000058 ], [ -76.288076208999939, 36.968809772000043 ], [ -76.287754903999939, 36.968673917000046 ], [ -76.287250467999968, 36.968595059000052 ], [ -76.286843566999949, 36.96857641400004 ], [ -76.286764056999971, 36.968602392000037 ], [ -76.286661930999969, 36.968699375000028 ], [ -76.286572887999966, 36.968817209000065 ], [ -76.286475926999969, 36.968854535000048 ], [ -76.286472495999988, 36.968971920000058 ], [ -76.286434652999958, 36.968978077000031 ], [ -76.286038165999969, 36.968837368000038 ], [ -76.285875011999963, 36.968796520000069 ], [ -76.285229630999936, 36.968736979000028 ], [ -76.285078760999966, 36.968744441000069 ], [ -76.28486989299995, 36.96897884100008 ], [ -76.284793262999983, 36.969023416000027 ], [ -76.284745313999963, 36.969023887000048 ], [ -76.284745402999988, 36.969137904000036 ], [ -76.28470099599997, 36.96913432000008 ], [ -76.284572504999971, 36.969079014000044 ], [ -76.284462616999974, 36.969089994000058 ], [ -76.284204829999965, 36.969006839000031 ], [ -76.283711685999947, 36.968893149000053 ], [ -76.283417531999987, 36.968882799000028 ], [ -76.283345285999985, 36.968894487000057 ], [ -76.283191702999943, 36.968994619000057 ], [ -76.28307859399996, 36.96899866900003 ], [ -76.283077589999948, 36.969032992000052 ], [ -76.282974988999968, 36.969028997000066 ], [ -76.282775477999962, 36.968943503000048 ], [ -76.282595154999967, 36.968904388000055 ], [ -76.282378476999952, 36.968820629000049 ], [ -76.282208580999963, 36.968776217000027 ], [ -76.281833523999978, 36.968722439000032 ], [ -76.281683014999942, 36.968717540000057 ], [ -76.281525036999938, 36.96873379200008 ], [ -76.281462857999941, 36.968752538000047 ], [ -76.281374410999945, 36.96884977600007 ], [ -76.281294879999962, 36.968876436000073 ], [ -76.281286386999966, 36.968932597000048 ], [ -76.28121830799995, 36.968918949000056 ], [ -76.280721060999952, 36.96871175800004 ], [ -76.280405063999979, 36.968628870000032 ], [ -76.279903070999978, 36.968466918000047 ], [ -76.279831610999963, 36.968451833000074 ], [ -76.279693824999981, 36.968480140000054 ], [ -76.27965304199995, 36.968469754000068 ], [ -76.27954108199998, 36.968434673000047 ], [ -76.279359129999989, 36.968334394000067 ], [ -76.279196423999963, 36.968278435000059 ], [ -76.278798906999953, 36.968173397000044 ], [ -76.278690972999982, 36.96811778600005 ], [ -76.278541250999979, 36.968086111000048 ], [ -76.278329367999959, 36.968072493000079 ], [ -76.278167989999986, 36.968087990000072 ], [ -76.277960031999953, 36.968174038000029 ], [ -76.277851572999964, 36.968253037000068 ], [ -76.277770511999961, 36.968215102000045 ], [ -76.277750925999953, 36.968182451000075 ], [ -76.277675722999959, 36.968178283000043 ], [ -76.277327648999972, 36.968021975000056 ], [ -76.276954612999987, 36.967899536000061 ], [ -76.276660123999989, 36.967784075000054 ], [ -76.276305688999969, 36.967727923000041 ], [ -76.276181730999951, 36.96775167900006 ], [ -76.276170578999938, 36.967781690000038 ], [ -76.276018220999958, 36.96772317500006 ], [ -76.275732170999959, 36.967553611000028 ], [ -76.27540662499996, 36.967446490000043 ], [ -76.275298734999978, 36.96738950200006 ], [ -76.274972444999946, 36.96730777700003 ], [ -76.274856359999944, 36.967296653000062 ], [ -76.274674975999972, 36.967293908000045 ], [ -76.274650093999981, 36.967325032000076 ], [ -76.274612088999959, 36.967336677000048 ], [ -76.273864732999982, 36.967019637000078 ], [ -76.273485550999965, 36.966873719000034 ], [ -76.273114576999944, 36.966798011000037 ], [ -76.273003702999972, 36.966842618000044 ], [ -76.272000571999968, 36.966375114000073 ], [ -76.271491444999981, 36.966223979000063 ], [ -76.271312705999947, 36.966364142000032 ], [ -76.271208209999941, 36.96642466600008 ], [ -76.270741715999975, 36.966104686000051 ], [ -76.270397913999943, 36.965920278000056 ], [ -76.270100425999942, 36.965791006000075 ], [ -76.269834755999966, 36.965860149000036 ], [ -76.268795025999964, 36.965241503000072 ], [ -76.268015783999942, 36.96496228500007 ], [ -76.267958141999941, 36.965059410000038 ], [ -76.266944352999985, 36.964374616000043 ], [ -76.266511742999967, 36.96418370300006 ], [ -76.266426582999941, 36.964285112000027 ], [ -76.265914342999963, 36.963892125000029 ], [ -76.265404678999971, 36.963528033000046 ], [ -76.26520848499996, 36.963447379000058 ], [ -76.265116783999986, 36.96353835900004 ], [ -76.265064587999973, 36.963450826000042 ], [ -76.264755070999968, 36.963265678000027 ], [ -76.264494574999958, 36.963043685000059 ], [ -76.264396762999979, 36.962993746000052 ], [ -76.26421587699997, 36.962858434000054 ], [ -76.263930054999946, 36.962682664000056 ], [ -76.263660043999948, 36.962551151000071 ], [ -76.263610699999958, 36.962598979000063 ], [ -76.263319617999969, 36.962369533000071 ], [ -76.262842956999975, 36.962047953000024 ], [ -76.262384213999951, 36.96181531600007 ], [ -76.26222841799995, 36.961758091000036 ], [ -76.261441433999948, 36.961279496000031 ], [ -76.260852176999947, 36.960945462000041 ], [ -76.260682737999957, 36.960886602000073 ], [ -76.260629850999976, 36.960938482000074 ], [ -76.259947249999982, 36.960519559000033 ], [ -76.259758967999971, 36.960403330000076 ], [ -76.259566776999975, 36.960303511000063 ], [ -76.259095670999955, 36.96015757300006 ], [ -76.258999436999943, 36.960255086000075 ], [ -76.258825094999963, 36.960114843000042 ], [ -76.258690046999959, 36.960031917000038 ], [ -76.258619760999977, 36.959988758000065 ], [ -76.258573861999935, 36.959960575000025 ], [ -76.258085209999933, 36.959660515000053 ], [ -76.258001385999989, 36.959612502000027 ], [ -76.257916086999955, 36.959563643000024 ], [ -76.257744118999938, 36.959496351000041 ], [ -76.257719198999951, 36.959489318000067 ], [ -76.257706595999935, 36.959503808000079 ], [ -76.257261992999986, 36.959249579000073 ], [ -76.25696991999996, 36.959065402000078 ], [ -76.256587976999981, 36.958841332000077 ], [ -76.256482953999978, 36.958804108000038 ], [ -76.256427078999934, 36.958784304000062 ], [ -76.256382770999949, 36.958768600000042 ], [ -76.256349158999967, 36.95876919400007 ], [ -76.256189169999971, 36.958930649000024 ], [ -76.256071883999937, 36.958826681000062 ], [ -76.255704865999974, 36.95860512400003 ], [ -76.255584842999951, 36.958504908000066 ], [ -76.255437315999984, 36.958381727000074 ], [ -76.255276193999975, 36.958282969000038 ], [ -76.254974710999988, 36.958182502000057 ], [ -76.254491543999961, 36.957849664000037 ], [ -76.254384286999937, 36.95776409900003 ], [ -76.254314208999972, 36.957708195000066 ], [ -76.253857987999936, 36.957411577000073 ], [ -76.253664428999969, 36.957326417000047 ], [ -76.253604631999963, 36.957300109000073 ], [ -76.253560402999938, 36.957340317000046 ], [ -76.253379173999974, 36.957176873000037 ], [ -76.253155878999962, 36.957012962000078 ], [ -76.252821483999981, 36.956785464000063 ], [ -76.252719301999946, 36.956715946000031 ], [ -76.252540215999943, 36.956594107000058 ], [ -76.252407263999942, 36.956534999000041 ], [ -76.252321132999953, 36.956465422000065 ], [ -76.252039710999952, 36.95629189400006 ], [ -76.25191394899997, 36.956214347000071 ], [ -76.25176085399994, 36.956075243000043 ], [ -76.251151884999956, 36.955714724000075 ], [ -76.251057363999962, 36.955821067000045 ], [ -76.251032782999971, 36.955818729000043 ], [ -76.251071488999969, 36.955739455000071 ], [ -76.251000805999979, 36.955668217000039 ], [ -76.250927157999968, 36.955622125000048 ], [ -76.250603828999942, 36.955419781000046 ], [ -76.250602832999959, 36.955418867000049 ], [ -76.250457790999974, 36.955285739000033 ], [ -76.250308288999975, 36.955179380000061 ], [ -76.250073684999961, 36.955068557000061 ], [ -76.24968912199995, 36.95481675700006 ], [ -76.249629166999966, 36.954758492000053 ], [ -76.249578663999955, 36.954709411000067 ], [ -76.249354598999957, 36.954562381000073 ], [ -76.24891824499997, 36.954276044000039 ], [ -76.248838413999977, 36.954213482000057 ], [ -76.248687540999981, 36.95409524300004 ], [ -76.24846454599998, 36.953998622000029 ], [ -76.24831534499998, 36.953881004000039 ], [ -76.24809000099998, 36.95378269400004 ], [ -76.24791909299995, 36.953683659000035 ], [ -76.247508757999981, 36.953345444000036 ], [ -76.247371079999937, 36.953258233000042 ], [ -76.247232002999965, 36.953214051000032 ], [ -76.24721913999997, 36.953153752000048 ], [ -76.247198253999954, 36.953136516000029 ], [ -76.24698534099997, 36.952960810000036 ], [ -76.246638217999987, 36.952756603000068 ], [ -76.246239754999976, 36.952448798000034 ], [ -76.245899411999972, 36.952208174000077 ], [ -76.245810353999957, 36.952150478000078 ], [ -76.245574269999963, 36.951997533000053 ], [ -76.245526198999983, 36.951966391000042 ], [ -76.245292525999957, 36.951799908000055 ], [ -76.244983458999968, 36.951579710000033 ], [ -76.244885604, 36.951534519000063 ], [ -76.244805146999965, 36.951482045000034 ], [ -76.24475130899998, 36.951433531000077 ], [ -76.244547893999936, 36.951287530000059 ], [ -76.24443010899995, 36.951221415000077 ], [ -76.24430629699998, 36.95112197900005 ], [ -76.243579193999949, 36.950668949000033 ], [ -76.243280237999954, 36.950396688000069 ], [ -76.243175689999987, 36.950324329000068 ], [ -76.242661522999981, 36.950029434000044 ], [ -76.242532942999958, 36.949937377000026 ], [ -76.242462613999976, 36.94989675100004 ], [ -76.242429874999971, 36.949877839000067 ], [ -76.24240197599994, 36.949861723000026 ], [ -76.242352860999972, 36.949833351000052 ], [ -76.242275050999979, 36.949788403000071 ], [ -76.242241659999934, 36.949758210000027 ], [ -76.242191371999979, 36.949712742000031 ], [ -76.242178490999947, 36.94970109500008 ], [ -76.242055680999954, 36.949621785000033 ], [ -76.242055996999966, 36.949577852000061 ], [ -76.242012683999974, 36.949528392000047 ], [ -76.241918667999983, 36.949469688000079 ], [ -76.241918527999985, 36.949469601000033 ], [ -76.241815519999989, 36.949365283000077 ], [ -76.240991548999943, 36.94875808200004 ], [ -76.239971726999954, 36.948061254000038 ], [ -76.23968247199997, 36.947889478000036 ], [ -76.239270715999965, 36.947693366000067 ], [ -76.238904336999951, 36.947467904000064 ], [ -76.238287613999944, 36.947028824000029 ], [ -76.237756808999961, 36.946693048000043 ], [ -76.23715406599996, 36.946359319000067 ], [ -76.236677407999935, 36.946159201000057 ], [ -76.236543091999977, 36.946072134000076 ], [ -76.236443128999952, 36.945980920000068 ], [ -76.236224539999967, 36.945850332000077 ], [ -76.235860450999951, 36.945663367000066 ], [ -76.235092631999976, 36.945234451000033 ], [ -76.235056043999975, 36.945214012000065 ], [ -76.235022962999949, 36.945192837000036 ], [ -76.234960527999988, 36.945157778000066 ], [ -76.234916412999951, 36.945133006000049 ], [ -76.23487068299994, 36.94510828600005 ], [ -76.234783481999955, 36.945061146000057 ], [ -76.234783109999967, 36.945061545000044 ], [ -76.233893845999944, 36.944580788000053 ], [ -76.233671084999969, 36.944475528000055 ], [ -76.231617017999952, 36.94334383000006 ], [ -76.230553701999952, 36.942847326000049 ], [ -76.229433953999944, 36.942292714000075 ], [ -76.228677800999947, 36.941940867000028 ], [ -76.227991656999961, 36.941651498000056 ], [ -76.226783151999939, 36.941204354000035 ], [ -76.224663206999935, 36.940449025000078 ], [ -76.224071469999956, 36.940208165000058 ], [ -76.223143956999934, 36.939865328000053 ], [ -76.221415491999949, 36.939296788000036 ], [ -76.22036974699995, 36.938902871000039 ], [ -76.217120198999964, 36.937815728000032 ], [ -76.215748919999953, 36.937436053000056 ], [ -76.214952581999967, 36.937171939000052 ], [ -76.214952776999951, 36.93717149400004 ], [ -76.214957389999938, 36.937160931000051 ], [ -76.214932927999939, 36.937153409000075 ], [ -76.214859734999948, 36.937132136000059 ], [ -76.214726416999952, 36.937093387000061 ], [ -76.214713148999977, 36.937092377000056 ], [ -76.214484956999968, 36.937016550000067 ], [ -76.213904351999986, 36.936862398000073 ], [ -76.213446825999938, 36.936712696000029 ], [ -76.212560449999955, 36.936483905000046 ], [ -76.211184056999969, 36.936161772000048 ], [ -76.209494736999943, 36.935662501000024 ], [ -76.207588932999954, 36.935192640000025 ], [ -76.206601475999946, 36.934912379000025 ], [ -76.206260000999976, 36.934773841000037 ], [ -76.205788716999962, 36.934627275000025 ], [ -76.205628642999955, 36.934601486000076 ], [ -76.205290091999984, 36.934479487000033 ], [ -76.205072266999935, 36.934439518000033 ], [ -76.204671921999989, 36.934323867000046 ], [ -76.204361870999946, 36.934277977000079 ], [ -76.203738277999946, 36.934075541000027 ], [ -76.203465684999969, 36.934035874000074 ], [ -76.203289280999968, 36.933984348000024 ], [ -76.202744618999986, 36.933887850000076 ], [ -76.202243291999935, 36.933716643000025 ], [ -76.201991745999976, 36.933660213000053 ], [ -76.201666053999986, 36.933565929000054 ], [ -76.201315378999936, 36.933505499000034 ], [ -76.201001287999986, 36.933480126000063 ], [ -76.20046253199996, 36.933301996000068 ], [ -76.200016380999955, 36.933230079000055 ], [ -76.199380170999973, 36.933105674000046 ], [ -76.19922687899998, 36.933082069000079 ], [ -76.199144686999944, 36.933083895000038 ], [ -76.198630025999989, 36.932901420000064 ], [ -76.198320171999967, 36.932849336000061 ], [ -76.197709328999963, 36.93267871200004 ], [ -76.197175798999979, 36.932554246000052 ], [ -76.196532278999939, 36.932445480000069 ], [ -76.196451004999972, 36.932417100000066 ], [ -76.195937500999946, 36.932309504000045 ], [ -76.195464163999986, 36.932231541000078 ], [ -76.195093854999982, 36.932141859000069 ], [ -76.194459850999976, 36.932057995000036 ], [ -76.19377644399998, 36.931910654000035 ], [ -76.193352166999944, 36.93179518200003 ], [ -76.192693471999974, 36.931735550000042 ], [ -76.192588174999969, 36.931709444000035 ], [ -76.192399418999969, 36.931614387000025 ], [ -76.192260148999935, 36.931580059000055 ], [ -76.19171197199995, 36.93148756100004 ], [ -76.191301590999956, 36.931365485000072 ], [ -76.190869014999976, 36.931297920000077 ], [ -76.189918749999947, 36.931036105000032 ], [ -76.18949964899997, 36.930975667000041 ], [ -76.188941575999934, 36.93087128600007 ], [ -76.18843678199994, 36.930815343000063 ], [ -76.188012078999975, 36.930714266000052 ], [ -76.186891788999958, 36.930529445000047 ], [ -76.186419373999968, 36.930421929000033 ], [ -76.185516180999969, 36.930300436000039 ], [ -76.184873115999949, 36.930177877000062 ], [ -76.184365118999949, 36.930114985000046 ], [ -76.183313353999949, 36.929928045000054 ], [ -76.183210727999949, 36.929926709000028 ], [ -76.18254045499998, 36.929798793000032 ], [ -76.181354576999979, 36.929633232000072 ], [ -76.180998183999975, 36.929648869000061 ], [ -76.180440420999957, 36.929646795000053 ], [ -76.180080439999983, 36.929667853000069 ], [ -76.179921934999982, 36.929703189000065 ], [ -76.179681659999972, 36.929726608000067 ], [ -76.179563943999938, 36.929770991000055 ], [ -76.179251172999955, 36.929814958000065 ], [ -76.17917168799994, 36.929840178000063 ], [ -76.179161728999986, 36.930053594000071 ], [ -76.179136378999942, 36.93009911300004 ], [ -76.179145931999983, 36.930345885000065 ], [ -76.179109191999942, 36.930651498000032 ], [ -76.179079152999975, 36.931185283000048 ], [ -76.179062990999967, 36.931266013000027 ], [ -76.179064021999977, 36.93156756500008 ], [ -76.179040811999982, 36.93171889100006 ], [ -76.178960704999952, 36.931716994000055 ], [ -76.177247915999942, 36.931676409000033 ], [ -76.177151582999954, 36.930666177000035 ], [ -76.177093916999979, 36.930061410000064 ], [ -76.177033723999955, 36.929429886000037 ], [ -76.17666967599996, 36.92561014100005 ], [ -76.176612774999967, 36.925013078000063 ], [ -76.176326915999937, 36.922013407000065 ], [ -76.176766915999963, 36.921038408000072 ], [ -76.176906075999966, 36.921046032000049 ], [ -76.178560069999946, 36.92113663300006 ], [ -76.179468916999951, 36.92118640700005 ], [ -76.179979997999965, 36.921286248000058 ], [ -76.182473917999971, 36.921773408000035 ], [ -76.182508689999963, 36.921783846000039 ], [ -76.183489917999964, 36.922078407000072 ], [ -76.183420916999978, 36.922602408000046 ], [ -76.18673350499995, 36.922859164000045 ], [ -76.186835914999961, 36.922867101000065 ], [ -76.187510918999976, 36.922919407000052 ], [ -76.187549295999986, 36.922816778000026 ], [ -76.187549383999965, 36.922816544000057 ], [ -76.187602548999962, 36.92267436800006 ], [ -76.187610871999937, 36.922652109000069 ], [ -76.187642919999973, 36.922566407000033 ], [ -76.187684574999935, 36.92245626700003 ], [ -76.18776091899997, 36.922254407000025 ], [ -76.187766203999956, 36.922242098000027 ], [ -76.187924918999954, 36.92187240700008 ], [ -76.187997043999985, 36.921704008000063 ], [ -76.188028445999976, 36.92163068900004 ], [ -76.188360918999933, 36.920854406000046 ], [ -76.18861652399994, 36.920250467000074 ], [ -76.189151919999972, 36.918985407000037 ], [ -76.189167919999988, 36.918981406000057 ], [ -76.18936370199998, 36.918932462000043 ], [ -76.189582495999957, 36.918877763000069 ], [ -76.189747919999945, 36.918836406000025 ], [ -76.189739919999965, 36.91878540600004 ], [ -76.189746919999948, 36.918738407000035 ], [ -76.189773919999936, 36.918708407000054 ], [ -76.189849919999972, 36.918675406000034 ], [ -76.190002919999984, 36.918643406000058 ], [ -76.190054919999966, 36.91864240600006 ], [ -76.190152919999946, 36.918639406000068 ], [ -76.190318918999935, 36.918645406000053 ], [ -76.190385919999983, 36.918664406000062 ], [ -76.190462919999959, 36.918644407000045 ], [ -76.19099891999997, 36.918550406000065 ], [ -76.191131919999975, 36.918526406000069 ], [ -76.191188214999954, 36.918514681000033 ], [ -76.191750145999947, 36.91839764000008 ], [ -76.192000920999988, 36.918345406000071 ], [ -76.192215919999967, 36.918297406000079 ], [ -76.192451919999939, 36.918249406000029 ], [ -76.192522920999977, 36.918239406000055 ], [ -76.192581920999942, 36.918191406000062 ], [ -76.192574248999961, 36.918167693000044 ], [ -76.19257091999998, 36.918157406000034 ], [ -76.192548919999979, 36.918084407000038 ], [ -76.192532919999962, 36.918042406000041 ], [ -76.192515919999948, 36.918000406000033 ], [ -76.19249240399995, 36.917950675000043 ], [ -76.192454919999989, 36.917871406000074 ], [ -76.192392217999952, 36.917737417000069 ], [ -76.19237665199995, 36.917704154000035 ], [ -76.192337656999939, 36.917620826000075 ], [ -76.192301508999947, 36.917543579000039 ], [ -76.192286919999958, 36.917512406000071 ], [ -76.191887919999942, 36.91671440600004 ], [ -76.191758919999984, 36.916448406000029 ], [ -76.19119221699998, 36.915263346000074 ], [ -76.191118956999958, 36.915110146000075 ], [ -76.191034918999947, 36.914934406000043 ], [ -76.190232919999971, 36.913297405000037 ], [ -76.190073919999975, 36.913042405000056 ], [ -76.189944919999959, 36.912821405000045 ], [ -76.189811919999954, 36.912636405000057 ], [ -76.189575919999982, 36.912359405000075 ], [ -76.189494970999988, 36.912290578000068 ], [ -76.18920191899997, 36.912041405000025 ], [ -76.188592918999973, 36.911639405000074 ], [ -76.188322573999983, 36.91145427500004 ], [ -76.187012917999937, 36.910557404000031 ], [ -76.187109917999976, 36.910532405000026 ], [ -76.187192918999983, 36.910511404000033 ], [ -76.187794430999986, 36.910441023000033 ], [ -76.191025704999959, 36.910062887000038 ], [ -76.191046919999962, 36.910060404000035 ], [ -76.191688919999933, 36.909985404000054 ], [ -76.191960919999985, 36.909954404000075 ], [ -76.193760920999978, 36.910954405000041 ], [ -76.194403920999946, 36.911078404000079 ], [ -76.196042920999957, 36.911397405000059 ], [ -76.196100920999982, 36.911408404000042 ], [ -76.19631992099994, 36.911451405000037 ], [ -76.196999921999975, 36.911583404000055 ], [ -76.197088920999988, 36.911601405000056 ], [ -76.197360921999973, 36.911654405000036 ], [ -76.197552920999954, 36.911534404000065 ], [ -76.197626921999984, 36.911488647000056 ], [ -76.197694355999943, 36.911446951000073 ], [ -76.198021921999953, 36.911244405000048 ], [ -76.19922636299998, 36.910499100000038 ], [ -76.199898837999967, 36.910082963000036 ], [ -76.200182820999942, 36.909907227000076 ], [ -76.201560922999988, 36.909054404000074 ], [ -76.202339078999955, 36.908173867000073 ], [ -76.20247358599994, 36.908021661000078 ], [ -76.203519983999968, 36.906837544000041 ], [ -76.203579026999989, 36.906770728000026 ], [ -76.204252031999943, 36.906009122000057 ], [ -76.204641336999941, 36.905568556000048 ], [ -76.204789922999964, 36.905400403000044 ], [ -76.205475938999939, 36.905457621000039 ], [ -76.205927116999987, 36.905495250000058 ], [ -76.206063574999973, 36.905506631000037 ], [ -76.209118924999984, 36.905761403000042 ], [ -76.209229925999978, 36.905827403000046 ], [ -76.209319924999988, 36.905911403000061 ], [ -76.210382463999963, 36.90637024800003 ], [ -76.21047871199994, 36.906411811000055 ], [ -76.210656765999943, 36.906488700000068 ], [ -76.211406863999969, 36.906812609000042 ], [ -76.211592813999971, 36.906892906000053 ], [ -76.212260925999942, 36.907181404000028 ], [ -76.212958925999942, 36.906655403000059 ], [ -76.213359042999969, 36.906367630000034 ], [ -76.213690868999947, 36.906128971000044 ], [ -76.214115682999989, 36.905823428000076 ], [ -76.214689925999949, 36.905410403000076 ], [ -76.215210925999941, 36.905307403000052 ], [ -76.215420926999968, 36.905344403000072 ], [ -76.21554191499996, 36.905353684000033 ], [ -76.215785926999956, 36.905372403000058 ], [ -76.21613707399996, 36.90533496200004 ], [ -76.216513351999936, 36.905294841000057 ], [ -76.216751926999962, 36.905269402000044 ], [ -76.216850927999985, 36.905211241000075 ], [ -76.217454926999949, 36.904856402000064 ], [ -76.217942927999957, 36.904838402000053 ], [ -76.218420927999944, 36.904875403000062 ], [ -76.218814927999972, 36.904875402000073 ], [ -76.219095329999959, 36.904840508000063 ], [ -76.219264927999973, 36.904819402000044 ], [ -76.219892927999979, 36.904650403000062 ], [ -76.219971658999953, 36.904558078000036 ], [ -76.220419927999956, 36.904032403000031 ], [ -76.220630928999981, 36.903705402000071 ], [ -76.220667981999952, 36.903648816000043 ], [ -76.220759928999939, 36.903508402000057 ], [ -76.220861928999966, 36.903400402000045 ], [ -76.221038928999974, 36.903264402000048 ], [ -76.221086214999957, 36.903241166000043 ], [ -76.221270927999967, 36.903150402000051 ], [ -76.221894066999937, 36.902994784000043 ], [ -76.222215928999958, 36.902914402000079 ], [ -76.222745928999984, 36.902613402000043 ], [ -76.223008928999946, 36.902480402000037 ], [ -76.223251929999947, 36.902351401000033 ], [ -76.223269635999941, 36.902340304000063 ], [ -76.223318541999959, 36.902309653000032 ], [ -76.22361092899996, 36.902126402000079 ], [ -76.223834928999963, 36.901997402000063 ], [ -76.223977928999943, 36.901897402000031 ], [ -76.224192929999958, 36.901825401000053 ], [ -76.224345797999945, 36.901811233000046 ], [ -76.224397929999952, 36.901806401000044 ], [ -76.224531928999966, 36.901854402000026 ], [ -76.224770928999988, 36.901902402000076 ], [ -76.224990928999944, 36.901878401000033 ], [ -76.225128928999936, 36.90183040200003 ], [ -76.225395928999944, 36.901660402000061 ], [ -76.226092837999943, 36.901470410000059 ], [ -76.226257929999974, 36.90142540100004 ], [ -76.226337832999945, 36.901591945000064 ], [ -76.226340929999935, 36.901598401000058 ], [ -76.226352930999951, 36.901610402000074 ], [ -76.226379888999986, 36.901658140000052 ], [ -76.226400929999954, 36.90169540200003 ], [ -76.226428930999987, 36.901754402000051 ], [ -76.226502929999981, 36.901911401000064 ], [ -76.22650482499995, 36.901914943000065 ], [ -76.226896029999978, 36.901735251000048 ], [ -76.227029305999963, 36.901666394000074 ], [ -76.22711093099997, 36.901628402000028 ], [ -76.227349929999946, 36.901516401000038 ], [ -76.227817930999947, 36.901297401000079 ], [ -76.228153930999952, 36.901135401000033 ], [ -76.228252876999989, 36.901270510000074 ], [ -76.228350930999966, 36.901404402000026 ], [ -76.228430762999949, 36.901513667000074 ], [ -76.228521476999958, 36.901637822000055 ], [ -76.228845043999968, 36.902080676000026 ], [ -76.228982318999954, 36.902268555000035 ], [ -76.229142825999986, 36.902488231000063 ], [ -76.22915299899995, 36.902502153000057 ], [ -76.229397388999985, 36.902836629000035 ], [ -76.229693448999967, 36.903241820000062 ], [ -76.230580930999963, 36.904456402000051 ], [ -76.231263617999957, 36.905391510000072 ], [ -76.231348932999936, 36.905508369000074 ], [ -76.231578931999934, 36.905823402000067 ], [ -76.231579454999974, 36.905824117000066 ], [ -76.233096621999948, 36.907899601000054 ], [ -76.233207943999957, 36.908051886000067 ], [ -76.233378693999953, 36.908285463000027 ], [ -76.233415932999947, 36.908336402000032 ], [ -76.233572464999952, 36.908545973000059 ], [ -76.233697597999935, 36.908713503000058 ], [ -76.233840932999954, 36.908905402000073 ], [ -76.233955932999947, 36.909067403000051 ], [ -76.234295932999942, 36.909542403000046 ], [ -76.235075029999962, 36.910610692000034 ], [ -76.235368279999989, 36.911012785000025 ], [ -76.235368993999941, 36.911013764000074 ], [ -76.235451313999988, 36.911126637000052 ], [ -76.235564392999947, 36.911281684000073 ], [ -76.235856161999948, 36.911681737000038 ], [ -76.236534932999973, 36.912612403000026 ], [ -76.236582509999948, 36.912676640000029 ], [ -76.236780178999936, 36.91294352400007 ], [ -76.236869610999975, 36.913064271000053 ], [ -76.23718893399996, 36.91349540300007 ], [ -76.237312933999988, 36.913455404000047 ], [ -76.237466934999986, 36.913617404000036 ], [ -76.237618933999954, 36.913753404000033 ], [ -76.237861933999966, 36.913936403000037 ], [ -76.238073933999942, 36.914075404000073 ], [ -76.23829593399995, 36.914203404000034 ], [ -76.238528933999987, 36.91432040400008 ], [ -76.238608934999945, 36.914356404000046 ], [ -76.238820933999989, 36.914444404000051 ], [ -76.238978933999988, 36.914501403000031 ], [ -76.239237934999949, 36.914577404000056 ], [ -76.239457933999972, 36.914628403000052 ], [ -76.239771933999975, 36.914688403000071 ], [ -76.240028934999941, 36.914722403000042 ], [ -76.240402934999963, 36.914749404000077 ], [ -76.240624935999961, 36.914754404000064 ], [ -76.240718451999953, 36.914753284000028 ], [ -76.240791935999937, 36.914752404000069 ], [ -76.240820812999971, 36.914750799000046 ], [ -76.240856688999941, 36.914748806000034 ], [ -76.240895341999988, 36.914746659000059 ], [ -76.24091793599996, 36.91474540400003 ], [ -76.240936568999985, 36.914744330000076 ], [ -76.241066931999967, 36.91473682000003 ], [ -76.241232083999989, 36.914727305000042 ], [ -76.241237310999963, 36.914727004000042 ], [ -76.241252641999949, 36.914726121000058 ], [ -76.24129507899994, 36.914723676000051 ], [ -76.24130480599996, 36.914723115000072 ], [ -76.241324874999975, 36.914721959000076 ], [ -76.241368403999957, 36.914719451000053 ], [ -76.241382845999965, 36.914718619000041 ], [ -76.241403934999937, 36.914717404000044 ], [ -76.241408082999953, 36.914717173000042 ], [ -76.241412479999951, 36.914716929000065 ], [ -76.241419709999946, 36.914716528000042 ], [ -76.241492326999946, 36.914712493000025 ], [ -76.241508924999948, 36.914711571000055 ], [ -76.241583934999937, 36.914707404000069 ], [ -76.241661934999968, 36.914702962000035 ], [ -76.241724672999965, 36.914699390000067 ], [ -76.241795190999937, 36.914695375000065 ], [ -76.241864935999956, 36.914691404000052 ], [ -76.242514934999974, 36.914667404000056 ], [ -76.242926935999947, 36.914668404000054 ], [ -76.243315935999988, 36.914680403000034 ], [ -76.243632935999983, 36.914697403000048 ], [ -76.24392303999997, 36.914713228000039 ], [ -76.243983046999972, 36.914716500000054 ], [ -76.244072935999952, 36.914721404000034 ], [ -76.245057935999967, 36.914787403000048 ], [ -76.245636449999949, 36.914850858000079 ], [ -76.245676794999952, 36.914855283000065 ], [ -76.245945898999935, 36.914884799000049 ], [ -76.246069936999959, 36.914898403000052 ], [ -76.246099311999956, 36.914901776000079 ], [ -76.246975936999945, 36.915002403000074 ], [ -76.248178392999989, 36.915138438000042 ], [ -76.248223983999935, 36.915143595000075 ], [ -76.248692270999982, 36.915196568000056 ], [ -76.248849937999978, 36.915214404000039 ], [ -76.248951283999986, 36.915220102000035 ], [ -76.249023685999987, 36.91522417200008 ], [ -76.249098937999975, 36.915228404000061 ], [ -76.249145002999967, 36.915228404000061 ], [ -76.249164694999934, 36.915228404000061 ], [ -76.249446937999949, 36.915228404000061 ], [ -76.249815937999983, 36.915219404000027 ], [ -76.249964937999948, 36.915219404000027 ], [ -76.250148937999938, 36.915226403000077 ], [ -76.250424937999981, 36.915250404000062 ], [ -76.250550937999947, 36.915266403000032 ], [ -76.250824937999937, 36.915311403000032 ], [ -76.250886910999952, 36.915322671000069 ], [ -76.250890937999941, 36.915323403000059 ], [ -76.251242938999951, 36.915401404000079 ], [ -76.25128676099996, 36.915411413000072 ], [ -76.25140493899994, 36.915438404000042 ], [ -76.251429793999989, 36.915444441000034 ], [ -76.251935938999964, 36.915567403000068 ], [ -76.252750938999952, 36.915784404000078 ], [ -76.253252938999935, 36.915930403000061 ], [ -76.253874939999946, 36.916098404000024 ], [ -76.253927547999979, 36.916110625000044 ], [ -76.253973938999934, 36.91612140400008 ], [ -76.25395771999996, 36.916185633000055 ], [ -76.25395184599995, 36.916208890000064 ], [ -76.25394893899994, 36.916220404000057 ], [ -76.253929418999974, 36.91631119300007 ], [ -76.253928013999939, 36.916317726000045 ], [ -76.253895375999946, 36.916469525000025 ], [ -76.253860345999954, 36.916632446000051 ], [ -76.253859390999935, 36.916636882000034 ], [ -76.253855426999962, 36.916655322000054 ], [ -76.253840546999982, 36.916724524000074 ], [ -76.25382766599995, 36.916784437000047 ], [ -76.253824360999943, 36.916799802000071 ], [ -76.253779938999969, 36.917006404000063 ], [ -76.25374435699996, 36.917177757000047 ], [ -76.25366730099995, 36.917548834000058 ], [ -76.253656277999937, 36.91760191700007 ], [ -76.253600938999966, 36.917868404000046 ], [ -76.253536315999952, 36.918232382000042 ], [ -76.253536309999959, 36.91823241000003 ], [ -76.253509595999958, 36.918382872000052 ], [ -76.253474730999983, 36.91857923300006 ], [ -76.253430900999945, 36.918826091000028 ], [ -76.253426938999951, 36.918848404000073 ], [ -76.253396444999964, 36.919017509000071 ], [ -76.253370486999984, 36.919161461000044 ], [ -76.253316938999944, 36.919458404000068 ], [ -76.253288128999941, 36.91958590400003 ], [ -76.253277327999967, 36.919633705000024 ], [ -76.253222938999954, 36.919874404000041 ], [ -76.253148932999977, 36.920222285000079 ], [ -76.253115138999988, 36.920381138000039 ], [ -76.253035115999978, 36.920757294000055 ], [ -76.253008678999947, 36.920881565000059 ], [ -76.25300557099996, 36.920896175000053 ], [ -76.252979299999936, 36.921019669000032 ], [ -76.252948152999977, 36.921166069000037 ], [ -76.252942235999967, 36.921193883000058 ], [ -76.252911581999967, 36.921337977000064 ], [ -76.252908720999983, 36.921351422000043 ], [ -76.252898938999977, 36.92139740500005 ], [ -76.252889525999933, 36.921441208000033 ], [ -76.25288788499995, 36.921448844000054 ], [ -76.252883435999934, 36.921469540000032 ], [ -76.252883070999985, 36.921471241000063 ], [ -76.252881781999974, 36.921477236000044 ], [ -76.252881361999982, 36.921479198000043 ], [ -76.252881225999943, 36.921479826000052 ], [ -76.252877445999957, 36.921497417000069 ], [ -76.252874788999975, 36.921509778000029 ], [ -76.252874639999959, 36.921510471000033 ], [ -76.252866863999941, 36.921546652000075 ], [ -76.252866435999977, 36.921548648000055 ], [ -76.25285910599996, 36.921582753000052 ], [ -76.252859069999943, 36.921582923000074 ], [ -76.252852290999954, 36.921614461000047 ], [ -76.252851111999973, 36.921619950000036 ], [ -76.252850975999934, 36.921620583000049 ], [ -76.252844583999945, 36.921650326000076 ], [ -76.25284451899995, 36.92165062600003 ], [ -76.252836951999939, 36.921685834000073 ], [ -76.252836732999981, 36.921686854000029 ], [ -76.252836402999947, 36.921688391000032 ], [ -76.252834518999975, 36.921697155000061 ], [ -76.252834134999944, 36.92169894500006 ], [ -76.25283412899995, 36.921698973000048 ], [ -76.252832592999937, 36.921706118000031 ], [ -76.25283253799995, 36.921706372000074 ], [ -76.252831066999988, 36.921713219000026 ], [ -76.252831016999949, 36.921713451000073 ], [ -76.252829682999959, 36.921719740000071 ], [ -76.252829651999946, 36.921719832000065 ], [ -76.252828857999987, 36.921723501000031 ], [ -76.252828850999947, 36.921723530000065 ], [ -76.252828653999984, 36.921724441000038 ], [ -76.252828636999936, 36.921724507000079 ], [ -76.252544673999978, 36.923017334000065 ], [ -76.252533708999977, 36.923147359000041 ], [ -76.252501916999961, 36.923309381000024 ], [ -76.252499630999978, 36.923321030000068 ], [ -76.252458938999951, 36.92352840500007 ], [ -76.252443195999945, 36.923651205000056 ], [ -76.252440694999962, 36.923670713000035 ], [ -76.252438179999956, 36.923690330000056 ], [ -76.252418938999938, 36.923840406000068 ], [ -76.252416091999976, 36.923878770000044 ], [ -76.252399939999975, 36.924096405000057 ], [ -76.252392939999936, 36.924342406000051 ], [ -76.252393444999939, 36.924365102000024 ], [ -76.252394224999989, 36.92440007600004 ], [ -76.252399456999967, 36.924634780000076 ], [ -76.252399938999986, 36.924656405000064 ], [ -76.252435938999952, 36.925123406000068 ], [ -76.25244345699997, 36.925186598000039 ], [ -76.252457464999964, 36.925304358000062 ], [ -76.252467939999974, 36.925392405000025 ], [ -76.252482585999985, 36.925497859000075 ], [ -76.252497938999966, 36.925608406000038 ], [ -76.25255091799994, 36.925933945000054 ], [ -76.252573938999944, 36.926075406000052 ], [ -76.252664938999942, 36.92663140600007 ], [ -76.252771938999956, 36.927308406000066 ], [ -76.252891437999949, 36.92806704000003 ], [ -76.25289593399998, 36.928095579000058 ], [ -76.252903939999953, 36.928146406000053 ], [ -76.25306487499995, 36.929159893000076 ], [ -76.25306625199994, 36.92916856100004 ], [ -76.253085006999981, 36.929286668000032 ], [ -76.253085543999987, 36.929290050000077 ], [ -76.253098938999983, 36.929374406000079 ], [ -76.25312189899995, 36.929521999000031 ], [ -76.253154939999945, 36.92973440600008 ], [ -76.253191939999965, 36.929976406000037 ], [ -76.253210939999974, 36.930101407000052 ], [ -76.253300808999938, 36.930038832000037 ], [ -76.253345938999985, 36.930007406000072 ], [ -76.253608831999941, 36.930029691000072 ], [ -76.254583450999974, 36.930112304000033 ], [ -76.255295940999986, 36.930172692000042 ], [ -76.256271940999966, 36.930255406000072 ], [ -76.256474762999972, 36.930155605000039 ], [ -76.256586940999966, 36.930100406000065 ], [ -76.256769864999967, 36.930173426000067 ], [ -76.256829940999978, 36.930197406000048 ], [ -76.25694194099998, 36.930187406000073 ], [ -76.256970839999951, 36.930185562000077 ], [ -76.257082940999965, 36.930178406000039 ], [ -76.257223941999939, 36.930159407000076 ], [ -76.257283857999937, 36.930159407000076 ], [ -76.25748594199996, 36.93015940600003 ], [ -76.257729256999937, 36.930146084000057 ], [ -76.257780389999937, 36.930143284000053 ], [ -76.257832940999947, 36.930140407000067 ], [ -76.257937136999942, 36.930152350000071 ], [ -76.257994067999959, 36.930158876000064 ], [ -76.25808594199998, 36.930169407000051 ], [ -76.258206941999958, 36.930140407000067 ], [ -76.258310940999934, 36.930126407000046 ], [ -76.258431941999959, 36.930140406000078 ], [ -76.258614941999951, 36.930154406000042 ], [ -76.258755941999937, 36.93015940600003 ], [ -76.258994940999969, 36.930140407000067 ], [ -76.259214941999971, 36.930107407000037 ], [ -76.259542941999939, 36.930056406000062 ], [ -76.259880941999938, 36.930070407000073 ], [ -76.260020941999983, 36.930077406000066 ], [ -76.260148941999944, 36.930253406000077 ], [ -76.260228133999988, 36.93026818900006 ], [ -76.260367107999969, 36.930294131000039 ], [ -76.26073536399997, 36.930362872000046 ], [ -76.260748941999964, 36.930365407000068 ], [ -76.260843554999951, 36.930406609000045 ], [ -76.261244941999962, 36.930581407000034 ], [ -76.261963942999955, 36.930954407000058 ], [ -76.262590427999953, 36.931144643000039 ], [ -76.262592942999959, 36.931145407000031 ], [ -76.264040200999943, 36.931586254000024 ], [ -76.264263943999936, 36.931654406000064 ], [ -76.265838943999938, 36.931601407000073 ], [ -76.26608194399995, 36.93164140600004 ], [ -76.266775944999949, 36.93175640700008 ], [ -76.266914704999976, 36.931809681000061 ], [ -76.266999943999963, 36.931842406000044 ], [ -76.267122836999988, 36.931889540000043 ], [ -76.267798361999951, 36.932148624000035 ], [ -76.267849943999977, 36.932168407000063 ], [ -76.269419855999956, 36.932770349000066 ], [ -76.269719945999952, 36.932885407000072 ], [ -76.270661036999968, 36.932818670000074 ], [ -76.270974945999967, 36.932796407000069 ], [ -76.271032486999957, 36.932828154000049 ], [ -76.271333313999946, 36.932994131000044 ], [ -76.272023138999941, 36.933374724000032 ], [ -76.272453945999985, 36.933612407000055 ], [ -76.27210026399996, 36.934844523000038 ], [ -76.271872945999974, 36.935636407000061 ], [ -76.27210514899997, 36.936054496000054 ], [ -76.272659946999966, 36.937053408000054 ], [ -76.27272594599998, 36.937109408000026 ], [ -76.273066946999961, 36.938053407000041 ], [ -76.273610946999952, 36.93842840700006 ], [ -76.27440794599994, 36.938812408000047 ], [ -76.274454300999935, 36.938836559000038 ], [ -76.274573045999944, 36.938898429000062 ], [ -76.275073946999953, 36.93915940800008 ], [ -76.275654946999964, 36.939712408000048 ], [ -76.275861538999948, 36.940197853000029 ], [ -76.275877946999969, 36.940236408000032 ], [ -76.275891508999962, 36.940881724000064 ], [ -76.27590023099998, 36.941296714000032 ], [ -76.275927947999946, 36.942615408000052 ], [ -76.275924947999954, 36.942671408000024 ], [ -76.275882947999946, 36.942801408000037 ], [ -76.275834946999964, 36.942932408000047 ], [ -76.27586294799994, 36.943076408000024 ], [ -76.275879946999964, 36.943292409000037 ], [ -76.275858946999961, 36.943666409000059 ], [ -76.275740947999964, 36.943671409000046 ], [ -76.275721947999955, 36.943618409000067 ], [ -76.275483946999941, 36.942918409000072 ], [ -76.275343946999953, 36.942538409000065 ], [ -76.274954770999955, 36.942641109000078 ], [ -76.274479946999975, 36.942766408000068 ], [ -76.274459860999968, 36.942771701000026 ], [ -76.274095620999958, 36.942867664000062 ], [ -76.273959945999934, 36.942903409000053 ], [ -76.273938795999982, 36.942957516000035 ], [ -76.273126056999956, 36.945036595000033 ], [ -76.273090945999968, 36.945126409000068 ], [ -76.272837392999975, 36.945065902000067 ], [ -76.272826945999952, 36.945063409000056 ], [ -76.272576945999958, 36.944996409000055 ], [ -76.272484951999957, 36.944971594000037 ], [ -76.272166580999965, 36.944885713000076 ], [ -76.271406379999974, 36.944680646000052 ], [ -76.271343455999954, 36.944663672000047 ], [ -76.271323945999939, 36.944658409000056 ], [ -76.271322350999981, 36.944661740000072 ], [ -76.271300336999957, 36.944707710000046 ], [ -76.271289946999957, 36.944729409000047 ], [ -76.271267436999949, 36.944778520000057 ], [ -76.271256946999983, 36.944801409000036 ], [ -76.271170642999948, 36.944839548000061 ], [ -76.271054047999939, 36.944891072000075 ], [ -76.271029655999939, 36.944901852000044 ], [ -76.271001868999974, 36.944914132000065 ], [ -76.270944714999985, 36.94493938800008 ], [ -76.270869906999962, 36.944972446000065 ], [ -76.270846708999954, 36.944982698000047 ], [ -76.270799141999987, 36.945003718000066 ], [ -76.270330595999951, 36.945210770000074 ], [ -76.269595945999981, 36.945535410000048 ], [ -76.268685944999959, 36.945936409000069 ], [ -76.268486326999948, 36.946024542000032 ], [ -76.268096187999959, 36.946196789000055 ], [ -76.267403944999955, 36.946502410000051 ], [ -76.267344210999966, 36.946528267000076 ], [ -76.266904944999965, 36.946718409000027 ], [ -76.266894944999933, 36.946812410000064 ], [ -76.266684988999941, 36.947654580000062 ], [ -76.266625944999987, 36.947891410000068 ], [ -76.266632926999989, 36.947969070000056 ], [ -76.266633945999956, 36.947980410000071 ], [ -76.266669943999943, 36.948059410000042 ], [ -76.266880945999958, 36.948323410000057 ], [ -76.267063945999951, 36.948533410000039 ], [ -76.267393944999981, 36.948912411000038 ], [ -76.26762531299994, 36.94917788600003 ], [ -76.267691172999946, 36.949253454000029 ], [ -76.267895945999953, 36.949488410000072 ], [ -76.268358945999978, 36.950019410000039 ], [ -76.268875944999934, 36.950613411000063 ], [ -76.269004, 36.950760179000042 ], [ -76.269224945999952, 36.951013411000076 ], [ -76.26924657099994, 36.951054146000047 ], [ -76.269267945999957, 36.951094410000053 ], [ -76.269273944999952, 36.951201411000056 ], [ -76.269235945999981, 36.951301411000031 ], [ -76.269166944999938, 36.951386410000055 ], [ -76.268688945999941, 36.95165441100005 ], [ -76.267632945999935, 36.952236411000058 ], [ -76.267408458999967, 36.952363537000053 ], [ -76.267177182999944, 36.95249450700004 ], [ -76.266742945999965, 36.952740411000036 ], [ -76.266536944999984, 36.952867411000057 ], [ -76.266327944999944, 36.953058411000029 ], [ -76.266277944999956, 36.953144411000039 ], [ -76.26624994499997, 36.953326411000035 ], [ -76.266237944999943, 36.953458411000042 ], [ -76.266234125999972, 36.953501914000071 ], [ -76.266233224999951, 36.953512185000079 ], [ -76.266230560999986, 36.953542520000042 ], [ -76.266225806999955, 36.953596686000026 ], [ -76.266222356999947, 36.953635979000069 ], [ -76.266222235999976, 36.953637360000073 ], [ -76.266214945999934, 36.953720411000063 ], [ -76.266181689999939, 36.953805546000069 ], [ -76.266164944999957, 36.953848411000024 ], [ -76.266129944999989, 36.953938411000024 ], [ -76.266082682, 36.953975547000027 ], [ -76.26600276299996, 36.954038341000057 ], [ -76.265961274999938, 36.954070938000029 ], [ -76.265953838999962, 36.954076780000037 ], [ -76.265849945999946, 36.954158411000037 ], [ -76.26554794499998, 36.954334411000048 ], [ -76.265508944999965, 36.95437782700003 ], [ -76.265441944999964, 36.95445241200008 ], [ -76.265337943999953, 36.954568411000025 ], [ -76.265288450999947, 36.954650709000077 ], [ -76.265287540999964, 36.95465222100006 ], [ -76.265165943999989, 36.954854412000032 ], [ -76.265122944999973, 36.954991412000027 ], [ -76.265088944999945, 36.95507241200005 ], [ -76.265078722999988, 36.955377858000077 ], [ -76.265072532999966, 36.955562842000063 ], [ -76.265071944999988, 36.955580412000074 ], [ -76.265059944999962, 36.956063411000059 ], [ -76.265120943999989, 36.956264412000053 ], [ -76.265169164999975, 36.956396571000028 ], [ -76.265468885999951, 36.956758705000027 ], [ -76.265669752999941, 36.956965479000075 ], [ -76.26569494599994, 36.956991412000036 ], [ -76.265825981999967, 36.957137783000064 ], [ -76.265839387999961, 36.957152758000063 ], [ -76.265882945999977, 36.957201412000074 ], [ -76.265943944999947, 36.957264412000029 ], [ -76.265947537999978, 36.957405434000066 ], [ -76.265947944999937, 36.957421412000031 ], [ -76.265778931999989, 36.957425277000027 ], [ -76.265770368999938, 36.957425472000068 ], [ -76.265284127999962, 36.957436590000043 ], [ -76.265116944999988, 36.957440412000039 ], [ -76.264651944999969, 36.957490412000027 ], [ -76.264433944999951, 36.957539412000074 ], [ -76.264455943999963, 36.957652412000073 ], [ -76.264226943999972, 36.957718412000077 ], [ -76.264281944999937, 36.957911412000044 ], [ -76.264361944999962, 36.958137413000031 ], [ -76.264505944999939, 36.95849041200006 ], [ -76.264671944999975, 36.958848412000066 ], [ -76.26475994499998, 36.959014412000045 ], [ -76.264828749999936, 36.959132862000047 ], [ -76.264917944999979, 36.95928641200004 ], [ -76.264933864999989, 36.95931037500003 ], [ -76.265109944999949, 36.959575412000049 ], [ -76.265283944999965, 36.959810412000024 ], [ -76.265481945999966, 36.960030412000037 ], [ -76.265694604999965, 36.96024704000007 ], [ -76.265871482999955, 36.960427217000074 ], [ -76.266178945999968, 36.960740413000053 ], [ -76.266671630999952, 36.961120746000063 ], [ -76.266770945999951, 36.961197412000047 ], [ -76.266986945999975, 36.961328412000057 ], [ -76.267104944999971, 36.961407413000074 ], [ -76.267205944999944, 36.961475412000027 ], [ -76.267615945999978, 36.961705413000061 ], [ -76.267931945999976, 36.961857413000075 ], [ -76.268188945999952, 36.961964413000032 ], [ -76.268608945999972, 36.962129413000071 ], [ -76.268953945999954, 36.962252413000044 ], [ -76.269052018999957, 36.96228377400007 ], [ -76.269297945999938, 36.962362413000051 ], [ -76.269474990999981, 36.962407520000056 ], [ -76.269768946999989, 36.962482413000032 ], [ -76.269896953999989, 36.962508464000052 ], [ -76.270338946999971, 36.96259841300008 ], [ -76.27068894699994, 36.962653413000055 ], [ -76.270748156999957, 36.962660996000068 ], [ -76.271190175999948, 36.962717606000069 ], [ -76.271625946999961, 36.962773413000036 ], [ -76.271651831999975, 36.962691298000038 ], [ -76.271651934999966, 36.96269097000004 ], [ -76.271654947999934, 36.962681413000041 ], [ -76.271667947999958, 36.962588413000049 ], [ -76.271696924999958, 36.962515759000041 ], [ -76.271736947999955, 36.962415413000031 ], [ -76.271885946999987, 36.962199413000064 ], [ -76.271958036999933, 36.962127323000061 ], [ -76.271972947999984, 36.962112413000057 ], [ -76.272064946999933, 36.962056413000028 ], [ -76.272069947999967, 36.961999412000068 ], [ -76.272013947999937, 36.961917413000037 ], [ -76.271998078999957, 36.961877933000039 ], [ -76.271972947999984, 36.961815412000078 ], [ -76.271962946999963, 36.961707412000067 ], [ -76.271982947999959, 36.96158941300007 ], [ -76.272039946999939, 36.961476412000025 ], [ -76.272033946999954, 36.961338413000078 ], [ -76.271987946999957, 36.96121041300006 ], [ -76.272003947999963, 36.961041412000043 ], [ -76.272059946999946, 36.960887412000034 ], [ -76.272167947999947, 36.96076441200006 ], [ -76.27217675199995, 36.960765079000055 ], [ -76.272233946999961, 36.960769413000037 ], [ -76.272285948, 36.960795413000028 ], [ -76.272310946999937, 36.960784413000056 ], [ -76.272348385999976, 36.960678008000059 ], [ -76.272348947999944, 36.960676412000055 ], [ -76.272337301999983, 36.960563113000035 ], [ -76.272300946999962, 36.96020941200004 ], [ -76.272280558999967, 36.960118512000065 ], [ -76.272225607999985, 36.959873529000049 ], [ -76.272204946999977, 36.959781412000041 ], [ -76.272343516999968, 36.959726364000062 ], [ -76.272351122999964, 36.959678988000064 ], [ -76.272351940999954, 36.95947205300007 ], [ -76.272351947999937, 36.95947041200003 ], [ -76.272390855999959, 36.959431503000076 ], [ -76.272448946999987, 36.959373412000048 ], [ -76.272429167999974, 36.959192870000038 ], [ -76.272401947999981, 36.958944412000051 ], [ -76.272449946999984, 36.958672412000055 ], [ -76.272479215999965, 36.958478655000079 ], [ -76.272499946999972, 36.958341412000038 ], [ -76.272549946999959, 36.957991412000069 ], [ -76.272550829999943, 36.957635230000051 ], [ -76.272551758999953, 36.957260641000062 ], [ -76.272552529999984, 36.956949417000033 ], [ -76.272552662999942, 36.956895784000039 ], [ -76.272553104999986, 36.95671726900008 ], [ -76.272553946999949, 36.956377411000062 ], [ -76.272544145999973, 36.95617234100007 ], [ -76.272540946999982, 36.956105411000067 ], [ -76.272529946999953, 36.955871411000032 ], [ -76.272456946999966, 36.955521412000053 ], [ -76.272189946999958, 36.955307411000035 ], [ -76.271897946999957, 36.955092411000066 ], [ -76.271703946999935, 36.954898411000045 ], [ -76.271704946999989, 36.954489412000044 ], [ -76.271803472999977, 36.95419383400008 ], [ -76.271805433999987, 36.954187949000072 ], [ -76.271827945999974, 36.954120411000076 ], [ -76.271973946999935, 36.953731411000035 ], [ -76.27202394699998, 36.95353741100007 ], [ -76.27187794699995, 36.95336141100006 ], [ -76.271856810999964, 36.953269826000053 ], [ -76.271824983999977, 36.953131904000031 ], [ -76.271814777999964, 36.953087678000031 ], [ -76.271805946999962, 36.953049411000052 ], [ -76.271758945999977, 36.952252411000075 ], [ -76.272196946999941, 36.952116411000077 ], [ -76.272562946999983, 36.951999410000042 ], [ -76.272805946999938, 36.951980410000033 ], [ -76.272903946999975, 36.951922411000055 ], [ -76.273074947999987, 36.951786410000068 ], [ -76.273586947999945, 36.951648410000075 ], [ -76.273958843999935, 36.951514058000043 ], [ -76.27396861699998, 36.95151052600005 ], [ -76.274123947999954, 36.951454411000043 ], [ -76.27463384899994, 36.951314513000057 ], [ -76.275676321999981, 36.951028490000056 ], [ -76.275922467999976, 36.950960953000049 ], [ -76.276390948999961, 36.950832410000032 ], [ -76.278500339999937, 36.95024429800003 ], [ -76.278976948999968, 36.950111410000034 ], [ -76.27916348399998, 36.95006061600003 ], [ -76.280648173999964, 36.949656313000048 ], [ -76.281764497999973, 36.949352306000037 ], [ -76.282112949999942, 36.94925741000003 ], [ -76.282123948999981, 36.949255410000035 ], [ -76.282202949999942, 36.949456409000049 ], [ -76.282525950999968, 36.949369409000042 ], [ -76.282443949999958, 36.949174410000069 ], [ -76.282818158999987, 36.949068692000026 ], [ -76.28299078699996, 36.949019923000037 ], [ -76.28333594999998, 36.948922409000033 ], [ -76.283358956999962, 36.948916184000041 ], [ -76.283362942999986, 36.948915106000072 ], [ -76.284137949999945, 36.948705410000059 ], [ -76.284214950999967, 36.948896409000042 ], [ -76.284295950999933, 36.94887741000008 ], [ -76.284379950999949, 36.948853410000027 ], [ -76.284290950999946, 36.94865640900008 ], [ -76.285483853999949, 36.94833826100006 ], [ -76.285774260999972, 36.948260806000064 ], [ -76.286064629999942, 36.948183361000076 ], [ -76.28607195099994, 36.948181409000028 ], [ -76.286106718999974, 36.948274123000033 ], [ -76.286137950999944, 36.948357410000028 ], [ -76.286166642999945, 36.948348770000052 ], [ -76.286313950999954, 36.948304409000059 ], [ -76.286269950999952, 36.948111409000035 ], [ -76.286687950999976, 36.947988409000061 ], [ -76.286899378999976, 36.947637264000036 ], [ -76.286935293999989, 36.947577613000078 ], [ -76.286992833999989, 36.947517959000038 ], [ -76.287193950999949, 36.947566409000046 ], [ -76.287250034999943, 36.947469113000068 ], [ -76.28728757, 36.947403997000038 ], [ -76.287325951999946, 36.947337409000056 ], [ -76.287140604999934, 36.947233783000058 ], [ -76.287249147999944, 36.946909359000074 ], [ -76.287318942999946, 36.946760675000064 ], [ -76.287435951999953, 36.946511409000038 ], [ -76.286743573999956, 36.94609315200006 ], [ -76.286006284999985, 36.945647756000028 ], [ -76.285338808999938, 36.945244524000032 ], [ -76.285192950999942, 36.945156409000049 ], [ -76.285374870999988, 36.944953462000058 ], [ -76.285736125999961, 36.944550444000072 ], [ -76.286965950999956, 36.943178408000051 ], [ -76.287099128999955, 36.943260628000075 ], [ -76.287417706999975, 36.943457306000028 ], [ -76.287587950999978, 36.943562408000048 ], [ -76.28837095199998, 36.943843408000077 ], [ -76.28863735799996, 36.943936988000075 ], [ -76.288841672999979, 36.944008758000052 ], [ -76.289085244999967, 36.944094315000029 ], [ -76.289310889999967, 36.944173575000036 ], [ -76.290397951999978, 36.944555409000031 ], [ -76.290548120999972, 36.944607959000052 ], [ -76.290897493999978, 36.944730217000028 ], [ -76.29118095299998, 36.944829409000079 ], [ -76.291316951999988, 36.944872408000037 ], [ -76.291456566999955, 36.944751860000054 ], [ -76.291543951999984, 36.944676409000067 ], [ -76.291951952999966, 36.944715408000036 ], [ -76.292467171999988, 36.944721315000038 ], [ -76.292736952999974, 36.94472440800007 ], [ -76.293597354999974, 36.944715379000058 ], [ -76.29388853599994, 36.944712322000044 ], [ -76.294165953999936, 36.944709409000041 ], [ -76.294366210999954, 36.944697757000029 ], [ -76.294715952999979, 36.944677408000075 ], [ -76.295550706999961, 36.944634714000074 ], [ -76.296064953999974, 36.944608408000079 ], [ -76.296105170999965, 36.944606243000067 ], [ -76.296428221999975, 36.94458884200003 ], [ -76.296491953999976, 36.94458540800008 ], [ -76.296919953999975, 36.944563409000068 ], [ -76.297357953999949, 36.944541408000077 ], [ -76.297756834999973, 36.944518161000076 ], [ -76.298009953999951, 36.94450340800006 ], [ -76.298660953999956, 36.944464408000044 ], [ -76.299290954999947, 36.944426408000027 ], [ -76.300084752999965, 36.944378905000065 ], [ -76.300844954999945, 36.944333408000034 ], [ -76.301283074999958, 36.944307407000053 ], [ -76.301518954999949, 36.944293408000078 ], [ -76.30194595599994, 36.94426740800003 ], [ -76.302194955999937, 36.944252408000068 ], [ -76.302239955999937, 36.944250408000073 ], [ -76.303090956999938, 36.944284407000055 ], [ -76.303092428999946, 36.944299964000038 ], [ -76.304547849999949, 36.944451788000038 ], [ -76.304787052999984, 36.944476739000038 ], [ -76.304840217999981, 36.94448228400006 ], [ -76.304975102999947, 36.94449635400008 ], [ -76.305162742999983, 36.944502784000065 ], [ -76.305266956999958, 36.944509408000044 ], [ -76.305672956999956, 36.944535408000036 ], [ -76.305878955999958, 36.94454840800006 ], [ -76.305988956999954, 36.944555408000042 ], [ -76.306364955999982, 36.94455240800005 ], [ -76.30657298899996, 36.944551103000038 ], [ -76.306683956999962, 36.944550408000055 ], [ -76.306977053999958, 36.944548526000062 ], [ -76.307213197999943, 36.944547010000065 ], [ -76.30730695799997, 36.944546407000075 ], [ -76.307643956999982, 36.944543408000072 ], [ -76.308088957999985, 36.944541408000077 ], [ -76.309082956999987, 36.944478408000066 ], [ -76.309224957999959, 36.944469408000032 ], [ -76.309525957999938, 36.94445040800008 ], [ -76.309691400999952, 36.944440013000076 ], [ -76.30990795799994, 36.944426408000027 ], [ -76.309964239999942, 36.944423004000043 ], [ -76.310155958999985, 36.944411408000065 ], [ -76.311625958999969, 36.944318408000072 ], [ -76.311984343999939, 36.944295249000049 ], [ -76.312027307999983, 36.944292473000075 ], [ -76.312143987999946, 36.944284933000063 ], [ -76.312446752999961, 36.944265367000071 ], [ -76.312492325999983, 36.944262422000065 ], [ -76.314569423999956, 36.944128171000045 ], [ -76.314797591999934, 36.944113422000044 ], [ -76.314852842999983, 36.944109850000075 ], [ -76.314937705999967, 36.944104364000054 ], [ -76.315694959999973, 36.944055408000054 ], [ -76.316369959999975, 36.944019408000031 ], [ -76.317605046999972, 36.943953481000051 ], [ -76.317727993999938, 36.943946918000051 ], [ -76.317816980999964, 36.943942167000046 ], [ -76.318336959999954, 36.943914407000079 ], [ -76.318924960999937, 36.943883407000044 ], [ -76.318924816999981, 36.943869204000066 ], [ -76.318923960999939, 36.943784407000066 ], [ -76.319057568999938, 36.943778817000066 ], [ -76.319162960999961, 36.943774407000035 ], [ -76.319117959999971, 36.943363407000049 ], [ -76.319113348999963, 36.943311595000068 ], [ -76.31910451899995, 36.943212419000076 ], [ -76.319101994999983, 36.943184059000032 ], [ -76.319089744999985, 36.943046437000078 ], [ -76.319080669999948, 36.942944501000056 ], [ -76.318988579999939, 36.94190997100003 ], [ -76.318931911999982, 36.941273340000066 ], [ -76.318882960999986, 36.940723406000075 ], [ -76.318830605999949, 36.940201282000032 ], [ -76.31881212199994, 36.940016925000066 ], [ -76.318686323999941, 36.938762312000051 ], [ -76.318630026999983, 36.938200830000028 ], [ -76.318620960999965, 36.938110406000078 ], [ -76.318597479999937, 36.937800036000056 ], [ -76.31858262999998, 36.937603740000043 ], [ -76.318568478999964, 36.937416696000071 ], [ -76.318565959999944, 36.937383406000038 ], [ -76.31855831699994, 36.937284931000079 ], [ -76.318487404999985, 36.936371345000055 ], [ -76.318484072999979, 36.936328404000051 ], [ -76.318462960999966, 36.936056406000034 ], [ -76.31845495999994, 36.935924406000026 ], [ -76.318418960999963, 36.935820406000062 ], [ -76.31837636299997, 36.935728048000044 ], [ -76.318339127999934, 36.935647316000029 ], [ -76.318305960999965, 36.935575406000055 ], [ -76.318305194999937, 36.935574288000055 ], [ -76.318258231999948, 36.935505834000026 ], [ -76.318128960999957, 36.935317405000035 ], [ -76.318089481999948, 36.935260208000045 ], [ -76.318001959999947, 36.935133405000045 ], [ -76.317911959999947, 36.934979406000025 ], [ -76.317870959999937, 36.934870405000026 ], [ -76.317843959999948, 36.934784405000073 ], [ -76.317838987999949, 36.934732133000068 ], [ -76.317832892999945, 36.934668050000028 ], [ -76.317776256999935, 36.934072602000072 ], [ -76.317734959999939, 36.933638405000067 ], [ -76.317720959999974, 36.933410405000075 ], [ -76.317716959999984, 36.933334405000039 ], [ -76.317708959999948, 36.933251405000078 ], [ -76.317661958999963, 36.932736405000071 ], [ -76.317645840999944, 36.93254128600006 ], [ -76.317523407999943, 36.93254746000008 ], [ -76.317248361999987, 36.932561328000077 ], [ -76.317069959999969, 36.932616405000033 ], [ -76.31604595999994, 36.932703405000041 ], [ -76.315692959999978, 36.932708405000028 ], [ -76.31394322899996, 36.93280778500008 ], [ -76.31363295899996, 36.932825406000063 ], [ -76.313377955999954, 36.932840042000066 ], [ -76.312571840999965, 36.932886306000057 ], [ -76.311782658999959, 36.932931594000024 ], [ -76.310616197999934, 36.932998522000048 ], [ -76.310427750999963, 36.93300933300003 ], [ -76.308713627999964, 36.933107660000076 ], [ -76.308322460999989, 36.933130095000024 ], [ -76.307922281999936, 36.93315304500004 ], [ -76.306642956999951, 36.933226405000028 ], [ -76.306715052999948, 36.933088467000061 ], [ -76.30672440799998, 36.933070569000051 ], [ -76.307034955999939, 36.932476405000045 ], [ -76.307063316999972, 36.932421581000028 ], [ -76.307210130999977, 36.932137777000037 ], [ -76.307303955999942, 36.931956405000051 ], [ -76.307311111999979, 36.931895513000029 ], [ -76.307360955999968, 36.931471405000025 ], [ -76.308383957, 36.930819405000079 ], [ -76.309140956999954, 36.930592405000027 ], [ -76.308932956999968, 36.930153405000055 ], [ -76.308174956999949, 36.930425405000051 ], [ -76.308149434999962, 36.930378413000028 ], [ -76.308001866999973, 36.930106698000031 ], [ -76.307985956999971, 36.930077405000077 ], [ -76.307904736999944, 36.930104887000027 ], [ -76.307151369999985, 36.930359802000055 ], [ -76.306859955999983, 36.930458405000024 ], [ -76.306805751999946, 36.930353355000079 ], [ -76.30666562, 36.930081777000055 ], [ -76.306504955999969, 36.929770405000056 ], [ -76.306690956999944, 36.929704404000063 ], [ -76.306192955999961, 36.928723405000028 ], [ -76.306237378999981, 36.928708056000062 ], [ -76.306493956999986, 36.928619405000063 ], [ -76.306407705999959, 36.928444474000059 ], [ -76.306380178999973, 36.928388644000051 ], [ -76.306280956999956, 36.928187405000074 ], [ -76.306466955999952, 36.928122404000078 ], [ -76.306253956999967, 36.927694404000079 ], [ -76.30650809499997, 36.927608799000041 ], [ -76.306633955999985, 36.927566404000061 ], [ -76.30660033099997, 36.927499386000079 ], [ -76.306511199999989, 36.92732174300005 ], [ -76.30648995599995, 36.927279404000046 ], [ -76.306512638999948, 36.927272023000057 ], [ -76.307061885999985, 36.927093310000032 ], [ -76.307100029999958, 36.927080899000032 ], [ -76.307537956999965, 36.926938404000055 ], [ -76.307499955999958, 36.926862404000076 ], [ -76.307587955999963, 36.926857404000032 ], [ -76.308212956999967, 36.926811404000034 ], [ -76.309675351999942, 36.926723960000061 ], [ -76.311456957999951, 36.926617404000069 ], [ -76.312518832999956, 36.926554131000046 ], [ -76.314677970999981, 36.926425445000064 ], [ -76.315386815999943, 36.926383189000035 ], [ -76.315752202999988, 36.926361406000069 ], [ -76.316875959999948, 36.926294403000043 ], [ -76.317382958999985, 36.926248403000045 ], [ -76.317406959999971, 36.926443403000064 ], [ -76.317414507999956, 36.926503796000077 ], [ -76.317442959999937, 36.926731404000066 ], [ -76.317651958999988, 36.926716404000047 ], [ -76.317541959999971, 36.92607040300004 ], [ -76.317456959999959, 36.925742403000072 ], [ -76.317411958999969, 36.925569403000054 ], [ -76.317395958999953, 36.925509404000024 ], [ -76.317369764999967, 36.925441008000064 ], [ -76.317125958999952, 36.924804404000042 ], [ -76.317090958999984, 36.924731404000056 ], [ -76.316941958999962, 36.924416403000066 ], [ -76.316800475999969, 36.924117508000052 ], [ -76.316792475999989, 36.924100605000035 ], [ -76.316790958999945, 36.924097403000076 ], [ -76.316775958999983, 36.924064403000045 ], [ -76.316764958999954, 36.924040403000049 ], [ -76.316579958999966, 36.923786403000065 ], [ -76.316556958999968, 36.923748403000047 ], [ -76.316450958999951, 36.923577403000024 ], [ -76.316399959999956, 36.923494403000063 ], [ -76.316343958999937, 36.923403403000066 ], [ -76.316231958999936, 36.923271403000058 ], [ -76.315831695999975, 36.922801200000038 ], [ -76.315447958999982, 36.922350403000053 ], [ -76.315201957999989, 36.922129403000042 ], [ -76.315163957999971, 36.92208540200005 ], [ -76.314741574999971, 36.92170150100003 ], [ -76.313648957999987, 36.920708403000049 ], [ -76.313026957999966, 36.920138403000067 ], [ -76.312240018999944, 36.919416983000076 ], [ -76.311981956999944, 36.919180403000041 ], [ -76.311927956999966, 36.919131402000062 ], [ -76.311770148999983, 36.918987121000043 ], [ -76.311472956999978, 36.918715402000032 ], [ -76.310830956999951, 36.918121402000054 ], [ -76.310395956999969, 36.917717402000051 ], [ -76.310371806999967, 36.917730152000047 ], [ -76.310234956999977, 36.917802402000063 ], [ -76.310124955999981, 36.917699402000039 ], [ -76.310047956999938, 36.917628402000048 ], [ -76.30985895699996, 36.917453402000035 ], [ -76.309780956999987, 36.917454402000033 ], [ -76.309717429999978, 36.917455583000049 ], [ -76.309037385999943, 36.917468221000036 ], [ -76.308923877999973, 36.917470330000071 ], [ -76.308505113999956, 36.917478110000047 ], [ -76.308094345999962, 36.917485739000028 ], [ -76.307980414999975, 36.917487855000047 ], [ -76.307950955999956, 36.91748840200006 ], [ -76.306536166999933, 36.917469522000033 ], [ -76.306177337999941, 36.917464731000052 ], [ -76.306031625999935, 36.917462785000055 ], [ -76.30600295499994, 36.917462402000069 ], [ -76.305972208999947, 36.917456807000065 ], [ -76.305491955999969, 36.917369402000077 ], [ -76.304979955999954, 36.917277403000071 ], [ -76.304936031999944, 36.917269546000057 ], [ -76.304733954999961, 36.917233402000079 ], [ -76.304488954999954, 36.917188402000079 ], [ -76.303779291999945, 36.917291413000044 ], [ -76.303720755999962, 36.917299909000064 ], [ -76.303272239999956, 36.917365010000026 ], [ -76.302864213999953, 36.91742423200003 ], [ -76.302772703999949, 36.917437514000028 ], [ -76.302745200999937, 36.917441506000046 ], [ -76.302635319, 36.917453 ], [ -76.302397805999988, 36.91747739300007 ], [ -76.302228189999937, 36.91749498300004 ], [ -76.301907402999973, 36.917528215000061 ], [ -76.301703852999935, 36.917549312000062 ], [ -76.301697192999939, 36.917550002000041 ], [ -76.301563728999952, 36.917563835000067 ], [ -76.301500301999965, 36.917570408000074 ], [ -76.301364601999978, 36.917584473000034 ], [ -76.301334703999942, 36.917646219000062 ], [ -76.301209308999944, 36.917905193000024 ], [ -76.301157530999944, 36.917910633000076 ], [ -76.301106514999958, 36.917915845000039 ], [ -76.300902959999974, 36.917936938000025 ], [ -76.300699406999968, 36.917958030000079 ], [ -76.300481010999988, 36.91798063300007 ], [ -76.300386368999966, 36.917990169000063 ], [ -76.300135459999979, 36.918020422000041 ], [ -76.299780763999934, 36.918063189000065 ], [ -76.29952678099994, 36.918090133000078 ], [ -76.298804937999989, 36.918166708000058 ], [ -76.298550220999971, 36.918193256000052 ], [ -76.297881428999972, 36.918265026000029 ], [ -76.297532574999934, 36.918302528000027 ], [ -76.297009079999953, 36.918358802000057 ], [ -76.296886835999942, 36.918371942000078 ], [ -76.296433443999945, 36.918420678000075 ], [ -76.29627986099996, 36.918437186000062 ], [ -76.296046408999985, 36.918462280000028 ], [ -76.295919488999971, 36.918475922000027 ], [ -76.295898382999951, 36.91847819000003 ], [ -76.295875774999956, 36.918480620000025 ], [ -76.295874979999951, 36.918464161000031 ], [ -76.295858025999962, 36.918467210000074 ], [ -76.295856952999941, 36.918467403000079 ], [ -76.295855748999941, 36.91843700700008 ], [ -76.295849124999961, 36.91826977900007 ], [ -76.295845061999955, 36.918167202000063 ], [ -76.295839985999976, 36.918039067000052 ], [ -76.295835536999959, 36.917926754000064 ], [ -76.295804324999949, 36.917138735000037 ], [ -76.29580006599997, 36.917031217000044 ], [ -76.295775951999985, 36.91642240300007 ], [ -76.295771191999961, 36.916301028000078 ], [ -76.295768652999982, 36.916236285000025 ], [ -76.295767250999972, 36.916200513000035 ], [ -76.295763951999959, 36.916116402000057 ], [ -76.295807065999952, 36.916116402000057 ], [ -76.295813952999936, 36.916116402000057 ], [ -76.296003952999968, 36.916113402000065 ], [ -76.296372951999956, 36.916108402000077 ], [ -76.296458952999956, 36.916106402000025 ], [ -76.296458675999986, 36.916095219000056 ], [ -76.296457158999942, 36.916033966000043 ], [ -76.296452218999946, 36.915834454000048 ], [ -76.296448315999953, 36.915676783000038 ], [ -76.296440952999944, 36.915379402000042 ], [ -76.296429137999951, 36.914937300000076 ], [ -76.296428952999975, 36.914930401000049 ], [ -76.296421951999946, 36.914668402000075 ], [ -76.296428952999975, 36.914650402000063 ], [ -76.296425952999982, 36.914616402000036 ], [ -76.296405951999986, 36.914377402000071 ], [ -76.296395002999986, 36.914162074000046 ], [ -76.296390807999956, 36.914079561000051 ], [ -76.296387952999964, 36.914023402000055 ], [ -76.296389321999982, 36.913982610000062 ], [ -76.296392658999935, 36.913883138000074 ], [ -76.296392952999952, 36.913874402000033 ], [ -76.295496951999951, 36.913899402000027 ], [ -76.295294952999939, 36.913889402000052 ], [ -76.295326382999974, 36.913744284000074 ], [ -76.295341951999944, 36.913672402000032 ], [ -76.29546695199997, 36.913562402000025 ], [ -76.295628951999959, 36.913367402000063 ], [ -76.295835951999948, 36.913130402000036 ], [ -76.295954149999943, 36.913045383000053 ], [ -76.29606395199994, 36.912966402000052 ], [ -76.296159155999987, 36.91279069400008 ], [ -76.296199951999938, 36.912715401000071 ], [ -76.296222951999937, 36.912667401000078 ], [ -76.296348078999983, 36.912555033000046 ], [ -76.296420401999967, 36.912490086000048 ], [ -76.296750731999964, 36.912193439000077 ], [ -76.296802598999989, 36.912146860000064 ], [ -76.296894018999978, 36.912064762000057 ], [ -76.296956350999949, 36.912008784000079 ], [ -76.297066962999963, 36.911909450000053 ], [ -76.297130365999976, 36.911852512000053 ], [ -76.297245916999941, 36.911748740000064 ], [ -76.297364455999968, 36.911642285000028 ], [ -76.297635472999957, 36.911398897000026 ], [ -76.297860951999951, 36.911196401000041 ], [ -76.297624952999968, 36.911171401000047 ], [ -76.297378443999946, 36.911160961000064 ], [ -76.297199951999971, 36.911153401000036 ], [ -76.296886171999972, 36.91121765500003 ], [ -76.296696951999934, 36.91125640100006 ], [ -76.29663824499994, 36.911273772000072 ], [ -76.296429951999983, 36.911335402000077 ], [ -76.296329847999971, 36.911361571000043 ], [ -76.296282688999952, 36.911373900000058 ], [ -76.296132468999986, 36.91141317000006 ], [ -76.296035952999944, 36.911438402000044 ], [ -76.295881860999941, 36.911463328000025 ], [ -76.29569595199996, 36.91149340100003 ], [ -76.295583051999984, 36.911514793000038 ], [ -76.295466782999938, 36.911536823000063 ], [ -76.295410951999941, 36.911547401000064 ], [ -76.295265951999966, 36.911596402000043 ], [ -76.295223789999966, 36.911614780000036 ], [ -76.295148241999982, 36.911647711000057 ], [ -76.295109951999962, 36.911664401000053 ], [ -76.294925951999971, 36.911684401000059 ], [ -76.294860617999973, 36.911683356000026 ], [ -76.294800951999946, 36.911682401000064 ], [ -76.294701068999984, 36.91162093500003 ], [ -76.294698750999942, 36.911619509000047 ], [ -76.294670950999944, 36.911602402000028 ], [ -76.294570951999958, 36.911580402000027 ], [ -76.294428238999956, 36.911539108000056 ], [ -76.294373950999955, 36.911523401000068 ], [ -76.294236951999949, 36.911514401000034 ], [ -76.294115968999961, 36.911525026000049 ], [ -76.293382950999955, 36.911589401000072 ], [ -76.293335487999968, 36.911598739000056 ], [ -76.293321950999939, 36.911601401000041 ], [ -76.293222950999962, 36.911007401000063 ], [ -76.293198416999985, 36.910854219000043 ], [ -76.293125066999949, 36.910838525000031 ], [ -76.293014204999963, 36.910849958000028 ], [ -76.292704296999943, 36.910881921000055 ], [ -76.292692968999972, 36.910813531000031 ], [ -76.292684260999977, 36.91076101200008 ], [ -76.292677158999936, 36.910718139000039 ], [ -76.292664548999937, 36.91064201100005 ], [ -76.292664393999985, 36.910641078000026 ], [ -76.292662355999937, 36.910628798000062 ], [ -76.292649166999979, 36.910549198000069 ], [ -76.292646091999984, 36.91053062900005 ], [ -76.29263038299996, 36.910435847000031 ], [ -76.292455569999959, 36.910453444000041 ], [ -76.292349315999957, 36.91046413600003 ], [ -76.292252864999966, 36.910473843000034 ], [ -76.292207038999948, 36.910478456000078 ], [ -76.292074395999975, 36.910491809000064 ], [ -76.291905858999939, 36.910508770000035 ], [ -76.291701043999979, 36.910529386000064 ], [ -76.291713337999965, 36.910603826000056 ], [ -76.291717716999983, 36.910630308000066 ], [ -76.291723414999979, 36.910664806000057 ], [ -76.291638297999953, 36.910690002000024 ], [ -76.290870594999944, 36.910917246000054 ], [ -76.290357692999976, 36.911069065000049 ], [ -76.289886949999982, 36.911208401000067 ], [ -76.289839991999941, 36.911222346000045 ], [ -76.289492949999953, 36.911325401000056 ], [ -76.289538562999951, 36.911384939000072 ], [ -76.289582591999988, 36.911442407000038 ], [ -76.289587949999941, 36.911449402000073 ], [ -76.289673687999937, 36.911569972000052 ], [ -76.289717613999983, 36.911631742000054 ], [ -76.289747950999981, 36.911674401000028 ], [ -76.289785534999965, 36.911702275000039 ], [ -76.289800182999954, 36.911713139000028 ], [ -76.290045950999968, 36.911895402000027 ], [ -76.290185949999966, 36.912073401000043 ], [ -76.290262950999988, 36.912250402000041 ], [ -76.290273600999967, 36.91227002200003 ], [ -76.290274243999988, 36.912271205000025 ], [ -76.290338949999978, 36.912390402000028 ], [ -76.290362014999971, 36.912413228000048 ], [ -76.29043594999996, 36.91248640200007 ], [ -76.290621950999935, 36.912569402000031 ], [ -76.29087795099997, 36.912684402000025 ], [ -76.291059949999976, 36.912729402000025 ], [ -76.291273950999937, 36.912807402000055 ], [ -76.291519950999941, 36.912896402000058 ], [ -76.291659949999939, 36.913005402000067 ], [ -76.291741950999949, 36.913130401000046 ], [ -76.291879950999942, 36.913340402000074 ], [ -76.291985949999969, 36.913501402000065 ], [ -76.292038003999949, 36.913580850000073 ], [ -76.292042950999985, 36.913588402000073 ], [ -76.292044791999956, 36.913591135000047 ], [ -76.292079248999983, 36.913642315000061 ], [ -76.292079755999964, 36.913643068000056 ], [ -76.29212223199994, 36.913706157000036 ], [ -76.292178950999983, 36.913790401000028 ], [ -76.292205096999965, 36.913940410000066 ], [ -76.292218761999948, 36.914018806000058 ], [ -76.292296950999969, 36.914467402000071 ], [ -76.292431757999964, 36.915294499000026 ], [ -76.292488950999939, 36.915645402000052 ], [ -76.292550429999949, 36.915639150000061 ], [ -76.292665950999947, 36.915627402000041 ], [ -76.292739950999987, 36.915905402000078 ], [ -76.292779951999989, 36.916148403000079 ], [ -76.292737950999935, 36.91614940200003 ], [ -76.292560950999984, 36.916152403000069 ], [ -76.292275950999965, 36.916157402000067 ], [ -76.291638950999982, 36.916169402000037 ], [ -76.290963752999971, 36.916182121000077 ], [ -76.290470950999975, 36.916191402000038 ], [ -76.29006395, 36.916199402000075 ], [ -76.289916864999952, 36.91620088600007 ], [ -76.289580256999955, 36.916204282000024 ], [ -76.28936994999998, 36.916206403000047 ], [ -76.289366619999953, 36.916206445000057 ], [ -76.28912994999996, 36.916209403000039 ], [ -76.288888949999944, 36.916211403000034 ], [ -76.288621949999936, 36.916215403000024 ], [ -76.288589228999967, 36.91621593900004 ], [ -76.288526813999965, 36.916216963000068 ], [ -76.288502342999948, 36.916217364000033 ], [ -76.288377949999983, 36.916219402000024 ], [ -76.288355516999957, 36.916225835000034 ], [ -76.288241949999986, 36.916258403000029 ], [ -76.288183949999961, 36.916423402000078 ], [ -76.287987949999945, 36.916829403000065 ], [ -76.287839949999977, 36.917134403000034 ], [ -76.287443949999954, 36.917960403000052 ], [ -76.287664949999964, 36.919166403000077 ], [ -76.287765949999937, 36.919749403000026 ], [ -76.286764949999963, 36.919854403000045 ], [ -76.286461949999989, 36.919872404000046 ], [ -76.28646404999995, 36.919884755000055 ], [ -76.286464900999988, 36.919889764000061 ], [ -76.286466476999976, 36.919899030000067 ], [ -76.286472895999964, 36.919936792000044 ], [ -76.286476255999958, 36.919956555000056 ], [ -76.286478949999946, 36.919972403000031 ], [ -76.286479245999942, 36.919974094000054 ], [ -76.286482257999978, 36.919991310000057 ], [ -76.286482581999962, 36.919993157000079 ], [ -76.286487540999985, 36.920021493000036 ], [ -76.286488875999964, 36.920029123000063 ], [ -76.286501271999953, 36.920099958000037 ], [ -76.286507835999942, 36.920137468000064 ], [ -76.286510091999958, 36.920150360000036 ], [ -76.286513949999971, 36.920172403000038 ], [ -76.286469274999945, 36.920177530000046 ], [ -76.286445992999973, 36.92018020200004 ], [ -76.28637736099995, 36.920188078000024 ], [ -76.28635533399995, 36.920190606000062 ], [ -76.286320180999951, 36.920194640000034 ], [ -76.286025948999963, 36.920228404000056 ], [ -76.285964183999965, 36.920235353000066 ], [ -76.285918772999935, 36.920240462000038 ], [ -76.285381981999933, 36.92030085500005 ], [ -76.283625948999941, 36.920498404000057 ], [ -76.283444723999935, 36.920533351000074 ], [ -76.283331915999952, 36.920555104000073 ], [ -76.283039947999953, 36.920611403000066 ], [ -76.282750947999943, 36.920639403000052 ], [ -76.281567947999974, 36.920755403000044 ], [ -76.281519947999982, 36.92075940400008 ], [ -76.281032947999961, 36.920802404000028 ], [ -76.280791947999944, 36.920823404000032 ], [ -76.280279947999986, 36.920883404000051 ], [ -76.279805947999989, 36.920936404000031 ], [ -76.279302946999962, 36.92094740400006 ], [ -76.279125791999945, 36.920924218000039 ], [ -76.278968318999944, 36.92090360800006 ], [ -76.278813946999946, 36.920883404000051 ], [ -76.278714946999969, 36.92085740400006 ], [ -76.27860498299998, 36.920829044000072 ], [ -76.278333854999971, 36.920759119000024 ], [ -76.278113946999952, 36.920702404000053 ], [ -76.27794494699998, 36.920597404000034 ], [ -76.277795637999986, 36.920496096000079 ], [ -76.277701044999958, 36.920431915000052 ], [ -76.276649133999967, 36.919718171000056 ], [ -76.27657312499997, 36.919666597000059 ], [ -76.275774699999943, 36.919124833000069 ], [ -76.275427903999969, 36.918889514000057 ], [ -76.275079945999948, 36.918653403000064 ], [ -76.274908651999965, 36.918538702000035 ], [ -76.274596083999938, 36.918329398000026 ], [ -76.273911092999981, 36.917870703000062 ], [ -76.273739008999939, 36.917755468000053 ], [ -76.273409608999941, 36.917534885000066 ], [ -76.273081654999942, 36.917315269000028 ], [ -76.272723066999959, 36.917075136000051 ], [ -76.272602383999981, 36.916994318000036 ], [ -76.272394945999963, 36.916855403000056 ], [ -76.272329408999951, 36.916811308000035 ], [ -76.272304042999963, 36.916794241000048 ], [ -76.272232944999985, 36.916746404000037 ], [ -76.271304717999953, 36.916077836000056 ], [ -76.27006294399996, 36.915183403000071 ], [ -76.270008943999983, 36.91521840300004 ], [ -76.269949943999961, 36.915260403000048 ], [ -76.269844718999934, 36.915337175000047 ], [ -76.269753943999945, 36.915403403000028 ], [ -76.269466944999976, 36.915610403000073 ], [ -76.269351943999936, 36.915686403000052 ], [ -76.269013943999937, 36.915886403000059 ], [ -76.268960111999945, 36.915916332000052 ], [ -76.268468943999949, 36.916189403000033 ], [ -76.268037943999957, 36.916404404000048 ], [ -76.267783943999973, 36.916531403000079 ], [ -76.267514942999981, 36.916664403000027 ], [ -76.267476943999952, 36.916683403000036 ], [ -76.267423708999956, 36.91663339400003 ], [ -76.267377943999975, 36.916590404000033 ], [ -76.267141942999956, 36.916703404000032 ], [ -76.267082230999961, 36.91673198400008 ], [ -76.267024943999957, 36.916759403000071 ], [ -76.266883149999956, 36.916651984000055 ], [ -76.26670874499996, 36.916519859000061 ], [ -76.26659594299997, 36.916434403000039 ], [ -76.266447570999958, 36.916307462000077 ], [ -76.265508942999986, 36.915504403000057 ], [ -76.265184597999962, 36.915212001000043 ], [ -76.265112942999963, 36.915147403000049 ], [ -76.265069530999938, 36.915102494000053 ], [ -76.265037090999954, 36.915068936000068 ], [ -76.264677941999935, 36.914697403000048 ], [ -76.264326941999968, 36.914261403000069 ], [ -76.264255628999933, 36.914166493000039 ], [ -76.26405194199998, 36.913895403000026 ], [ -76.26392094199997, 36.913701403000061 ], [ -76.263817941999946, 36.913490403000026 ], [ -76.263300941999944, 36.912741403000041 ], [ -76.263263948999963, 36.912693061000027 ], [ -76.263099316999956, 36.912477917000047 ], [ -76.263037088999965, 36.912396596000065 ], [ -76.262860941999975, 36.912166402000025 ], [ -76.262650773999951, 36.911914592000073 ], [ -76.262537941999938, 36.911779403000025 ], [ -76.262136940999937, 36.911321403000045 ], [ -76.261440940999989, 36.910601402000054 ], [ -76.261212825999962, 36.910382413000036 ], [ -76.260838980999949, 36.910023522000074 ], [ -76.260749863999933, 36.909937969000055 ], [ -76.260715940999944, 36.909905402000049 ], [ -76.26071049799998, 36.90990092100003 ], [ -76.26022894099998, 36.909504402000039 ], [ -76.259526940999933, 36.908943402000034 ], [ -76.259435939999946, 36.908871402000045 ], [ -76.259377294999979, 36.908827075000033 ], [ -76.259207358999959, 36.908698628000025 ], [ -76.258624939999947, 36.908258402000058 ], [ -76.257775175999939, 36.907612587000074 ], [ -76.257438455999988, 36.907356679000031 ], [ -76.257174938999981, 36.907156402000055 ], [ -76.256944425999961, 36.906985610000049 ], [ -76.256894505999981, 36.906948622000073 ], [ -76.256889565999984, 36.906944963000058 ], [ -76.256872660999989, 36.90693243700008 ], [ -76.25685619099994, 36.90692023400004 ], [ -76.256816805999961, 36.906891053000038 ], [ -76.256763018999948, 36.906851201000052 ], [ -76.256734605999952, 36.906830149000029 ], [ -76.256653119999953, 36.906769774000054 ], [ -76.256568939999966, 36.906707402000052 ], [ -76.256569265999985, 36.906699396000079 ], [ -76.256573018999973, 36.90660729800004 ], [ -76.256581938999943, 36.906388401000072 ], [ -76.256593579999958, 36.906215178000025 ], [ -76.256605212999943, 36.905914487000075 ], [ -76.256609192999974, 36.905774328000064 ], [ -76.25660927499996, 36.905771469000058 ], [ -76.256612939999968, 36.90564240100008 ], [ -76.256612544999939, 36.905514015000051 ], [ -76.256610938999984, 36.904992401000072 ], [ -76.256620938999959, 36.904582401000027 ], [ -76.256626825999945, 36.904323157000078 ], [ -76.25662988199997, 36.90419478900003 ], [ -76.256631754999944, 36.904116137000074 ], [ -76.256634939999969, 36.903982401000064 ], [ -76.256641710999986, 36.903664112000058 ], [ -76.256641939999952, 36.903653401000042 ], [ -76.256648927999947, 36.903430431000061 ], [ -76.256649596999978, 36.903409079000028 ], [ -76.256662938999966, 36.902983401000029 ], [ -76.256668414999979, 36.902722764000032 ], [ -76.256669013999954, 36.902694289000067 ], [ -76.256672939999987, 36.902507401000037 ], [ -76.256678939999972, 36.902197400000034 ], [ -76.256667939999943, 36.901993401000027 ], [ -76.256657055999938, 36.901920459000053 ], [ -76.256620938999959, 36.901678400000037 ], [ -76.25658993899998, 36.901545400000032 ], [ -76.256575939999948, 36.901490400000057 ], [ -76.256513939999934, 36.901305401000059 ], [ -76.256495532999963, 36.901260291000028 ], [ -76.256397700999969, 36.900942197000063 ], [ -76.256247778999978, 36.900575306000064 ], [ -76.256028418999961, 36.900127414000053 ], [ -76.255942000999937, 36.899926579000066 ], [ -76.255847643999971, 36.899647291000065 ], [ -76.255787090999945, 36.89938169900006 ], [ -76.255737439999962, 36.898978946000057 ], [ -76.255735734999973, 36.898574360000055 ], [ -76.255779021999956, 36.898152089000064 ], [ -76.25587292299997, 36.897753451000028 ], [ -76.255944544999977, 36.897529532000078 ], [ -76.256037126999956, 36.897290904000045 ], [ -76.256139313999938, 36.897074438000061 ], [ -76.256255053999951, 36.896862352000028 ], [ -76.256395070999986, 36.896639053000058 ], [ -76.256541252999966, 36.896438536000062 ], [ -76.256697507999945, 36.896244395000053 ], [ -76.256867253999985, 36.896056691000069 ], [ -76.25768028799996, 36.892739628000072 ], [ -76.258729751999965, 36.89067850400005 ], [ -76.260310082999979, 36.886351112000057 ], [ -76.261260530999948, 36.883624073000078 ], [ -76.263517070999967, 36.877777782000067 ], [ -76.263531212999965, 36.877744791000055 ], [ -76.263556407999943, 36.877677127000027 ], [ -76.263556868999956, 36.877675869000029 ], [ -76.263560574999985, 36.877665755000066 ], [ -76.263612939999973, 36.877678395000032 ], [ -76.263625089999948, 36.877694189000067 ], [ -76.263625314999956, 36.877694482000038 ], [ -76.263632939999979, 36.87770439500008 ], [ -76.263677940999969, 36.877740395000046 ], [ -76.263720940999974, 36.877761396000039 ], [ -76.263774436999938, 36.877774616000067 ], [ -76.263797816999954, 36.87778039300008 ], [ -76.264177851999989, 36.877874309000049 ], [ -76.264675939999961, 36.877997395000079 ], [ -76.265717940999934, 36.878256395000051 ], [ -76.265848940999945, 36.878281395000045 ], [ -76.266023940999958, 36.878302395000048 ], [ -76.266148940999983, 36.878305395000041 ], [ -76.266266940999969, 36.878298395000058 ], [ -76.266413940999939, 36.878278395000052 ], [ -76.266583940999965, 36.878235395000047 ], [ -76.266718941999954, 36.878184395000062 ], [ -76.266838940999946, 36.878122396000037 ], [ -76.26689694099997, 36.87808739500008 ], [ -76.266901948999987, 36.878083996000043 ], [ -76.267033940999966, 36.87799439500003 ], [ -76.26713394099994, 36.87790039500004 ], [ -76.267231941999967, 36.877780395000059 ], [ -76.267309940999951, 36.877648395000051 ], [ -76.26755394099996, 36.877016395000055 ], [ -76.267653973999984, 36.876751994000074 ], [ -76.26780088199996, 36.876363695000066 ], [ -76.267808940999942, 36.876342394000062 ], [ -76.267874941999935, 36.876182394000068 ], [ -76.267889941999954, 36.87614839500003 ], [ -76.267935337999972, 36.876066947000027 ], [ -76.267957940999963, 36.876026395000054 ], [ -76.267979941999954, 36.87600139500006 ], [ -76.268031940999947, 36.875946394000039 ], [ -76.268122210999934, 36.875860835000026 ], [ -76.268146941999987, 36.875837395000076 ], [ -76.268242940999983, 36.875769395000077 ], [ -76.268377941999972, 36.875695394000047 ], [ -76.269650941999942, 36.875061395000046 ], [ -76.269840312999975, 36.874967277000053 ], [ -76.270047469999952, 36.874864319000039 ], [ -76.270264284999939, 36.874756561000027 ], [ -76.270469961999936, 36.874654337000038 ], [ -76.270485941999937, 36.874646394000024 ], [ -76.270839941999952, 36.874471394000068 ], [ -76.27100894199998, 36.874382394000065 ], [ -76.271123941999974, 36.874280394000039 ], [ -76.271432555999979, 36.874109770000075 ], [ -76.271662941999978, 36.873982394000052 ], [ -76.271758942999952, 36.873929394000072 ], [ -76.271898613999952, 36.873845064000079 ], [ -76.271917942999949, 36.87383339400003 ], [ -76.272399631999974, 36.873541359000058 ], [ -76.272408445999986, 36.87353601500007 ], [ -76.272419275999937, 36.873529450000035 ], [ -76.272434914999963, 36.873519968000039 ], [ -76.272446898999988, 36.873512702000028 ], [ -76.272491941999988, 36.873485394000056 ], [ -76.272492505999935, 36.873486498000034 ], [ -76.27269094199994, 36.873875394000038 ], [ -76.273048607999954, 36.874256211000045 ], [ -76.273059859999989, 36.874268192000045 ], [ -76.273132759999953, 36.874345809000033 ], [ -76.27317222399995, 36.874387827000078 ], [ -76.273224536999976, 36.87444352600005 ], [ -76.273648942999955, 36.874895394000077 ], [ -76.273901213999977, 36.87530017000006 ], [ -76.273905117999959, 36.875306434000038 ], [ -76.273922425999956, 36.875334207000037 ], [ -76.274018129999945, 36.875487765000059 ], [ -76.274090820999959, 36.875604398000064 ], [ -76.274179943999968, 36.875747395000076 ], [ -76.273046480999938, 36.878123595000034 ], [ -76.272972317999972, 36.878279064000026 ], [ -76.272475228999951, 36.879321111000024 ], [ -76.272474447999969, 36.87932274700006 ], [ -76.272407960999942, 36.879462123000053 ], [ -76.272363942999959, 36.879554395000071 ], [ -76.273164943999973, 36.880355396000027 ], [ -76.274264943999981, 36.881455396000035 ], [ -76.276248944999963, 36.881310395000071 ], [ -76.276581943999986, 36.881284396000069 ], [ -76.276783093999939, 36.881272468000077 ], [ -76.276951510999936, 36.881262481000078 ], [ -76.277039541999955, 36.88125726100003 ], [ -76.277323944999978, 36.881240395000077 ], [ -76.277596944999971, 36.881215396000073 ], [ -76.277710944999967, 36.881197396000061 ], [ -76.278020943999934, 36.881149396000069 ], [ -76.278714273999981, 36.881098547000079 ], [ -76.279029944999934, 36.881075395000039 ], [ -76.279061439999964, 36.881074086000069 ], [ -76.279847945999961, 36.881041395000068 ], [ -76.280032668, 36.881037774000049 ], [ -76.280048374999978, 36.881037466000066 ], [ -76.280051945999958, 36.881037395000078 ], [ -76.280233944999964, 36.881033294000076 ], [ -76.280406945999971, 36.881029396000031 ], [ -76.280788882999957, 36.881015197000067 ], [ -76.280833250999933, 36.881013548000055 ], [ -76.280900331999987, 36.881011054000055 ], [ -76.28121394599998, 36.88099939600005 ], [ -76.281253945999936, 36.88099539500007 ], [ -76.281273519999957, 36.880994429000054 ], [ -76.281367758999977, 36.880989778000071 ], [ -76.281445204999955, 36.880985957000064 ], [ -76.281491250999977, 36.880983684000057 ], [ -76.281641845999957, 36.880976252000039 ], [ -76.282023945999981, 36.880957395000053 ], [ -76.282021287999953, 36.880982955000036 ], [ -76.282010794999962, 36.881083851000028 ], [ -76.282008656999949, 36.88110441300006 ], [ -76.282006038999953, 36.881129581000039 ], [ -76.281997945999933, 36.881207395000047 ], [ -76.281979945999979, 36.881326396000077 ], [ -76.281961946999957, 36.881416395000031 ], [ -76.281959277999988, 36.881429788000048 ], [ -76.281863674999954, 36.881909609000047 ], [ -76.281855945999951, 36.881948395000052 ], [ -76.281822571999953, 36.882121153000071 ], [ -76.281787946999941, 36.882300396000062 ], [ -76.281731104999949, 36.882592776000024 ], [ -76.281718160999958, 36.882659355000044 ], [ -76.281672890999971, 36.882892218000052 ], [ -76.28163494599994, 36.883087395000075 ], [ -76.281738946999951, 36.883100396000032 ], [ -76.281966969999985, 36.883129068000073 ], [ -76.282336044999965, 36.883175476000076 ], [ -76.282581945999937, 36.883206395000059 ], [ -76.282587124999964, 36.883186050000063 ], [ -76.282595946999948, 36.883151396000073 ], [ -76.282597459999977, 36.883143439000037 ], [ -76.282598543999939, 36.883137736000037 ], [ -76.282599310999956, 36.883133710000038 ], [ -76.282605754999963, 36.883099834000063 ], [ -76.28260820099996, 36.883086973000047 ], [ -76.282608549999964, 36.883085143000073 ], [ -76.282609534999949, 36.883079958000053 ], [ -76.282609589999936, 36.88307966800005 ], [ -76.282610903999966, 36.88307274400006 ], [ -76.282610958999953, 36.883072473000027 ], [ -76.28261122899994, 36.883071054000027 ], [ -76.282611279999969, 36.883070790000033 ], [ -76.282612190999942, 36.883066 ], [ -76.282612261999986, 36.883065620000025 ], [ -76.282612796999956, 36.883062811000059 ], [ -76.282615251999971, 36.883049902000039 ], [ -76.282615465999982, 36.883048779000035 ], [ -76.282616501999939, 36.883043332000057 ], [ -76.282618526999954, 36.883032686000035 ], [ -76.282619359999956, 36.883028311000032 ], [ -76.28261966599996, 36.883026697000048 ], [ -76.282622689999982, 36.883010800000079 ], [ -76.282622789999948, 36.883010280000065 ], [ -76.282626723999954, 36.882989596000073 ], [ -76.282633985999951, 36.882951415000036 ], [ -76.282636210999954, 36.882939724000039 ], [ -76.282641767999962, 36.88291050600003 ], [ -76.282651018999957, 36.882861874000071 ], [ -76.282651450999936, 36.882859601000064 ], [ -76.282713978999936, 36.88253088600004 ], [ -76.282728928999973, 36.882452288000025 ], [ -76.282735945999946, 36.882415395000066 ], [ -76.28273785, 36.882405642000037 ], [ -76.282738600999949, 36.882401792000053 ], [ -76.282738846999962, 36.882400528000062 ], [ -76.282742232999965, 36.882383175000029 ], [ -76.282742904999964, 36.88237973300005 ], [ -76.282743488999984, 36.882376739000051 ], [ -76.282744301999969, 36.882372571000076 ], [ -76.282744307999963, 36.882372505000035 ], [ -76.282744642999944, 36.88236861200005 ], [ -76.282745681999984, 36.882365504000063 ], [ -76.282753354999954, 36.88232617500006 ], [ -76.282759946999988, 36.882292395000036 ], [ -76.282770442999947, 36.882259226000031 ], [ -76.282784946999982, 36.882213395000065 ], [ -76.282827946999987, 36.882138396000073 ], [ -76.282837904999951, 36.882127217000061 ], [ -76.282880644999977, 36.882079244000067 ], [ -76.282925945999978, 36.882028395000077 ], [ -76.28310494699997, 36.881866396000078 ], [ -76.283126072999949, 36.881842219000077 ], [ -76.283163608999985, 36.88179926600003 ], [ -76.283168413999988, 36.88179376800008 ], [ -76.283201946999952, 36.881755395000027 ], [ -76.283225946999949, 36.881710395000027 ], [ -76.28323742699996, 36.881680824000057 ], [ -76.283238691999941, 36.881677567000054 ], [ -76.283240107999973, 36.881673921000072 ], [ -76.283258945999989, 36.881625395000071 ], [ -76.283267752999961, 36.881574513000032 ], [ -76.283269364999967, 36.881565198000033 ], [ -76.283284533999961, 36.881477552000035 ], [ -76.283285260999946, 36.88147335900004 ], [ -76.283285946999968, 36.881469395000067 ], [ -76.283285946999968, 36.881460874000027 ], [ -76.283285946999968, 36.881459060000054 ], [ -76.283285946999968, 36.881457916000045 ], [ -76.283285945999978, 36.88144180900008 ], [ -76.283285946999968, 36.88143996000008 ], [ -76.283285946999968, 36.881425335000074 ], [ -76.283285945999978, 36.881423426000026 ], [ -76.28328595399995, 36.881421179000029 ], [ -76.283285945999978, 36.881420897000055 ], [ -76.283285946999968, 36.881414006000057 ], [ -76.283285946999968, 36.881411891000027 ], [ -76.283285945999978, 36.881400752000047 ], [ -76.283285945999978, 36.881378752000046 ], [ -76.283285946999968, 36.88135539600006 ], [ -76.283285555999953, 36.881348481000032 ], [ -76.283285400999944, 36.881345735000025 ], [ -76.283279596999989, 36.881243008000069 ], [ -76.283279422999954, 36.881239925000045 ], [ -76.283275945999947, 36.881178395000063 ], [ -76.283270698999956, 36.881126659000074 ], [ -76.283270669, 36.881126360000053 ], [ -76.283270306999952, 36.881122800000071 ], [ -76.283262225999977, 36.881043110000064 ], [ -76.283261786999958, 36.881038786000033 ], [ -76.283258830999955, 36.881009635000055 ], [ -76.283254532999933, 36.880967272000078 ], [ -76.283254304999957, 36.88096501900003 ], [ -76.283254287999966, 36.880964857000038 ], [ -76.283253367999976, 36.880955777000054 ], [ -76.283252962999939, 36.88095179000004 ], [ -76.283252652999977, 36.880948730000057 ], [ -76.283251571999983, 36.880938075000074 ], [ -76.283251274999941, 36.880935138000041 ], [ -76.283250807999934, 36.880930539000076 ], [ -76.283250583999973, 36.880928329000028 ], [ -76.283250458999987, 36.880927099000075 ], [ -76.283250427999974, 36.880926793000071 ], [ -76.283250351999982, 36.880926038000041 ], [ -76.283248318999938, 36.880905999000049 ], [ -76.283247076999942, 36.880893748000062 ], [ -76.283246944999973, 36.880892451000079 ], [ -76.283246917999975, 36.880892188000075 ], [ -76.283246811999959, 36.880891137000049 ], [ -76.283246325999983, 36.880886350000026 ], [ -76.283246065999947, 36.880883778000054 ], [ -76.283245547999968, 36.880878682000059 ], [ -76.283245458999943, 36.880877804000079 ], [ -76.283245405999935, 36.880877278000071 ], [ -76.283244477999972, 36.880868129000078 ], [ -76.283244094999986, 36.880864351000071 ], [ -76.283243641999945, 36.880860033000033 ], [ -76.28324360199997, 36.880859490000034 ], [ -76.283243291999952, 36.880856434000066 ], [ -76.28324312999996, 36.880854844000055 ], [ -76.283238965999942, 36.880813781000029 ], [ -76.283227009999962, 36.880695899000045 ], [ -76.283224304999976, 36.880669220000073 ], [ -76.283222485999943, 36.880651294000074 ], [ -76.283220713999981, 36.880633830000079 ], [ -76.283218945999977, 36.880616395000061 ], [ -76.283325784999988, 36.880611406000071 ], [ -76.284066801999984, 36.88057679800005 ], [ -76.284229007999954, 36.880569222000076 ], [ -76.284430464999957, 36.880559811000069 ], [ -76.284444116999964, 36.880559174000041 ], [ -76.284888946999956, 36.880538395000031 ], [ -76.284923278999941, 36.880538395000031 ], [ -76.284969026999988, 36.880538395000031 ], [ -76.285032946999934, 36.880538395000031 ], [ -76.285243876999971, 36.880537837000077 ], [ -76.285410946999946, 36.880537395000033 ], [ -76.285776947999977, 36.880527395000058 ], [ -76.285929520999957, 36.880523059000041 ], [ -76.286014231999957, 36.88052065200003 ], [ -76.286339947999977, 36.880511395000042 ], [ -76.286559264999937, 36.880499892000046 ], [ -76.286625947999937, 36.88049639500008 ], [ -76.286667786999942, 36.880494253000052 ], [ -76.28762194799998, 36.880445395000038 ], [ -76.28789167399998, 36.880427262000069 ], [ -76.287929254999938, 36.880424735000076 ], [ -76.287978947999989, 36.880421395000042 ], [ -76.288137948999974, 36.880409395000072 ], [ -76.288531947999957, 36.880388395000068 ], [ -76.290355947999956, 36.880290395000031 ], [ -76.290941303999944, 36.88025824500005 ], [ -76.291471435999938, 36.880229126000074 ], [ -76.291502948999948, 36.880227395000077 ], [ -76.291576082999939, 36.880223521000062 ], [ -76.291726365999978, 36.880215561000057 ], [ -76.291844627999978, 36.880209296000032 ], [ -76.292354265999961, 36.880182298000079 ], [ -76.292363684999941, 36.88018179900007 ], [ -76.292643834999978, 36.880166957000029 ], [ -76.292729948999977, 36.880162394000024 ], [ -76.292932411999971, 36.880149963000065 ], [ -76.292937278999943, 36.880149664000044 ], [ -76.29325608399995, 36.880130089000033 ], [ -76.293287496999938, 36.880128160000027 ], [ -76.293511368999987, 36.880114413000058 ], [ -76.293514976999973, 36.880114191000075 ], [ -76.293641948999948, 36.880106395000041 ], [ -76.293822346999946, 36.880097701000068 ], [ -76.294094729999983, 36.880084575000069 ], [ -76.294104647999973, 36.880084097000065 ], [ -76.294197322999935, 36.880079631000058 ], [ -76.294347672999947, 36.880072385000062 ], [ -76.294356934999939, 36.880071938000071 ], [ -76.294554949999963, 36.880062395000039 ], [ -76.294741370999986, 36.880045009000071 ], [ -76.294747949999987, 36.880044395000027 ], [ -76.294747509999979, 36.880058878000057 ], [ -76.294745174999946, 36.880135987000074 ], [ -76.294745109999951, 36.880138131000024 ], [ -76.294741883999961, 36.88024456800008 ], [ -76.294738608999978, 36.880352649000031 ], [ -76.294738348999942, 36.880361228000027 ], [ -76.294736949999958, 36.880407395000077 ], [ -76.294737949999956, 36.880536149000079 ], [ -76.294738239999958, 36.880573359000039 ], [ -76.294738638999945, 36.880624739000041 ], [ -76.294739320999952, 36.880712335000055 ], [ -76.294739952999976, 36.880793395000069 ], [ -76.294704131999936, 36.880794369000057 ], [ -76.294651962999978, 36.880795786000078 ], [ -76.294644878999975, 36.880795978000037 ], [ -76.29449318199994, 36.880800100000044 ], [ -76.294441362999976, 36.880801509000037 ], [ -76.294430072999944, 36.880801815000041 ], [ -76.294238759999985, 36.880807014000027 ], [ -76.294227565999961, 36.880807319000041 ], [ -76.29418794999998, 36.880808395000031 ], [ -76.294154731999981, 36.880806022000058 ], [ -76.294142377999947, 36.880805140000064 ], [ -76.294089949999943, 36.880801394000059 ], [ -76.294089130999964, 36.880808076000051 ], [ -76.294088472999988, 36.880813434000061 ], [ -76.29408798299994, 36.880817430000036 ], [ -76.294063454999957, 36.881017474000032 ], [ -76.29406258399996, 36.881024575000026 ], [ -76.294028956999966, 36.881298825000044 ], [ -76.294027632999985, 36.881309626000075 ], [ -76.293999949999943, 36.881535395000071 ], [ -76.293993714999942, 36.881586545000062 ], [ -76.293992376999938, 36.881597532000058 ], [ -76.293991931999983, 36.881601180000075 ], [ -76.293964874999972, 36.881823176000069 ], [ -76.293964204999952, 36.881828669000072 ], [ -76.293957451999972, 36.881884066000055 ], [ -76.293957130999956, 36.881886702000031 ], [ -76.293956994999974, 36.881887821000078 ], [ -76.293949570999985, 36.881948734000048 ], [ -76.293946674999972, 36.881972490000067 ], [ -76.293946655999946, 36.881972647000055 ], [ -76.293936331999987, 36.882057349000036 ], [ -76.29393569399997, 36.882062590000032 ], [ -76.293935352999938, 36.882065383000054 ], [ -76.293930369999941, 36.88210627400008 ], [ -76.293926465999959, 36.882138299000076 ], [ -76.293926331999955, 36.88213939700006 ], [ -76.293925461999947, 36.882146538000029 ], [ -76.293924557999958, 36.882153947000063 ], [ -76.29391824399994, 36.882205751000072 ], [ -76.293917715999953, 36.882210086000043 ], [ -76.293915508999987, 36.882228197000074 ], [ -76.293911948999948, 36.882257395000067 ], [ -76.293908415999965, 36.882287781000059 ], [ -76.293908253999973, 36.882289180000043 ], [ -76.293901429999949, 36.88234785800006 ], [ -76.293899000999943, 36.882368751000058 ], [ -76.293898408999951, 36.882373849000032 ], [ -76.293888743999958, 36.882456964000028 ], [ -76.293888562999939, 36.882458517000032 ], [ -76.293886689999965, 36.882474632000026 ], [ -76.293880095999953, 36.882531338000035 ], [ -76.293878833999941, 36.88254218700007 ], [ -76.293874427999981, 36.882580086000075 ], [ -76.293873217999987, 36.882590495000045 ], [ -76.293871273999969, 36.882607209000071 ], [ -76.29386980299995, 36.882619859000044 ], [ -76.293862009999941, 36.882686880000051 ], [ -76.293861534999962, 36.882690964000062 ], [ -76.293861475999961, 36.882691467000029 ], [ -76.293854540999973, 36.882751108000036 ], [ -76.293852396999966, 36.882769555000039 ], [ -76.293851423999968, 36.882777917000055 ], [ -76.293848973999957, 36.882798992000062 ], [ -76.293847006999954, 36.882815907000065 ], [ -76.29383090999994, 36.882954340000026 ], [ -76.293830587999935, 36.882957112000042 ], [ -76.293830371999945, 36.882958969000072 ], [ -76.293827314999987, 36.882985251000036 ], [ -76.293826949999982, 36.882988395000041 ], [ -76.293824957999959, 36.88300046300003 ], [ -76.293821754999954, 36.883019871000045 ], [ -76.293817286999968, 36.883046939000053 ], [ -76.293814166999937, 36.883065843000054 ], [ -76.293809948999979, 36.883091395000065 ], [ -76.293807820999973, 36.883103882000057 ], [ -76.293807586999947, 36.883105261000026 ], [ -76.293803681999975, 36.883128168000042 ], [ -76.293798951999975, 36.883155918000057 ], [ -76.293793387999983, 36.883188561000054 ], [ -76.29379193799997, 36.883197067000026 ], [ -76.293790907999949, 36.883203110000068 ], [ -76.293779949999987, 36.883267395000075 ], [ -76.293778938999935, 36.88327571800005 ], [ -76.293778603999954, 36.883278478000079 ], [ -76.293770412999947, 36.883345919000078 ], [ -76.293769918999942, 36.883349981000038 ], [ -76.293762123999954, 36.883414165000033 ], [ -76.293761581999945, 36.883418627000026 ], [ -76.293756372999951, 36.88346150700005 ], [ -76.293752925999968, 36.883489892000057 ], [ -76.293749558999934, 36.883517615000073 ], [ -76.293747874999951, 36.883531477000076 ], [ -76.293747776999965, 36.883532246000073 ], [ -76.293741250999972, 36.883586014000059 ], [ -76.293739915999936, 36.883597011000063 ], [ -76.293730713999935, 36.883672772000068 ], [ -76.293728805999933, 36.883688483000071 ], [ -76.293728019999946, 36.883694951000052 ], [ -76.293726911999954, 36.883704073000047 ], [ -76.293724930999986, 36.883720385000061 ], [ -76.293720281999981, 36.883758662000048 ], [ -76.293719949999968, 36.883761395000079 ], [ -76.293719419999945, 36.883763617000056 ], [ -76.293711440999971, 36.883797041000037 ], [ -76.293709846999946, 36.883803717000035 ], [ -76.293707402999985, 36.883813955000051 ], [ -76.293701152999972, 36.883840141000064 ], [ -76.293700852999962, 36.883841397000026 ], [ -76.293696586999943, 36.883859268000037 ], [ -76.293691093999939, 36.88388228000008 ], [ -76.293690352999988, 36.883885382000074 ], [ -76.293682949999948, 36.883916395000028 ], [ -76.293686088999948, 36.883917410000038 ], [ -76.293687252999973, 36.88391778600004 ], [ -76.293692292999935, 36.883919416000026 ], [ -76.293729595999935, 36.883931473000075 ], [ -76.293735801999958, 36.883933479000063 ], [ -76.293781949999982, 36.883948395000061 ], [ -76.293957586999966, 36.88400273600007 ], [ -76.29396294999998, 36.884004395000034 ], [ -76.293825789999971, 36.884472405000054 ], [ -76.29377943999998, 36.884630552000033 ], [ -76.293656504999944, 36.885050014000058 ], [ -76.293639438999946, 36.885108246000073 ], [ -76.293598949999989, 36.88524639600007 ], [ -76.293498563999947, 36.885589680000066 ], [ -76.293452530999957, 36.885747095000056 ], [ -76.293434132999948, 36.885810007000032 ], [ -76.293432678999977, 36.885814979000031 ], [ -76.29339728399998, 36.885936017000063 ], [ -76.293344914999977, 36.886115098000062 ], [ -76.293343949999951, 36.886118396000029 ], [ -76.293339323999987, 36.886124481000024 ], [ -76.293232949999947, 36.886264396000058 ], [ -76.293116532999989, 36.886332706000076 ], [ -76.293111949999968, 36.88633539600005 ], [ -76.293033080999976, 36.886382920000074 ], [ -76.292877949999934, 36.886476396000035 ], [ -76.292665949999957, 36.886603396000055 ], [ -76.292793679999988, 36.886581792000072 ], [ -76.29279592499995, 36.886579551000068 ], [ -76.29502856299996, 36.886512021000044 ], [ -76.298208945999988, 36.886408191000044 ], [ -76.302448509999977, 36.886223125000072 ], [ -76.302308436999965, 36.883385919000034 ], [ -76.311949170999981, 36.883065762000058 ], [ -76.312004074999948, 36.883063936000042 ], [ -76.312167830999954, 36.883058491000043 ], [ -76.312459955999941, 36.883043395000072 ], [ -76.312530146999961, 36.883039886000063 ], [ -76.312579955999979, 36.883037395000031 ], [ -76.312576234999938, 36.882966202000034 ], [ -76.312546856999973, 36.882404049000058 ], [ -76.312542955999959, 36.882329395000056 ], [ -76.312542751999956, 36.882325480000077 ], [ -76.312521955999955, 36.88192639500005 ], [ -76.312508954999942, 36.881685394000044 ], [ -76.312487906999934, 36.881293995000078 ], [ -76.312475467999946, 36.88106268000007 ], [ -76.31246695599998, 36.880904394000027 ], [ -76.312463416999947, 36.880837436000036 ], [ -76.312429954999971, 36.880204394000032 ], [ -76.312399378999942, 36.879733510000051 ], [ -76.312394954999945, 36.879665394000028 ], [ -76.312357955999971, 36.879390393000051 ], [ -76.312327954999944, 36.879341394000051 ], [ -76.312327547999985, 36.879340971000033 ], [ -76.312312464999934, 36.87932528400006 ], [ -76.31230295599994, 36.879315394000059 ], [ -76.311879954999938, 36.879333394000071 ], [ -76.311241803999962, 36.879361326000037 ], [ -76.31106744899995, 36.879368957000054 ], [ -76.310632808999969, 36.879384200000061 ], [ -76.310117882999975, 36.879402257000038 ], [ -76.310050091999983, 36.879403020000041 ], [ -76.310016953999934, 36.879403394000065 ], [ -76.309991954999987, 36.878992394000079 ], [ -76.309987469999953, 36.878883579000046 ], [ -76.309976954999968, 36.878628394000032 ], [ -76.309972954999978, 36.878539394000029 ], [ -76.309957954999959, 36.87819339400005 ], [ -76.309952954999972, 36.877868394000075 ], [ -76.309948954999982, 36.877636394000035 ], [ -76.309956954999961, 36.877529394000078 ], [ -76.30997595499997, 36.877445394000063 ], [ -76.310007045999953, 36.87736583700007 ], [ -76.310009954999941, 36.877358394000055 ], [ -76.310022953999976, 36.877306393000026 ], [ -76.310024268999939, 36.877270615000043 ], [ -76.310032953999951, 36.877034393000031 ], [ -76.310048954999957, 36.876957394000044 ], [ -76.310082954999984, 36.876884393000068 ], [ -76.310140954999952, 36.876842393000061 ], [ -76.310173692999967, 36.876826024000025 ], [ -76.310218954999982, 36.876803393000046 ], [ -76.31019004999996, 36.87678485400005 ], [ -76.309783953999954, 36.876524393000068 ], [ -76.308999953999944, 36.876020393000033 ], [ -76.308642954999982, 36.875801393000074 ], [ -76.308427953999967, 36.875728393000031 ], [ -76.308254953999949, 36.875648393000063 ], [ -76.308122412999978, 36.875593324000079 ], [ -76.30585855399994, 36.874937095000064 ], [ -76.305515079999964, 36.874837527000068 ], [ -76.305025952999983, 36.874711393000041 ], [ -76.302657298999975, 36.874086082000076 ], [ -76.302203951999957, 36.873966393000046 ], [ -76.301767951999977, 36.873831393000046 ], [ -76.301694950999945, 36.873810393000042 ], [ -76.300628008, 36.873507956000026 ], [ -76.299341950999974, 36.873143393000078 ], [ -76.297539950999976, 36.87263239300006 ], [ -76.296209347999934, 36.872262913000043 ], [ -76.296152017999987, 36.872246994000079 ], [ -76.296088119999979, 36.872229250000032 ], [ -76.295832949999976, 36.872158392000074 ], [ -76.295791071999986, 36.872146652000026 ], [ -76.295725948999973, 36.872128393000025 ], [ -76.295763696999984, 36.872010311000054 ], [ -76.295412255999963, 36.871908931000064 ], [ -76.288006176999943, 36.869772203000025 ], [ -76.285368755999968, 36.869010760000037 ], [ -76.285139546999972, 36.86894458200004 ], [ -76.284643790999951, 36.868801444000042 ], [ -76.284613945999979, 36.868871392000074 ], [ -76.283737945999974, 36.86863939300008 ], [ -76.283575945999985, 36.868596393000075 ], [ -76.283617033999974, 36.868504983000037 ], [ -76.283664945999988, 36.868398393000064 ], [ -76.283734945999981, 36.868229392000046 ], [ -76.283838655999944, 36.867935235000061 ], [ -76.283844945999988, 36.867917393000027 ], [ -76.284002945999987, 36.867442392000044 ], [ -76.284108945999947, 36.867168392000053 ], [ -76.284248945999934, 36.866822392000074 ], [ -76.284407946999977, 36.866446392000057 ], [ -76.284424186999956, 36.866408039000078 ], [ -76.284714946999941, 36.865721392000069 ], [ -76.285016946999974, 36.864995391000036 ], [ -76.285169499999938, 36.864626763000047 ], [ -76.285321945999954, 36.864258391000078 ], [ -76.285364878999985, 36.864154189000033 ], [ -76.285623945999987, 36.863525391000053 ], [ -76.285770578999973, 36.863181828000052 ], [ -76.285932945999946, 36.862801392000051 ], [ -76.286236945999974, 36.862085391000051 ], [ -76.286271771999964, 36.862003449000042 ], [ -76.286357231999943, 36.861802367000053 ], [ -76.286372946999961, 36.861765391000063 ], [ -76.286540946999935, 36.861337391000063 ], [ -76.286819946999969, 36.860611391000077 ], [ -76.286824252999963, 36.860600170000055 ], [ -76.286881751999942, 36.860450323000066 ], [ -76.286904308999965, 36.860391538000044 ], [ -76.287017946999981, 36.860095390000026 ], [ -76.287034549999987, 36.86004450400003 ], [ -76.287094946999957, 36.859859391000043 ], [ -76.287127884999961, 36.859749098000066 ], [ -76.287160946999961, 36.859638391000033 ], [ -76.28718794699995, 36.859499391000043 ], [ -76.287193942999977, 36.859446589000072 ], [ -76.287218946999985, 36.85922639000006 ], [ -76.287218946999985, 36.85901860000007 ], [ -76.287218945999939, 36.858991391000075 ], [ -76.287214945999949, 36.858892390000051 ], [ -76.287198946999979, 36.858728390000067 ], [ -76.287183443999936, 36.858643985000072 ], [ -76.287183437999943, 36.858643956000037 ], [ -76.28715415399995, 36.858498007000037 ], [ -76.287106945999938, 36.858313390000035 ], [ -76.287093648999985, 36.858273110000027 ], [ -76.287067499999978, 36.858193891000042 ], [ -76.287038945999939, 36.858107391000033 ], [ -76.286982186999978, 36.858101371000032 ], [ -76.286906945999988, 36.858093390000079 ], [ -76.286855946999935, 36.857982390000075 ], [ -76.286934006999957, 36.857991641000069 ], [ -76.286990946999936, 36.857998390000034 ], [ -76.286935945999971, 36.857884390000038 ], [ -76.28693506999997, 36.857882825000047 ], [ -76.286723368999958, 36.857504719000076 ], [ -76.286720945999946, 36.857500390000041 ], [ -76.286560651999935, 36.857227803000058 ], [ -76.286533945999963, 36.857182390000048 ], [ -76.286123945999975, 36.856511390000037 ], [ -76.286112107999941, 36.856556524000041 ], [ -76.286091945999942, 36.85663339000007 ], [ -76.285917036999933, 36.856350747000079 ], [ -76.285815945999957, 36.856187390000059 ], [ -76.285719945999972, 36.856010390000051 ], [ -76.285810468999955, 36.856024437000031 ], [ -76.285835946999953, 36.856028390000063 ], [ -76.285761212999944, 36.855875307000076 ], [ -76.285711944999946, 36.855774390000079 ], [ -76.28570018399995, 36.85574278100006 ], [ -76.28568919199995, 36.855713239000067 ], [ -76.285631945999967, 36.855559390000053 ], [ -76.285558137999942, 36.855321469000046 ], [ -76.285547809999969, 36.855288175000055 ], [ -76.285546945999954, 36.855285390000063 ], [ -76.285497945999964, 36.855082390000064 ], [ -76.285465945999988, 36.854896390000079 ], [ -76.285447448999946, 36.854747884000062 ], [ -76.285430945999963, 36.854615390000049 ], [ -76.285426945999973, 36.85447238900008 ], [ -76.285442945999989, 36.854176389000031 ], [ -76.285464945999934, 36.85399938900008 ], [ -76.285402110999939, 36.853990295000074 ], [ -76.285381676999975, 36.853987337000035 ], [ -76.285312944999987, 36.853977389000079 ], [ -76.28532200899997, 36.85391680400005 ], [ -76.285331945999985, 36.853850390000048 ], [ -76.28541746999997, 36.853859161000059 ], [ -76.285422895999943, 36.853859717000034 ], [ -76.285487945999989, 36.853866389000075 ], [ -76.285504430999936, 36.853758537000033 ], [ -76.285518365999962, 36.853667367000071 ], [ -76.285546944999965, 36.853480389000026 ], [ -76.285550002999969, 36.853442096000038 ], [ -76.285553221999976, 36.853401785000074 ], [ -76.285556396999937, 36.85336202600007 ], [ -76.285567945999958, 36.853217389000065 ], [ -76.285574326999949, 36.852977602000067 ], [ -76.285572971999954, 36.852904286000069 ], [ -76.285572401999957, 36.852889818000051 ], [ -76.28556694599996, 36.852751389000048 ], [ -76.285560385999986, 36.85267628400004 ], [ -76.285537944999987, 36.852419389000033 ], [ -76.285523945999955, 36.852335389000075 ], [ -76.28547926899995, 36.852101581000056 ], [ -76.285463945999936, 36.852021389000072 ], [ -76.285419761999947, 36.85184698300003 ], [ -76.285406945999966, 36.851796389000071 ], [ -76.285385733999988, 36.851728125000079 ], [ -76.285351944999945, 36.851619389000064 ], [ -76.285302944999955, 36.851479389000076 ], [ -76.28528408699998, 36.851430682000057 ], [ -76.285241688999974, 36.851321179000024 ], [ -76.285202333999962, 36.851219532000073 ], [ -76.285033952999981, 36.850784643000054 ], [ -76.284932278999975, 36.850522040000044 ], [ -76.284849945999952, 36.850309388000028 ], [ -76.284809866999979, 36.850207247000071 ], [ -76.284643944999971, 36.849784389000035 ], [ -76.284576944999969, 36.849592389000065 ], [ -76.284532944999967, 36.84942238800005 ], [ -76.284500944999934, 36.849245388000043 ], [ -76.284495828999979, 36.849178281000036 ], [ -76.284483945999966, 36.849022389000027 ], [ -76.284489667999935, 36.84887705400007 ], [ -76.284493944999952, 36.848768388000053 ], [ -76.284528568999974, 36.848540978000074 ], [ -76.284537945999944, 36.848479389000033 ], [ -76.284563945999935, 36.848378388000071 ], [ -76.284527779999962, 36.848361578000038 ], [ -76.284497740999939, 36.848347617000059 ], [ -76.284421944999963, 36.848312388000068 ], [ -76.284462944999973, 36.848186388000045 ], [ -76.284535945999949, 36.848215388000028 ], [ -76.28453946999997, 36.848216857000068 ], [ -76.284588216999964, 36.848237168000026 ], [ -76.284607944999948, 36.848245388000066 ], [ -76.28470933899996, 36.848010582000029 ], [ -76.284721944999944, 36.847981388000051 ], [ -76.284754947999943, 36.847922170000061 ], [ -76.284764909999978, 36.847904292000067 ], [ -76.284783196999967, 36.847871479000048 ], [ -76.284828945999948, 36.847789388000024 ], [ -76.284877261999952, 36.84771526000003 ], [ -76.284901945999934, 36.847677388000079 ], [ -76.285107945999982, 36.847412388000066 ], [ -76.285340369999972, 36.847128888000043 ], [ -76.285421944999939, 36.847029388000067 ], [ -76.28535504599995, 36.84700407400004 ], [ -76.285350072999961, 36.847002193000037 ], [ -76.285273944999972, 36.846973388000038 ], [ -76.285387945999958, 36.846843388000025 ], [ -76.285464141999967, 36.84686515900006 ], [ -76.285469425999963, 36.846866668000075 ], [ -76.285534944999938, 36.846885388000032 ], [ -76.285656610999979, 36.846733912000047 ], [ -76.285721940999963, 36.846652576000054 ], [ -76.285916172999976, 36.846410755000079 ], [ -76.286036945999967, 36.846260388000076 ], [ -76.286324944999933, 36.845904387000076 ], [ -76.286564945999942, 36.845618388000048 ], [ -76.286527727999953, 36.845596631000035 ], [ -76.286522573999946, 36.845593617000077 ], [ -76.286434944999939, 36.84554238700008 ], [ -76.286648781999986, 36.845289499000046 ], [ -76.286705594999944, 36.845222311000043 ], [ -76.286883944999943, 36.845011387000056 ], [ -76.286981075999961, 36.844896930000061 ], [ -76.287057958999981, 36.84480633000004 ], [ -76.287309945999937, 36.844509388000063 ], [ -76.287455087999945, 36.844351051000046 ], [ -76.287507945999948, 36.84429338800004 ], [ -76.287552945999948, 36.844219387000066 ], [ -76.287594945999956, 36.844129387000066 ], [ -76.287601945999938, 36.844106387000068 ], [ -76.287614770999937, 36.844033484000079 ], [ -76.287615014999972, 36.844032097000024 ], [ -76.287620944999958, 36.843998387000056 ], [ -76.286704046999944, 36.84377487200004 ], [ -76.286323729999935, 36.843682158000036 ], [ -76.286281461999977, 36.843671854000036 ], [ -76.285651944999984, 36.843518387000074 ], [ -76.28571694599998, 36.843390387000056 ], [ -76.285747945999958, 36.843315387000075 ], [ -76.285862944999963, 36.843122387000051 ], [ -76.285893944999941, 36.843063387000029 ], [ -76.285920197999985, 36.843012413000054 ], [ -76.285933522999983, 36.842986542000062 ], [ -76.285977461999948, 36.842901225000048 ], [ -76.286013944999979, 36.842830387000049 ], [ -76.286111944999959, 36.842604387000051 ], [ -76.286181701999965, 36.84241021400004 ], [ -76.286233821999986, 36.84226513200008 ], [ -76.286245944999962, 36.842231387000027 ], [ -76.286254354999983, 36.84220339400008 ], [ -76.286277176999988, 36.842127438000034 ], [ -76.286312945999953, 36.842008387000078 ], [ -76.286776955999983, 36.842098081000074 ], [ -76.287304915999982, 36.842200134000052 ], [ -76.288586546999966, 36.84244785900006 ], [ -76.291253946999973, 36.842963387000054 ], [ -76.291261660999965, 36.842964878000032 ], [ -76.293458766999947, 36.843389457000058 ], [ -76.295864948999963, 36.843854387000079 ], [ -76.296477832999983, 36.844589861000031 ], [ -76.296956143999978, 36.845163831000036 ], [ -76.297364948999984, 36.845654388000071 ], [ -76.297961949999944, 36.846419387000026 ], [ -76.298029949999943, 36.846506387000034 ], [ -76.299214418999952, 36.84802529500007 ], [ -76.299385434999976, 36.848244593000061 ], [ -76.300388949999956, 36.849531388000059 ], [ -76.301264950999951, 36.850654388000066 ], [ -76.30207824699994, 36.851166499000044 ], [ -76.303555264999943, 36.852096505000077 ], [ -76.303925981999953, 36.852329921000035 ], [ -76.305925834999982, 36.853589052000075 ], [ -76.306664951999949, 36.854054389000055 ], [ -76.308731655999964, 36.855404012000065 ], [ -76.312128958999949, 36.857622373000027 ], [ -76.313210998999978, 36.858328872000072 ], [ -76.313534954999966, 36.858540389000041 ], [ -76.313718311999935, 36.858659293000073 ], [ -76.313864954999985, 36.858754390000058 ], [ -76.316424078999944, 36.860214361000033 ], [ -76.317212955999935, 36.860664390000068 ], [ -76.319463889999952, 36.861949197000058 ], [ -76.32354646899995, 36.86427926500005 ], [ -76.326184155999954, 36.865784533000067 ], [ -76.32974014399997, 36.867813665000028 ], [ -76.330785959999957, 36.868410391000054 ], [ -76.334441059999961, 36.872445793000054 ], [ -76.335561675999941, 36.873682899000073 ], [ -76.336785962999954, 36.875034392000032 ], [ -76.336732961999985, 36.87515439200007 ], [ -76.336521709999943, 36.875631101000067 ], [ -76.336382862999983, 36.875944415000049 ], [ -76.335749857999986, 36.877372785000034 ], [ -76.335167378999984, 36.878687094000043 ], [ -76.335149962999935, 36.878726393000079 ], [ -76.334325283999988, 36.880587018000028 ], [ -76.333599961999937, 36.88222339400005 ], [ -76.333550589999959, 36.882334753000066 ], [ -76.332225961999939, 36.88532239400007 ], [ -76.332225865999987, 36.885322614000074 ], [ -76.331607961999964, 36.886737395000068 ], [ -76.331009961999939, 36.888106395000079 ], [ -76.330691186999957, 36.888752040000043 ], [ -76.330105310999954, 36.889938639000036 ], [ -76.329983811999966, 36.890184713000053 ], [ -76.328930269999944, 36.892318380000063 ], [ -76.328675960999988, 36.892833396000071 ], [ -76.328481960999966, 36.893226396000045 ], [ -76.331698740999968, 36.895421225000064 ], [ -76.331698925999945, 36.895421351000039 ], [ -76.333089961999974, 36.896370397000055 ], [ -76.333528913999942, 36.896669884000062 ], [ -76.335030341999982, 36.897694244000036 ], [ -76.338406084999974, 36.89999720000003 ], [ -76.340189319, 36.901213640000037 ], [ -76.340770964999933, 36.901610398000059 ], [ -76.340839880999965, 36.901791495000055 ], [ -76.341030436999972, 36.902292234000072 ], [ -76.341032440999982, 36.902297496000074 ], [ -76.34113612799996, 36.902569958000072 ], [ -76.341259623999974, 36.902894470000035 ], [ -76.341673311999955, 36.903981507000026 ], [ -76.341673477999962, 36.903981943000076 ], [ -76.342274965999934, 36.905562398000029 ], [ -76.342315267999936, 36.905794437000054 ], [ -76.342809312999975, 36.908638797000037 ], [ -76.343315837999967, 36.911554783000042 ], [ -76.343354704999967, 36.911778525000045 ], [ -76.343656764999935, 36.913517317000071 ], [ -76.344664967999961, 36.919320402000039 ], [ -76.345156051999936, 36.922148826000068 ], [ -76.34540574, 36.923586844000056 ], [ -76.345570968999937, 36.924538402000053 ] ] ] ] } },
{ "type": "Feature", "properties": { "OBJECTID": 4, "SUPWARD": 7, "SWARD_REP": "Carlos J Clanton", "WEBSITE": "https://www.norfolk.gov/6428/Carlos-J-Clanton", "created_user": "MSTRALE", "created_date": "2022-05-12T19:46:39Z", "last_edited_user": "CSIEMER", "last_edited_date": "2025-01-10T18:40:51Z", "SWARD_SBM": "Alfreda A Thomas", "WEBSITE_SBM": "https://www.npsk12.com/site/Default.aspx?PageID=10365", "SHAPE_Length": 0.81912248797537202, "SHAPE_Area": 0.0088665873281849675 }, "geometry": { "type": "MultiPolygon", "coordinates": [ [ [ [ -76.25765983499997, 36.82080643900008 ], [ -76.258939823999981, 36.821666773000061 ], [ -76.260607394999965, 36.822364148000077 ], [ -76.260810374999949, 36.822433957000044 ], [ -76.265983795999944, 36.824538104000055 ], [ -76.26826419799994, 36.825434536000046 ], [ -76.268378570999971, 36.825496465000072 ], [ -76.272111516999985, 36.827004699000042 ], [ -76.272415237999951, 36.827127404000066 ], [ -76.272415289999969, 36.827127715000074 ], [ -76.272495687999935, 36.827160218000074 ], [ -76.272534005999944, 36.827175709000073 ], [ -76.273441255999956, 36.827549865000037 ], [ -76.273504584999955, 36.82757461500006 ], [ -76.274006135999969, 36.827782820000039 ], [ -76.274240617999965, 36.827880158000028 ], [ -76.274245775999987, 36.827882526000053 ], [ -76.274470707999967, 36.827985802000057 ], [ -76.274602886999958, 36.828046880000045 ], [ -76.27462922999996, 36.828059052000071 ], [ -76.274817983999981, 36.828146273000073 ], [ -76.274818551999942, 36.828145512000049 ], [ -76.274819541999989, 36.828145966000079 ], [ -76.27486818899996, 36.82808080600006 ], [ -76.274867046999987, 36.828080554000053 ], [ -76.274924073999955, 36.828004170000042 ], [ -76.276422292999939, 36.825997311000037 ], [ -76.276568198999939, 36.825807801000053 ], [ -76.276847283999984, 36.825445312000056 ], [ -76.277079536999963, 36.825143647000061 ], [ -76.277030434999972, 36.82506991200006 ], [ -76.276994206999973, 36.825034588000051 ], [ -76.276817793999953, 36.824862580000058 ], [ -76.278071779999948, 36.824043539000058 ], [ -76.279094873999952, 36.823375283000075 ], [ -76.280232122999962, 36.822632439000074 ], [ -76.281964287999983, 36.822408976000077 ], [ -76.282279994999953, 36.822368243000028 ], [ -76.283411267999952, 36.822072222000031 ], [ -76.284252312999968, 36.821852136000075 ], [ -76.285662780999985, 36.82202348800007 ], [ -76.287160892999964, 36.821772084000031 ], [ -76.287291828999969, 36.821750110000039 ], [ -76.290253289999953, 36.821253071000058 ], [ -76.289963945999943, 36.822055383000077 ], [ -76.290225945999964, 36.822648383000057 ], [ -76.290481463999981, 36.823225795000042 ], [ -76.290672739999934, 36.823658026000032 ], [ -76.290671318999955, 36.823714690000031 ], [ -76.290717640999958, 36.823800773000073 ], [ -76.29082049699997, 36.823991913000043 ], [ -76.291476837999937, 36.825475014000062 ], [ -76.292937946999984, 36.828776384000037 ], [ -76.293136946999937, 36.829226384000037 ], [ -76.293209309999952, 36.829389806000052 ], [ -76.293607728999973, 36.830289578000077 ], [ -76.293767979999984, 36.830651475000025 ], [ -76.294340947999956, 36.83194538500004 ], [ -76.294454946999963, 36.832205385000066 ], [ -76.294544946999963, 36.832407384000078 ], [ -76.294719946999976, 36.832802384000047 ], [ -76.294722135999962, 36.832807346000038 ], [ -76.294963946999985, 36.833355385000061 ], [ -76.295243289999974, 36.835589199000026 ], [ -76.295263947999956, 36.835754386000076 ], [ -76.295046946999946, 36.837053385000047 ], [ -76.295019947999947, 36.83721338600003 ], [ -76.294963947999975, 36.837554386000079 ], [ -76.294476245999988, 36.840410310000038 ], [ -76.294415947999937, 36.840763386000049 ], [ -76.29426394799998, 36.841654386000073 ], [ -76.294553348999955, 36.842052075000026 ], [ -76.294724559999963, 36.842287347000024 ], [ -76.295864948999963, 36.843854387000079 ], [ -76.294642453999984, 36.843618179000032 ], [ -76.293458766999947, 36.843389457000058 ], [ -76.291261660999965, 36.842964878000032 ], [ -76.291253946999973, 36.842963387000054 ], [ -76.288586546999966, 36.84244785900006 ], [ -76.287304915999982, 36.842200134000052 ], [ -76.286776955999983, 36.842098081000074 ], [ -76.286312945999953, 36.842008387000078 ], [ -76.286311307999938, 36.842013838000071 ], [ -76.28631113299997, 36.84201442300008 ], [ -76.28631095999998, 36.842014996000046 ], [ -76.286305976999984, 36.842031586000076 ], [ -76.286300941999968, 36.842048340000076 ], [ -76.286277176999988, 36.842127438000034 ], [ -76.286254354999983, 36.84220339400008 ], [ -76.286250678999977, 36.84221563300008 ], [ -76.286245944999962, 36.842231387000027 ], [ -76.286233821999986, 36.84226513200008 ], [ -76.286230646999968, 36.842273971000054 ], [ -76.286195432999989, 36.842371992000039 ], [ -76.286181701999965, 36.84241021400004 ], [ -76.286133799999959, 36.842543552000052 ], [ -76.286125322999965, 36.842567148000057 ], [ -76.286111944999959, 36.842604387000051 ], [ -76.286104359999968, 36.842621879000035 ], [ -76.286067561999971, 36.842706738000061 ], [ -76.286013944999979, 36.842830387000049 ], [ -76.285977461999948, 36.842901225000048 ], [ -76.285970327999962, 36.842915076000054 ], [ -76.285942715999965, 36.842968689000031 ], [ -76.285933522999983, 36.842986542000062 ], [ -76.285920197999985, 36.843012413000054 ], [ -76.285893944999941, 36.843063387000029 ], [ -76.285862944999963, 36.843122387000051 ], [ -76.285827498999936, 36.843181873000049 ], [ -76.285807882999961, 36.843214796000041 ], [ -76.285782666999978, 36.843257115000029 ], [ -76.285782535999942, 36.843257335000033 ], [ -76.285781407999934, 36.843259228000079 ], [ -76.28577534599998, 36.843269401000043 ], [ -76.285758811999983, 36.843297151000058 ], [ -76.285747945999958, 36.843315387000075 ], [ -76.285737824999956, 36.843339874000037 ], [ -76.285733917999949, 36.84334932400003 ], [ -76.285720648999984, 36.843381428000043 ], [ -76.28571694599998, 36.843390387000056 ], [ -76.285716299999933, 36.843391659000076 ], [ -76.285695431999955, 36.843432752000069 ], [ -76.285694518999946, 36.84343455000004 ], [ -76.285687010999936, 36.843449335000059 ], [ -76.285670768999978, 36.84348132000008 ], [ -76.285668053999984, 36.843486667000036 ], [ -76.28566516099994, 36.843492363000053 ], [ -76.285662338999941, 36.843497920000061 ], [ -76.285656900999982, 36.843508627000062 ], [ -76.285654682999962, 36.843512995000026 ], [ -76.285651944999984, 36.843518387000074 ], [ -76.285669901999938, 36.843522765000046 ], [ -76.285676555999942, 36.843524387000059 ], [ -76.285687455999948, 36.843527044000041 ], [ -76.285783009999989, 36.843550339000046 ], [ -76.285797659999957, 36.843553910000026 ], [ -76.285936316999937, 36.84358771400008 ], [ -76.286281461999977, 36.843671854000036 ], [ -76.286323729999935, 36.843682158000036 ], [ -76.286704046999944, 36.84377487200004 ], [ -76.287067411999942, 36.843863451000061 ], [ -76.287428629999965, 36.843951506000053 ], [ -76.287522334999949, 36.843974348000074 ], [ -76.287559372999965, 36.843983377000029 ], [ -76.287609738999947, 36.843995655000072 ], [ -76.287620944999958, 36.843998387000056 ], [ -76.287615014999972, 36.844032097000024 ], [ -76.287614770999937, 36.844033484000079 ], [ -76.287614094999981, 36.844037329000059 ], [ -76.287613807999946, 36.844038953000052 ], [ -76.287611487999982, 36.844052144000045 ], [ -76.287606282999946, 36.844081731000074 ], [ -76.28760478099997, 36.844090268000059 ], [ -76.287601945999938, 36.844106387000068 ], [ -76.287594945999956, 36.844129387000066 ], [ -76.287594274999947, 36.844130824000047 ], [ -76.287591757999962, 36.844136220000053 ], [ -76.287572651999938, 36.844177161000061 ], [ -76.287569514999973, 36.844183882000038 ], [ -76.28756913999996, 36.844184688000041 ], [ -76.287552945999948, 36.844219387000066 ], [ -76.287552919999939, 36.844219430000066 ], [ -76.287543888999949, 36.844234283000048 ], [ -76.287521833999961, 36.844270548000054 ], [ -76.287517309999942, 36.84427799000008 ], [ -76.287507945999948, 36.84429338800004 ], [ -76.287480710999944, 36.844323099000064 ], [ -76.287480366999944, 36.844323473000031 ], [ -76.287462267999956, 36.844343218000063 ], [ -76.287455087999945, 36.844351051000046 ], [ -76.287309945999937, 36.844509388000063 ], [ -76.287234165999962, 36.844598688000076 ], [ -76.287231701999985, 36.844601591000071 ], [ -76.287228212999935, 36.84460570300007 ], [ -76.287223429999983, 36.844611339000039 ], [ -76.287199969999961, 36.844638984000028 ], [ -76.287198773999989, 36.844640393000077 ], [ -76.287072980999937, 36.84478862800006 ], [ -76.287067404999959, 36.844795200000078 ], [ -76.287057958999981, 36.84480633000004 ], [ -76.286981075999961, 36.844896930000061 ], [ -76.286883944999943, 36.845011387000056 ], [ -76.286857147999967, 36.84504307900005 ], [ -76.286705594999944, 36.845222311000043 ], [ -76.286648781999986, 36.845289499000046 ], [ -76.286525263999977, 36.845435575000067 ], [ -76.286434944999939, 36.84554238700008 ], [ -76.286472222999976, 36.845564180000054 ], [ -76.286475510999935, 36.845566102000078 ], [ -76.286522573999946, 36.845593617000077 ], [ -76.286527727999953, 36.845596631000035 ], [ -76.286564945999942, 36.845618388000048 ], [ -76.286552664999988, 36.845633021000026 ], [ -76.286473022999985, 36.845727929000077 ], [ -76.286456341999951, 36.845747808000056 ], [ -76.286417366999956, 36.845794253000065 ], [ -76.286389045999954, 36.845828001000029 ], [ -76.286350775999949, 36.845873606000055 ], [ -76.286335211999983, 36.845892154000069 ], [ -76.286329485999943, 36.845898975000068 ], [ -76.286324944999933, 36.845904387000076 ], [ -76.286303682999971, 36.84593067000003 ], [ -76.286298688999977, 36.845936843000061 ], [ -76.286287189999939, 36.845951057000036 ], [ -76.286072790999981, 36.846216079000044 ], [ -76.286036945999967, 36.846260388000076 ], [ -76.285948265999934, 36.846370797000077 ], [ -76.285935251999945, 36.846387 ], [ -76.285916172999976, 36.846410755000079 ], [ -76.285721940999963, 36.846652576000054 ], [ -76.285664736999934, 36.846723796000049 ], [ -76.285656610999979, 36.846733912000047 ], [ -76.285588068999971, 36.846819248000031 ], [ -76.285559749999948, 36.846854505000067 ], [ -76.285556745999941, 36.846858246000068 ], [ -76.28554887699994, 36.846868043000029 ], [ -76.28553950099996, 36.846879715000057 ], [ -76.285534944999938, 36.846885388000032 ], [ -76.285534577999954, 36.846885282000073 ], [ -76.285506299999952, 36.846877204000066 ], [ -76.285488959999952, 36.846872249000057 ], [ -76.285469425999963, 36.846866668000075 ], [ -76.285464141999967, 36.84686515900006 ], [ -76.285444588999951, 36.846859572000028 ], [ -76.285431369999969, 36.846855795000067 ], [ -76.285387945999958, 36.846843388000025 ], [ -76.285387861999936, 36.846843483000043 ], [ -76.285373491999962, 36.84685987000006 ], [ -76.285366723999971, 36.846867589000055 ], [ -76.28534028699994, 36.846897736000074 ], [ -76.28533650199995, 36.846902052000075 ], [ -76.285312527999963, 36.846929390000071 ], [ -76.285309241999983, 36.846933138000054 ], [ -76.285304245999953, 36.846938834000071 ], [ -76.285273944999972, 36.846973388000038 ], [ -76.285294244999989, 36.846981069000037 ], [ -76.28529696399994, 36.84698209700008 ], [ -76.285336156999961, 36.846996927000077 ], [ -76.285350072999961, 36.847002193000037 ], [ -76.28535504599995, 36.84700407400004 ], [ -76.285359488999973, 36.847005756000044 ], [ -76.28538879499996, 36.847016845000041 ], [ -76.285402880999982, 36.847022175000063 ], [ -76.285421944999939, 36.847029388000067 ], [ -76.285405227999945, 36.847049780000077 ], [ -76.285397794999938, 36.84705884400006 ], [ -76.285384489999956, 36.847075073000042 ], [ -76.285378933999937, 36.847081851000041 ], [ -76.285375666999983, 36.847085836000076 ], [ -76.285357641999951, 36.847107820000076 ], [ -76.285340369999972, 36.847128888000043 ], [ -76.285326509999948, 36.847145794000028 ], [ -76.285247151999954, 36.847242593000033 ], [ -76.285180714999967, 36.847323627000037 ], [ -76.285107945999982, 36.847412388000066 ], [ -76.285090146999949, 36.847435285000074 ], [ -76.284901945999934, 36.847677388000079 ], [ -76.284877261999952, 36.84771526000003 ], [ -76.284828945999948, 36.847789388000024 ], [ -76.284819979999952, 36.847805476000076 ], [ -76.284783196999967, 36.847871479000048 ], [ -76.284764909999978, 36.847904292000067 ], [ -76.284759808, 36.847913449000032 ], [ -76.284754947999943, 36.847922170000061 ], [ -76.284742004999941, 36.847945394000078 ], [ -76.284721944999944, 36.847981388000051 ], [ -76.28470933899996, 36.848010582000029 ], [ -76.284684442999946, 36.848068236000074 ], [ -76.28467980399995, 36.848078979000036 ], [ -76.284621160999961, 36.848214785000039 ], [ -76.284616400999937, 36.848225809000041 ], [ -76.284610614999963, 36.848239208000052 ], [ -76.284609683999975, 36.848241362000067 ], [ -76.284607944999948, 36.848245388000066 ], [ -76.284607564999988, 36.848245230000032 ], [ -76.284602372999984, 36.848243067000055 ], [ -76.28460066699995, 36.848242356000071 ], [ -76.28459634099994, 36.848240553000039 ], [ -76.284588216999964, 36.848237168000026 ], [ -76.28453946999997, 36.848216857000068 ], [ -76.284535945999949, 36.848215388000028 ], [ -76.284533322999948, 36.848214347000066 ], [ -76.28452950999997, 36.848212832000058 ], [ -76.284524815999987, 36.848210967000057 ], [ -76.284509989999947, 36.848205078000035 ], [ -76.284482996999941, 36.848194354000043 ], [ -76.284471569999937, 36.848189815000069 ], [ -76.284462944999973, 36.848186388000045 ], [ -76.284462896999969, 36.848186537000061 ], [ -76.284447493999949, 36.848233869000069 ], [ -76.284442699999943, 36.848248603000059 ], [ -76.284434189999956, 36.84827475700007 ], [ -76.284423730999947, 36.848306896000054 ], [ -76.284421944999963, 36.848312388000068 ], [ -76.284487725999952, 36.848342962000061 ], [ -76.284490396999956, 36.848344203000067 ], [ -76.284497740999939, 36.848347617000059 ], [ -76.284512467999946, 36.848354462000032 ], [ -76.284527779999962, 36.848361578000038 ], [ -76.284563945999935, 36.848378388000071 ], [ -76.28456194599994, 36.848386156000061 ], [ -76.284555367999985, 36.848411709000061 ], [ -76.28455519399995, 36.848412387000053 ], [ -76.284538667999982, 36.848476580000067 ], [ -76.284537945999944, 36.848479389000033 ], [ -76.284533716999988, 36.848507161000043 ], [ -76.284528568999974, 36.848540978000074 ], [ -76.284517510999933, 36.848613610000029 ], [ -76.284513420999986, 36.848640472000056 ], [ -76.28449750599998, 36.84874499600005 ], [ -76.284494247999987, 36.848766401000034 ], [ -76.284493944999952, 36.848768388000053 ], [ -76.284489812999936, 36.848873336000054 ], [ -76.284489667999935, 36.84887705400007 ], [ -76.284488304999968, 36.848911653000073 ], [ -76.284484289999966, 36.849013641000056 ], [ -76.284483966999971, 36.84902184300006 ], [ -76.284483945999966, 36.849022389000027 ], [ -76.284485613999948, 36.849044268000057 ], [ -76.284494996999967, 36.849167368000053 ], [ -76.284495828999979, 36.849178281000036 ], [ -76.284495939999942, 36.849179741000057 ], [ -76.284500944999934, 36.849245388000043 ], [ -76.284532944999967, 36.84942238800005 ], [ -76.284576944999969, 36.849592389000065 ], [ -76.284643944999971, 36.849784389000035 ], [ -76.284671776999971, 36.849855320000074 ], [ -76.284773326999982, 36.850114123000026 ], [ -76.284809866999979, 36.850207247000071 ], [ -76.284836664999943, 36.850275544000056 ], [ -76.284849945999952, 36.850309388000028 ], [ -76.284932278999975, 36.850522040000044 ], [ -76.284965290999935, 36.850607302000071 ], [ -76.285001558999966, 36.850700978000077 ], [ -76.285013579999941, 36.85073202500007 ], [ -76.285018932999947, 36.850745848000031 ], [ -76.285033952999981, 36.850784643000054 ], [ -76.285041483999976, 36.850804095000058 ], [ -76.285144167999988, 36.851069304000077 ], [ -76.285202333999962, 36.851219532000073 ], [ -76.285241688999974, 36.851321179000024 ], [ -76.285274160999961, 36.851405046000025 ], [ -76.28528408699998, 36.851430682000057 ], [ -76.285302944999955, 36.851479389000076 ], [ -76.285351944999945, 36.851619389000064 ], [ -76.285385733999988, 36.851728125000079 ], [ -76.285406945999966, 36.851796389000071 ], [ -76.285419761999947, 36.85184698300003 ], [ -76.285434872999986, 36.851906628000052 ], [ -76.285463945999936, 36.852021389000072 ], [ -76.28547926899995, 36.852101581000056 ], [ -76.28551222599998, 36.852274051000052 ], [ -76.285523945999955, 36.852335389000075 ], [ -76.285537944999987, 36.852419389000033 ], [ -76.285560385999986, 36.85267628400004 ], [ -76.28556694599996, 36.852751389000048 ], [ -76.285572401999957, 36.852889818000051 ], [ -76.285572971999954, 36.852904286000069 ], [ -76.28557494599994, 36.852954390000036 ], [ -76.285574326999949, 36.852977602000067 ], [ -76.285573767999949, 36.852998655000079 ], [ -76.285569501999987, 36.853158905000043 ], [ -76.285568728999976, 36.853187951000052 ], [ -76.285567945999958, 36.853217389000065 ], [ -76.285556396999937, 36.85336202600007 ], [ -76.285553221999976, 36.853401785000074 ], [ -76.285550002999969, 36.853442096000038 ], [ -76.285546944999965, 36.853480389000026 ], [ -76.285520774999952, 36.853651611000032 ], [ -76.285518365999962, 36.853667367000071 ], [ -76.285507085999939, 36.853741167000067 ], [ -76.285506300999941, 36.853746304000026 ], [ -76.285505826999952, 36.853749404000041 ], [ -76.285504430999936, 36.853758537000033 ], [ -76.285492778999981, 36.853834766000034 ], [ -76.28549166199997, 36.853842084000064 ], [ -76.285487945999989, 36.853866389000075 ], [ -76.285487506999971, 36.853866344000039 ], [ -76.285487056999955, 36.853866298000071 ], [ -76.285483601999942, 36.853865944000063 ], [ -76.285481659999959, 36.853865744000075 ], [ -76.285479793999968, 36.853865553000048 ], [ -76.285479317999943, 36.853865504000055 ], [ -76.285478234999971, 36.853865393000035 ], [ -76.285476926999934, 36.853865259000031 ], [ -76.285476322999955, 36.853865197000061 ], [ -76.285474870999963, 36.853865048000046 ], [ -76.285473964999937, 36.853864956000052 ], [ -76.285470910999948, 36.853864642000076 ], [ -76.285466794999934, 36.853864220000048 ], [ -76.285461735999945, 36.85386370100008 ], [ -76.285455078999973, 36.853863018000027 ], [ -76.285448859999974, 36.853862380000066 ], [ -76.285436638999954, 36.853861127000073 ], [ -76.28543482799995, 36.85386094100005 ], [ -76.285426516999962, 36.853860089000079 ], [ -76.285422895999943, 36.853859717000034 ], [ -76.28541746999997, 36.853859161000059 ], [ -76.285410411999976, 36.853858437000042 ], [ -76.285378407999985, 36.853855155000076 ], [ -76.285331945999985, 36.853850390000048 ], [ -76.285331939999935, 36.853850426000065 ], [ -76.285330277999947, 36.853861539000036 ], [ -76.285328720999985, 36.853871943000058 ], [ -76.28532200899997, 36.85391680400005 ], [ -76.285321923999959, 36.853917378000062 ], [ -76.285321858999964, 36.853917814000056 ], [ -76.285315240999978, 36.853962051000053 ], [ -76.285312944999987, 36.853977389000079 ], [ -76.285381676999975, 36.853987337000035 ], [ -76.285402110999939, 36.853990295000074 ], [ -76.285464945999934, 36.85399938900008 ], [ -76.285442945999989, 36.854176389000031 ], [ -76.285426945999973, 36.85447238900008 ], [ -76.285430945999963, 36.854615390000049 ], [ -76.285447448999946, 36.854747884000062 ], [ -76.285465945999988, 36.854896390000079 ], [ -76.285497945999964, 36.855082390000064 ], [ -76.285546945999954, 36.855285390000063 ], [ -76.285558137999942, 36.855321469000046 ], [ -76.285631945999967, 36.855559390000053 ], [ -76.28570018399995, 36.85574278100006 ], [ -76.285711944999946, 36.855774390000079 ], [ -76.285835946999953, 36.856028390000063 ], [ -76.285810468999955, 36.856024437000031 ], [ -76.285719945999972, 36.856010390000051 ], [ -76.285815945999957, 36.856187390000059 ], [ -76.285917036999933, 36.856350747000079 ], [ -76.286091945999942, 36.85663339000007 ], [ -76.286112107999941, 36.856556524000041 ], [ -76.286123945999975, 36.856511390000037 ], [ -76.286533945999963, 36.857182390000048 ], [ -76.286720945999946, 36.857500390000041 ], [ -76.286723368999958, 36.857504719000076 ], [ -76.286935945999971, 36.857884390000038 ], [ -76.286990946999936, 36.857998390000034 ], [ -76.286934006999957, 36.857991641000069 ], [ -76.286855946999935, 36.857982390000075 ], [ -76.286906945999988, 36.858093390000079 ], [ -76.286982186999978, 36.858101371000032 ], [ -76.287038945999939, 36.858107391000033 ], [ -76.287067499999978, 36.858193891000042 ], [ -76.287106945999938, 36.858313390000035 ], [ -76.28715415399995, 36.858498007000037 ], [ -76.287183443999936, 36.858643985000072 ], [ -76.287198946999979, 36.858728390000067 ], [ -76.287214945999949, 36.858892390000051 ], [ -76.287218945999939, 36.858991391000075 ], [ -76.287218946999985, 36.85922639000006 ], [ -76.287193942999977, 36.859446589000072 ], [ -76.28718794699995, 36.859499391000043 ], [ -76.287160946999961, 36.859638391000033 ], [ -76.287094946999957, 36.859859391000043 ], [ -76.287034549999987, 36.86004450400003 ], [ -76.287017946999981, 36.860095390000026 ], [ -76.286904308999965, 36.860391538000044 ], [ -76.286824252999963, 36.860600170000055 ], [ -76.286819946999969, 36.860611391000077 ], [ -76.286570310999934, 36.861260983000079 ], [ -76.286540946999935, 36.861337391000063 ], [ -76.286372946999961, 36.861765391000063 ], [ -76.286357231999943, 36.861802367000053 ], [ -76.286296358999948, 36.861945596000055 ], [ -76.286271771999964, 36.862003449000042 ], [ -76.286236945999974, 36.862085391000051 ], [ -76.286225209999941, 36.862113032000025 ], [ -76.286077230999979, 36.862461565000046 ], [ -76.285758318999967, 36.863210551000066 ], [ -76.285623945999987, 36.863525391000053 ], [ -76.285364878999985, 36.864154189000033 ], [ -76.285321945999954, 36.864258391000078 ], [ -76.285176724999985, 36.864609304000055 ], [ -76.285169499999938, 36.864626763000047 ], [ -76.285016946999974, 36.864995391000036 ], [ -76.284853262999945, 36.865388885000073 ], [ -76.284714946999941, 36.865721392000069 ], [ -76.284688608999943, 36.865783591000024 ], [ -76.284434229999988, 36.866384321000055 ], [ -76.284424186999956, 36.866408039000078 ], [ -76.284407946999977, 36.866446392000057 ], [ -76.28436232699994, 36.86655427200003 ], [ -76.284330445999956, 36.866629665000062 ], [ -76.284248945999934, 36.866822392000074 ], [ -76.284220509999955, 36.866892670000027 ], [ -76.284108945999947, 36.867168392000053 ], [ -76.284086638999952, 36.867226053000024 ], [ -76.284002945999987, 36.867442392000044 ], [ -76.283956544999967, 36.867581887000028 ], [ -76.283908359999941, 36.867726749000042 ], [ -76.283844945999988, 36.867917393000027 ], [ -76.283838655999944, 36.867935235000061 ], [ -76.283734945999981, 36.868229392000046 ], [ -76.283689600999935, 36.868338867000034 ], [ -76.283664945999988, 36.868398393000064 ], [ -76.283617033999974, 36.868504983000037 ], [ -76.283591504999947, 36.868561779000061 ], [ -76.283575945999985, 36.868596393000075 ], [ -76.283737945999974, 36.86863939300008 ], [ -76.284613945999979, 36.868871392000074 ], [ -76.284643790999951, 36.868801444000042 ], [ -76.285139546999972, 36.86894458200004 ], [ -76.286172380999972, 36.869242780000036 ], [ -76.288006176999943, 36.869772203000025 ], [ -76.295763696999984, 36.872010311000054 ], [ -76.295725948999973, 36.872128393000025 ], [ -76.295791071999986, 36.872146652000026 ], [ -76.295832949999976, 36.872158392000074 ], [ -76.296088119999979, 36.872229250000032 ], [ -76.296152017999987, 36.872246994000079 ], [ -76.296209347999934, 36.872262913000043 ], [ -76.296765033999975, 36.872417218000066 ], [ -76.296916848999956, 36.872459373000027 ], [ -76.297539950999976, 36.87263239300006 ], [ -76.297694436999961, 36.872676203000026 ], [ -76.298769049999976, 36.872980937000079 ], [ -76.299341950999974, 36.873143393000078 ], [ -76.300628008, 36.873507956000026 ], [ -76.301168564999955, 36.873661184000071 ], [ -76.301488486999972, 36.873751869000046 ], [ -76.301694950999945, 36.873810393000042 ], [ -76.301767951999977, 36.873831393000046 ], [ -76.302203951999957, 36.873966393000046 ], [ -76.302657298999975, 36.874086082000076 ], [ -76.304685056999972, 36.874621402000059 ], [ -76.305025952999983, 36.874711393000041 ], [ -76.305515078999974, 36.874837526000078 ], [ -76.30585855399994, 36.874937095000064 ], [ -76.308122412999978, 36.875593324000079 ], [ -76.308254953999949, 36.875648393000063 ], [ -76.308427953999967, 36.875728393000031 ], [ -76.308642954999982, 36.875801393000074 ], [ -76.308999953999944, 36.876020393000033 ], [ -76.309517190999941, 36.876352903000054 ], [ -76.309783953999954, 36.876524393000068 ], [ -76.31019004999996, 36.87678485400005 ], [ -76.310218954999982, 36.876803393000046 ], [ -76.310173692999967, 36.876826024000025 ], [ -76.310140954999952, 36.876842393000061 ], [ -76.310082954999984, 36.876884393000068 ], [ -76.310048954999957, 36.876957394000044 ], [ -76.310032953999951, 36.877034393000031 ], [ -76.310024268999939, 36.877270615000043 ], [ -76.310020691999966, 36.877290394000056 ], [ -76.310007045999953, 36.87736583700007 ], [ -76.30997595499997, 36.877445394000063 ], [ -76.309956954999961, 36.877529394000078 ], [ -76.309948954999982, 36.877636394000035 ], [ -76.309952954999972, 36.877868394000075 ], [ -76.309957954999959, 36.87819339400005 ], [ -76.30996334799994, 36.878317793000065 ], [ -76.309972954999978, 36.878539394000029 ], [ -76.309976954999968, 36.878628394000032 ], [ -76.309984851999957, 36.878820045000055 ], [ -76.309987469999953, 36.878883579000046 ], [ -76.309991954999987, 36.878992394000079 ], [ -76.310002612999938, 36.879167602000052 ], [ -76.310007606999989, 36.879249720000075 ], [ -76.310007837999933, 36.879253520000077 ], [ -76.310016953999934, 36.879403394000065 ], [ -76.310050091999983, 36.879403020000041 ], [ -76.310117882999975, 36.879402257000038 ], [ -76.310632808999969, 36.879384200000061 ], [ -76.31106744899995, 36.879368957000054 ], [ -76.311241803999962, 36.879361326000037 ], [ -76.311537206999958, 36.879348397000058 ], [ -76.311879954999938, 36.879333394000071 ], [ -76.311897213999941, 36.879332660000046 ], [ -76.31230295599994, 36.879315394000059 ], [ -76.312312464999934, 36.87932528400006 ], [ -76.312327547999985, 36.879340971000033 ], [ -76.312327954999944, 36.879341394000051 ], [ -76.312357955999971, 36.879390393000051 ], [ -76.312394954999945, 36.879665394000028 ], [ -76.312399378999942, 36.879733510000051 ], [ -76.312403084999971, 36.87979057900003 ], [ -76.312429954999971, 36.880204394000032 ], [ -76.31243176199996, 36.880238586000075 ], [ -76.312463416999947, 36.880837436000036 ], [ -76.31246695599998, 36.880904394000027 ], [ -76.312475467999946, 36.88106268000007 ], [ -76.312487906999934, 36.881293995000078 ], [ -76.312506381999981, 36.881637553000076 ], [ -76.312536282999986, 36.882201351000049 ], [ -76.312542751999956, 36.882325480000077 ], [ -76.312542955999959, 36.882329395000056 ], [ -76.312546856999973, 36.882404049000058 ], [ -76.312576234999938, 36.882966202000034 ], [ -76.312579955999979, 36.883037395000031 ], [ -76.312530146999961, 36.883039886000063 ], [ -76.312459955999941, 36.883043395000072 ], [ -76.312167830999954, 36.883058491000043 ], [ -76.312072954999962, 36.883063395000079 ], [ -76.311949170999981, 36.883065762000058 ], [ -76.302308436999965, 36.883385919000034 ], [ -76.302448509999977, 36.886223125000072 ], [ -76.298212702999933, 36.886396585000057 ], [ -76.296377523999979, 36.886463835000029 ], [ -76.29502856299996, 36.886512021000044 ], [ -76.292803448999962, 36.886580140000035 ], [ -76.292804433999947, 36.886579294000057 ], [ -76.29279592499995, 36.886579551000068 ], [ -76.292793679999988, 36.886581792000072 ], [ -76.292665949999957, 36.886603396000055 ], [ -76.292877949999934, 36.886476396000035 ], [ -76.293033080999976, 36.886382920000074 ], [ -76.293111949999968, 36.88633539600005 ], [ -76.293116532999989, 36.886332706000076 ], [ -76.293232949999947, 36.886264396000058 ], [ -76.293339323999987, 36.886124481000024 ], [ -76.293343949999951, 36.886118396000029 ], [ -76.293344914999977, 36.886115098000062 ], [ -76.293432678999977, 36.885814979000031 ], [ -76.293434132999948, 36.885810008000078 ], [ -76.293452530999957, 36.885747095000056 ], [ -76.293498563999947, 36.885589680000066 ], [ -76.293598949999989, 36.88524639600007 ], [ -76.29377943999998, 36.884630552000033 ], [ -76.293825789999971, 36.884472405000054 ], [ -76.29396294999998, 36.884004395000034 ], [ -76.293957586999966, 36.88400273600007 ], [ -76.293781949999982, 36.883948395000061 ], [ -76.293735801999958, 36.883933479000063 ], [ -76.293729595999935, 36.883931473000075 ], [ -76.293692292999935, 36.883919416000026 ], [ -76.293687252999973, 36.88391778600004 ], [ -76.293686088999948, 36.883917410000038 ], [ -76.293682949999948, 36.883916395000028 ], [ -76.293690352999988, 36.883885382000074 ], [ -76.293691093999939, 36.88388228000008 ], [ -76.293696586999943, 36.883859268000037 ], [ -76.293700852999962, 36.883841397000026 ], [ -76.293701152999972, 36.883840141000064 ], [ -76.293707402999985, 36.883813955000051 ], [ -76.293709846999946, 36.883803717000035 ], [ -76.293711440999971, 36.883797041000037 ], [ -76.293719419999945, 36.883763617000056 ], [ -76.293719949999968, 36.883761395000079 ], [ -76.293720281999981, 36.883758662000048 ], [ -76.293724398999984, 36.883724767000047 ], [ -76.293726911999954, 36.883704073000047 ], [ -76.293728019999946, 36.883694951000052 ], [ -76.293728805999933, 36.883688483000071 ], [ -76.293730713999935, 36.883672772000068 ], [ -76.293739915999936, 36.883597011000063 ], [ -76.293741250999972, 36.883586014000059 ], [ -76.29374695599995, 36.883539035000069 ], [ -76.293747773999939, 36.883532245000026 ], [ -76.293747874999951, 36.883531477000076 ], [ -76.293749558999934, 36.883517615000073 ], [ -76.293752925999968, 36.883489892000057 ], [ -76.293756372999951, 36.88346150700005 ], [ -76.293761581999945, 36.883418627000026 ], [ -76.293762123999954, 36.883414165000033 ], [ -76.293769918999942, 36.883349981000038 ], [ -76.293770412999947, 36.883345919000078 ], [ -76.293772845999968, 36.88332588600008 ], [ -76.293775416999949, 36.88330471900008 ], [ -76.293778603999954, 36.883278478000079 ], [ -76.293778938999935, 36.88327571800005 ], [ -76.293779949999987, 36.883267395000075 ], [ -76.293790907999949, 36.883203110000068 ], [ -76.29379193799997, 36.883197067000026 ], [ -76.293793387999983, 36.883188561000054 ], [ -76.293793470999958, 36.883188074000032 ], [ -76.293798951999975, 36.883155918000057 ], [ -76.293803681999975, 36.883128168000042 ], [ -76.293807586999947, 36.883105261000026 ], [ -76.293807820999973, 36.883103882000057 ], [ -76.293808272999968, 36.883101233000048 ], [ -76.293808361999936, 36.883100710000065 ], [ -76.293811614999981, 36.883081301000061 ], [ -76.293814166999937, 36.883065843000054 ], [ -76.293817286999968, 36.883046939000053 ], [ -76.293821754999954, 36.883019871000045 ], [ -76.293823963999955, 36.88300649100006 ], [ -76.293824058999974, 36.883005910000065 ], [ -76.293824363999988, 36.883004066000069 ], [ -76.293824957999959, 36.88300046300003 ], [ -76.293826949999982, 36.882988395000041 ], [ -76.293827314999987, 36.882985251000036 ], [ -76.293830371999945, 36.882958969000072 ], [ -76.293830587999935, 36.882957112000042 ], [ -76.29383090999994, 36.882954340000026 ], [ -76.293832248999934, 36.882942827000079 ], [ -76.293832626999972, 36.882939571000065 ], [ -76.29384179799996, 36.882860703000063 ], [ -76.293842224999935, 36.882857039000044 ], [ -76.293842276999953, 36.882856588000038 ], [ -76.293842405999953, 36.882855476000032 ], [ -76.293848973999957, 36.882798992000062 ], [ -76.293851423999968, 36.882777917000055 ], [ -76.293852396999966, 36.882769555000039 ], [ -76.293861534999962, 36.882690964000062 ], [ -76.293862009999941, 36.882686880000051 ], [ -76.29386980299995, 36.882619859000044 ], [ -76.293871273999969, 36.882607209000071 ], [ -76.293873217999987, 36.882590495000045 ], [ -76.293878833999941, 36.88254218700007 ], [ -76.293880095999953, 36.882531338000035 ], [ -76.293888562999939, 36.882458517000032 ], [ -76.293888743999958, 36.882456964000028 ], [ -76.293898408999951, 36.882373849000032 ], [ -76.293899000999943, 36.882368751000058 ], [ -76.293908253999973, 36.882289180000043 ], [ -76.293908415999965, 36.882287781000059 ], [ -76.293911948999948, 36.882257395000067 ], [ -76.293917715999953, 36.882210086000043 ], [ -76.29391824399994, 36.882205751000072 ], [ -76.293924734999962, 36.88215249700005 ], [ -76.293925461999947, 36.882146538000029 ], [ -76.293926331999955, 36.88213939700006 ], [ -76.293926465999959, 36.882138299000076 ], [ -76.293928062999953, 36.882125191000057 ], [ -76.293930369999941, 36.88210627400008 ], [ -76.293934988999979, 36.882068375000074 ], [ -76.293935352999938, 36.882065383000054 ], [ -76.29393569399997, 36.882062590000032 ], [ -76.293936331999987, 36.882057349000036 ], [ -76.293946655999946, 36.881972647000055 ], [ -76.293946674999972, 36.881972490000067 ], [ -76.293949570999985, 36.881948734000048 ], [ -76.293956994999974, 36.881887821000078 ], [ -76.293957130999956, 36.881886702000031 ], [ -76.293957451999972, 36.881884066000055 ], [ -76.293964204999952, 36.881828669000072 ], [ -76.293964874999972, 36.881823176000069 ], [ -76.293969847999961, 36.881782370000053 ], [ -76.293971065999983, 36.881772374000036 ], [ -76.293991931999983, 36.881601180000075 ], [ -76.293992376999938, 36.881597532000058 ], [ -76.293993714999942, 36.881586545000062 ], [ -76.293999949999943, 36.881535395000071 ], [ -76.29400531899995, 36.881491605000065 ], [ -76.294006488999969, 36.881482069000072 ], [ -76.294027632999985, 36.881309626000075 ], [ -76.294028956999966, 36.881298825000044 ], [ -76.294041436999976, 36.881197037000049 ], [ -76.294042300999934, 36.88119 ], [ -76.29406258399996, 36.881024575000026 ], [ -76.294063454999957, 36.881017474000032 ], [ -76.29407802299994, 36.88089866200005 ], [ -76.294078191999972, 36.880897291000053 ], [ -76.29408635599998, 36.88083070700003 ], [ -76.294089130999964, 36.880808076000051 ], [ -76.294089949999943, 36.880801394000059 ], [ -76.294117786999948, 36.880803383000057 ], [ -76.294142377999947, 36.880805140000064 ], [ -76.294154729999946, 36.880806022000058 ], [ -76.29418794999998, 36.880808395000031 ], [ -76.294227565999961, 36.880807319000041 ], [ -76.294238759999985, 36.880807014000027 ], [ -76.294246705999967, 36.880806798000037 ], [ -76.294351353999957, 36.880803955000033 ], [ -76.294386463999956, 36.880803 ], [ -76.294387495999956, 36.880802973000073 ], [ -76.294430072999944, 36.880801815000041 ], [ -76.294441362999976, 36.880801509000037 ], [ -76.29449318199994, 36.880800100000044 ], [ -76.294536086999983, 36.88079893400004 ], [ -76.29454199099996, 36.880798774000027 ], [ -76.294644878999975, 36.880795978000037 ], [ -76.294651962999978, 36.880795786000078 ], [ -76.294680716999949, 36.880795004000049 ], [ -76.294690451999941, 36.880794740000056 ], [ -76.294704131999936, 36.880794369000057 ], [ -76.294731462999948, 36.88079362600007 ], [ -76.294737815999952, 36.880793453000024 ], [ -76.294738741999936, 36.880793428000061 ], [ -76.29473939199994, 36.88079341100007 ], [ -76.294739958999969, 36.880793395000069 ], [ -76.29473995099994, 36.880792724000059 ], [ -76.294739956999933, 36.880792356000029 ], [ -76.294739937999964, 36.880791613000042 ], [ -76.294739935999985, 36.880791313000032 ], [ -76.294739925999977, 36.880790141000034 ], [ -76.294739915999969, 36.880788817000052 ], [ -76.29473991499998, 36.880788667000047 ], [ -76.294739904999972, 36.880787487000077 ], [ -76.294739904999972, 36.880787455000075 ], [ -76.294739894999964, 36.880786105000027 ], [ -76.294739893999974, 36.880785981000031 ], [ -76.294739881999988, 36.880784603000052 ], [ -76.294739870999933, 36.880783099000041 ], [ -76.294739869999944, 36.880782941000064 ], [ -76.294739858999947, 36.880781585000079 ], [ -76.294739858999947, 36.880781554000066 ], [ -76.29473984699996, 36.880780074000029 ], [ -76.294739835999962, 36.880778577000058 ], [ -76.294739823999976, 36.880777045000059 ], [ -76.294739813999968, 36.880775834000076 ], [ -76.294739812999978, 36.88077564300005 ], [ -76.294739755999956, 36.880768320000072 ], [ -76.29473971799996, 36.880763372000047 ], [ -76.294739697999944, 36.880760819000045 ], [ -76.294739639999989, 36.880753473000027 ], [ -76.294739639999989, 36.880753388000073 ], [ -76.294739638999943, 36.880753211000069 ], [ -76.294739636999964, 36.880753067000057 ], [ -76.294739320999952, 36.880712335000055 ], [ -76.294739053999933, 36.880678127000067 ], [ -76.294739021999987, 36.880674032000059 ], [ -76.294738638999945, 36.880624739000041 ], [ -76.294738239999958, 36.880573359000039 ], [ -76.294738104999965, 36.880555953000055 ], [ -76.294737248999979, 36.880445851000047 ], [ -76.294737168999973, 36.880435600000055 ], [ -76.294737165999948, 36.880435180000063 ], [ -76.294736949999958, 36.880407395000077 ], [ -76.294738348999942, 36.880361228000027 ], [ -76.294738608999978, 36.880352649000031 ], [ -76.294739752999988, 36.880314878000036 ], [ -76.294742953999958, 36.880209241000045 ], [ -76.29474307199996, 36.880205404000037 ], [ -76.294743150999977, 36.880202758000053 ], [ -76.294743341999947, 36.880196470000044 ], [ -76.294745109999951, 36.880138131000024 ], [ -76.294745174999946, 36.880135987000074 ], [ -76.294747949999987, 36.880044395000027 ], [ -76.294741370999986, 36.880045009000071 ], [ -76.294554949999963, 36.880062395000039 ], [ -76.294197322999935, 36.880079631000058 ], [ -76.294104647999973, 36.880084097000065 ], [ -76.293641948999948, 36.880106395000041 ], [ -76.293287496999938, 36.880128160000027 ], [ -76.29325608399995, 36.880130089000033 ], [ -76.292729948999977, 36.880162394000024 ], [ -76.292643834999978, 36.880166957000029 ], [ -76.291502948999948, 36.880227395000077 ], [ -76.291471435999938, 36.880229126000074 ], [ -76.290941303999944, 36.88025824500005 ], [ -76.290355947999956, 36.880290395000031 ], [ -76.288531947999957, 36.880388395000068 ], [ -76.288137948999974, 36.880409395000072 ], [ -76.287978947999989, 36.880421395000042 ], [ -76.28762194799998, 36.880445395000038 ], [ -76.286667786999942, 36.880494253000052 ], [ -76.286625947999937, 36.88049639500008 ], [ -76.286559264999937, 36.880499892000046 ], [ -76.286339947999977, 36.880511395000042 ], [ -76.286014231999957, 36.88052065200003 ], [ -76.285929520999957, 36.880523059000041 ], [ -76.285776947999977, 36.880527395000058 ], [ -76.285410946999946, 36.880537395000033 ], [ -76.285243876999971, 36.880537837000077 ], [ -76.285032946999934, 36.880538395000031 ], [ -76.284969026999988, 36.880538395000031 ], [ -76.284923278999941, 36.880538395000031 ], [ -76.284888946999956, 36.880538395000031 ], [ -76.284444116999964, 36.880559174000041 ], [ -76.284430464999957, 36.880559811000069 ], [ -76.283218945999977, 36.880616395000061 ], [ -76.283220713999981, 36.880633830000079 ], [ -76.283222485999943, 36.880651294000074 ], [ -76.28324312999996, 36.880854844000055 ], [ -76.283243291999952, 36.880856434000066 ], [ -76.28324360199997, 36.880859490000034 ], [ -76.28324364499997, 36.880860033000033 ], [ -76.283244094999986, 36.880864351000071 ], [ -76.283244477999972, 36.880868129000078 ], [ -76.283245405999935, 36.880877278000071 ], [ -76.283245458999943, 36.880877804000079 ], [ -76.283245547999968, 36.880878682000059 ], [ -76.283246065999947, 36.880883778000054 ], [ -76.283246325999983, 36.880886350000026 ], [ -76.283246811999959, 36.880891137000049 ], [ -76.283246917999975, 36.880892188000075 ], [ -76.283246944999973, 36.880892451000079 ], [ -76.283247076999942, 36.880893748000062 ], [ -76.283248318999938, 36.880905999000049 ], [ -76.283250351999982, 36.880926038000041 ], [ -76.283250427999974, 36.880926793000071 ], [ -76.283250458999987, 36.880927099000075 ], [ -76.283250583999973, 36.880928329000028 ], [ -76.283250807999934, 36.880930539000076 ], [ -76.283251274999941, 36.880935138000041 ], [ -76.283251571999983, 36.880938075000074 ], [ -76.283252652999977, 36.880948730000057 ], [ -76.283252962999939, 36.88095179000004 ], [ -76.283253367999976, 36.880955777000054 ], [ -76.283254287999966, 36.880964857000038 ], [ -76.283254304999957, 36.88096501900003 ], [ -76.283254532999933, 36.880967272000078 ], [ -76.283258830999955, 36.881009635000055 ], [ -76.283261786999958, 36.881038786000033 ], [ -76.283262225999977, 36.881043110000064 ], [ -76.283270306999952, 36.881122800000071 ], [ -76.283270669, 36.881126360000053 ], [ -76.283270698999956, 36.881126659000074 ], [ -76.283275945999947, 36.881178395000063 ], [ -76.283279372999971, 36.881239055000037 ], [ -76.283279422999954, 36.881239925000045 ], [ -76.283283730999983, 36.881316172000027 ], [ -76.283285400999944, 36.881345735000025 ], [ -76.283285555999953, 36.881348481000032 ], [ -76.283285946999968, 36.88135539600006 ], [ -76.283285945999978, 36.881378752000046 ], [ -76.283285945999978, 36.881400752000047 ], [ -76.283285946999968, 36.881411891000027 ], [ -76.283285946999968, 36.881414006000057 ], [ -76.283285945999978, 36.881420897000055 ], [ -76.283285947999957, 36.881421179000029 ], [ -76.283285945999978, 36.881423426000026 ], [ -76.283285946999968, 36.881425335000074 ], [ -76.283285946999968, 36.88143996000008 ], [ -76.283285945999978, 36.88144180900008 ], [ -76.283285946999968, 36.881457916000045 ], [ -76.283285946999968, 36.881459060000054 ], [ -76.283285946999968, 36.881460874000027 ], [ -76.283285946999968, 36.881469395000067 ], [ -76.283285260999946, 36.88147335900004 ], [ -76.283284533999961, 36.881477552000035 ], [ -76.283269364999967, 36.881565198000033 ], [ -76.283267752999961, 36.881574513000032 ], [ -76.283258945999989, 36.881625395000071 ], [ -76.283240107999973, 36.881673921000072 ], [ -76.283238691999941, 36.881677567000054 ], [ -76.28323742699996, 36.881680824000057 ], [ -76.283225946999949, 36.881710395000027 ], [ -76.283201946999952, 36.881755395000027 ], [ -76.283168413999988, 36.88179376800008 ], [ -76.283163608999985, 36.88179926600003 ], [ -76.283147663999955, 36.881817512000055 ], [ -76.283126072999949, 36.881842219000077 ], [ -76.28310494699997, 36.881866396000078 ], [ -76.282925945999978, 36.882028395000077 ], [ -76.282880644999977, 36.882079244000067 ], [ -76.282837904999951, 36.882127217000061 ], [ -76.282827946999987, 36.882138396000073 ], [ -76.282784946999982, 36.882213395000065 ], [ -76.282770442999947, 36.882259226000031 ], [ -76.282759946999988, 36.882292395000036 ], [ -76.282758483999942, 36.882299886000055 ], [ -76.282756688999939, 36.882309089000046 ], [ -76.282753354999954, 36.88232617500006 ], [ -76.282745681999984, 36.882365504000063 ], [ -76.282744565999963, 36.882371219000049 ], [ -76.282744642999944, 36.88236861200005 ], [ -76.282744313999956, 36.882372506000024 ], [ -76.282744301999969, 36.882372571000076 ], [ -76.282743488999984, 36.882376739000051 ], [ -76.282742904999964, 36.88237973300005 ], [ -76.282742232999965, 36.882383175000029 ], [ -76.282740344, 36.882392859000049 ], [ -76.282738846999962, 36.882400528000062 ], [ -76.282738600999949, 36.882401792000053 ], [ -76.28273785, 36.882405642000037 ], [ -76.282737084999951, 36.882409562000078 ], [ -76.282735945999946, 36.882415395000066 ], [ -76.282728928999973, 36.882452288000025 ], [ -76.282713978999936, 36.88253088600004 ], [ -76.28271284799996, 36.88253682900006 ], [ -76.28271121399996, 36.882545417000074 ], [ -76.282688793999966, 36.882663284000046 ], [ -76.282687414999941, 36.882670540000049 ], [ -76.282664953999983, 36.882788613000059 ], [ -76.282664070999942, 36.88279325700006 ], [ -76.282662530999971, 36.882801350000079 ], [ -76.282651450999936, 36.882859601000064 ], [ -76.282651018999957, 36.882861874000071 ], [ -76.282641767999962, 36.88291050600003 ], [ -76.282636210999954, 36.882939724000039 ], [ -76.282633985999951, 36.882951415000036 ], [ -76.282632300999978, 36.882960274000027 ], [ -76.282626723999954, 36.882989596000073 ], [ -76.282623185999967, 36.88300819300008 ], [ -76.282622789999948, 36.883010280000065 ], [ -76.282622689999982, 36.883010800000079 ], [ -76.28261966599996, 36.883026697000048 ], [ -76.282619359999956, 36.883028311000032 ], [ -76.282618526999954, 36.883032686000035 ], [ -76.282616501999939, 36.883043332000057 ], [ -76.282615863, 36.88304669200005 ], [ -76.282615465999982, 36.883048779000035 ], [ -76.282615251999971, 36.883049902000039 ], [ -76.282613518999938, 36.883059013000036 ], [ -76.282612796999956, 36.883062811000059 ], [ -76.282612261999986, 36.883065620000025 ], [ -76.282612190999942, 36.883066 ], [ -76.282611870999972, 36.883067682000046 ], [ -76.282611849999967, 36.883067793000066 ], [ -76.282611279999969, 36.883070790000033 ], [ -76.28261122899994, 36.883071054000027 ], [ -76.282610958999953, 36.883072473000027 ], [ -76.282610903999966, 36.88307274400006 ], [ -76.282610458999955, 36.883075096000027 ], [ -76.282610200999954, 36.883076455000037 ], [ -76.282609589999936, 36.88307966800005 ], [ -76.282609534999949, 36.883079958000053 ], [ -76.282608824999954, 36.883083690000035 ], [ -76.282608765999953, 36.883084002000032 ], [ -76.282608549999964, 36.883085143000073 ], [ -76.28260820099996, 36.883086973000047 ], [ -76.282607164999945, 36.883092419000036 ], [ -76.282606992999945, 36.883093323000026 ], [ -76.282605754999963, 36.883099834000063 ], [ -76.282605569999987, 36.883100803000048 ], [ -76.282605539999963, 36.883100960000036 ], [ -76.28260389999997, 36.883109582000031 ], [ -76.282603826999946, 36.883109972000057 ], [ -76.282602668999971, 36.883116050000069 ], [ -76.28260247299994, 36.883117085000038 ], [ -76.282599310999956, 36.883133710000038 ], [ -76.282598543999939, 36.883137736000037 ], [ -76.282597459999977, 36.883143439000037 ], [ -76.282595946999948, 36.883151396000073 ], [ -76.282595567999977, 36.883152882000047 ], [ -76.282595449999974, 36.88315334400005 ], [ -76.282591267999976, 36.883169777000035 ], [ -76.282587124999964, 36.883186050000063 ], [ -76.282581945999937, 36.883206395000059 ], [ -76.282336044999965, 36.883175476000076 ], [ -76.282314414999973, 36.883172757000068 ], [ -76.282303920999937, 36.883171437000044 ], [ -76.281966969999985, 36.883129068000073 ], [ -76.281841147999955, 36.88311324700004 ], [ -76.281839911999953, 36.883113091000041 ], [ -76.281738946999951, 36.883100396000032 ], [ -76.28163494599994, 36.883087395000075 ], [ -76.281643398999961, 36.883043913000051 ], [ -76.281644734999986, 36.883037044000048 ], [ -76.281649319999985, 36.883013460000029 ], [ -76.281663599999945, 36.88294000500008 ], [ -76.281672890999971, 36.882892218000052 ], [ -76.28168162299994, 36.882847300000037 ], [ -76.281684477999988, 36.88283261600003 ], [ -76.281691888999944, 36.882794496000031 ], [ -76.281718160999958, 36.882659355000044 ], [ -76.281731104999949, 36.882592776000024 ], [ -76.281787946999941, 36.882300396000062 ], [ -76.281822571999953, 36.882121153000071 ], [ -76.281855945999951, 36.881948395000052 ], [ -76.281863674999954, 36.881909609000047 ], [ -76.281877225999949, 36.881841597000061 ], [ -76.28188811299998, 36.881786958000077 ], [ -76.281959277999988, 36.881429788000048 ], [ -76.281961946999957, 36.881416395000031 ], [ -76.281979945999979, 36.881326396000077 ], [ -76.281997945999933, 36.881207395000047 ], [ -76.282008656999949, 36.88110441300006 ], [ -76.282010794999962, 36.881083851000028 ], [ -76.282021287999953, 36.880982955000036 ], [ -76.282023945999981, 36.880957395000053 ], [ -76.281833671999948, 36.880966786000045 ], [ -76.281718600999966, 36.880972464000024 ], [ -76.28167211799996, 36.880974759000026 ], [ -76.281491250999977, 36.880983684000057 ], [ -76.281445204999955, 36.880985957000064 ], [ -76.281367758999977, 36.880989778000071 ], [ -76.281273519999957, 36.880994429000054 ], [ -76.281253945999936, 36.88099539500007 ], [ -76.28121394599998, 36.88099939600005 ], [ -76.280900331999987, 36.881011054000055 ], [ -76.280833250999933, 36.881013548000055 ], [ -76.280788882999957, 36.881015197000067 ], [ -76.280406945999971, 36.881029396000031 ], [ -76.280233944999964, 36.881033294000076 ], [ -76.280051945999958, 36.881037395000078 ], [ -76.280048374999978, 36.881037466000066 ], [ -76.279847945999961, 36.881041395000068 ], [ -76.279029944999934, 36.881075395000039 ], [ -76.278714273999981, 36.881098547000079 ], [ -76.278020943999934, 36.881149396000069 ], [ -76.277710944999967, 36.881197396000061 ], [ -76.277596944999971, 36.881215396000073 ], [ -76.277323944999978, 36.881240395000077 ], [ -76.277039541999955, 36.88125726100003 ], [ -76.276951510999936, 36.881262481000078 ], [ -76.276783093999939, 36.881272468000077 ], [ -76.276581943999986, 36.881284396000069 ], [ -76.276248944999963, 36.881310395000071 ], [ -76.274264943999981, 36.881455396000035 ], [ -76.273986782999941, 36.881177239000067 ], [ -76.273164943999973, 36.880355396000027 ], [ -76.272363942999959, 36.879554395000071 ], [ -76.272413974999949, 36.879449516000079 ], [ -76.272474447999969, 36.87932274700006 ], [ -76.272475228999951, 36.879321111000024 ], [ -76.272598297999934, 36.879063124000027 ], [ -76.272941340999978, 36.878344001000073 ], [ -76.272972317999972, 36.878279064000026 ], [ -76.272982247999948, 36.878258249000055 ], [ -76.273046480999938, 36.878123595000034 ], [ -76.273962783999934, 36.876202662000026 ], [ -76.274179943999968, 36.875747395000076 ], [ -76.274102666999966, 36.875623403000077 ], [ -76.274090820999959, 36.875604398000064 ], [ -76.273922425999956, 36.875334207000037 ], [ -76.273905117999959, 36.875306434000038 ], [ -76.273901213999977, 36.87530017000006 ], [ -76.273648942999955, 36.874895394000077 ], [ -76.273224536999976, 36.87444352600005 ], [ -76.27317222399995, 36.874387827000078 ], [ -76.273132759999953, 36.874345809000033 ], [ -76.273059859999989, 36.874268192000045 ], [ -76.27269094199994, 36.873875394000038 ], [ -76.272492505999935, 36.873486498000034 ], [ -76.272491941999988, 36.873485394000056 ], [ -76.272462015999963, 36.873503537000033 ], [ -76.272460642999988, 36.873504370000035 ], [ -76.272446898999988, 36.873512702000028 ], [ -76.272434914999963, 36.873519968000039 ], [ -76.272419275999937, 36.873529450000035 ], [ -76.272408445999986, 36.87353601500007 ], [ -76.272399631999974, 36.873541359000058 ], [ -76.272312950999947, 36.873593912000047 ], [ -76.272266340999977, 36.873622170000033 ], [ -76.272084660999951, 36.873732317000076 ], [ -76.272060588999977, 36.873746912000058 ], [ -76.271917942999949, 36.87383339400003 ], [ -76.271898613999952, 36.873845064000079 ], [ -76.271888327999989, 36.87385127400006 ], [ -76.271758942999952, 36.873929394000072 ], [ -76.271662941999978, 36.873982394000052 ], [ -76.271432555999979, 36.874109770000075 ], [ -76.271123941999974, 36.874280394000039 ], [ -76.27100894199998, 36.874382394000065 ], [ -76.270839941999952, 36.874471394000068 ], [ -76.270485941999937, 36.874646394000024 ], [ -76.270469961999936, 36.874654337000038 ], [ -76.270047469999952, 36.874864319000039 ], [ -76.269840312999975, 36.874967277000053 ], [ -76.269650941999942, 36.875061395000046 ], [ -76.268377941999972, 36.875695394000047 ], [ -76.268242940999983, 36.875769395000077 ], [ -76.268146941999987, 36.875837395000076 ], [ -76.268031940999947, 36.875946394000039 ], [ -76.267979941999954, 36.87600139500006 ], [ -76.267957940999963, 36.876026395000054 ], [ -76.267889941999954, 36.87614839500003 ], [ -76.267874941999935, 36.876182394000068 ], [ -76.267808940999942, 36.876342394000062 ], [ -76.26780088199996, 36.876363695000066 ], [ -76.267653973999984, 36.876751994000074 ], [ -76.26755394099996, 36.877016395000055 ], [ -76.267309940999951, 36.877648395000051 ], [ -76.267231941999967, 36.877780395000059 ], [ -76.26713394099994, 36.87790039500004 ], [ -76.267033940999966, 36.87799439500003 ], [ -76.26689694099997, 36.87808739500008 ], [ -76.266838940999946, 36.878122396000037 ], [ -76.266718941999954, 36.878184395000062 ], [ -76.266583940999965, 36.878235395000047 ], [ -76.266413940999939, 36.878278395000052 ], [ -76.266266940999969, 36.878298395000058 ], [ -76.266148940999983, 36.878305395000041 ], [ -76.266023940999958, 36.878302395000048 ], [ -76.265848940999945, 36.878281395000045 ], [ -76.265717940999934, 36.878256395000051 ], [ -76.264675939999961, 36.877997395000079 ], [ -76.264177851999989, 36.877874309000049 ], [ -76.263720940999974, 36.877761396000039 ], [ -76.263677940999969, 36.877740395000046 ], [ -76.263632939999979, 36.87770439500008 ], [ -76.263625314999956, 36.877694482000038 ], [ -76.263625089999948, 36.877694189000067 ], [ -76.263612939999973, 36.877678395000032 ], [ -76.263560574999985, 36.877665755000066 ], [ -76.263556407999943, 36.877677127000027 ], [ -76.263318708999975, 36.878315490000034 ], [ -76.262804019999976, 36.879648473000032 ], [ -76.260639860999959, 36.885300513000061 ], [ -76.260244674999967, 36.88640567200008 ], [ -76.258729751999965, 36.89067850400005 ], [ -76.25768028799996, 36.892739628000072 ], [ -76.256867253999985, 36.896056691000069 ], [ -76.256697507999945, 36.896244395000053 ], [ -76.256541252999966, 36.896438536000062 ], [ -76.256395070999986, 36.896639053000058 ], [ -76.256255053999951, 36.896862352000028 ], [ -76.256139313999938, 36.897074438000061 ], [ -76.256037126999956, 36.897290904000045 ], [ -76.255944544999977, 36.897529532000078 ], [ -76.25587292299997, 36.897753451000028 ], [ -76.255779021999956, 36.898152089000064 ], [ -76.255735734999973, 36.898574360000055 ], [ -76.255737439999962, 36.898978946000057 ], [ -76.255787090999945, 36.89938169900006 ], [ -76.255847643999971, 36.899647291000065 ], [ -76.255942000999937, 36.899926579000066 ], [ -76.256028418999961, 36.900127414000053 ], [ -76.256247778999978, 36.900575306000064 ], [ -76.256397700999969, 36.900942197000063 ], [ -76.256495532999963, 36.901260291000028 ], [ -76.256513939999934, 36.901305401000059 ], [ -76.256526477999955, 36.901342812000053 ], [ -76.256575939999948, 36.901490400000057 ], [ -76.25658993899998, 36.901545400000032 ], [ -76.256611821999968, 36.90163928100003 ], [ -76.256620938999959, 36.901678400000037 ], [ -76.256657055999938, 36.901920459000053 ], [ -76.256659266999975, 36.901935277000064 ], [ -76.256667939999943, 36.901993401000027 ], [ -76.256678939999972, 36.902197400000034 ], [ -76.256673563999982, 36.902475170000059 ], [ -76.256672939999987, 36.902507401000037 ], [ -76.256669013999954, 36.902694289000067 ], [ -76.256668414999979, 36.902722764000032 ], [ -76.256666984999981, 36.902790842000059 ], [ -76.256662938999966, 36.902983401000029 ], [ -76.256649596999978, 36.903409079000028 ], [ -76.256648927999947, 36.903430431000061 ], [ -76.256641939999952, 36.903653401000042 ], [ -76.256641710999986, 36.903664112000058 ], [ -76.256634939999969, 36.903982401000064 ], [ -76.256631754999944, 36.904116137000074 ], [ -76.256629380999982, 36.904215863000047 ], [ -76.256627712999943, 36.904285902000026 ], [ -76.256626825999945, 36.904323157000078 ], [ -76.256620938999959, 36.904582401000027 ], [ -76.256610938999984, 36.904992401000072 ], [ -76.256612544999939, 36.905514015000051 ], [ -76.256612939999968, 36.90564240100008 ], [ -76.25660927499996, 36.905771469000058 ], [ -76.256609192999974, 36.905774328000064 ], [ -76.256605284999978, 36.90591196400004 ], [ -76.256605212999943, 36.905914487000075 ], [ -76.256593579999958, 36.906215172000032 ], [ -76.256593051999971, 36.906223018000048 ], [ -76.256581938999943, 36.906388401000072 ], [ -76.256569265999985, 36.906699396000079 ], [ -76.256568939999966, 36.906707402000052 ], [ -76.256734605999952, 36.906830149000029 ], [ -76.256816805999961, 36.906891053000038 ], [ -76.25685619099994, 36.90692023400004 ], [ -76.256872660999989, 36.90693243700008 ], [ -76.256889565999984, 36.906944963000058 ], [ -76.256894505999981, 36.906948622000073 ], [ -76.257174938999981, 36.907156402000055 ], [ -76.257775175999939, 36.907612587000074 ], [ -76.258624939999947, 36.908258402000058 ], [ -76.259207358999959, 36.908698628000025 ], [ -76.259435939999946, 36.908871402000045 ], [ -76.259526940999933, 36.908943402000034 ], [ -76.26022894099998, 36.909504402000039 ], [ -76.260715940999944, 36.909905402000049 ], [ -76.260749863999933, 36.909937969000055 ], [ -76.261212825999962, 36.910382413000036 ], [ -76.261440940999989, 36.910601402000054 ], [ -76.262136940999937, 36.911321403000045 ], [ -76.262537941999938, 36.911779403000025 ], [ -76.262860941999975, 36.912166402000025 ], [ -76.263099316999956, 36.912477917000047 ], [ -76.263263948999963, 36.912693061000027 ], [ -76.263300941999944, 36.912741403000041 ], [ -76.263817941999946, 36.913490403000026 ], [ -76.26392094199997, 36.913701403000061 ], [ -76.26405194199998, 36.913895403000026 ], [ -76.264255628999933, 36.914166493000039 ], [ -76.264326941999968, 36.914261403000069 ], [ -76.264412220999986, 36.914367334000076 ], [ -76.264677941999935, 36.914697403000048 ], [ -76.264879543999939, 36.91490595700003 ], [ -76.265037090999954, 36.915068936000068 ], [ -76.265069530999938, 36.915102494000053 ], [ -76.265112942999963, 36.915147403000049 ], [ -76.265184597999962, 36.915212001000043 ], [ -76.265508942999986, 36.915504403000057 ], [ -76.265562239999952, 36.915550003000078 ], [ -76.265665116999969, 36.915638022000053 ], [ -76.266210992999959, 36.916105056000049 ], [ -76.266344841999967, 36.916219572000045 ], [ -76.266447570999958, 36.916307462000077 ], [ -76.266535557999987, 36.916382740000074 ], [ -76.26659594299997, 36.916434403000039 ], [ -76.26670874499996, 36.916519859000061 ], [ -76.266883149999956, 36.916651984000055 ], [ -76.267024943999957, 36.916759403000071 ], [ -76.267082230999961, 36.91673198400008 ], [ -76.267141942999956, 36.916703404000032 ], [ -76.267377943999975, 36.916590404000033 ], [ -76.267423708999956, 36.91663339400003 ], [ -76.267476943999952, 36.916683403000036 ], [ -76.267514942999981, 36.916664403000027 ], [ -76.267783943999973, 36.916531403000079 ], [ -76.268037943999957, 36.916404404000048 ], [ -76.268468943999949, 36.916189403000033 ], [ -76.268960111999945, 36.915916332000052 ], [ -76.269013943999937, 36.915886403000059 ], [ -76.269351943999936, 36.915686403000052 ], [ -76.269431775999976, 36.915633645000071 ], [ -76.269466944999976, 36.915610403000073 ], [ -76.269753943999945, 36.915403403000028 ], [ -76.269821950999983, 36.915353786000026 ], [ -76.269844718999934, 36.915337175000047 ], [ -76.269949943999961, 36.915260403000048 ], [ -76.270008943999983, 36.91521840300004 ], [ -76.27006294399996, 36.915183403000071 ], [ -76.27031240599996, 36.915363090000028 ], [ -76.271167849999983, 36.915979253000046 ], [ -76.271304717999953, 36.916077836000056 ], [ -76.271600132999936, 36.916290614000047 ], [ -76.272099301999958, 36.916650146000052 ], [ -76.272232944999985, 36.916746404000037 ], [ -76.272304042999963, 36.916794241000048 ], [ -76.272329408999951, 36.916811308000035 ], [ -76.272394945999963, 36.916855403000056 ], [ -76.272602383999981, 36.916994318000036 ], [ -76.272723066999959, 36.917075136000051 ], [ -76.273081654999942, 36.917315269000028 ], [ -76.273197966999987, 36.917393158000039 ], [ -76.274719416999972, 36.918411985000034 ], [ -76.275079945999948, 36.918653403000064 ], [ -76.275239652999971, 36.918761775000064 ], [ -76.275427903999969, 36.918889514000057 ], [ -76.275774699999943, 36.919124833000069 ], [ -76.276249471999961, 36.919446987000072 ], [ -76.276313865999953, 36.91949068100007 ], [ -76.27657312499997, 36.919666597000059 ], [ -76.276649133999967, 36.919718171000056 ], [ -76.277373185999977, 36.920209458000045 ], [ -76.277701044999958, 36.920431915000052 ], [ -76.277720499999987, 36.920445115000064 ], [ -76.277795637999986, 36.920496096000079 ], [ -76.27794494699998, 36.920597404000034 ], [ -76.278113946999952, 36.920702404000053 ], [ -76.278333854999971, 36.920759119000024 ], [ -76.27860498299998, 36.920829044000072 ], [ -76.278714946999969, 36.92085740400006 ], [ -76.278813946999946, 36.920883404000051 ], [ -76.278968318999944, 36.92090360800006 ], [ -76.279125791999945, 36.920924218000039 ], [ -76.279302946999962, 36.92094740400006 ], [ -76.279449166999939, 36.920944206000058 ], [ -76.279805947999989, 36.920936404000031 ], [ -76.280279947999986, 36.920883404000051 ], [ -76.280791947999944, 36.920823404000032 ], [ -76.281032947999961, 36.920802404000028 ], [ -76.281519947999982, 36.92075940400008 ], [ -76.281567947999974, 36.920755403000044 ], [ -76.282750947999943, 36.920639403000052 ], [ -76.283039947999953, 36.920611403000066 ], [ -76.283331915999952, 36.920555104000073 ], [ -76.283625948999941, 36.920498404000057 ], [ -76.284714583999971, 36.920375939000053 ], [ -76.284825681999962, 36.920363440000074 ], [ -76.285918772999935, 36.920240462000038 ], [ -76.285964183999965, 36.920235353000066 ], [ -76.286025948999963, 36.920228404000056 ], [ -76.286320180999951, 36.920194640000034 ], [ -76.28635533399995, 36.920190606000062 ], [ -76.28637736099995, 36.920188078000024 ], [ -76.286445992999973, 36.92018020200004 ], [ -76.286469274999945, 36.920177530000046 ], [ -76.286513949999971, 36.920172403000038 ], [ -76.286510091999958, 36.920150360000036 ], [ -76.286507835999942, 36.920137468000064 ], [ -76.286501271999953, 36.920099958000037 ], [ -76.286488875999964, 36.920029123000063 ], [ -76.286487540999985, 36.920021493000036 ], [ -76.286482581999962, 36.919993157000079 ], [ -76.286482257999978, 36.919991310000057 ], [ -76.286479245999942, 36.919974094000054 ], [ -76.286478949999946, 36.919972403000031 ], [ -76.286476255999958, 36.919956555000056 ], [ -76.286472895999964, 36.919936792000044 ], [ -76.286466476999976, 36.919899030000067 ], [ -76.286464900999988, 36.919889764000061 ], [ -76.28646404999995, 36.919884755000055 ], [ -76.286461949999989, 36.919872404000046 ], [ -76.286764949999963, 36.919854403000045 ], [ -76.287765949999937, 36.919749403000026 ], [ -76.287664949999964, 36.919166403000077 ], [ -76.287443949999954, 36.917960403000052 ], [ -76.287839949999977, 36.917134403000034 ], [ -76.287987949999945, 36.916829403000065 ], [ -76.288183949999961, 36.916423402000078 ], [ -76.288241949999986, 36.916258403000029 ], [ -76.288355516999957, 36.916225835000034 ], [ -76.288377949999983, 36.916219402000024 ], [ -76.288502342999948, 36.916217364000033 ], [ -76.288526813999965, 36.916216963000068 ], [ -76.288589228999967, 36.91621593900004 ], [ -76.288621949999936, 36.916215403000024 ], [ -76.288888949999944, 36.916211403000034 ], [ -76.28912994999996, 36.916209403000039 ], [ -76.289366619999953, 36.916206445000057 ], [ -76.28936994999998, 36.916206403000047 ], [ -76.289916864999952, 36.91620088600007 ], [ -76.29006395, 36.916199402000075 ], [ -76.290470950999975, 36.916191402000038 ], [ -76.290541768999958, 36.916190069000038 ], [ -76.290963752999971, 36.916182121000077 ], [ -76.291638950999982, 36.916169402000037 ], [ -76.292275950999965, 36.916157402000067 ], [ -76.292560950999984, 36.916152403000069 ], [ -76.292737950999935, 36.91614940200003 ], [ -76.292750926999986, 36.916149093000058 ], [ -76.292779951999989, 36.916148403000079 ], [ -76.292755306999936, 36.915998693000063 ], [ -76.292739950999987, 36.915905402000078 ], [ -76.292671732999963, 36.915649123000037 ], [ -76.292665950999947, 36.915627402000041 ], [ -76.292550429999949, 36.915639150000061 ], [ -76.292488950999939, 36.915645402000052 ], [ -76.292431757999964, 36.915294499000026 ], [ -76.29238483499995, 36.91500661200007 ], [ -76.292374245999952, 36.914941641000041 ], [ -76.292335026999979, 36.914701017000027 ], [ -76.292296950999969, 36.914467402000071 ], [ -76.292236442999979, 36.914120249000064 ], [ -76.292224242999964, 36.914050254000074 ], [ -76.292218761999948, 36.914018806000058 ], [ -76.292205096999965, 36.913940410000066 ], [ -76.292178950999983, 36.913790401000028 ], [ -76.292150693999986, 36.913748431000045 ], [ -76.29212223199994, 36.913706157000036 ], [ -76.292079755999964, 36.913643068000056 ], [ -76.292079247999936, 36.913642315000061 ], [ -76.292044791999956, 36.913591135000047 ], [ -76.292042950999985, 36.913588402000073 ], [ -76.292038003999949, 36.913580850000073 ], [ -76.291985949999969, 36.913501402000065 ], [ -76.291879950999942, 36.913340402000074 ], [ -76.291741950999949, 36.913130401000046 ], [ -76.291659949999939, 36.913005402000067 ], [ -76.291519950999941, 36.912896402000058 ], [ -76.291273950999937, 36.912807402000055 ], [ -76.291059949999976, 36.912729402000025 ], [ -76.29087795099997, 36.912684402000025 ], [ -76.290621950999935, 36.912569402000031 ], [ -76.29043594999996, 36.91248640200007 ], [ -76.290362014999971, 36.912413228000048 ], [ -76.290338949999978, 36.912390402000028 ], [ -76.290274243999988, 36.912271205000025 ], [ -76.290273600999967, 36.91227002200003 ], [ -76.290262950999988, 36.912250402000041 ], [ -76.290185949999966, 36.912073401000043 ], [ -76.290045950999968, 36.911895402000027 ], [ -76.289800182999954, 36.911713139000028 ], [ -76.289785534999965, 36.911702275000039 ], [ -76.289747950999981, 36.911674401000028 ], [ -76.289717613999983, 36.911631742000054 ], [ -76.289673687999937, 36.911569972000052 ], [ -76.289587949999941, 36.911449402000073 ], [ -76.289582591999988, 36.911442407000038 ], [ -76.289538562999951, 36.911384939000072 ], [ -76.289492949999953, 36.911325401000056 ], [ -76.289839991999941, 36.911222346000045 ], [ -76.289886949999982, 36.911208401000067 ], [ -76.290357692999976, 36.911069065000049 ], [ -76.291593568999986, 36.910703241000078 ], [ -76.291638297999953, 36.910690002000024 ], [ -76.291723414999979, 36.910664806000057 ], [ -76.291717716999983, 36.910630308000066 ], [ -76.291713337999965, 36.910603826000056 ], [ -76.291701043999979, 36.910529386000064 ], [ -76.291905858999939, 36.910508770000035 ], [ -76.292074395999975, 36.910491809000064 ], [ -76.292207038999948, 36.910478456000078 ], [ -76.292252864999966, 36.910473843000034 ], [ -76.292349315999957, 36.91046413600003 ], [ -76.292455569999959, 36.910453444000041 ], [ -76.29263038299996, 36.910435847000031 ], [ -76.292646091999984, 36.91053062900005 ], [ -76.292649166999979, 36.910549198000069 ], [ -76.292662355999937, 36.910628798000062 ], [ -76.292664393999985, 36.910641078000026 ], [ -76.292664548999937, 36.91064201100005 ], [ -76.292677158999936, 36.910718139000039 ], [ -76.292684260999977, 36.91076101200008 ], [ -76.292692968999972, 36.910813531000031 ], [ -76.292704296999943, 36.910881921000055 ], [ -76.293014204999963, 36.910849958000028 ], [ -76.293125066999949, 36.910838525000031 ], [ -76.293198416999985, 36.910854219000043 ], [ -76.293227715999933, 36.91101627200004 ], [ -76.2932588, 36.911184269000046 ], [ -76.293320310999945, 36.911516711000047 ], [ -76.293333185999984, 36.911586294000074 ], [ -76.293335487999968, 36.911598739000056 ], [ -76.293382950999955, 36.911589401000072 ], [ -76.294236951999949, 36.911514401000034 ], [ -76.294373950999955, 36.911523401000068 ], [ -76.294570951999958, 36.911580402000027 ], [ -76.294670950999944, 36.911602402000028 ], [ -76.294698750999942, 36.911619509000047 ], [ -76.294701068999984, 36.91162093500003 ], [ -76.294800951999946, 36.911682401000064 ], [ -76.294925951999971, 36.911684401000059 ], [ -76.295109951999962, 36.911664401000053 ], [ -76.295148239999946, 36.911647711000057 ], [ -76.295223789999966, 36.911614780000036 ], [ -76.295265951999966, 36.911596402000043 ], [ -76.295410951999941, 36.911547401000064 ], [ -76.295466782999938, 36.911536823000063 ], [ -76.29569595199996, 36.91149340100003 ], [ -76.296035952999944, 36.911438402000044 ], [ -76.296429951999983, 36.911335402000077 ], [ -76.296696951999934, 36.91125640100006 ], [ -76.296886171999972, 36.91121765500003 ], [ -76.297199951999971, 36.911153401000036 ], [ -76.297378443999946, 36.911160961000064 ], [ -76.297624952999968, 36.911171401000047 ], [ -76.297860951999951, 36.911196401000041 ], [ -76.297364455999968, 36.911642285000028 ], [ -76.297245916999941, 36.911748740000064 ], [ -76.297130365999976, 36.911852512000053 ], [ -76.296894018999978, 36.912064762000057 ], [ -76.296802598999989, 36.912146860000064 ], [ -76.296750731999964, 36.912193439000077 ], [ -76.296420401999967, 36.912490086000048 ], [ -76.296348078999983, 36.912555033000046 ], [ -76.296222951999937, 36.912667401000078 ], [ -76.296199951999938, 36.912715401000071 ], [ -76.29606395199994, 36.912966402000052 ], [ -76.295835951999948, 36.913130402000036 ], [ -76.295628951999959, 36.913367402000063 ], [ -76.29546695199997, 36.913562402000025 ], [ -76.295341951999944, 36.913672402000032 ], [ -76.295294952999939, 36.913889402000052 ], [ -76.295496951999951, 36.913899402000027 ], [ -76.296392952999952, 36.913874402000033 ], [ -76.296392658999935, 36.913883138000074 ], [ -76.296389321999982, 36.913982610000062 ], [ -76.296387952999964, 36.914023402000055 ], [ -76.296405951999986, 36.914377402000071 ], [ -76.296425952999982, 36.914616402000036 ], [ -76.296428952999975, 36.914650402000063 ], [ -76.296421951999946, 36.914668402000075 ], [ -76.296428952999975, 36.914930401000049 ], [ -76.296429137999951, 36.914937300000076 ], [ -76.296440952999944, 36.915379402000042 ], [ -76.296448315999953, 36.915676783000038 ], [ -76.296458675999986, 36.916095219000056 ], [ -76.296458952999956, 36.916106402000025 ], [ -76.296372951999956, 36.916108402000077 ], [ -76.296003952999968, 36.916113402000065 ], [ -76.295813952999936, 36.916116402000057 ], [ -76.295807065999952, 36.916116402000057 ], [ -76.295763951999959, 36.916116402000057 ], [ -76.295771191999961, 36.916301028000078 ], [ -76.295775951999985, 36.91642240300007 ], [ -76.29580006599997, 36.917031217000044 ], [ -76.295804324999949, 36.917138735000037 ], [ -76.295835536999959, 36.917926754000064 ], [ -76.295845061999955, 36.918167202000063 ], [ -76.295849124999961, 36.91826977900007 ], [ -76.295855438, 36.918429169000035 ], [ -76.295856952999941, 36.918467403000079 ], [ -76.295858025999962, 36.918467210000074 ], [ -76.295874979999951, 36.918464161000031 ], [ -76.295875774999956, 36.918480620000025 ], [ -76.295919488999971, 36.918475922000027 ], [ -76.296433443999945, 36.918420678000075 ], [ -76.296886835999942, 36.918371942000078 ], [ -76.297532574999934, 36.918302528000027 ], [ -76.297881428999972, 36.918265026000029 ], [ -76.298550220999971, 36.918193256000052 ], [ -76.298804937999989, 36.918166708000058 ], [ -76.299780763999934, 36.918063189000065 ], [ -76.300135459999979, 36.918020422000041 ], [ -76.300386368999966, 36.917990169000063 ], [ -76.300481010999988, 36.91798063300007 ], [ -76.300699406999968, 36.917958030000079 ], [ -76.300902959999974, 36.917936938000025 ], [ -76.301106514999958, 36.917915845000039 ], [ -76.301157530999944, 36.917910633000076 ], [ -76.301209308999944, 36.917905193000024 ], [ -76.301334703999942, 36.917646219000062 ], [ -76.301364601999978, 36.917584473000034 ], [ -76.301500301999965, 36.917570408000074 ], [ -76.301563728999952, 36.917563835000067 ], [ -76.301703852999935, 36.917549312000062 ], [ -76.301907402999973, 36.917528215000061 ], [ -76.302228189999937, 36.91749498300004 ], [ -76.302397805999988, 36.91747739300007 ], [ -76.302635319, 36.917453 ], [ -76.302745200999937, 36.917441506000046 ], [ -76.302772703999949, 36.917437514000028 ], [ -76.302864213999953, 36.91742423200003 ], [ -76.303720755999962, 36.917299909000064 ], [ -76.304488954999954, 36.917188402000079 ], [ -76.304733954999961, 36.917233402000079 ], [ -76.304979955999954, 36.917277403000071 ], [ -76.305491955999969, 36.917369402000077 ], [ -76.305972208999947, 36.917456807000065 ], [ -76.30600295499994, 36.917462402000069 ], [ -76.306177337999941, 36.917464731000052 ], [ -76.306536166999933, 36.917469522000033 ], [ -76.307950955999956, 36.91748840200006 ], [ -76.307980413999985, 36.917487855000047 ], [ -76.308094345999962, 36.917485739000028 ], [ -76.308505113999956, 36.917478110000047 ], [ -76.308923877999973, 36.917470330000071 ], [ -76.309037385999943, 36.917468221000036 ], [ -76.309780956999987, 36.917454402000033 ], [ -76.30985895699996, 36.917453402000035 ], [ -76.310047956999938, 36.917628402000048 ], [ -76.310124955999981, 36.917699402000039 ], [ -76.310234956999977, 36.917802402000063 ], [ -76.310371806999967, 36.917730152000047 ], [ -76.310395956999969, 36.917717402000051 ], [ -76.310830956999951, 36.918121402000054 ], [ -76.311472956999978, 36.918715402000032 ], [ -76.311927956999966, 36.919131402000062 ], [ -76.311981956999944, 36.919180403000041 ], [ -76.313026957999966, 36.920138403000067 ], [ -76.313648957999987, 36.920708403000049 ], [ -76.315163957999971, 36.92208540200005 ], [ -76.315201957999989, 36.922129403000042 ], [ -76.315447958999982, 36.922350403000053 ], [ -76.316231958999936, 36.923271403000058 ], [ -76.316343958999937, 36.923403403000066 ], [ -76.316399959999956, 36.923494403000063 ], [ -76.316450958999951, 36.923577403000024 ], [ -76.316556958999968, 36.923748403000047 ], [ -76.316579958999966, 36.923786403000065 ], [ -76.316764958999954, 36.924040403000049 ], [ -76.316775958999983, 36.924064403000045 ], [ -76.316790958999945, 36.924097403000076 ], [ -76.316800475999969, 36.924117508000052 ], [ -76.316941958999962, 36.924416403000066 ], [ -76.317090958999984, 36.924731404000056 ], [ -76.317125958999952, 36.924804404000042 ], [ -76.317395958999953, 36.925509404000024 ], [ -76.317411958999969, 36.925569403000054 ], [ -76.317456959999959, 36.925742403000072 ], [ -76.317541959999971, 36.92607040300004 ], [ -76.317651958999988, 36.926716404000047 ], [ -76.317442959999937, 36.926731404000066 ], [ -76.317414507999956, 36.926503796000077 ], [ -76.317406959999971, 36.926443403000064 ], [ -76.317382958999985, 36.926248403000045 ], [ -76.316875959999948, 36.926294403000043 ], [ -76.311456957999951, 36.926617404000069 ], [ -76.308212956999967, 36.926811404000034 ], [ -76.308059011999944, 36.92682273500003 ], [ -76.307587955999963, 36.926857404000032 ], [ -76.307499955999958, 36.926862404000076 ], [ -76.307537956999965, 36.926938404000055 ], [ -76.307100029999958, 36.927080899000032 ], [ -76.307061885999985, 36.927093310000032 ], [ -76.306812048999973, 36.927174603000026 ], [ -76.306512638999948, 36.927272023000057 ], [ -76.30648995599995, 36.927279404000046 ], [ -76.306511199999989, 36.92732174300005 ], [ -76.30660033099997, 36.927499386000079 ], [ -76.306633955999985, 36.927566404000061 ], [ -76.30650809499997, 36.927608799000041 ], [ -76.306253956999967, 36.927694404000079 ], [ -76.306466955999952, 36.928122404000078 ], [ -76.306280956999956, 36.928187405000074 ], [ -76.306380178999973, 36.928388644000051 ], [ -76.306493956999986, 36.928619405000063 ], [ -76.306192955999961, 36.928723405000028 ], [ -76.306690956999944, 36.929704404000063 ], [ -76.306504955999969, 36.929770405000056 ], [ -76.30666562, 36.930081777000055 ], [ -76.306805751999946, 36.930353355000079 ], [ -76.306859955999983, 36.930458405000024 ], [ -76.307151369999985, 36.930359802000055 ], [ -76.307904736999944, 36.930104887000027 ], [ -76.307985956999971, 36.930077405000077 ], [ -76.308001866999973, 36.930106698000031 ], [ -76.308149434999962, 36.930378413000028 ], [ -76.308174956999949, 36.930425405000051 ], [ -76.308932956999968, 36.930153405000055 ], [ -76.309140956999954, 36.930592405000027 ], [ -76.308383957, 36.930819405000079 ], [ -76.307360955999968, 36.931471405000025 ], [ -76.307303955999942, 36.931956405000051 ], [ -76.307063316999972, 36.932421581000028 ], [ -76.307034955999939, 36.932476405000045 ], [ -76.30672440799998, 36.933070569000051 ], [ -76.306715052999948, 36.933088467000061 ], [ -76.306642956999951, 36.933226405000028 ], [ -76.307922281999936, 36.93315304500004 ], [ -76.308322460999989, 36.933130095000024 ], [ -76.308713627999964, 36.933107660000076 ], [ -76.310427750999963, 36.93300933300003 ], [ -76.313377955999954, 36.932840042000066 ], [ -76.31363295899996, 36.932825406000063 ], [ -76.31394322899996, 36.93280778500008 ], [ -76.315692959999978, 36.932708405000028 ], [ -76.31604595999994, 36.932703405000041 ], [ -76.317069959999969, 36.932616405000033 ], [ -76.317248361999987, 36.932561328000077 ], [ -76.317516959999978, 36.93247840500004 ], [ -76.317642958999954, 36.932506405000026 ], [ -76.317645840999944, 36.93254128600006 ], [ -76.317661958999963, 36.932736405000071 ], [ -76.317708959999948, 36.933251405000078 ], [ -76.317716959999984, 36.933334405000039 ], [ -76.317720959999974, 36.933410405000075 ], [ -76.317734959999939, 36.933638405000067 ], [ -76.317776256999935, 36.934072602000072 ], [ -76.317832892999945, 36.934668050000028 ], [ -76.317838987999949, 36.934732133000068 ], [ -76.317843959999948, 36.934784405000073 ], [ -76.317870959999937, 36.934870405000026 ], [ -76.317911959999947, 36.934979406000025 ], [ -76.318001959999947, 36.935133405000045 ], [ -76.318089481999948, 36.935260208000045 ], [ -76.318128960999957, 36.935317405000035 ], [ -76.318258231999948, 36.935505834000026 ], [ -76.318305194999937, 36.935574288000055 ], [ -76.318305960999965, 36.935575406000055 ], [ -76.318339127999934, 36.935647316000029 ], [ -76.31837636299997, 36.935728048000044 ], [ -76.318418960999963, 36.935820406000062 ], [ -76.31845495999994, 36.935924406000026 ], [ -76.318462960999966, 36.936056406000034 ], [ -76.318484072999979, 36.936328404000051 ], [ -76.318487404999985, 36.936371345000055 ], [ -76.318565959999944, 36.937383406000038 ], [ -76.318568478999964, 36.937416696000071 ], [ -76.31858262999998, 36.937603740000043 ], [ -76.318620960999965, 36.938110406000078 ], [ -76.318630026999983, 36.938200830000028 ], [ -76.318686323999941, 36.938762312000051 ], [ -76.31881212199994, 36.940016925000066 ], [ -76.318882960999986, 36.940723406000075 ], [ -76.318931911999982, 36.941273340000066 ], [ -76.319080669999948, 36.942944501000056 ], [ -76.319101994999983, 36.943184059000032 ], [ -76.319113348999963, 36.943311595000068 ], [ -76.319117959999971, 36.943363407000049 ], [ -76.319162960999961, 36.943774407000035 ], [ -76.319057568999938, 36.943778817000066 ], [ -76.318923960999939, 36.943784407000066 ], [ -76.318924816999981, 36.943869204000066 ], [ -76.318924960999937, 36.943883407000044 ], [ -76.318336959999954, 36.943914407000079 ], [ -76.317727993999938, 36.943946918000051 ], [ -76.317605046999972, 36.943953481000051 ], [ -76.316369959999975, 36.944019408000031 ], [ -76.315694959999973, 36.944055408000054 ], [ -76.314797591999934, 36.944113422000044 ], [ -76.314569423999956, 36.944128171000045 ], [ -76.312446752999961, 36.944265367000071 ], [ -76.312143987999946, 36.944284933000063 ], [ -76.311625958999969, 36.944318408000072 ], [ -76.310155958999985, 36.944411408000065 ], [ -76.309964239999942, 36.944423004000043 ], [ -76.30990795799994, 36.944426408000027 ], [ -76.309691400999952, 36.944440013000076 ], [ -76.309525957999938, 36.94445040800008 ], [ -76.309224957999959, 36.944469408000032 ], [ -76.309082956999987, 36.944478408000066 ], [ -76.308088957999985, 36.944541408000077 ], [ -76.307643956999982, 36.944543408000072 ], [ -76.30730695799997, 36.944546407000075 ], [ -76.307213197999943, 36.944547010000065 ], [ -76.306977053999958, 36.944548526000062 ], [ -76.306683956999962, 36.944550408000055 ], [ -76.30657298899996, 36.944551103000038 ], [ -76.306364955999982, 36.94455240800005 ], [ -76.305988956999954, 36.944555408000042 ], [ -76.305878955999958, 36.94454840800006 ], [ -76.305672956999956, 36.944535408000036 ], [ -76.305266956999958, 36.944509408000044 ], [ -76.305162742999983, 36.944502784000065 ], [ -76.304975102999947, 36.94449635400008 ], [ -76.304840217999981, 36.94448228400006 ], [ -76.304794956999956, 36.944479408000063 ], [ -76.304787052999984, 36.944476739000038 ], [ -76.304717955999934, 36.944453408000072 ], [ -76.304159251999977, 36.944399584000053 ], [ -76.304095776999986, 36.944393469000033 ], [ -76.303783580999948, 36.944363392000071 ], [ -76.30337895599996, 36.944324408000057 ], [ -76.303090956999938, 36.944284407000055 ], [ -76.302239955999937, 36.944250408000073 ], [ -76.302194955999937, 36.944252408000068 ], [ -76.30194595599994, 36.94426740800003 ], [ -76.301518954999949, 36.944293408000078 ], [ -76.301283074999958, 36.944307407000053 ], [ -76.300844954999945, 36.944333408000034 ], [ -76.300084752999965, 36.944378905000065 ], [ -76.299290954999947, 36.944426408000027 ], [ -76.298660953999956, 36.944464408000044 ], [ -76.298009953999951, 36.94450340800006 ], [ -76.297756834999973, 36.944518161000076 ], [ -76.297357953999949, 36.944541408000077 ], [ -76.296919953999975, 36.944563409000068 ], [ -76.296491953999976, 36.94458540800008 ], [ -76.296428221999975, 36.94458884200003 ], [ -76.296064953999974, 36.944608408000079 ], [ -76.295550706999961, 36.944634714000074 ], [ -76.294715952999979, 36.944677408000075 ], [ -76.294165953999936, 36.944709409000041 ], [ -76.293597354999974, 36.944715379000058 ], [ -76.292736952999974, 36.94472440800007 ], [ -76.292467171999988, 36.944721315000038 ], [ -76.291951952999966, 36.944715408000036 ], [ -76.291543951999984, 36.944676409000067 ], [ -76.291456566999955, 36.944751860000054 ], [ -76.291316951999988, 36.944872408000037 ], [ -76.29118095299998, 36.944829409000079 ], [ -76.290397951999978, 36.944555409000031 ], [ -76.289085244999967, 36.944094315000029 ], [ -76.28863735799996, 36.943936988000075 ], [ -76.28837095199998, 36.943843408000077 ], [ -76.287587950999978, 36.943562408000048 ], [ -76.287099128999955, 36.943260628000075 ], [ -76.286965950999956, 36.943178408000051 ], [ -76.285736125999961, 36.944550444000072 ], [ -76.285374870999988, 36.944953462000058 ], [ -76.285192950999942, 36.945156409000049 ], [ -76.285338808999938, 36.945244524000032 ], [ -76.287435951999953, 36.946511409000038 ], [ -76.287249146999955, 36.946909360000063 ], [ -76.287105950999944, 36.947214409000026 ], [ -76.287140604999934, 36.947233783000058 ], [ -76.287325951999946, 36.947337409000056 ], [ -76.287193950999949, 36.947566409000046 ], [ -76.286992833999989, 36.947517959000038 ], [ -76.286935293999989, 36.947577613000078 ], [ -76.286687950999976, 36.947988409000061 ], [ -76.286269950999952, 36.948111409000035 ], [ -76.286313950999954, 36.948304409000059 ], [ -76.286137950999944, 36.948357410000028 ], [ -76.28607195099994, 36.948181409000028 ], [ -76.284290950999946, 36.94865640900008 ], [ -76.284379950999949, 36.948853410000027 ], [ -76.284295950999933, 36.94887741000008 ], [ -76.284214950999967, 36.948896409000042 ], [ -76.284137949999945, 36.948705410000059 ], [ -76.283358956999962, 36.948916184000041 ], [ -76.28333594999998, 36.948922409000033 ], [ -76.282818158999987, 36.949068692000026 ], [ -76.282443949999958, 36.949174410000069 ], [ -76.282525950999968, 36.949369409000042 ], [ -76.282202949999942, 36.949456409000049 ], [ -76.282123948999981, 36.949255410000035 ], [ -76.282112949999942, 36.94925741000003 ], [ -76.281764497999973, 36.949352306000037 ], [ -76.280648173999964, 36.949656313000048 ], [ -76.278976948999968, 36.950111410000034 ], [ -76.276390948999961, 36.950832410000032 ], [ -76.275922467999976, 36.950960953000049 ], [ -76.274123947999954, 36.951454411000043 ], [ -76.273586947999945, 36.951648410000075 ], [ -76.273074947999987, 36.951786410000068 ], [ -76.272903946999975, 36.951922411000055 ], [ -76.272805946999938, 36.951980410000033 ], [ -76.272562946999983, 36.951999410000042 ], [ -76.272196946999941, 36.952116411000077 ], [ -76.271758945999977, 36.952252411000075 ], [ -76.271805946999962, 36.953049411000052 ], [ -76.271814777999964, 36.953087678000031 ], [ -76.271824983999977, 36.953131904000031 ], [ -76.271856810999964, 36.953269826000053 ], [ -76.27187794699995, 36.95336141100006 ], [ -76.27202394699998, 36.95353741100007 ], [ -76.271973946999935, 36.953731411000035 ], [ -76.271827945999974, 36.954120411000076 ], [ -76.271805433999987, 36.954187949000072 ], [ -76.271704946999989, 36.954489412000044 ], [ -76.271703946999935, 36.954898411000045 ], [ -76.271897946999957, 36.955092411000066 ], [ -76.272189946999958, 36.955307411000035 ], [ -76.272456946999966, 36.955521412000053 ], [ -76.272529946999953, 36.955871411000032 ], [ -76.272540946999982, 36.956105411000067 ], [ -76.272553946999949, 36.956377411000062 ], [ -76.272553104999986, 36.95671726900008 ], [ -76.272552662999942, 36.956895784000039 ], [ -76.272552529999984, 36.956949417000033 ], [ -76.272550829999943, 36.957635230000051 ], [ -76.272549946999959, 36.957991412000069 ], [ -76.272499946999972, 36.958341412000038 ], [ -76.272449946999984, 36.958672412000055 ], [ -76.272401947999981, 36.958944412000051 ], [ -76.272420228999977, 36.959111274000065 ], [ -76.272429167999974, 36.959192870000038 ], [ -76.272448946999987, 36.959373412000048 ], [ -76.272390855999959, 36.959431503000076 ], [ -76.272351947999937, 36.95947041200003 ], [ -76.272351940999954, 36.95947205300007 ], [ -76.272351122999964, 36.959678988000064 ], [ -76.272343516999968, 36.959726364000062 ], [ -76.272204946999977, 36.959781412000041 ], [ -76.272225607999985, 36.959873529000049 ], [ -76.272268078999957, 36.960062871000048 ], [ -76.272280558999967, 36.960118512000065 ], [ -76.272300946999962, 36.96020941200004 ], [ -76.272337301999983, 36.960563113000035 ], [ -76.272348947999944, 36.960676412000055 ], [ -76.272348385999976, 36.960678008000059 ], [ -76.272310946999937, 36.960784413000056 ], [ -76.272285948, 36.960795413000028 ], [ -76.272233946999961, 36.960769413000037 ], [ -76.27217675199995, 36.960765079000055 ], [ -76.272167947999947, 36.96076441200006 ], [ -76.272059946999946, 36.960887412000034 ], [ -76.272003947999963, 36.961041412000043 ], [ -76.271987946999957, 36.96121041300006 ], [ -76.272033946999954, 36.961338413000078 ], [ -76.272039946999939, 36.961476412000025 ], [ -76.271982947999959, 36.96158941300007 ], [ -76.271962946999963, 36.961707412000067 ], [ -76.271972947999984, 36.961815412000078 ], [ -76.271998078999957, 36.961877933000039 ], [ -76.272013947999937, 36.961917413000037 ], [ -76.272069947999967, 36.961999412000068 ], [ -76.272064946999933, 36.962056413000028 ], [ -76.271972947999984, 36.962112413000057 ], [ -76.271958036999933, 36.962127323000061 ], [ -76.271885946999987, 36.962199413000064 ], [ -76.271736947999955, 36.962415413000031 ], [ -76.271667947999958, 36.962588413000049 ], [ -76.271654947999934, 36.962681413000041 ], [ -76.271651934999966, 36.96269097000004 ], [ -76.271651831999975, 36.962691298000038 ], [ -76.271625946999961, 36.962773413000036 ], [ -76.27068894699994, 36.962653413000055 ], [ -76.270338946999971, 36.96259841300008 ], [ -76.269896953999989, 36.962508464000052 ], [ -76.269768946999989, 36.962482413000032 ], [ -76.269297945999938, 36.962362413000051 ], [ -76.268953945999954, 36.962252413000044 ], [ -76.268608945999972, 36.962129413000071 ], [ -76.268188945999952, 36.961964413000032 ], [ -76.267931945999976, 36.961857413000075 ], [ -76.267615945999978, 36.961705413000061 ], [ -76.267205944999944, 36.961475412000027 ], [ -76.267104944999971, 36.961407413000074 ], [ -76.266986945999975, 36.961328412000057 ], [ -76.266770945999951, 36.961197412000047 ], [ -76.266178945999968, 36.960740413000053 ], [ -76.265871482999955, 36.960427217000074 ], [ -76.265481945999966, 36.960030412000037 ], [ -76.265283944999965, 36.959810412000024 ], [ -76.265202819999956, 36.959700848000068 ], [ -76.265109944999949, 36.959575412000049 ], [ -76.264933864999989, 36.95931037500003 ], [ -76.264917944999979, 36.95928641200004 ], [ -76.264828749999936, 36.959132862000047 ], [ -76.26475994499998, 36.959014412000045 ], [ -76.264721238999982, 36.958941400000072 ], [ -76.264671944999975, 36.958848412000066 ], [ -76.264505944999939, 36.95849041200006 ], [ -76.264361944999962, 36.958137413000031 ], [ -76.264281944999937, 36.957911412000044 ], [ -76.264226943999972, 36.957718412000077 ], [ -76.264455943999963, 36.957652412000073 ], [ -76.264433944999951, 36.957539412000074 ], [ -76.264651944999969, 36.957490412000027 ], [ -76.265116944999988, 36.957440412000039 ], [ -76.265770368999938, 36.957425472000068 ], [ -76.265778931999989, 36.957425277000027 ], [ -76.265947944999937, 36.957421412000031 ], [ -76.265947537999978, 36.957405434000066 ], [ -76.265943944999947, 36.957264412000029 ], [ -76.265882945999977, 36.957201412000074 ], [ -76.265839387999961, 36.957152758000063 ], [ -76.265825981999967, 36.957137783000064 ], [ -76.26569494599994, 36.956991412000036 ], [ -76.265468885999951, 36.956758705000027 ], [ -76.265169164999975, 36.956396571000028 ], [ -76.265120943999989, 36.956264412000053 ], [ -76.265059944999962, 36.956063411000059 ], [ -76.265064270999972, 36.955889318000061 ], [ -76.265071944999988, 36.955580412000074 ], [ -76.265072532999966, 36.955562842000063 ], [ -76.265078722999988, 36.955377858000077 ], [ -76.265088944999945, 36.95507241200005 ], [ -76.265122944999973, 36.954991412000027 ], [ -76.265165943999989, 36.954854412000032 ], [ -76.265287540999964, 36.95465222100006 ], [ -76.265288450999947, 36.954650709000077 ], [ -76.265337943999953, 36.954568411000025 ], [ -76.265441944999964, 36.95445241200008 ], [ -76.265508944999965, 36.95437782700003 ], [ -76.26554794499998, 36.954334411000048 ], [ -76.26575139199997, 36.954215846000068 ], [ -76.265849945999946, 36.954158411000037 ], [ -76.265953838999962, 36.954076780000037 ], [ -76.265961274999938, 36.954070938000029 ], [ -76.26600276299996, 36.954038341000057 ], [ -76.266082682, 36.953975547000027 ], [ -76.266129944999989, 36.953938411000024 ], [ -76.266164944999957, 36.953848411000024 ], [ -76.266181689999939, 36.953805546000069 ], [ -76.266214945999934, 36.953720411000063 ], [ -76.266222235999976, 36.953637360000073 ], [ -76.266222356999947, 36.953635979000069 ], [ -76.266225806999955, 36.953596686000026 ], [ -76.266230560999986, 36.953542520000042 ], [ -76.266233224999951, 36.953512185000079 ], [ -76.266234125999972, 36.953501914000071 ], [ -76.266237944999943, 36.953458411000042 ], [ -76.266238777999945, 36.953449249000073 ], [ -76.26624994499997, 36.953326411000035 ], [ -76.266277944999956, 36.953144411000039 ], [ -76.266327944999944, 36.953058411000029 ], [ -76.266536944999984, 36.952867411000057 ], [ -76.266742945999965, 36.952740411000036 ], [ -76.267177182999944, 36.95249450700004 ], [ -76.267261099999985, 36.952446986000041 ], [ -76.267408458999967, 36.952363537000053 ], [ -76.267632945999935, 36.952236411000058 ], [ -76.268688945999941, 36.95165441100005 ], [ -76.268951042999959, 36.951507461000062 ], [ -76.269166944999938, 36.951386410000055 ], [ -76.269235945999981, 36.951301411000031 ], [ -76.269273944999952, 36.951201411000056 ], [ -76.269267945999957, 36.951094410000053 ], [ -76.26924657099994, 36.951054146000047 ], [ -76.269224945999952, 36.951013411000076 ], [ -76.269004, 36.950760179000042 ], [ -76.268875944999934, 36.950613411000063 ], [ -76.268717829999957, 36.950431748000028 ], [ -76.268358945999978, 36.950019410000039 ], [ -76.267895945999953, 36.949488410000072 ], [ -76.267691172999946, 36.949253454000029 ], [ -76.26762531299994, 36.94917788600003 ], [ -76.267393944999981, 36.948912411000038 ], [ -76.267063945999951, 36.948533410000039 ], [ -76.266880945999958, 36.948323410000057 ], [ -76.266669943999943, 36.948059410000042 ], [ -76.266748676999953, 36.947399118000078 ], [ -76.266894944999933, 36.946812410000064 ], [ -76.266904944999965, 36.946718409000027 ], [ -76.267344210999966, 36.946528267000076 ], [ -76.267403944999955, 36.946502410000051 ], [ -76.268096187999959, 36.946196789000055 ], [ -76.268486326999948, 36.946024542000032 ], [ -76.268685944999959, 36.945936409000069 ], [ -76.269595945999981, 36.945535410000048 ], [ -76.270308801999988, 36.945220401000029 ], [ -76.270330595999951, 36.945210770000074 ], [ -76.270799141999987, 36.945003718000066 ], [ -76.270846708999954, 36.944982698000047 ], [ -76.270869906999962, 36.944972446000065 ], [ -76.270944714999985, 36.94493938800008 ], [ -76.271001868999974, 36.944914132000065 ], [ -76.271029655999939, 36.944901852000044 ], [ -76.271054047999939, 36.944891072000075 ], [ -76.271141329999978, 36.944852501000071 ], [ -76.271170642999948, 36.944839548000061 ], [ -76.271256946999983, 36.944801409000036 ], [ -76.271267436999949, 36.944778520000057 ], [ -76.271289946999957, 36.944729409000047 ], [ -76.271300336999957, 36.944707710000046 ], [ -76.271322349999934, 36.94466174300004 ], [ -76.271323945999939, 36.944658409000056 ], [ -76.272576945999958, 36.944996409000055 ], [ -76.272826945999952, 36.945063409000056 ], [ -76.272837392999975, 36.945065902000067 ], [ -76.273090945999968, 36.945126409000068 ], [ -76.273938795999982, 36.942957516000035 ], [ -76.274095620999958, 36.942867664000062 ], [ -76.274479946999975, 36.942766408000068 ], [ -76.275343946999953, 36.942538409000065 ], [ -76.275483946999941, 36.942918409000072 ], [ -76.275721947999955, 36.943618409000067 ], [ -76.275740947999964, 36.943671409000046 ], [ -76.275858946999961, 36.943666409000059 ], [ -76.275879946999964, 36.943292409000037 ], [ -76.27586294799994, 36.943076408000024 ], [ -76.275834946999964, 36.942932408000047 ], [ -76.275882947999946, 36.942801408000037 ], [ -76.275924947999954, 36.942671408000024 ], [ -76.275927947999946, 36.942615408000052 ], [ -76.275877946999969, 36.940236408000032 ], [ -76.275861538999948, 36.940197853000029 ], [ -76.275654946999964, 36.939712408000048 ], [ -76.275073946999953, 36.93915940800008 ], [ -76.274573045999944, 36.938898429000062 ], [ -76.27440794599994, 36.938812408000047 ], [ -76.273610946999952, 36.93842840700006 ], [ -76.273066946999961, 36.938053407000041 ], [ -76.27272594599998, 36.937109408000026 ], [ -76.272659946999966, 36.937053408000054 ], [ -76.271872945999974, 36.935636407000061 ], [ -76.27210026399996, 36.934844523000038 ], [ -76.272453945999985, 36.933612407000055 ], [ -76.272023138999941, 36.933374724000032 ], [ -76.271333313999946, 36.932994131000044 ], [ -76.271260341999948, 36.932953870000063 ], [ -76.271032486999957, 36.932828154000049 ], [ -76.270974945999967, 36.932796407000069 ], [ -76.270661036999968, 36.932818670000074 ], [ -76.270550807999939, 36.932826486000067 ], [ -76.269719945999952, 36.932885407000072 ], [ -76.269419855999956, 36.932770349000066 ], [ -76.267849943999977, 36.932168407000063 ], [ -76.267798361999951, 36.932148624000035 ], [ -76.267122836999988, 36.931889540000043 ], [ -76.266999943999963, 36.931842406000044 ], [ -76.266914704999976, 36.931809681000061 ], [ -76.266775944999949, 36.93175640700008 ], [ -76.266251777999969, 36.931669550000038 ], [ -76.26608194399995, 36.93164140600004 ], [ -76.265838943999938, 36.931601407000073 ], [ -76.265579641999977, 36.931610134000039 ], [ -76.264263943999936, 36.931654406000064 ], [ -76.264040200999943, 36.931586254000024 ], [ -76.262592942999959, 36.931145407000031 ], [ -76.262590427999953, 36.931144643000039 ], [ -76.261963942999955, 36.930954407000058 ], [ -76.261276689999988, 36.930597876000036 ], [ -76.261244941999962, 36.930581407000034 ], [ -76.260843554999951, 36.930406609000045 ], [ -76.260748941999964, 36.930365407000068 ], [ -76.26073536399997, 36.930362872000046 ], [ -76.260575891999963, 36.930333104000056 ], [ -76.260367107999969, 36.930294131000039 ], [ -76.260228133999988, 36.93026818900006 ], [ -76.260148941999944, 36.930253406000077 ], [ -76.260020941999983, 36.930077406000066 ], [ -76.259880941999938, 36.930070407000073 ], [ -76.259542941999939, 36.930056406000062 ], [ -76.259214941999971, 36.930107407000037 ], [ -76.258994940999969, 36.930140407000067 ], [ -76.258755941999937, 36.93015940600003 ], [ -76.258614941999951, 36.930154406000042 ], [ -76.258431941999959, 36.930140406000078 ], [ -76.258310940999934, 36.930126407000046 ], [ -76.258206941999958, 36.930140407000067 ], [ -76.25808594199998, 36.930169407000051 ], [ -76.257994067999959, 36.930158876000064 ], [ -76.257937136999942, 36.930152350000071 ], [ -76.257832940999947, 36.930140407000067 ], [ -76.257780389999937, 36.930143284000053 ], [ -76.257729256999937, 36.930146084000057 ], [ -76.25748594199996, 36.93015940600003 ], [ -76.257283857999937, 36.930159407000076 ], [ -76.257223941999939, 36.930159407000076 ], [ -76.257082940999965, 36.930178406000039 ], [ -76.256970839999951, 36.930185562000077 ], [ -76.25694194099998, 36.930187406000073 ], [ -76.256829940999978, 36.930197406000048 ], [ -76.256769864999967, 36.930173426000067 ], [ -76.256586940999966, 36.930100406000065 ], [ -76.256474762999972, 36.930155605000039 ], [ -76.256271940999966, 36.930255406000072 ], [ -76.253345938999985, 36.930007406000072 ], [ -76.253300808999938, 36.930038832000037 ], [ -76.253210939999974, 36.930101407000052 ], [ -76.253191939999965, 36.929976406000037 ], [ -76.253154939999945, 36.92973440600008 ], [ -76.253098938999983, 36.929374406000079 ], [ -76.252956861999962, 36.928479684000024 ], [ -76.25295605599996, 36.928474606000066 ], [ -76.252903939999953, 36.928146406000053 ], [ -76.25289593399998, 36.928095579000058 ], [ -76.252891437999949, 36.92806704000003 ], [ -76.252771938999956, 36.927308406000066 ], [ -76.252664938999942, 36.92663140600007 ], [ -76.252593345999969, 36.926193978000072 ], [ -76.252573938999944, 36.926075406000052 ], [ -76.252571788999944, 36.926062195000043 ], [ -76.25255091799994, 36.925933945000054 ], [ -76.252497938999966, 36.925608406000038 ], [ -76.252482585999985, 36.925497859000075 ], [ -76.252467939999974, 36.925392405000025 ], [ -76.252457464999964, 36.925304358000062 ], [ -76.25244345699997, 36.925186598000039 ], [ -76.252435938999952, 36.925123406000068 ], [ -76.252399938999986, 36.924656405000064 ], [ -76.252399456999967, 36.924634780000076 ], [ -76.252394224999989, 36.92440007600004 ], [ -76.252393444999939, 36.924365102000024 ], [ -76.252392939999936, 36.924342406000051 ], [ -76.252399939999975, 36.924096405000057 ], [ -76.252411785999982, 36.923936791000074 ], [ -76.252416091999976, 36.923878770000044 ], [ -76.252418938999938, 36.923840406000068 ], [ -76.252425722999988, 36.923787497000035 ], [ -76.252438179999956, 36.923690330000056 ], [ -76.252440694999962, 36.923670713000035 ], [ -76.252443195999945, 36.923651205000056 ], [ -76.252458938999951, 36.92352840500007 ], [ -76.252499630999978, 36.923321030000068 ], [ -76.252501916999961, 36.923309381000024 ], [ -76.252533708999977, 36.923147359000041 ], [ -76.252544673999978, 36.923017334000065 ], [ -76.252750297999967, 36.922081173000038 ], [ -76.252825986999937, 36.921736572000043 ], [ -76.252826100999982, 36.921736061000047 ], [ -76.252828637999983, 36.921724507000079 ], [ -76.252828653999984, 36.921724441000038 ], [ -76.252828849999958, 36.921723535000069 ], [ -76.252828857999987, 36.921723501000031 ], [ -76.252829653999981, 36.921719833000054 ], [ -76.252829682999959, 36.921719740000071 ], [ -76.252831016999949, 36.921713451000073 ], [ -76.252831066999988, 36.921713219000026 ], [ -76.25283253799995, 36.921706372000074 ], [ -76.252832592999937, 36.921706118000031 ], [ -76.25283412899995, 36.921698973000048 ], [ -76.252834134999944, 36.92169894500006 ], [ -76.252834518999975, 36.921697155000061 ], [ -76.252834772999961, 36.92169597600008 ], [ -76.252836402999947, 36.921688391000032 ], [ -76.252836732999981, 36.921686854000029 ], [ -76.252836951999939, 36.921685834000073 ], [ -76.25284451899995, 36.92165062600003 ], [ -76.252844583999945, 36.921650326000076 ], [ -76.252848653999934, 36.921631388000037 ], [ -76.252849090999973, 36.921629354000061 ], [ -76.252850975999934, 36.921620583000049 ], [ -76.252851111999973, 36.921619950000036 ], [ -76.252852290999954, 36.921614461000047 ], [ -76.252859069999943, 36.921582923000074 ], [ -76.25285910599996, 36.921582753000052 ], [ -76.252866435999977, 36.921548648000055 ], [ -76.252866863999941, 36.921546652000075 ], [ -76.252874639999959, 36.921510471000033 ], [ -76.252874788999975, 36.921509778000029 ], [ -76.252877445999957, 36.921497417000069 ], [ -76.252878124999938, 36.921494254000038 ], [ -76.252878941999938, 36.921490456000072 ], [ -76.252881225999943, 36.921479826000052 ], [ -76.252881361999982, 36.921479198000043 ], [ -76.252881781999974, 36.921477236000044 ], [ -76.252883070999985, 36.921471241000063 ], [ -76.252883435999934, 36.921469540000032 ], [ -76.25288788499995, 36.921448844000054 ], [ -76.252889525999933, 36.921441208000033 ], [ -76.252898938999977, 36.92139740500005 ], [ -76.252906873999962, 36.921360107000055 ], [ -76.252908720999983, 36.921351422000043 ], [ -76.252911581999967, 36.921337977000064 ], [ -76.252942235999967, 36.921193883000058 ], [ -76.252948152999977, 36.921166069000037 ], [ -76.25295043899996, 36.92115533100008 ], [ -76.252959617999977, 36.921112182000059 ], [ -76.252979299999936, 36.921019669000032 ], [ -76.25300557099996, 36.920896175000053 ], [ -76.253008678999947, 36.920881565000059 ], [ -76.253035115999978, 36.920757294000055 ], [ -76.253035666999949, 36.92075471000004 ], [ -76.253041689999975, 36.920726397000067 ], [ -76.253048903999968, 36.920692485000075 ], [ -76.253052694999951, 36.920674665000035 ], [ -76.253115138999988, 36.920381138000039 ], [ -76.253148932999977, 36.920222285000079 ], [ -76.253150923999954, 36.920212921000029 ], [ -76.253164908999963, 36.920147185000076 ], [ -76.253184880999981, 36.920053306000057 ], [ -76.253222938999954, 36.919874404000041 ], [ -76.253277327999967, 36.919633705000024 ], [ -76.253288128999941, 36.91958590400003 ], [ -76.253294093999955, 36.919559509000067 ], [ -76.253298210999958, 36.919541290000041 ], [ -76.253314918999934, 36.919467345000044 ], [ -76.253316938999944, 36.919458404000068 ], [ -76.253370486999984, 36.919161461000044 ], [ -76.253396444999964, 36.919017509000071 ], [ -76.25340638299997, 36.918962400000055 ], [ -76.253426938999951, 36.918848404000073 ], [ -76.253430900999945, 36.918826091000028 ], [ -76.253474730999983, 36.91857923300006 ], [ -76.25351657899995, 36.91834354100007 ], [ -76.253536309999959, 36.91823241000003 ], [ -76.253536315999952, 36.918232382000042 ], [ -76.25357977799996, 36.917991088000065 ], [ -76.253603593999969, 36.917868680000026 ], [ -76.253600938999966, 36.917868404000046 ], [ -76.253616197999975, 36.917794925000067 ], [ -76.253656277999937, 36.91760191700007 ], [ -76.25366730099995, 36.917548834000058 ], [ -76.253711117999956, 36.917337828000029 ], [ -76.25374435699996, 36.917177757000047 ], [ -76.253779938999969, 36.917006404000063 ], [ -76.253824360999943, 36.916799802000071 ], [ -76.25382766599995, 36.916784437000047 ], [ -76.253840546999982, 36.916724524000074 ], [ -76.253855426999962, 36.916655322000054 ], [ -76.253859390999935, 36.916636882000034 ], [ -76.253860345999954, 36.916632446000051 ], [ -76.253895375999946, 36.916469525000025 ], [ -76.253928013999939, 36.916317726000045 ], [ -76.253929418999974, 36.91631119300007 ], [ -76.25394893899994, 36.916220404000057 ], [ -76.25395184599995, 36.916208890000064 ], [ -76.25395771999996, 36.916185633000055 ], [ -76.253973938999934, 36.91612140400008 ], [ -76.253874939999946, 36.916098404000024 ], [ -76.253252938999935, 36.915930403000061 ], [ -76.252750938999952, 36.915784404000078 ], [ -76.251935938999964, 36.915567403000068 ], [ -76.251429793999989, 36.915444441000034 ], [ -76.25140493899994, 36.915438404000042 ], [ -76.25128676099996, 36.915411413000072 ], [ -76.251242938999951, 36.915401404000079 ], [ -76.250890937999941, 36.915323403000059 ], [ -76.250824937999937, 36.915311403000032 ], [ -76.250550937999947, 36.915266403000032 ], [ -76.250424937999981, 36.915250404000062 ], [ -76.250148937999938, 36.915226403000077 ], [ -76.249964937999948, 36.915219404000027 ], [ -76.249815937999983, 36.915219404000027 ], [ -76.249446937999949, 36.915228404000061 ], [ -76.249154902999976, 36.915228404000061 ], [ -76.249145002999967, 36.915228404000061 ], [ -76.249098937999975, 36.915228404000061 ], [ -76.249049819999982, 36.915225642000053 ], [ -76.249043792999942, 36.915225303000057 ], [ -76.249036319999959, 36.915224883000064 ], [ -76.249023685999987, 36.91522417200008 ], [ -76.248951283999986, 36.915220102000035 ], [ -76.248849937999978, 36.915214404000039 ], [ -76.248822376999954, 36.915211286000044 ], [ -76.248178392999989, 36.915138438000042 ], [ -76.248137496999959, 36.915133811000032 ], [ -76.248010268999963, 36.915119418000074 ], [ -76.246975936999945, 36.915002403000074 ], [ -76.246967670999936, 36.915001454000048 ], [ -76.246945609999955, 36.914998922000052 ], [ -76.246099311999956, 36.914901776000079 ], [ -76.246069936999959, 36.914898403000052 ], [ -76.245945898999935, 36.914884799000049 ], [ -76.24584699199994, 36.914873951000061 ], [ -76.245810593999977, 36.914869958000054 ], [ -76.245676794999952, 36.914855283000065 ], [ -76.245636449999949, 36.914850858000079 ], [ -76.245057935999967, 36.914787403000048 ], [ -76.244857355999955, 36.914773965000052 ], [ -76.244826340999964, 36.91477188600004 ], [ -76.244757771999957, 36.914767292000079 ], [ -76.244742106999979, 36.914766243000031 ], [ -76.244072935999952, 36.914721404000034 ], [ -76.243983046999972, 36.914716500000054 ], [ -76.24392303999997, 36.914713228000039 ], [ -76.243632935999983, 36.914697403000048 ], [ -76.24360691399994, 36.914696008000078 ], [ -76.243315935999988, 36.914680403000034 ], [ -76.242926935999947, 36.914668404000054 ], [ -76.242514934999974, 36.914667404000056 ], [ -76.242495666999957, 36.91466811600003 ], [ -76.242429670999968, 36.914670553000065 ], [ -76.241939404999982, 36.914688655000077 ], [ -76.241864935999956, 36.914691404000052 ], [ -76.241795190999937, 36.914695375000065 ], [ -76.241724672999965, 36.914699390000067 ], [ -76.241661934999968, 36.914702962000035 ], [ -76.241583934999937, 36.914707404000069 ], [ -76.241508924999948, 36.914711571000055 ], [ -76.241492326999946, 36.914712493000025 ], [ -76.241419709999946, 36.914716528000042 ], [ -76.241412479999951, 36.914716929000065 ], [ -76.241408082999953, 36.914717173000042 ], [ -76.241403934999937, 36.914717404000044 ], [ -76.241382845999965, 36.914718619000041 ], [ -76.241368403999957, 36.914719451000053 ], [ -76.241324874999975, 36.914721959000076 ], [ -76.24130480599996, 36.914723115000072 ], [ -76.24129507899994, 36.914723676000051 ], [ -76.241252641999949, 36.914726121000058 ], [ -76.241237310999963, 36.914727004000042 ], [ -76.241232083999989, 36.914727305000042 ], [ -76.241066931999967, 36.91473682000003 ], [ -76.240936568999985, 36.914744330000076 ], [ -76.24091793599996, 36.91474540400003 ], [ -76.240895341999988, 36.914746659000059 ], [ -76.240856688999941, 36.914748806000034 ], [ -76.240820812999971, 36.914750799000046 ], [ -76.240791935999937, 36.914752404000069 ], [ -76.240718451999953, 36.914753284000028 ], [ -76.240624935999961, 36.914754404000064 ], [ -76.240402934999963, 36.914749404000077 ], [ -76.240028934999941, 36.914722403000042 ], [ -76.239771933999975, 36.914688403000071 ], [ -76.239457933999972, 36.914628403000052 ], [ -76.239237934999949, 36.914577404000056 ], [ -76.238978933999988, 36.914501403000031 ], [ -76.238820933999989, 36.914444404000051 ], [ -76.238608934999945, 36.914356404000046 ], [ -76.238528933999987, 36.91432040400008 ], [ -76.23829593399995, 36.914203404000034 ], [ -76.238073933999942, 36.914075404000073 ], [ -76.237861933999966, 36.913936403000037 ], [ -76.237618933999954, 36.913753404000033 ], [ -76.237466934999986, 36.913617404000036 ], [ -76.237312933999988, 36.913455404000047 ], [ -76.23718893399996, 36.91349540300007 ], [ -76.237063323999962, 36.91332581000006 ], [ -76.236780178999936, 36.91294352400007 ], [ -76.236534932999973, 36.912612403000026 ], [ -76.235856161999948, 36.911681737000038 ], [ -76.235564392999947, 36.911281684000073 ], [ -76.234295932999942, 36.909542403000046 ], [ -76.233955932999947, 36.909067403000051 ], [ -76.233840932999954, 36.908905402000073 ], [ -76.233697597999935, 36.908713503000058 ], [ -76.233572464999952, 36.908545973000059 ], [ -76.233415932999947, 36.908336402000032 ], [ -76.233096621999948, 36.907899601000054 ], [ -76.231263617999957, 36.905391510000072 ], [ -76.230580930999963, 36.904456402000051 ], [ -76.22915299899995, 36.902502153000057 ], [ -76.229142825999986, 36.902488231000063 ], [ -76.228982318999954, 36.902268555000035 ], [ -76.228521476999958, 36.901637822000055 ], [ -76.228430762999949, 36.901513667000074 ], [ -76.228350930999966, 36.901404402000026 ], [ -76.228252876999989, 36.901270510000074 ], [ -76.228153930999952, 36.901135401000033 ], [ -76.227817930999947, 36.901297401000079 ], [ -76.227788203999978, 36.901311311000029 ], [ -76.227553279999938, 36.901421245000051 ], [ -76.227349929999946, 36.901516401000038 ], [ -76.22711093099997, 36.901628402000028 ], [ -76.227029305999963, 36.901666394000074 ], [ -76.226896029999978, 36.901735251000048 ], [ -76.226816282999948, 36.901771882000048 ], [ -76.226687596999966, 36.901830990000065 ], [ -76.226653204999934, 36.901846788000057 ], [ -76.22650482499995, 36.901914943000065 ], [ -76.226502929999981, 36.901911401000064 ], [ -76.226428930999987, 36.901754402000051 ], [ -76.226400929999954, 36.90169540200003 ], [ -76.226379888999986, 36.901658140000052 ], [ -76.226352930999951, 36.901610402000074 ], [ -76.226340929999935, 36.901598401000058 ], [ -76.226337832999945, 36.901591945000064 ], [ -76.226257929999974, 36.90142540100004 ], [ -76.226092837999943, 36.901470410000059 ], [ -76.226080574999969, 36.901473753000062 ], [ -76.225395928999944, 36.901660402000061 ], [ -76.225128928999936, 36.90183040200003 ], [ -76.224990928999944, 36.901878401000033 ], [ -76.224770928999988, 36.901902402000076 ], [ -76.224531928999966, 36.901854402000026 ], [ -76.224397929999952, 36.901806401000044 ], [ -76.224345797999945, 36.901811233000046 ], [ -76.224192929999958, 36.901825401000053 ], [ -76.223977928999943, 36.901897402000031 ], [ -76.223834928999963, 36.901997402000063 ], [ -76.22361092899996, 36.902126402000079 ], [ -76.223318541999959, 36.902309653000032 ], [ -76.223269635999941, 36.902340304000063 ], [ -76.223251929999947, 36.902351401000033 ], [ -76.223008928999946, 36.902480402000037 ], [ -76.222745928999984, 36.902613402000043 ], [ -76.222215928999958, 36.902914402000079 ], [ -76.221894066999937, 36.902994784000043 ], [ -76.221325078999939, 36.903136880000034 ], [ -76.221270927999967, 36.903150402000051 ], [ -76.221086214999957, 36.903241166000043 ], [ -76.221038928999974, 36.903264402000048 ], [ -76.220861928999966, 36.903400402000045 ], [ -76.220759928999939, 36.903508402000057 ], [ -76.220728369999961, 36.903556596000044 ], [ -76.220667981999952, 36.903648816000043 ], [ -76.220630928999981, 36.903705402000071 ], [ -76.220419927999956, 36.904032403000031 ], [ -76.219971658999953, 36.904558078000036 ], [ -76.219892927999979, 36.904650403000062 ], [ -76.219312073999959, 36.904806715000063 ], [ -76.219264927999973, 36.904819402000044 ], [ -76.219095329999959, 36.904840508000063 ], [ -76.218814927999972, 36.904875402000073 ], [ -76.218420927999944, 36.904875403000062 ], [ -76.217942927999957, 36.904838402000053 ], [ -76.217454926999949, 36.904856402000064 ], [ -76.216850927999985, 36.905211241000075 ], [ -76.216751926999962, 36.905269402000044 ], [ -76.216513351999936, 36.905294841000057 ], [ -76.215785926999956, 36.905372403000058 ], [ -76.215420926999968, 36.905344403000072 ], [ -76.215210925999941, 36.905307403000052 ], [ -76.214689925999949, 36.905410403000076 ], [ -76.214115682999989, 36.905823428000076 ], [ -76.213690868999947, 36.906128971000044 ], [ -76.213359042999969, 36.906367630000034 ], [ -76.212958925999942, 36.906655403000059 ], [ -76.212260925999942, 36.907181404000028 ], [ -76.211592813999971, 36.906892906000053 ], [ -76.211406863999969, 36.906812609000042 ], [ -76.210656765999943, 36.906488700000068 ], [ -76.21047871199994, 36.906411811000055 ], [ -76.209319924999988, 36.905911403000061 ], [ -76.209229925999978, 36.905827403000046 ], [ -76.209118924999984, 36.905761403000042 ], [ -76.206063574999973, 36.905506631000037 ], [ -76.205927116999987, 36.905495250000058 ], [ -76.205475938999939, 36.905457621000039 ], [ -76.204789922999964, 36.905400403000044 ], [ -76.204641336999941, 36.905568556000048 ], [ -76.204252031999943, 36.906009122000057 ], [ -76.203579026999989, 36.906770728000026 ], [ -76.203519983999968, 36.906837544000041 ], [ -76.20247358599994, 36.908021661000078 ], [ -76.202339078999955, 36.908173867000073 ], [ -76.20228663499995, 36.908233212000027 ], [ -76.201740323999957, 36.908851402000039 ], [ -76.201560922999988, 36.909054404000074 ], [ -76.200182820999942, 36.909907227000076 ], [ -76.199898837999967, 36.910082963000036 ], [ -76.19922636299998, 36.910499100000038 ], [ -76.198021921999953, 36.911244405000048 ], [ -76.197694355999943, 36.911446951000073 ], [ -76.197626921999984, 36.911488647000056 ], [ -76.197552920999954, 36.911534404000065 ], [ -76.197360921999973, 36.911654405000036 ], [ -76.197088920999988, 36.911601405000056 ], [ -76.196999921999975, 36.911583404000055 ], [ -76.19631992099994, 36.911451405000037 ], [ -76.196100920999982, 36.911408404000042 ], [ -76.196042920999957, 36.911397405000059 ], [ -76.194403920999946, 36.911078404000079 ], [ -76.193760920999978, 36.910954405000041 ], [ -76.191960919999985, 36.909954404000075 ], [ -76.191688919999933, 36.909985404000054 ], [ -76.191046919999962, 36.910060404000035 ], [ -76.191025704999959, 36.910062887000038 ], [ -76.190928207999946, 36.91007429800004 ], [ -76.187518064999949, 36.910473361000072 ], [ -76.187192918999983, 36.910511404000033 ], [ -76.187109917999976, 36.910532405000026 ], [ -76.187012917999937, 36.910557404000031 ], [ -76.186416942999983, 36.910159692000036 ], [ -76.186014918999945, 36.909891404000064 ], [ -76.185759917999974, 36.909696405000034 ], [ -76.185508917999982, 36.909467404000054 ], [ -76.185292971999957, 36.909244842000078 ], [ -76.185149917, 36.909097404000079 ], [ -76.184706917999961, 36.908628404000069 ], [ -76.184399916999951, 36.908307404000027 ], [ -76.184141917999966, 36.908026404000054 ], [ -76.183775917999981, 36.907693404000042 ], [ -76.183465916999978, 36.907442404000051 ], [ -76.183110916999965, 36.907198404000042 ], [ -76.182894017999956, 36.907075921000057 ], [ -76.182893444999934, 36.907075597000073 ], [ -76.182770916999971, 36.907006404000072 ], [ -76.182445916999939, 36.906862404000037 ], [ -76.182063915999947, 36.906692404000069 ], [ -76.18201391599996, 36.906675404000055 ], [ -76.182077915999969, 36.906604404000063 ], [ -76.18828691899995, 36.899763402000076 ], [ -76.188607917999946, 36.89940940300005 ], [ -76.191402740999933, 36.896330426000077 ], [ -76.192560918999959, 36.895054401000039 ], [ -76.193960919999938, 36.893854401000056 ], [ -76.195461590999969, 36.891333336000059 ], [ -76.196460919999936, 36.88965440000004 ], [ -76.197042514999964, 36.888780581000049 ], [ -76.198460919999945, 36.886649399000078 ], [ -76.198360239999943, 36.886470459000066 ], [ -76.197692919999952, 36.885284399000057 ], [ -76.197590919999982, 36.885104399000056 ], [ -76.197554919999959, 36.885041399000045 ], [ -76.197521919999986, 36.88498239900008 ], [ -76.197460920999958, 36.884909399000037 ], [ -76.195560918999945, 36.881954398000062 ], [ -76.194295064999949, 36.879668011000035 ], [ -76.194270918999962, 36.879624398000033 ], [ -76.193664042999956, 36.878528159000041 ], [ -76.193330918999948, 36.877926398000056 ], [ -76.193123917999969, 36.877432397000064 ], [ -76.192791065999984, 36.877625145000025 ], [ -76.192785890999971, 36.877628142000049 ], [ -76.192776469999956, 36.877621572000066 ], [ -76.192753344999971, 36.877605447000064 ], [ -76.192751280999971, 36.877604007000059 ], [ -76.192679133999945, 36.877553694000028 ], [ -76.192545650999989, 36.877460609000025 ], [ -76.192277259999969, 36.877273443000036 ], [ -76.192248533999987, 36.877253410000037 ], [ -76.191868392999936, 36.876988312000037 ], [ -76.19152909099995, 36.876751690000049 ], [ -76.191453982999974, 36.876699311000039 ], [ -76.19139217299994, 36.876656205000074 ], [ -76.191374761999953, 36.876643740000077 ], [ -76.191211005999946, 36.876526504000026 ], [ -76.190600355999948, 36.876089319000073 ], [ -76.19050836599996, 36.876023459000066 ], [ -76.189592619999985, 36.875367830000073 ], [ -76.189584926999942, 36.875362322000058 ], [ -76.188955542999963, 36.874911703000066 ], [ -76.188912433999974, 36.874880838000024 ], [ -76.188890577999985, 36.874865190000037 ], [ -76.188763988999938, 36.874774554000055 ], [ -76.188781818999985, 36.874759701000073 ], [ -76.188611384999945, 36.874616893000052 ], [ -76.188598959999979, 36.874606482000047 ], [ -76.188546120999945, 36.874562207000054 ], [ -76.188536690999968, 36.87455430600005 ], [ -76.188463644999956, 36.874481134000064 ], [ -76.188389732999951, 36.874407094000048 ], [ -76.188222251999946, 36.874239322000051 ], [ -76.18813720199995, 36.874154125000075 ], [ -76.188118894999945, 36.874135785000078 ], [ -76.188056987999971, 36.874087536000047 ], [ -76.187986978999959, 36.874032975000034 ], [ -76.187955230999989, 36.874008231000062 ], [ -76.187963287999935, 36.873999668000067 ], [ -76.187966897999956, 36.873995833000038 ], [ -76.187980956999979, 36.873980897000024 ], [ -76.187992366999936, 36.873968772000069 ], [ -76.187992602999941, 36.873968518000027 ], [ -76.188030746999971, 36.873927987000059 ], [ -76.188032648999979, 36.873927173000027 ], [ -76.188069829999961, 36.873911257000032 ], [ -76.188091232999966, 36.873902095000062 ], [ -76.188140446999967, 36.873881028000028 ], [ -76.188178681999943, 36.873864662000074 ], [ -76.188266050999971, 36.873827262000077 ], [ -76.188279924999961, 36.873821324000062 ], [ -76.188359742999978, 36.873787156000049 ], [ -76.188393686999973, 36.873772626000061 ], [ -76.188399715999935, 36.873770045000072 ], [ -76.188410198999975, 36.873765558000059 ], [ -76.188411087999953, 36.873765177000053 ], [ -76.188422709999941, 36.873760202000028 ], [ -76.188453765999952, 36.873746909000033 ], [ -76.18846098399996, 36.873743818000037 ], [ -76.188478320999934, 36.873736397000073 ], [ -76.188560085999939, 36.873701397000048 ], [ -76.188584915999968, 36.873690767000028 ], [ -76.188588265999954, 36.873689333000073 ], [ -76.188668237999934, 36.873655100000065 ], [ -76.188747745999933, 36.873621065000066 ], [ -76.18878183399994, 36.873606469000038 ], [ -76.188794005999966, 36.873601245000032 ], [ -76.188807539999971, 36.873595462000026 ], [ -76.188809008999954, 36.873594837000041 ], [ -76.188813271999948, 36.873593021000033 ], [ -76.188813610999944, 36.873592870000039 ], [ -76.188834684999961, 36.873600372000055 ], [ -76.188847242999941, 36.873604843000066 ], [ -76.188849791999985, 36.873605750000024 ], [ -76.188877629, 36.873615661000031 ], [ -76.188954099999989, 36.873642884000049 ], [ -76.188957718999973, 36.873644185000046 ], [ -76.188971983999977, 36.873649251000074 ], [ -76.188975867999943, 36.873650631000032 ], [ -76.188982295999949, 36.873652905000029 ], [ -76.189178593999941, 36.87372244900007 ], [ -76.189178812999955, 36.873722371000042 ], [ -76.189182940999956, 36.873720920000039 ], [ -76.189188535999961, 36.873718953000036 ], [ -76.189198039999951, 36.87371561100008 ], [ -76.189200459999938, 36.873714760000041 ], [ -76.189211842999953, 36.873710756000037 ], [ -76.189214595999943, 36.873709788000042 ], [ -76.189221170999986, 36.87370747500006 ], [ -76.189227998999968, 36.873705075000032 ], [ -76.18922813599994, 36.873705027000028 ], [ -76.189239344999976, 36.87370108500005 ], [ -76.189240321999989, 36.87370074200004 ], [ -76.189245940999967, 36.873698765000029 ], [ -76.189273385999968, 36.873689114000058 ], [ -76.189277651999987, 36.873687614000062 ], [ -76.189324949999957, 36.873670981000032 ], [ -76.189325247999989, 36.873670876000062 ], [ -76.189327367999965, 36.87367013100004 ], [ -76.189327879999951, 36.873669950000078 ], [ -76.189361535999979, 36.873658115000069 ], [ -76.189376394999954, 36.873652889000027 ], [ -76.189379254999949, 36.873651884000026 ], [ -76.189386666999951, 36.873649277000027 ], [ -76.189415876999988, 36.873639006000076 ], [ -76.189421823999965, 36.873635499000045 ], [ -76.189448622999976, 36.873619702000042 ], [ -76.189452779999954, 36.873617252000031 ], [ -76.189554550999958, 36.873557260000041 ], [ -76.189615501999981, 36.873521332000053 ], [ -76.189806492999935, 36.873408746000052 ], [ -76.18989021799996, 36.873359391000065 ], [ -76.189995478999947, 36.873297341000068 ], [ -76.189997912999956, 36.873295906000067 ], [ -76.190013375999968, 36.873262135000061 ], [ -76.190016717999981, 36.873254831000054 ], [ -76.190023168999971, 36.87324071900008 ], [ -76.190024044999973, 36.873238810000032 ], [ -76.19003182299997, 36.873221810000075 ], [ -76.190041037999947, 36.873201671000061 ], [ -76.190047966999941, 36.873186530000055 ], [ -76.190052166999976, 36.873183474000029 ], [ -76.190057104999937, 36.873179881000056 ], [ -76.190080902999966, 36.873162563000051 ], [ -76.190109155999949, 36.873142004000044 ], [ -76.190114644999937, 36.873138010000048 ], [ -76.190149619999943, 36.873112559000049 ], [ -76.19015722599994, 36.873107023000046 ], [ -76.190159383999969, 36.873105453000051 ], [ -76.190167299999985, 36.873099694000075 ], [ -76.19018319099996, 36.873088130000042 ], [ -76.190185871999972, 36.873086178000051 ], [ -76.190211930999965, 36.873067215000049 ], [ -76.190238589999979, 36.873047816000053 ], [ -76.190251424999985, 36.87303847700008 ], [ -76.190279853999982, 36.873017789000073 ], [ -76.190283825999984, 36.873012097000071 ], [ -76.190301685999941, 36.87298650200006 ], [ -76.190310634999946, 36.872973678000051 ], [ -76.190315319999968, 36.872966964000057 ], [ -76.190383524999959, 36.87286922100003 ], [ -76.190390832999981, 36.872858748000056 ], [ -76.190463260999934, 36.872754952000037 ], [ -76.190466531999959, 36.872750264000047 ], [ -76.190484389999938, 36.87272467300005 ], [ -76.190492210999935, 36.872713464000071 ], [ -76.190509111999972, 36.872689243000025 ], [ -76.190520891999938, 36.872672376000025 ], [ -76.190522918999989, 36.872669457000029 ], [ -76.190524550999953, 36.87266710800003 ], [ -76.190530141999943, 36.872659105000025 ], [ -76.19054072299997, 36.872643943000071 ], [ -76.190555752999956, 36.872622404000026 ], [ -76.19056343799997, 36.872611389000042 ], [ -76.190567949999945, 36.872604924000029 ], [ -76.190582986999971, 36.872583373000055 ], [ -76.190586248999978, 36.872578700000076 ], [ -76.190602539999986, 36.872555353000052 ], [ -76.190608930999986, 36.872546193000062 ], [ -76.190619183999956, 36.872531500000036 ], [ -76.190627501999984, 36.872519580000073 ], [ -76.190646275999939, 36.872492676000036 ], [ -76.190619518999938, 36.872464988000047 ], [ -76.190538849999939, 36.87238151300005 ], [ -76.190517425999985, 36.872359345000064 ], [ -76.190562227999976, 36.872253035000028 ], [ -76.190586270999972, 36.87219598300004 ], [ -76.190602526999953, 36.872157409000067 ], [ -76.190603868999972, 36.872154223000052 ], [ -76.190605614999981, 36.872150078000061 ], [ -76.190613431999964, 36.872131529000058 ], [ -76.190615132999937, 36.872127495000029 ], [ -76.190617052999983, 36.872122938000075 ], [ -76.190618359999974, 36.872119837000071 ], [ -76.19062084799998, 36.872113933000037 ], [ -76.190620941999953, 36.872113711000054 ], [ -76.190624660999958, 36.872104885000056 ], [ -76.190625695999984, 36.872102428000062 ], [ -76.19062650099994, 36.872100517000035 ], [ -76.190626676999955, 36.872100101000058 ], [ -76.190626971999961, 36.872099400000025 ], [ -76.190630579999947, 36.872090838000076 ], [ -76.190630988999942, 36.872089869000035 ], [ -76.190632583999957, 36.872086082000067 ], [ -76.190640454999937, 36.87206739800007 ], [ -76.190641030999984, 36.872066035000046 ], [ -76.190641269999958, 36.872065475000056 ], [ -76.190642774999958, 36.872061937000069 ], [ -76.190642904999947, 36.872061633000044 ], [ -76.190644459999987, 36.87205790400003 ], [ -76.190645166999957, 36.872056229000066 ], [ -76.190645242999949, 36.872056044000033 ], [ -76.190647856999988, 36.87204984300007 ], [ -76.190648382999939, 36.872048595000024 ], [ -76.190650769999934, 36.872042931000067 ], [ -76.190650948999973, 36.872042505000024 ], [ -76.190652350999983, 36.872039179000069 ], [ -76.190664122999976, 36.872022573000038 ], [ -76.190674022999985, 36.872008607000055 ], [ -76.190691835999985, 36.871983481000029 ], [ -76.190696525999954, 36.871976864000032 ], [ -76.190726300999984, 36.871934861000057 ], [ -76.190727383999956, 36.871933333000072 ], [ -76.190758114999937, 36.871889983000074 ], [ -76.190759509999964, 36.871888015000025 ], [ -76.190759038999943, 36.871885096000028 ], [ -76.190752305, 36.87184336200005 ], [ -76.190752030999988, 36.871841661000076 ], [ -76.190745355999979, 36.87180029700005 ], [ -76.190744173999974, 36.871792966000044 ], [ -76.190738429999953, 36.871757375000072 ], [ -76.190736773999959, 36.871747112000037 ], [ -76.190736768999955, 36.87174708100008 ], [ -76.190736704999949, 36.871746680000058 ], [ -76.19073429599996, 36.871731751000027 ], [ -76.190732361999949, 36.87171976500008 ], [ -76.190730831999986, 36.871710282000038 ], [ -76.190729655999974, 36.871702992000053 ], [ -76.190718792999974, 36.871635668000067 ], [ -76.190714487999969, 36.871608993000052 ], [ -76.190700570999979, 36.871522741000035 ], [ -76.190698287999965, 36.871508594000034 ], [ -76.190692235999961, 36.871471088000078 ], [ -76.19068993999997, 36.87146639000008 ], [ -76.190666305999969, 36.871418027000061 ], [ -76.190641202999984, 36.871366661000025 ], [ -76.190639148999935, 36.871362460000057 ], [ -76.190634651999972, 36.871353258000056 ], [ -76.190636138999935, 36.871340135000025 ], [ -76.190641547999974, 36.871292390000065 ], [ -76.190643755999986, 36.871272900000065 ], [ -76.190649553999947, 36.871221714000058 ], [ -76.190650500999936, 36.871213350000062 ], [ -76.190650977999951, 36.87120913800004 ], [ -76.190651965999962, 36.871200423000062 ], [ -76.190652285999988, 36.871197597000048 ], [ -76.190653914999984, 36.871183221000024 ], [ -76.190654613999982, 36.871177045000024 ], [ -76.190655913999933, 36.871165577000056 ], [ -76.190655970999956, 36.871165072000053 ], [ -76.190656198999989, 36.871163032000027 ], [ -76.190656231999981, 36.871162733000062 ], [ -76.190656306999983, 36.871161984000025 ], [ -76.190656525999941, 36.871160046000057 ], [ -76.19065676799994, 36.871158018000074 ], [ -76.190656882999974, 36.871157018000076 ], [ -76.190657155999986, 36.87115460900003 ], [ -76.190658061999954, 36.871146607000071 ], [ -76.190658352999947, 36.871144042000026 ], [ -76.190658976999941, 36.871138529000063 ], [ -76.190659393999965, 36.871134846000075 ], [ -76.190661735999981, 36.871114185000067 ], [ -76.190661876999968, 36.871112941000035 ], [ -76.190665147999937, 36.871084058000065 ], [ -76.190665844999955, 36.871077902000025 ], [ -76.19066845499998, 36.871054869000034 ], [ -76.190670099999977, 36.871040350000044 ], [ -76.190671088999977, 36.871031611000035 ], [ -76.190671650999946, 36.871026662000077 ], [ -76.190671957999939, 36.871023947000026 ], [ -76.19067253299994, 36.871018863000074 ], [ -76.190674960999957, 36.870997439000064 ], [ -76.190676291999978, 36.870993793000025 ], [ -76.190681330999951, 36.870979997000063 ], [ -76.190691297999933, 36.87095271000004 ], [ -76.190696230999947, 36.87093920600006 ], [ -76.19070262799994, 36.870921690000046 ], [ -76.19070987799995, 36.870901840000045 ], [ -76.190716638999959, 36.870883330000026 ], [ -76.190720208999949, 36.87087355500006 ], [ -76.190724767999939, 36.870861071000036 ], [ -76.190727911999943, 36.870852467000077 ], [ -76.190739254999983, 36.87082140800004 ], [ -76.190744532999986, 36.870806960000039 ], [ -76.190759922999973, 36.870764824000048 ], [ -76.190762650999943, 36.87075735600007 ], [ -76.190764143999957, 36.870753267000055 ], [ -76.190718909999987, 36.870696851000048 ], [ -76.190707058999976, 36.870682070000043 ], [ -76.190699920999975, 36.870673166000074 ], [ -76.190699873999961, 36.870673109000052 ], [ -76.190699346999963, 36.870672447000061 ], [ -76.190699241999937, 36.870672316000025 ], [ -76.190698752999936, 36.870671702000038 ], [ -76.190698435999934, 36.870671309000045 ], [ -76.190698356999974, 36.870671204000075 ], [ -76.190698117999943, 36.870670905000054 ], [ -76.190697593999971, 36.870670257000029 ], [ -76.190697352999962, 36.870669961000033 ], [ -76.190696951999939, 36.870669461000034 ], [ -76.190696903999935, 36.870669402000033 ], [ -76.19069578899996, 36.870668013000056 ], [ -76.190695235999954, 36.870667324000067 ], [ -76.190694434999955, 36.870666325000059 ], [ -76.190693280999938, 36.870664886000043 ], [ -76.190692949999971, 36.870664473000033 ], [ -76.190691236999953, 36.870662337000056 ], [ -76.190691102999949, 36.87066217000006 ], [ -76.190688641999941, 36.870659100000069 ], [ -76.190688357999989, 36.870658746000061 ], [ -76.190687845999946, 36.870658107000054 ], [ -76.190686426999946, 36.870656337000071 ], [ -76.190685800999972, 36.870655555000042 ], [ -76.190685437999946, 36.870655105000026 ], [ -76.190684086999966, 36.870653419000064 ], [ -76.190682619999961, 36.870651588000044 ], [ -76.190681251999933, 36.870649883000056 ], [ -76.190674702999956, 36.87064171600008 ], [ -76.190671361999989, 36.870637548000047 ], [ -76.190666952999948, 36.87063205000004 ], [ -76.190659549999964, 36.870622815000047 ], [ -76.190656152999964, 36.870618579000052 ], [ -76.190641918999972, 36.870600826000043 ], [ -76.190639783999984, 36.870598164000057 ], [ -76.190623616999972, 36.870578001000069 ], [ -76.190620754999941, 36.87057443100008 ], [ -76.190607763999935, 36.87055822700006 ], [ -76.190602546999969, 36.870551721000027 ], [ -76.19060202299994, 36.870551067000065 ], [ -76.190595435999967, 36.870542853000075 ], [ -76.19059109799997, 36.870537442000057 ], [ -76.190592639999977, 36.870535573000041 ], [ -76.190593338999975, 36.870534726000074 ], [ -76.190606570999989, 36.870518674000039 ], [ -76.19061667699998, 36.870506417000058 ], [ -76.190634257999989, 36.870485090000045 ], [ -76.190641783999979, 36.870475962000057 ], [ -76.190666006999948, 36.870446578000042 ], [ -76.190670531999956, 36.870441090000043 ], [ -76.190699842999948, 36.870405535000032 ], [ -76.190716512999984, 36.870385315000078 ], [ -76.190728055999955, 36.870371313000078 ], [ -76.190730117999976, 36.870368812000038 ], [ -76.190760559999944, 36.870331884000052 ], [ -76.190764076999983, 36.870327619000079 ], [ -76.190779598999939, 36.87030879100007 ], [ -76.190791556999955, 36.870294287000036 ], [ -76.190804788999969, 36.870278235000058 ], [ -76.19081622799996, 36.870264361000068 ], [ -76.190824144999965, 36.870254757000055 ], [ -76.190830563999953, 36.870246970000039 ], [ -76.190832966999949, 36.870244056000047 ], [ -76.190833620999967, 36.870243262000031 ], [ -76.190834933999952, 36.870241669000052 ], [ -76.190836542999989, 36.87023971800005 ], [ -76.190836713999943, 36.870239510000033 ], [ -76.19084004299998, 36.870235472000047 ], [ -76.190840152999954, 36.870235338000043 ], [ -76.19084129099997, 36.870233957000039 ], [ -76.190842348, 36.870232677000047 ], [ -76.190842940999971, 36.870231957000044 ], [ -76.190843104999942, 36.870231758000045 ], [ -76.19084613299998, 36.870228085000065 ], [ -76.190847527999949, 36.870226392000063 ], [ -76.190850252999951, 36.870223087000056 ], [ -76.190852294999956, 36.870220611000036 ], [ -76.190853527999934, 36.870219116000044 ], [ -76.190856079999946, 36.870216020000043 ], [ -76.190856950999944, 36.870214962000034 ], [ -76.190860538999971, 36.870210610000072 ], [ -76.190861710999968, 36.870209188000047 ], [ -76.190863269999966, 36.870207297000036 ], [ -76.190867560999948, 36.870202091000067 ], [ -76.190868254999941, 36.870201251000026 ], [ -76.190873574999955, 36.870194797000067 ], [ -76.190874724999958, 36.87019340300003 ], [ -76.190879344999985, 36.870187799000064 ], [ -76.19088077899994, 36.870186059000048 ], [ -76.190885322999975, 36.870180547000075 ], [ -76.190886464999949, 36.870179176000079 ], [ -76.190890717999935, 36.870174032000079 ], [ -76.190891031999968, 36.870173650000027 ], [ -76.190897154999959, 36.870166192000056 ], [ -76.190900917999954, 36.870161624000048 ], [ -76.190909442999953, 36.870137519000025 ], [ -76.190913180999985, 36.87012694200007 ], [ -76.190924086999985, 36.870096094000075 ], [ -76.19092468599996, 36.870094401000074 ], [ -76.190935793999984, 36.870062983000025 ], [ -76.190937535999979, 36.870058053000037 ], [ -76.190939575999948, 36.870052285000043 ], [ -76.190941312999939, 36.870047369000076 ], [ -76.190943168, 36.870042124000065 ], [ -76.190944467999941, 36.870038445000034 ], [ -76.190948241999934, 36.870027770000036 ], [ -76.190948258999981, 36.870027722000032 ], [ -76.190952612, 36.870015407000039 ], [ -76.190952899999957, 36.870014596000033 ], [ -76.190956137999933, 36.870005436000042 ], [ -76.190956944999982, 36.870003156000053 ], [ -76.190961580999954, 36.869990038000026 ], [ -76.190963538999938, 36.869984501000033 ], [ -76.190965106999954, 36.869980067000029 ], [ -76.190968693999935, 36.869969921000063 ], [ -76.190973876999976, 36.86995526000004 ], [ -76.190981230999967, 36.869934460000025 ], [ -76.190986213999963, 36.869920364000052 ], [ -76.190986898999938, 36.869918426000027 ], [ -76.190986960999965, 36.869918249000079 ], [ -76.190987334999988, 36.869917194000038 ], [ -76.190988447999985, 36.869914044000041 ], [ -76.190988602999937, 36.869913606000068 ], [ -76.190989532999936, 36.869910974000049 ], [ -76.190990365999937, 36.869908620000047 ], [ -76.190991463999978, 36.869905513000049 ], [ -76.190993823999975, 36.86989883900003 ], [ -76.190994624999973, 36.869896570000037 ], [ -76.190997625999955, 36.86988808600006 ], [ -76.19099840399997, 36.869885886000077 ], [ -76.190999676999979, 36.869882283000038 ], [ -76.191002079999976, 36.869875486000069 ], [ -76.191002112999968, 36.869875393000029 ], [ -76.191004250999981, 36.869869344000051 ], [ -76.191008956999951, 36.869856034000065 ], [ -76.191009315999963, 36.869855016000031 ], [ -76.191012651999984, 36.869845583000028 ], [ -76.19101326699996, 36.869843843000069 ], [ -76.191016195999964, 36.869835558000034 ], [ -76.191016938999951, 36.869833457000027 ], [ -76.191016286999968, 36.869832561000067 ], [ -76.191016252999987, 36.869832513000063 ], [ -76.191015749999963, 36.869831822000037 ], [ -76.191014153999959, 36.869829629000037 ], [ -76.191013067999961, 36.869828135000034 ], [ -76.191011430999936, 36.869825884000079 ], [ -76.191006238999989, 36.869818748000057 ], [ -76.19099754399997, 36.869806795000045 ], [ -76.190993218999949, 36.869800848000068 ], [ -76.190984184999934, 36.869788430000028 ], [ -76.190979939999977, 36.869782593000025 ], [ -76.190968239999961, 36.869766509000044 ], [ -76.190967378999972, 36.869765326000049 ], [ -76.190960530999973, 36.869755912000073 ], [ -76.190953277999938, 36.869745925000075 ], [ -76.190953252999975, 36.869745909000073 ], [ -76.190952392999975, 36.869744725000032 ], [ -76.190952291999963, 36.869744580000031 ], [ -76.190951798999947, 36.869743902000039 ], [ -76.190951746999986, 36.86974383200004 ], [ -76.19095133999997, 36.86974327300004 ], [ -76.190951018999954, 36.869742835000068 ], [ -76.190950290999979, 36.86974183500007 ], [ -76.190950181999938, 36.869741686000054 ], [ -76.19095009199998, 36.869741561000069 ], [ -76.190949933999946, 36.869741343000044 ], [ -76.190949773999989, 36.86974112300004 ], [ -76.190949741999987, 36.869741078000061 ], [ -76.190949725999985, 36.869741056000066 ], [ -76.190949493999938, 36.869740714000045 ], [ -76.190949157999967, 36.869740260000071 ], [ -76.19094903499996, 36.869740096000044 ], [ -76.19094875199994, 36.869739696000067 ], [ -76.190948614999968, 36.869739522000032 ], [ -76.190948295999988, 36.869739085000049 ], [ -76.190948281999965, 36.869739057000061 ], [ -76.190947971999947, 36.869738633000054 ], [ -76.190947953999967, 36.869738593000079 ], [ -76.190947914999981, 36.869738553000047 ], [ -76.190947904999973, 36.869738525000059 ], [ -76.190943046999962, 36.869731884000032 ], [ -76.190935256999978, 36.869721235000043 ], [ -76.190922352999962, 36.869719588000066 ], [ -76.190918171999954, 36.869719055000076 ], [ -76.190886539999951, 36.869715022000037 ], [ -76.190881725999986, 36.86971440800005 ], [ -76.190875109999979, 36.869713564000051 ], [ -76.190856036999946, 36.869711131000031 ], [ -76.190841748999958, 36.869709309000029 ], [ -76.19083888199998, 36.869708944000024 ], [ -76.190838268999983, 36.869708866000053 ], [ -76.190826538999943, 36.869707370000071 ], [ -76.190824516999953, 36.869707112000071 ], [ -76.190812985999969, 36.869705631000045 ], [ -76.190812464999965, 36.869705557000032 ], [ -76.190810810999949, 36.869705364000026 ], [ -76.190797630999953, 36.869689772000072 ], [ -76.190739656999938, 36.869621183000049 ], [ -76.190702923999936, 36.869577726000045 ], [ -76.190655620999962, 36.86952176300008 ], [ -76.190597147999938, 36.869452585000033 ], [ -76.190576631999988, 36.869428313000071 ], [ -76.190546841999947, 36.869393069000068 ], [ -76.190546821999988, 36.869391256000029 ], [ -76.190546093999956, 36.869326670000078 ], [ -76.190545956999983, 36.869314050000071 ], [ -76.190545854999982, 36.869304683000053 ], [ -76.19054577199995, 36.86929798500006 ], [ -76.190545700999962, 36.869291410000073 ], [ -76.190545648999944, 36.869287074000056 ], [ -76.190545623999981, 36.869284863000075 ], [ -76.190545608999969, 36.869283455000073 ], [ -76.190545594999946, 36.869282239000029 ], [ -76.19054558299996, 36.869281132000026 ], [ -76.190545555999961, 36.869278847000032 ], [ -76.190545543999974, 36.86927778900008 ], [ -76.190545543999974, 36.869277748000059 ], [ -76.190545515999986, 36.86927528700005 ], [ -76.190545493999934, 36.869272927000054 ], [ -76.190545485999962, 36.869272598000066 ], [ -76.190545480999958, 36.869272396000042 ], [ -76.190545466999936, 36.869271813000069 ], [ -76.190545416999953, 36.869266508000067 ], [ -76.19054538599994, 36.869263662000037 ], [ -76.190545353999937, 36.869260894000035 ], [ -76.190545230999987, 36.869249963000073 ], [ -76.19054504199994, 36.869233265000048 ], [ -76.19054502399996, 36.869231574000025 ], [ -76.190544710999973, 36.869203780000078 ], [ -76.190544607999982, 36.86919462700007 ], [ -76.190544491999958, 36.869184315000041 ], [ -76.190544025999941, 36.869142908000072 ], [ -76.190555644999961, 36.869124959000033 ], [ -76.190592066999955, 36.869068700000071 ], [ -76.190610378999963, 36.869040417000065 ], [ -76.190618817999962, 36.869027380000034 ], [ -76.190638164999939, 36.86901264100004 ], [ -76.19064405599994, 36.869008155000074 ], [ -76.190652342999954, 36.869001842000046 ], [ -76.190656676999936, 36.868998541000053 ], [ -76.190671279999947, 36.868987416000039 ], [ -76.190673108999988, 36.868986023000048 ], [ -76.190678096999989, 36.868982223000046 ], [ -76.190679304999946, 36.868981302000066 ], [ -76.190681972999982, 36.868979271000057 ], [ -76.190683091999972, 36.86897841800004 ], [ -76.190684325999939, 36.868977478000033 ], [ -76.190697590999946, 36.868967373000032 ], [ -76.190725799999939, 36.868945884000027 ], [ -76.190733336999983, 36.868940143000032 ], [ -76.190759605999972, 36.868920131000039 ], [ -76.190765081999984, 36.868906867000078 ], [ -76.190772057999936, 36.868889965000051 ], [ -76.190776321999977, 36.868879636000031 ], [ -76.190778089999981, 36.868875355000057 ], [ -76.190781601999959, 36.868866847000049 ], [ -76.190784860999941, 36.86885895100005 ], [ -76.190799696999989, 36.868823012000064 ], [ -76.190811715999985, 36.868793896000057 ], [ -76.190815767999936, 36.868784081000058 ], [ -76.190821102999962, 36.868771158000072 ], [ -76.190835840999966, 36.868735455000035 ], [ -76.190860675999943, 36.868675292000034 ], [ -76.190876783999954, 36.86863627200006 ], [ -76.190887208999982, 36.868611018000024 ], [ -76.190889352999989, 36.868605824000042 ], [ -76.190891269999952, 36.868601181000031 ], [ -76.190897636999978, 36.868585758000052 ], [ -76.190894429999958, 36.868576757000028 ], [ -76.190892861999941, 36.868572359000041 ], [ -76.190882512999963, 36.868543313000032 ], [ -76.190880524999955, 36.868537736000064 ], [ -76.190869375999966, 36.868506446000026 ], [ -76.190867283999978, 36.868500577000077 ], [ -76.190856409999981, 36.86847006000005 ], [ -76.190856184999973, 36.868469425000058 ], [ -76.190847444999974, 36.868444899000053 ], [ -76.190846720999957, 36.868442866000066 ], [ -76.190845853999974, 36.868440432000057 ], [ -76.190845715999956, 36.868440047000036 ], [ -76.190845191999983, 36.868438575000027 ], [ -76.190836840999964, 36.868415138000046 ], [ -76.190834911999957, 36.868409725000049 ], [ -76.190827341999977, 36.868388479000032 ], [ -76.19082543899998, 36.868383140000049 ], [ -76.190823190999936, 36.868376829000056 ], [ -76.190815574999988, 36.868355455000028 ], [ -76.190813612999989, 36.868349951000027 ], [ -76.190801817999954, 36.868316847000074 ], [ -76.190800994999961, 36.868314539000039 ], [ -76.190799897999966, 36.868311458000051 ], [ -76.19080011899996, 36.868284021000079 ], [ -76.190800146999948, 36.868280555000069 ], [ -76.190800390999982, 36.86825022000005 ], [ -76.19080043799994, 36.868244426000047 ], [ -76.19080067699997, 36.868214690000059 ], [ -76.190800700999944, 36.868211689000077 ], [ -76.190800994999961, 36.868175166000071 ], [ -76.190801016999956, 36.868172548000075 ], [ -76.190801307999948, 36.868136298000024 ], [ -76.190801323999949, 36.86813432200006 ], [ -76.19080164199994, 36.868094807000034 ], [ -76.190801653999984, 36.868093410000029 ], [ -76.190801969999939, 36.868054157000074 ], [ -76.190802107999957, 36.868036978000077 ], [ -76.190802212999984, 36.868023926000035 ], [ -76.190802248999944, 36.868019537000066 ], [ -76.190802512999937, 36.867986727000073 ], [ -76.190802515999962, 36.867986249000069 ], [ -76.190794933999939, 36.867979603000038 ], [ -76.190770510999982, 36.867958195000028 ], [ -76.190753736999966, 36.867943491000062 ], [ -76.19072749999998, 36.867920493000042 ], [ -76.190720981999959, 36.867914779000046 ], [ -76.190692442999989, 36.867889763000051 ], [ -76.190681495999968, 36.867880168000056 ], [ -76.190675258999988, 36.867874701000062 ], [ -76.190672475999975, 36.867872261000059 ], [ -76.190671852999969, 36.867871714000046 ], [ -76.190670305999959, 36.867870359000051 ], [ -76.190667566999934, 36.867867957000044 ], [ -76.190665782999986, 36.867866394000032 ], [ -76.190662746999976, 36.867863732000046 ], [ -76.19066098199994, 36.867862185000035 ], [ -76.190656200999967, 36.867857994000076 ], [ -76.190655220999986, 36.867857136000055 ], [ -76.190653847999954, 36.867855931000065 ], [ -76.190653130999976, 36.867855303000056 ], [ -76.190653577999967, 36.867854708000038 ], [ -76.190654380999945, 36.867853637000053 ], [ -76.190655075999985, 36.867852711000069 ], [ -76.190655640999978, 36.867851957000028 ], [ -76.190670926999985, 36.867831582000065 ], [ -76.190674846999968, 36.867826357000069 ], [ -76.19069867199994, 36.867794597000056 ], [ -76.190709845999947, 36.867779702000064 ], [ -76.190718662999984, 36.867767948000051 ], [ -76.190723706999961, 36.867761224000049 ], [ -76.190756725999961, 36.86771721000008 ], [ -76.190776408999966, 36.867690971000059 ], [ -76.190837264999971, 36.867609850000065 ], [ -76.190848593999988, 36.867594747000055 ], [ -76.190927253999973, 36.867489892000037 ], [ -76.190932476999933, 36.867482929000062 ], [ -76.190982261999977, 36.867416564000052 ], [ -76.190997964999951, 36.867395632000068 ], [ -76.190999054999963, 36.867369328000052 ], [ -76.191001906999986, 36.86730056500005 ], [ -76.191002414999957, 36.867288318000078 ], [ -76.191006167999944, 36.867197812000029 ], [ -76.191006935999951, 36.867179275000069 ], [ -76.19101100599994, 36.867081140000039 ], [ -76.19101113399995, 36.867078072000027 ], [ -76.19101610499996, 36.866958178000061 ], [ -76.191016454999954, 36.86694975000006 ], [ -76.191016585999989, 36.866946582000026 ], [ -76.191016618999981, 36.866945780000037 ], [ -76.191016834999971, 36.866940578000026 ], [ -76.191016838999985, 36.86694046100007 ], [ -76.191016909999973, 36.86693877600004 ], [ -76.191016959999956, 36.866937576000055 ], [ -76.191017501999966, 36.866924478000044 ], [ -76.191017564999981, 36.866922980000027 ], [ -76.191018488999987, 36.866900679000025 ], [ -76.191018804999942, 36.86689307000006 ], [ -76.191019574999984, 36.866874496000037 ], [ -76.191022729999986, 36.86679841800003 ], [ -76.191022898999961, 36.866794342000048 ], [ -76.19102505799998, 36.866742275000036 ], [ -76.191026219999969, 36.86671425000003 ], [ -76.191026545999989, 36.866706390000047 ], [ -76.191027192999968, 36.866690782000035 ], [ -76.191029043999947, 36.866690214000073 ], [ -76.191034047999949, 36.866688679000049 ], [ -76.191081056999963, 36.866674260000025 ], [ -76.191083171999935, 36.866673611000067 ], [ -76.19112647999998, 36.866660327000034 ], [ -76.191133537999974, 36.866658162000078 ], [ -76.19116483099998, 36.866648564000059 ], [ -76.191183213999977, 36.866642924000075 ], [ -76.191202051999937, 36.866637146000073 ], [ -76.191203688999963, 36.866636646000075 ], [ -76.191205064999963, 36.866636225000036 ], [ -76.191208309999979, 36.866635227000074 ], [ -76.191209259999937, 36.866634936000025 ], [ -76.19121148499994, 36.86663425200004 ], [ -76.191214578999961, 36.866633304000061 ], [ -76.191215667999984, 36.866632980000077 ], [ -76.191216129999987, 36.866632838000044 ], [ -76.191225346999943, 36.866630008000072 ], [ -76.19122647599994, 36.866629658000079 ], [ -76.191226892999964, 36.866629529000079 ], [ -76.191229973999953, 36.866628582000033 ], [ -76.191230548999954, 36.866628405000029 ], [ -76.191232887999945, 36.866627686000072 ], [ -76.191233604999979, 36.866627465000079 ], [ -76.191235440999947, 36.866626901000075 ], [ -76.191241684999966, 36.866624981000029 ], [ -76.191241866999974, 36.866624921000039 ], [ -76.191243621999945, 36.866624390000027 ], [ -76.191247652999948, 36.866623159000028 ], [ -76.191249636999942, 36.866622550000045 ], [ -76.191254519999973, 36.866621052000028 ], [ -76.191256363999969, 36.866620486000045 ], [ -76.191259398999989, 36.866619556000046 ], [ -76.191263401999947, 36.866618329000062 ], [ -76.191267151999966, 36.86661717700008 ], [ -76.191267616999937, 36.866617035000047 ], [ -76.191277483999954, 36.866614009000045 ], [ -76.191277776999982, 36.866613918000041 ], [ -76.19128565699998, 36.866611502000069 ], [ -76.191288059999977, 36.866610765000075 ], [ -76.191295760999935, 36.866608403000043 ], [ -76.191296329999943, 36.866608228000075 ], [ -76.191303010999945, 36.86660617800004 ], [ -76.191306450999946, 36.866605124000046 ], [ -76.191307972999937, 36.86660465600005 ], [ -76.191311076999966, 36.866603704000056 ], [ -76.191315510999971, 36.866602344000057 ], [ -76.191315958999951, 36.866602207000028 ], [ -76.191322845999935, 36.866600094000034 ], [ -76.191324238999982, 36.86659966700006 ], [ -76.191330251999943, 36.866597823000063 ], [ -76.191332528999965, 36.866597125000055 ], [ -76.191337790999967, 36.866595510000025 ], [ -76.191340335999939, 36.866594730000031 ], [ -76.191347402999952, 36.866592562000051 ], [ -76.191348568999956, 36.866592205000075 ], [ -76.19135337199998, 36.866590731000031 ], [ -76.19135621199996, 36.866589860000033 ], [ -76.19135780299996, 36.866589372000078 ], [ -76.191357916999948, 36.86658933700005 ], [ -76.191368770999986, 36.86658600700008 ], [ -76.191375692999941, 36.866583884000079 ], [ -76.191379330999951, 36.866582769000047 ], [ -76.191409818999944, 36.866573416000051 ], [ -76.191428002999942, 36.866567839000027 ], [ -76.191457234999973, 36.866558872000041 ], [ -76.191460113999938, 36.866557989000057 ], [ -76.191495136999947, 36.866547247000028 ], [ -76.191513037999982, 36.866541755000071 ], [ -76.191514157999961, 36.866541412000061 ], [ -76.191528476999963, 36.866537019000077 ], [ -76.191555809999954, 36.866528635000066 ], [ -76.191577165999945, 36.866522085000042 ], [ -76.191587777999985, 36.866509266000037 ], [ -76.191619450999951, 36.866471011000044 ], [ -76.191633516999957, 36.866454020000049 ], [ -76.191667085999939, 36.866413475000058 ], [ -76.191684129999942, 36.866392889000053 ], [ -76.191721098999949, 36.866348236000078 ], [ -76.191734857999961, 36.866331616000025 ], [ -76.191766076999954, 36.866293908000046 ], [ -76.191784100999939, 36.866272137000067 ], [ -76.191798036999955, 36.866255304000049 ], [ -76.191826496999965, 36.866220929000065 ], [ -76.191833502999941, 36.866212467000025 ], [ -76.191848131999961, 36.866194796000059 ], [ -76.191848235999942, 36.866194671000073 ], [ -76.191853952999963, 36.866187765000063 ], [ -76.191861567999979, 36.866178569000056 ], [ -76.191867610999964, 36.866171268000073 ], [ -76.191877887999965, 36.866158855000037 ], [ -76.191880695999942, 36.866155463000041 ], [ -76.19188080899994, 36.866155327000058 ], [ -76.191904349999959, 36.866126893000057 ], [ -76.191914931999975, 36.866114112000048 ], [ -76.191946238999947, 36.866076297000063 ], [ -76.191951434999964, 36.866070021000041 ], [ -76.191981754999972, 36.86603339800007 ], [ -76.191988183999968, 36.866025633000049 ], [ -76.192022243999986, 36.865984492000052 ], [ -76.192024707999963, 36.865981516000033 ], [ -76.192030628999987, 36.865974366000046 ], [ -76.192056904999959, 36.865942626000049 ], [ -76.192060946999959, 36.865937745000053 ], [ -76.192065086999946, 36.86593274300003 ], [ -76.192086598999936, 36.86590676000003 ], [ -76.192097301, 36.865902726000058 ], [ -76.192114902999947, 36.86589609400005 ], [ -76.192149026999971, 36.865883233000034 ], [ -76.192164544999969, 36.865877385000033 ], [ -76.192265433999978, 36.865839364000067 ], [ -76.192444880999972, 36.865771736000056 ], [ -76.192491292999989, 36.865754245000062 ], [ -76.192566580999937, 36.865725872000041 ], [ -76.192629547999957, 36.865616170000067 ], [ -76.192648469999938, 36.865583203000028 ], [ -76.192660405999959, 36.865562407000027 ], [ -76.192792131999965, 36.86546523800007 ], [ -76.19281770799995, 36.865446371000075 ], [ -76.192846388999953, 36.865425214000027 ], [ -76.192907731999981, 36.865379964000056 ], [ -76.192965859999958, 36.865337084000032 ], [ -76.192999230999988, 36.86531246800007 ], [ -76.193055902999959, 36.865270663000047 ], [ -76.193111820999945, 36.865229415000044 ], [ -76.193182212999943, 36.865177487000039 ], [ -76.193195646999982, 36.865167578000069 ], [ -76.193267315999947, 36.865114709000068 ], [ -76.19332613399996, 36.865071321000073 ], [ -76.193373494999946, 36.865036384000064 ], [ -76.193384138999988, 36.865028532000053 ], [ -76.193480798999985, 36.864972916000056 ], [ -76.193533196999965, 36.86494276600007 ], [ -76.193696802999966, 36.86484863000004 ], [ -76.193709352999974, 36.864841409000064 ], [ -76.19379102299996, 36.864794417000041 ], [ -76.19380283199996, 36.86478065700004 ], [ -76.193806634999987, 36.86477622600006 ], [ -76.193843722999986, 36.864733018000038 ], [ -76.193859066999948, 36.864715141000033 ], [ -76.193860065999957, 36.864713977000065 ], [ -76.193863938999982, 36.864709464000043 ], [ -76.193937602999938, 36.864623640000048 ], [ -76.193925142999944, 36.864612798000053 ], [ -76.19388130699997, 36.864574659000027 ], [ -76.193798141999935, 36.864502303000052 ], [ -76.193785189999971, 36.864491034000025 ], [ -76.193652866999969, 36.864375906000078 ], [ -76.193644743999982, 36.864368840000054 ], [ -76.193527485999937, 36.864266819000079 ], [ -76.193509462999941, 36.864251138000043 ], [ -76.193404417999943, 36.864159744000062 ], [ -76.193387379999933, 36.864144919000069 ], [ -76.193279963999942, 36.864051461000031 ], [ -76.193267766999952, 36.864040850000038 ], [ -76.193251547999978, 36.864026738000064 ], [ -76.193160829999954, 36.863947808000034 ], [ -76.193148311999948, 36.863936917000046 ], [ -76.193032674999984, 36.863836305000063 ], [ -76.193026652999947, 36.863831065000056 ], [ -76.193016173, 36.863821948000066 ], [ -76.192909456999985, 36.863729096000043 ], [ -76.192888221999965, 36.863710621000052 ], [ -76.192871732999947, 36.863696274000063 ], [ -76.19286957199995, 36.863696284000071 ], [ -76.192839518999961, 36.863696418000075 ], [ -76.19281695799998, 36.86369651800004 ], [ -76.192813478999938, 36.863696534000042 ], [ -76.192808462999949, 36.863696557000026 ], [ -76.192804525999975, 36.863696574000073 ], [ -76.192797330999952, 36.863696606000076 ], [ -76.192796007999959, 36.863696612000069 ], [ -76.192794171999935, 36.863696619000052 ], [ -76.192785646999937, 36.863696658000038 ], [ -76.192783174999988, 36.863696669000035 ], [ -76.192771736999987, 36.863696721000053 ], [ -76.192770059999987, 36.863696727000047 ], [ -76.192757896999979, 36.863696782000034 ], [ -76.192756810999981, 36.863696787000038 ], [ -76.192744733999973, 36.863696841000035 ], [ -76.192742800999952, 36.863696849000064 ], [ -76.192729791999966, 36.863696894000043 ], [ -76.192728854999984, 36.863696900000036 ], [ -76.192714739999985, 36.863696965000031 ], [ -76.192714697999975, 36.863696966000077 ], [ -76.192698746999952, 36.863697036000076 ], [ -76.192687774999968, 36.863697090000073 ], [ -76.192683311999986, 36.863697112000068 ], [ -76.192677652999976, 36.863697138000077 ], [ -76.19267513799997, 36.863697150000064 ], [ -76.192673567999975, 36.863697157000047 ], [ -76.192672641999934, 36.863697162000051 ], [ -76.192671602999951, 36.863697166000065 ], [ -76.192654156999936, 36.863697251000076 ], [ -76.192644772999984, 36.863697291000051 ], [ -76.192641241, 36.863697308000042 ], [ -76.19263437099994, 36.863697340000044 ], [ -76.192628751999962, 36.863697375000072 ], [ -76.192622062999988, 36.863697397000067 ], [ -76.192618680999942, 36.863697413000068 ], [ -76.192610057999957, 36.863697453000043 ], [ -76.192606854999951, 36.863697457000058 ], [ -76.192597323999962, 36.863697498000079 ], [ -76.192596489999971, 36.863697502000036 ], [ -76.192596272999936, 36.863697502000036 ], [ -76.192585692999955, 36.86369755000004 ], [ -76.192582270999935, 36.863697564000063 ], [ -76.192578738999941, 36.863697581000054 ], [ -76.192562208999959, 36.863697654000077 ], [ -76.192556524999986, 36.86369768000003 ], [ -76.192535714999963, 36.86369777200008 ], [ -76.192523496999968, 36.863697827000067 ], [ -76.192507305999982, 36.863697899000044 ], [ -76.192497809999963, 36.863697941000055 ], [ -76.192473954999969, 36.863698047000071 ], [ -76.192468826999971, 36.863698070000055 ], [ -76.192444032999958, 36.863698180000029 ], [ -76.192436444999942, 36.863698214000067 ], [ -76.192405515999951, 36.863698352000029 ], [ -76.19240360699996, 36.863698361000047 ], [ -76.192399756999976, 36.863698378000038 ], [ -76.192368869999939, 36.863698516000056 ], [ -76.19236706199996, 36.863698523000039 ], [ -76.192355303999989, 36.863698576000047 ], [ -76.192329595999979, 36.863698690000035 ], [ -76.192329519999987, 36.863698691000025 ], [ -76.192299676999937, 36.863698824000039 ], [ -76.192293632999963, 36.863698851000038 ], [ -76.192262969999945, 36.863698987000078 ], [ -76.192252871999983, 36.863699032000056 ], [ -76.192230044999974, 36.863699134000058 ], [ -76.192155834999937, 36.863699465000025 ], [ -76.192153864999966, 36.863699473000054 ], [ -76.192148427999939, 36.863699497000027 ], [ -76.192147417999934, 36.863699502000031 ], [ -76.192146787999945, 36.863699505000056 ], [ -76.192146415999957, 36.863699507000035 ], [ -76.192144485999961, 36.863699515000064 ], [ -76.192143787999953, 36.863699518000033 ], [ -76.192143296999973, 36.863699520000068 ], [ -76.192141230999937, 36.863698439000075 ], [ -76.192140976999951, 36.86369830600006 ], [ -76.192140539999968, 36.863698078000027 ], [ -76.192132619999938, 36.863693935000072 ], [ -76.192098900999952, 36.863676293000026 ], [ -76.192055495999966, 36.863653584000076 ], [ -76.191928048999955, 36.863586905000034 ], [ -76.191894741999988, 36.86356948100007 ], [ -76.191890137999962, 36.86356707200008 ], [ -76.191852305999987, 36.863547279000045 ], [ -76.191839584999968, 36.863540623000063 ], [ -76.191801250999958, 36.863520568000069 ], [ -76.191792817999954, 36.86351615600006 ], [ -76.191763389999949, 36.863500759000033 ], [ -76.191748243999939, 36.863492835000045 ], [ -76.191747532999955, 36.863492462000067 ], [ -76.191746713999976, 36.863492034000046 ], [ -76.191736773999935, 36.863486813000065 ], [ -76.191731788999959, 36.863484225000036 ], [ -76.191722701999936, 36.863479459000075 ], [ -76.191718388999959, 36.863477212000078 ], [ -76.19171173899997, 36.863473733000035 ], [ -76.191709187999948, 36.863472399000045 ], [ -76.191707780999934, 36.863471662000052 ], [ -76.191707746999953, 36.863471645000061 ], [ -76.191707212999972, 36.863471365000066 ], [ -76.191706255999975, 36.863470865000068 ], [ -76.191705813999988, 36.863470635000056 ], [ -76.191704824999988, 36.86347011600003 ], [ -76.191701199999954, 36.863468222000051 ], [ -76.191698176999978, 36.863466641000059 ], [ -76.191697282999939, 36.863466174000052 ], [ -76.19169451099998, 36.863464724000039 ], [ -76.19169280899996, 36.863463834000072 ], [ -76.191692620999959, 36.863463736000028 ], [ -76.191690626999957, 36.863462694000077 ], [ -76.191688997999961, 36.86346184100006 ], [ -76.191686065999988, 36.863460308000072 ], [ -76.191685209999946, 36.863459860000034 ], [ -76.19168171299998, 36.86345803200004 ], [ -76.191681650999953, 36.863458 ], [ -76.191677579999975, 36.863455870000053 ], [ -76.19159474199995, 36.863412524000069 ], [ -76.191457333999949, 36.863340635000043 ], [ -76.191381320999938, 36.863300864000053 ], [ -76.191266116999941, 36.863240590000032 ], [ -76.19125536699994, 36.863234965000061 ], [ -76.191204637999988, 36.863208425000039 ], [ -76.191195533999974, 36.863203661000057 ], [ -76.191183544999944, 36.863199659000031 ], [ -76.191172145999985, 36.863195852000047 ], [ -76.191088699999966, 36.863167993000047 ], [ -76.191073849999952, 36.863163035000071 ], [ -76.190990209999939, 36.86313511000003 ], [ -76.190975754999954, 36.863130283000032 ], [ -76.190907, 36.863107328000069 ], [ -76.190880678999974, 36.863098540000067 ], [ -76.190805454999975, 36.863073425000039 ], [ -76.190794654999934, 36.863069820000078 ], [ -76.190698973999986, 36.863037874000042 ], [ -76.190695373999972, 36.863036672000078 ], [ -76.190596371999959, 36.86300361800005 ], [ -76.190587813999969, 36.86300076100008 ], [ -76.190498117999937, 36.86297081400005 ], [ -76.190483426999947, 36.862965909000025 ], [ -76.190424297999982, 36.862946167000075 ], [ -76.190412549999962, 36.86293127600004 ], [ -76.190401845999986, 36.862917709000044 ], [ -76.19036583899998, 36.862872070000037 ], [ -76.190357887999937, 36.862861992000035 ], [ -76.190313228999969, 36.862805387000037 ], [ -76.190306830999987, 36.862797277000027 ], [ -76.190301931999954, 36.862791067000046 ], [ -76.190180906999956, 36.862637669000037 ], [ -76.190073026999983, 36.862500928000031 ], [ -76.189974876999941, 36.862376521000044 ], [ -76.189929580999944, 36.862319108000065 ], [ -76.189918435999971, 36.862304980000033 ], [ -76.189898232999951, 36.862279373000035 ], [ -76.189885861999983, 36.862274841000044 ], [ -76.189861735999955, 36.862266003000059 ], [ -76.189834766999979, 36.862256124000055 ], [ -76.189832283999976, 36.862255214000072 ], [ -76.189820201999964, 36.86225078800004 ], [ -76.189817904999984, 36.862249947000066 ], [ -76.189817754999979, 36.862249891000033 ], [ -76.189809300999968, 36.862246794000043 ], [ -76.189802612999983, 36.862244344000032 ], [ -76.189797662999979, 36.862242542000047 ], [ -76.189796251999951, 36.862242028000026 ], [ -76.189790012999936, 36.862239728000077 ], [ -76.189789180999981, 36.862239421000027 ], [ -76.189788157999942, 36.862239043000045 ], [ -76.189777679999963, 36.862235210000051 ], [ -76.189771757999949, 36.862233040000035 ], [ -76.189769061999982, 36.862232053000071 ], [ -76.189768813999933, 36.862231962000067 ], [ -76.189756967999983, 36.862227622000034 ], [ -76.189747220999948, 36.862224052000045 ], [ -76.189695678999954, 36.862205170000038 ], [ -76.189669914999968, 36.862195732000032 ], [ -76.189657980999982, 36.862191360000054 ], [ -76.18963907899996, 36.862184436000064 ], [ -76.189637324999978, 36.862183793000042 ], [ -76.189628097999957, 36.862180412000043 ], [ -76.189627862999941, 36.862180326000043 ], [ -76.18962210899997, 36.862180282000054 ], [ -76.189597502999959, 36.862180092000074 ], [ -76.189570477999951, 36.862179884000057 ], [ -76.189549260999968, 36.862179720000029 ], [ -76.189501931999985, 36.862179354000034 ], [ -76.189494667999952, 36.862179298000058 ], [ -76.189446916999941, 36.862178929000038 ], [ -76.189427729999977, 36.862178780000079 ], [ -76.189379349999967, 36.862178407000044 ], [ -76.189372591999984, 36.862178355000026 ], [ -76.189309379999941, 36.862177867000071 ], [ -76.189300647999971, 36.862177799000051 ], [ -76.189256056999966, 36.862177455000051 ], [ -76.189232868999966, 36.862177275000079 ], [ -76.189231354999947, 36.862177264000024 ], [ -76.189228316999959, 36.86216849200008 ], [ -76.189226801999951, 36.862164120000045 ], [ -76.189225202999978, 36.862159501000065 ], [ -76.189224358999979, 36.862157063000041 ], [ -76.189213539999969, 36.862125823000042 ], [ -76.189206518999981, 36.862105548000045 ], [ -76.189204246999964, 36.862098988000071 ], [ -76.189199266999935, 36.862084607000043 ], [ -76.189195327999983, 36.862073234000036 ], [ -76.189192458999969, 36.862064947000079 ], [ -76.189176891999978, 36.862019996000072 ], [ -76.189176304999989, 36.862020044000076 ], [ -76.189143820999959, 36.86202267300007 ], [ -76.189129188999971, 36.862023858000043 ], [ -76.189066342, 36.862028946000066 ], [ -76.189042467999968, 36.862030879000031 ], [ -76.188994612999977, 36.862034753000046 ], [ -76.188881389999949, 36.86204413300004 ], [ -76.18845246099994, 36.861982117000025 ], [ -76.188198002999968, 36.862029311000072 ], [ -76.187897975999988, 36.862225342000045 ], [ -76.186286296999981, 36.862065160000043 ], [ -76.18621748299995, 36.862058320000074 ], [ -76.186218776999965, 36.86205048000005 ], [ -76.18623705899995, 36.861939711000048 ], [ -76.186233755999979, 36.861933537000027 ], [ -76.186222531999988, 36.86191255600005 ], [ -76.186129841999957, 36.861739288000024 ], [ -76.186103298999967, 36.861728454000058 ], [ -76.186010477999957, 36.861690568000029 ], [ -76.185988058999953, 36.861681418000046 ], [ -76.185975854999981, 36.861654913000052 ], [ -76.185971471999949, 36.861645395000039 ], [ -76.185965184999986, 36.861631740000064 ], [ -76.185955018999948, 36.861609660000056 ], [ -76.185952250999947, 36.861603650000063 ], [ -76.185944762999952, 36.861587384000075 ], [ -76.185928514999944, 36.861552096000025 ], [ -76.185922038999934, 36.861538033000045 ], [ -76.185902201999966, 36.861494949000075 ], [ -76.185881233999964, 36.86144941200007 ], [ -76.18586941999996, 36.861423752000064 ], [ -76.185868782999989, 36.861422062000031 ], [ -76.185862608999969, 36.861405650000052 ], [ -76.185855219999951, 36.861386013000072 ], [ -76.18584260199998, 36.861352478000072 ], [ -76.185815027, 36.86127919200004 ], [ -76.18581325699995, 36.861274485000024 ], [ -76.185807651999937, 36.861259589000042 ], [ -76.18580118999995, 36.86124241300007 ], [ -76.185800185999938, 36.861239745000034 ], [ -76.185792873999958, 36.861220311000068 ], [ -76.185790764999979, 36.861214705000066 ], [ -76.185790457999985, 36.861213890000045 ], [ -76.185788242999934, 36.861208006000027 ], [ -76.185782456999959, 36.861192628000026 ], [ -76.185776540999939, 36.861176902000068 ], [ -76.185775877999959, 36.861175140000057 ], [ -76.185772614999962, 36.861166467000032 ], [ -76.185759069999961, 36.861141214000043 ], [ -76.185743234999961, 36.861111686000072 ], [ -76.185721907999948, 36.861071923000054 ], [ -76.185710928999981, 36.861051450000048 ], [ -76.185694219999959, 36.861020296000049 ], [ -76.185693330999982, 36.861018637000029 ], [ -76.185683621999942, 36.861016379000034 ], [ -76.185619392999968, 36.861001441000042 ], [ -76.185613805999935, 36.860955793000073 ], [ -76.185607737999987, 36.860906213000078 ], [ -76.185601839999947, 36.86085801400003 ], [ -76.185594286999958, 36.86079630200004 ], [ -76.185593983999979, 36.860793823000051 ], [ -76.185592887999974, 36.860784872000067 ], [ -76.185592551999946, 36.860782126000061 ], [ -76.185582891999957, 36.860779955000055 ], [ -76.185578466999971, 36.860778960000061 ], [ -76.185559972999954, 36.860774804000073 ], [ -76.185555488999967, 36.860773797000036 ], [ -76.185552117999976, 36.860773039000037 ], [ -76.185536279999951, 36.860769480000044 ], [ -76.185527247999971, 36.860767450000026 ], [ -76.185525373999951, 36.860767029000044 ], [ -76.185486709999964, 36.860758340000075 ], [ -76.185484760999941, 36.860756919000039 ], [ -76.185477795999986, 36.860751839000045 ], [ -76.185429928999952, 36.860716933000049 ], [ -76.185421891999965, 36.860711071000026 ], [ -76.185382329999982, 36.860682220000058 ], [ -76.185376866999945, 36.860678236000069 ], [ -76.185326471999986, 36.860641486000077 ], [ -76.185317524999959, 36.860634961000073 ], [ -76.185313334999989, 36.860631905000048 ], [ -76.18526422399998, 36.860613470000033 ], [ -76.185254826999937, 36.860609942000053 ], [ -76.185226876999934, 36.860599451000041 ], [ -76.185190717999944, 36.860585876000073 ], [ -76.185185045999958, 36.860583748000067 ], [ -76.185140055999966, 36.860566857000038 ], [ -76.185137347999955, 36.860565843000074 ], [ -76.185118724999938, 36.860558852000054 ], [ -76.185010926999951, 36.860493406000046 ], [ -76.184948135999946, 36.860455283000078 ], [ -76.184944787999939, 36.860453250000035 ], [ -76.184928292999984, 36.860438742000042 ], [ -76.184914069999934, 36.860426231000076 ], [ -76.184903504999966, 36.860416936000036 ], [ -76.184901452999952, 36.860415132000071 ], [ -76.184886202999962, 36.860401717000059 ], [ -76.184875445999978, 36.860392255000079 ], [ -76.184851434999985, 36.860384761000034 ], [ -76.184847596999987, 36.860383563000028 ], [ -76.184812552999972, 36.860372625000025 ], [ -76.184795474999987, 36.860367290000056 ], [ -76.184787077999943, 36.860364674000039 ], [ -76.184777734999955, 36.860361759000057 ], [ -76.18477687099994, 36.86036148800008 ], [ -76.184775353999953, 36.860361017000059 ], [ -76.184773695999979, 36.860360502000049 ], [ -76.184769096999958, 36.860359063000033 ], [ -76.184767228999988, 36.86035847900007 ], [ -76.184756683999979, 36.860355188000028 ], [ -76.184711641999968, 36.860341129000062 ], [ -76.184708737999983, 36.860335922000047 ], [ -76.184705786999984, 36.860330626000064 ], [ -76.184691398999973, 36.860304814000074 ], [ -76.184687407999945, 36.860297653000032 ], [ -76.184684417999961, 36.860292289000029 ], [ -76.184680458999935, 36.860285186000056 ], [ -76.184676209999964, 36.860277565000047 ], [ -76.184669368999948, 36.860265292000065 ], [ -76.184660550999979, 36.860249472000078 ], [ -76.18465355799998, 36.860236928000063 ], [ -76.184651746999975, 36.860233678000043 ], [ -76.184627421999949, 36.86022484800003 ], [ -76.184622829999967, 36.860223181000038 ], [ -76.184589187999961, 36.860210970000026 ], [ -76.18456957899997, 36.860203852000041 ], [ -76.18456047899997, 36.86020054800008 ], [ -76.184549223999966, 36.860196463000079 ], [ -76.184545127999968, 36.860194976000059 ], [ -76.184543098999939, 36.860194239000066 ], [ -76.184542275999945, 36.86019394300007 ], [ -76.184541816999968, 36.860193778000053 ], [ -76.184535113999971, 36.860191341000075 ], [ -76.184522687999959, 36.860186831000078 ], [ -76.184510473999978, 36.860182397000074 ], [ -76.184496223999986, 36.860179526000024 ], [ -76.184486139999933, 36.860177494000027 ], [ -76.184448907, 36.860169992000067 ], [ -76.184442902999933, 36.860168782000073 ], [ -76.184404660999974, 36.860161075000065 ], [ -76.184394317999988, 36.860158992000038 ], [ -76.184383931999946, 36.860156912000036 ], [ -76.184380247999968, 36.860156156000073 ], [ -76.184366782999973, 36.860153451000031 ], [ -76.184364, 36.860152887000027 ], [ -76.184363026999961, 36.860152689000074 ], [ -76.184362667999949, 36.86015261700004 ], [ -76.184360181999978, 36.860152115000062 ], [ -76.184358204999967, 36.860151716000075 ], [ -76.184357017999957, 36.860151477000045 ], [ -76.184356946999969, 36.860151463000079 ], [ -76.184351664999951, 36.860150396000051 ], [ -76.184351116999949, 36.860150285000032 ], [ -76.184345629999939, 36.860149177000039 ], [ -76.184344350999936, 36.86014891800005 ], [ -76.184340391999967, 36.860148118000041 ], [ -76.184339417999979, 36.860147922000067 ], [ -76.184338689999947, 36.86014777500003 ], [ -76.18433452499994, 36.860146925000038 ], [ -76.184334419999971, 36.860146892000046 ], [ -76.184333039999956, 36.860146376000046 ], [ -76.184328439999945, 36.86014467900003 ], [ -76.184326796999983, 36.860144073000072 ], [ -76.184323703999951, 36.860142932000031 ], [ -76.184321405999981, 36.860142084000074 ], [ -76.184287151999968, 36.860129447000077 ], [ -76.184273879999978, 36.86012455000008 ], [ -76.184228673999939, 36.860107872000071 ], [ -76.184218635999969, 36.860104168000078 ], [ -76.184170137999956, 36.860086276000061 ], [ -76.18416031299995, 36.860082652000074 ], [ -76.184117147999984, 36.860066726000071 ], [ -76.184110621999935, 36.86006431800007 ], [ -76.184064171999978, 36.860047181000027 ], [ -76.184057389999964, 36.860044679000055 ], [ -76.184056871999985, 36.860044488000028 ], [ -76.184055285999989, 36.860044078000044 ], [ -76.184050783999965, 36.860042917000044 ], [ -76.184039218999942, 36.860039930000028 ], [ -76.184034788999952, 36.860038788000054 ], [ -76.184019617999979, 36.860034871000039 ], [ -76.18401670999998, 36.86003412000008 ], [ -76.184002138999972, 36.860030359000064 ], [ -76.183998849999966, 36.860029509000071 ], [ -76.183983103999935, 36.86002544400003 ], [ -76.183980350999946, 36.860024733000046 ], [ -76.183969109999964, 36.860021832000029 ], [ -76.18396252399998, 36.860020132000045 ], [ -76.183956882999951, 36.860018675000049 ], [ -76.183949284999983, 36.86001671300005 ], [ -76.183941122999954, 36.86001460600005 ], [ -76.183937972999956, 36.860013793000064 ], [ -76.183923807999975, 36.860010136000028 ], [ -76.183920429999944, 36.860009264000041 ], [ -76.183918990999985, 36.860008893000042 ], [ -76.183904089999942, 36.860005046000026 ], [ -76.183902207999949, 36.86000456000005 ], [ -76.183898246999945, 36.860003538000058 ], [ -76.183862097999963, 36.859994205000078 ], [ -76.183843285999956, 36.859989349000045 ], [ -76.18381143199997, 36.859981125000047 ], [ -76.183804877999989, 36.859979433000035 ], [ -76.183804757999951, 36.859979382000063 ], [ -76.183795946999965, 36.859975581000072 ], [ -76.183795670999984, 36.859975462000079 ], [ -76.183793263999974, 36.859974437000062 ], [ -76.183793057999935, 36.859974342000044 ], [ -76.183792928999935, 36.859974285000078 ], [ -76.183792254999958, 36.859973996000065 ], [ -76.183791151999969, 36.859973518000061 ], [ -76.183790430999977, 36.859973205000074 ], [ -76.183789500999978, 36.859972802000073 ], [ -76.183789186999945, 36.859972666000033 ], [ -76.183786055999974, 36.85997130800007 ], [ -76.18378520899995, 36.859970929000042 ], [ -76.183783020999954, 36.859970006000026 ], [ -76.183780596999952, 36.85996896100005 ], [ -76.183779393999941, 36.859968442000024 ], [ -76.183776370999965, 36.859967139000048 ], [ -76.183775082999944, 36.859966583000073 ], [ -76.183773263999967, 36.859965799000065 ], [ -76.183757819999983, 36.859959138000079 ], [ -76.183753588999934, 36.859957313000052 ], [ -76.183724425999969, 36.859944736000045 ], [ -76.183716807999986, 36.859941451000054 ], [ -76.183686153999986, 36.859928230000037 ], [ -76.18368348499996, 36.859927079000045 ], [ -76.183681357999944, 36.859926162000079 ], [ -76.183656191999944, 36.85991530900003 ], [ -76.183653886999934, 36.85991259900004 ], [ -76.183650940999939, 36.859909134000077 ], [ -76.183648733999974, 36.859906540000054 ], [ -76.183607276999965, 36.859857804000058 ], [ -76.183593041999984, 36.859841070000073 ], [ -76.183543004999933, 36.859782245000076 ], [ -76.183533801999943, 36.859771427000055 ], [ -76.183518037999988, 36.859752896000032 ], [ -76.183483373999934, 36.859712146000049 ], [ -76.183475920999967, 36.859703383000067 ], [ -76.183456949999936, 36.859681081000076 ], [ -76.183440824999934, 36.859662125000057 ], [ -76.183362133999935, 36.859617034000053 ], [ -76.183313586999986, 36.859589216000074 ], [ -76.183222458999978, 36.859536999000056 ], [ -76.183219569999949, 36.859535343000061 ], [ -76.183219313999984, 36.859535197000071 ], [ -76.183195116999968, 36.859532132000027 ], [ -76.183189406999986, 36.859531409000056 ], [ -76.183163675999936, 36.859528150000074 ], [ -76.183154808999973, 36.85952702700007 ], [ -76.183136392999984, 36.859524695000061 ], [ -76.18313038499997, 36.859523934000038 ], [ -76.183123003999981, 36.859522999000035 ], [ -76.183068792999961, 36.859516133000056 ], [ -76.183061470999974, 36.859515206000026 ], [ -76.182979624999973, 36.859504839000067 ], [ -76.18296154799998, 36.859502550000059 ], [ -76.182926832999954, 36.85949815400005 ], [ -76.182917464999946, 36.859496967000041 ], [ -76.182913989999975, 36.85949518700005 ], [ -76.182910780999975, 36.859493543000042 ], [ -76.182907062999959, 36.859491639000055 ], [ -76.182904812999936, 36.859490485000038 ], [ -76.182866849999982, 36.85947103500007 ], [ -76.182847595999988, 36.859461170000031 ], [ -76.182832734999977, 36.859453557000052 ], [ -76.182824988999982, 36.859449589000064 ], [ -76.182824659999937, 36.859449420000033 ], [ -76.182798360999982, 36.859435946000076 ], [ -76.182786869999973, 36.859430058000044 ], [ -76.182774352999957, 36.859423645000049 ], [ -76.182734161999974, 36.85940305400004 ], [ -76.182724185999973, 36.859397943000033 ], [ -76.182635858999959, 36.859352690000037 ], [ -76.182628725999962, 36.859349035000037 ], [ -76.182531594999944, 36.859299270000065 ], [ -76.182523560999982, 36.859295155000041 ], [ -76.182440188999976, 36.859252439000045 ], [ -76.182429491999983, 36.859246958000028 ], [ -76.182393369999943, 36.859228451000035 ], [ -76.182378692999976, 36.859220932000028 ], [ -76.182370581999976, 36.859216776000039 ], [ -76.18236750899996, 36.85921520200003 ], [ -76.18234834499998, 36.859205383000074 ], [ -76.182344777999958, 36.859203555000079 ], [ -76.182326777999947, 36.859194333000062 ], [ -76.182324673999972, 36.859193256000026 ], [ -76.182306249999954, 36.859183815000051 ], [ -76.182301647999964, 36.859181457000034 ], [ -76.18229976799995, 36.859180495000032 ], [ -76.182298578999962, 36.85917988500006 ], [ -76.182246893999945, 36.859153405000029 ], [ -76.182238076999965, 36.85914888700006 ], [ -76.182187243999977, 36.85912284300008 ], [ -76.18218389599997, 36.859121128000027 ], [ -76.182127850999962, 36.859092413000042 ], [ -76.182120908999934, 36.859088856000028 ], [ -76.182067361999941, 36.859061421000035 ], [ -76.182060489999969, 36.859057901000028 ], [ -76.182009647999962, 36.859031852000044 ], [ -76.18200044799994, 36.859027138000044 ], [ -76.181949962999965, 36.859001272000057 ], [ -76.181941268999935, 36.858996817000047 ], [ -76.181917263999935, 36.858984518000057 ], [ -76.181895935999989, 36.858973591000051 ], [ -76.181892191999964, 36.858971672000052 ], [ -76.181889216999934, 36.858970149000072 ], [ -76.18186811299995, 36.858959336000055 ], [ -76.181864576999942, 36.858957525000051 ], [ -76.181841773999963, 36.858945840000047 ], [ -76.18181801299994, 36.858933667000031 ], [ -76.181813811999973, 36.858931514000062 ], [ -76.181812578999939, 36.858930883000028 ], [ -76.181804213999953, 36.85892659700005 ], [ -76.181779862999974, 36.858914121000055 ], [ -76.181758886999944, 36.858903373000032 ], [ -76.181722793999938, 36.858884880000062 ], [ -76.181695616999946, 36.858870956000032 ], [ -76.181676870999979, 36.858861352000076 ], [ -76.181663768999954, 36.858854639000072 ], [ -76.181637853999973, 36.858841361000032 ], [ -76.181535674999964, 36.858789008000031 ], [ -76.181415619999939, 36.858727497000075 ], [ -76.181396676999952, 36.85871779200005 ], [ -76.181374592999987, 36.858706476000066 ], [ -76.181338262999986, 36.858687863000057 ], [ -76.181330306999939, 36.858683787000075 ], [ -76.181311328999982, 36.858674062000034 ], [ -76.181302210999945, 36.858669391000035 ], [ -76.181301336999979, 36.858668943000055 ], [ -76.181300915999941, 36.858668727000065 ], [ -76.18129894599997, 36.858667718000049 ], [ -76.181280907999962, 36.858658477000063 ], [ -76.181277304999981, 36.858656631000031 ], [ -76.181257852999977, 36.858646663000059 ], [ -76.181255853999971, 36.858645639000031 ], [ -76.181233510999959, 36.858634191000078 ], [ -76.18123144599997, 36.858633134000058 ], [ -76.181211303999987, 36.858622813000068 ], [ -76.181209172999957, 36.858621721000077 ], [ -76.181188188999954, 36.858610970000029 ], [ -76.181184984999959, 36.858609329000046 ], [ -76.181163262999974, 36.858598199000028 ], [ -76.18116127899998, 36.858597183000029 ], [ -76.181139096999971, 36.858585818000051 ], [ -76.181136708999986, 36.858584593000046 ], [ -76.18111463799994, 36.85857328600008 ], [ -76.181112625999958, 36.85857225500007 ], [ -76.181089010999983, 36.858560155000077 ], [ -76.181086981999954, 36.858559115000048 ], [ -76.181063676999941, 36.85854717400008 ], [ -76.181061421999971, 36.858546019000073 ], [ -76.181039247999934, 36.858534657000064 ], [ -76.181035730999952, 36.858532856000068 ], [ -76.181015540999965, 36.858522511000047 ], [ -76.181011164999973, 36.858520269000053 ], [ -76.180995648999954, 36.858512319000056 ], [ -76.180992463999985, 36.858510687000035 ], [ -76.180972621999956, 36.858500521000053 ], [ -76.180967932999977, 36.858498119000046 ], [ -76.180953686999942, 36.858490819000053 ], [ -76.180946404999986, 36.858487088000061 ], [ -76.180941039999936, 36.858484339000029 ], [ -76.180935679999948, 36.858481593000079 ], [ -76.180935, 36.858481244000075 ], [ -76.180933501999959, 36.858480477000057 ], [ -76.180928284999936, 36.858477804000074 ], [ -76.180927390999955, 36.858477346000029 ], [ -76.180922577999979, 36.858474880000074 ], [ -76.180921366999939, 36.858474260000037 ], [ -76.180914758999961, 36.858470873000044 ], [ -76.180914209999969, 36.85847059200006 ], [ -76.180907040999955, 36.85846691900008 ], [ -76.180906333999985, 36.858466557000042 ], [ -76.180899337999961, 36.85846297300003 ], [ -76.180898882999941, 36.858462739000061 ], [ -76.180893714999968, 36.85846009100004 ], [ -76.18089292999997, 36.858459689000028 ], [ -76.180891061999944, 36.858458733000077 ], [ -76.18089015399994, 36.85845826700006 ], [ -76.180889926999953, 36.858458150000047 ], [ -76.180888772999936, 36.858457560000033 ], [ -76.180887629999972, 36.858456974000035 ], [ -76.180887180999946, 36.85845674400008 ], [ -76.180885716999967, 36.858455993000064 ], [ -76.180885438999951, 36.858455851000031 ], [ -76.18088460499996, 36.858455423000066 ], [ -76.180884176999939, 36.858455205000041 ], [ -76.180883356999971, 36.858454785000049 ], [ -76.180882757999939, 36.858454477000066 ], [ -76.180881927999962, 36.85845405200007 ], [ -76.180880965999961, 36.858453558000065 ], [ -76.180880087999981, 36.858453109000038 ], [ -76.18087716499997, 36.858451612000067 ], [ -76.180876768999951, 36.858451409000054 ], [ -76.180873618999954, 36.85844979500007 ], [ -76.180872986999987, 36.858449471000029 ], [ -76.180872867999938, 36.858449410000048 ], [ -76.180872708999971, 36.858449328000063 ], [ -76.180870217999939, 36.858448052000028 ], [ -76.180870055999947, 36.858447969000053 ], [ -76.180869893999954, 36.858447886000079 ], [ -76.180869680999933, 36.858447777000038 ], [ -76.180869406999989, 36.85844763700004 ], [ -76.180868482999983, 36.858447168000055 ], [ -76.180868402999977, 36.858447127000034 ], [ -76.180868103999956, 36.858446975000049 ], [ -76.180867126999942, 36.858446474000061 ], [ -76.180866779999974, 36.858446300000026 ], [ -76.180863320999947, 36.858444543000076 ], [ -76.180855695999981, 36.858440612000038 ], [ -76.180855190999978, 36.858440353000049 ], [ -76.180854283999963, 36.858439892000035 ], [ -76.18085423399998, 36.858439867000072 ], [ -76.180854072999978, 36.858439804000056 ], [ -76.180853894999984, 36.85843970600007 ], [ -76.180853814999978, 36.858439672000031 ], [ -76.18035580999998, 36.85818445700005 ], [ -76.18035569999995, 36.858184401000074 ], [ -76.180355538999947, 36.858184318000042 ], [ -76.180355295999959, 36.858184220000055 ], [ -76.180354341999987, 36.858183730000064 ], [ -76.180354242999954, 36.858183681000071 ], [ -76.180353416999935, 36.858183244000031 ], [ -76.180353274999959, 36.85818318400004 ], [ -76.180352418999973, 36.858182746000068 ], [ -76.180351970999936, 36.858182516000056 ], [ -76.180351938999934, 36.858182499000065 ], [ -76.180351012999949, 36.858182025000076 ], [ -76.180348422999941, 36.858180698000069 ], [ -76.180344985999966, 36.858178938000037 ], [ -76.180344085999934, 36.858178476000035 ], [ -76.180339076999985, 36.858175909000067 ], [ -76.180338392999943, 36.858175560000063 ], [ -76.180333272999974, 36.858172936000074 ], [ -76.180332728999986, 36.858172657000068 ], [ -76.180327655999974, 36.858170057000052 ], [ -76.180326875999981, 36.858169658000065 ], [ -76.180321332999938, 36.85816681700004 ], [ -76.180320934999941, 36.858166615000073 ], [ -76.180318898999985, 36.85816557000004 ], [ -76.18031831899998, 36.858165274000044 ], [ -76.180317087999981, 36.858164642000077 ], [ -76.180314805999956, 36.858163474000037 ], [ -76.180313776999981, 36.85816294600005 ], [ -76.180313550999983, 36.858162831000072 ], [ -76.180313079999962, 36.858162589000074 ], [ -76.180312740999966, 36.858162416000027 ], [ -76.180311231999951, 36.858161642000027 ], [ -76.180310013999986, 36.858161018000033 ], [ -76.180309083999987, 36.858160541000075 ], [ -76.180304538999962, 36.858158213000024 ], [ -76.18030140999997, 36.858156609000048 ], [ -76.180294909999986, 36.858153279000078 ], [ -76.180291229999966, 36.85815139400006 ], [ -76.180285211999944, 36.858148310000047 ], [ -76.180282813999952, 36.858147081000027 ], [ -76.180278740999938, 36.858144994000043 ], [ -76.18027363899995, 36.85814238100005 ], [ -76.180272117999948, 36.858141601000057 ], [ -76.180268028999933, 36.858139506000043 ], [ -76.180265590999966, 36.858138256000075 ], [ -76.180264050999938, 36.858137468000052 ], [ -76.180262800999969, 36.858136828000056 ], [ -76.180260220999969, 36.858135506000053 ], [ -76.180255843999987, 36.85813326300007 ], [ -76.180255523999961, 36.858133098000053 ], [ -76.180253306999987, 36.858131963000062 ], [ -76.180249942999978, 36.858130240000037 ], [ -76.180248935999941, 36.858129723000047 ], [ -76.180246342999965, 36.858128395000051 ], [ -76.180245214999957, 36.858127817000025 ], [ -76.180241079999973, 36.858125698000038 ], [ -76.180238839999959, 36.85812455000007 ], [ -76.180232736999983, 36.858121423000057 ], [ -76.180230949999952, 36.858120507000024 ], [ -76.180225339999936, 36.858117633000063 ], [ -76.180223910999985, 36.858116901000074 ], [ -76.180216396999981, 36.858113050000043 ], [ -76.180215061999945, 36.858112367000047 ], [ -76.18020804799994, 36.858108773000026 ], [ -76.180205804999957, 36.85810762400007 ], [ -76.180198449999978, 36.858103855000024 ], [ -76.18019831099997, 36.858103784000036 ], [ -76.180190689999961, 36.858099880000054 ], [ -76.180189324999958, 36.858099180000067 ], [ -76.180183401999955, 36.858096145000047 ], [ -76.18018128999995, 36.858095063000064 ], [ -76.180176846999984, 36.858092786000043 ], [ -76.180175348999967, 36.858092018000036 ], [ -76.180174633999968, 36.858091653000031 ], [ -76.18017387499998, 36.858091263000063 ], [ -76.180172681999977, 36.858090652000044 ], [ -76.180171571999949, 36.858090083000036 ], [ -76.180170146999956, 36.858089353000025 ], [ -76.180169636999949, 36.858089092000057 ], [ -76.180165913999986, 36.858087185000045 ], [ -76.180154974999937, 36.858081579000043 ], [ -76.180152008999983, 36.858080060000077 ], [ -76.180139520999944, 36.858073661000049 ], [ -76.180134454999973, 36.858071065000047 ], [ -76.18012446399996, 36.858065947000057 ], [ -76.180120715999976, 36.858064026000079 ], [ -76.180109351999988, 36.858058203000041 ], [ -76.180104134999965, 36.858055530000058 ], [ -76.180096987999946, 36.858051869000064 ], [ -76.180091668999978, 36.858049142000027 ], [ -76.180085366999947, 36.858045914000058 ], [ -76.18007689999996, 36.858041576000062 ], [ -76.180071861999977, 36.858038994000026 ], [ -76.18007126699996, 36.858038689000068 ], [ -76.180056454999942, 36.858031100000062 ], [ -76.180055184999958, 36.858030449000069 ], [ -76.180040550999934, 36.858022951000066 ], [ -76.180036948999941, 36.858021106000024 ], [ -76.180026372999976, 36.858015687000034 ], [ -76.180022613999938, 36.858013760000063 ], [ -76.180015301999958, 36.858010013000069 ], [ -76.180015086999958, 36.858009904000028 ], [ -76.180014642999936, 36.858009676000052 ], [ -76.180013193999969, 36.858008934000054 ], [ -76.180012397999974, 36.858008526000049 ], [ -76.180009868999946, 36.858007230000055 ], [ -76.18000680199998, 36.858005658000025 ], [ -76.179996333999952, 36.858000295000068 ], [ -76.179993830999933, 36.85799901300004 ], [ -76.17998143799997, 36.857992663000061 ], [ -76.179980513999965, 36.857992189000072 ], [ -76.179969025999981, 36.857986303000075 ], [ -76.179965728999946, 36.857984613000042 ], [ -76.179956942999979, 36.857980112000064 ], [ -76.17995373399998, 36.857978468000056 ], [ -76.179944311999975, 36.857973639000079 ], [ -76.179941163999956, 36.857972026000027 ], [ -76.179931339999939, 36.857966993000048 ], [ -76.179929564999952, 36.857966084000054 ], [ -76.179919473999973, 36.857960912000067 ], [ -76.179917074999935, 36.857959683000047 ], [ -76.179909986999974, 36.857956052000077 ], [ -76.179904958999941, 36.857953476000034 ], [ -76.179897981999943, 36.85794990100004 ], [ -76.179895525999939, 36.857948642000053 ], [ -76.179887192999956, 36.857944372000077 ], [ -76.179882989999953, 36.857942219000051 ], [ -76.179877904999955, 36.857939613000042 ], [ -76.179873259999965, 36.85793723300003 ], [ -76.179872259999968, 36.857936721000044 ], [ -76.179871232999972, 36.857936195000036 ], [ -76.179869279999934, 36.857935194000049 ], [ -76.17986581699995, 36.857933420000052 ], [ -76.179863624999939, 36.857932297000048 ], [ -76.179862010999955, 36.85793147000004 ], [ -76.179859626999985, 36.857930248000059 ], [ -76.179854299999988, 36.857927519000043 ], [ -76.179852720999975, 36.857926709000026 ], [ -76.179848100999948, 36.857924343000036 ], [ -76.179847070999983, 36.857923815000049 ], [ -76.179840299999967, 36.857920345000025 ], [ -76.179840026999955, 36.857920205000028 ], [ -76.179833862999942, 36.857917047000058 ], [ -76.179832653999938, 36.857916427000077 ], [ -76.179826931999969, 36.857913496000037 ], [ -76.179825728999958, 36.857912880000072 ], [ -76.179821308999976, 36.857910615000037 ], [ -76.179820319999976, 36.857910108000056 ], [ -76.179819000999942, 36.857909432000042 ], [ -76.179817716999935, 36.857908774000066 ], [ -76.179815454999982, 36.857907615000045 ], [ -76.179814101999966, 36.857906922000041 ], [ -76.179809647999946, 36.857904640000072 ], [ -76.179808152999954, 36.857903874000044 ], [ -76.179803069999934, 36.857901269000024 ], [ -76.179801813999973, 36.85790062600006 ], [ -76.179797316999952, 36.85789832200004 ], [ -76.179797051999969, 36.857898186000057 ], [ -76.179791614999942, 36.857895399000029 ], [ -76.179790523999941, 36.857894841000075 ], [ -76.179788120999945, 36.857893610000076 ], [ -76.179785438999943, 36.857892235000065 ], [ -76.179785128999981, 36.857892077000031 ], [ -76.179784328999972, 36.857891667000047 ], [ -76.179784189999964, 36.857891596000059 ], [ -76.179781318999972, 36.85789012400005 ], [ -76.179776643999958, 36.857887728000037 ], [ -76.179768508999985, 36.857883560000062 ], [ -76.179767137999988, 36.857882858000039 ], [ -76.17975234499994, 36.857875278000051 ], [ -76.179748918999962, 36.85787352300008 ], [ -76.179736371999979, 36.857867093000038 ], [ -76.179731291999985, 36.857864492000033 ], [ -76.179719661999968, 36.85785853200008 ], [ -76.179717564999976, 36.85785745700008 ], [ -76.179704030999972, 36.857850523000025 ], [ -76.179700174999937, 36.85784854700006 ], [ -76.179698083999938, 36.857847475000028 ], [ -76.179697554999962, 36.857847205000041 ], [ -76.179697157999954, 36.857847001000039 ], [ -76.17968790599997, 36.85784226100003 ], [ -76.179679996999937, 36.857838209000079 ], [ -76.17967620099995, 36.857836263000024 ], [ -76.179659124999944, 36.857827513000075 ], [ -76.179658432999986, 36.857827159000067 ], [ -76.179657585999962, 36.857826725000052 ], [ -76.179654853999978, 36.857825325000078 ], [ -76.179652149999981, 36.85782393900007 ], [ -76.179651332999981, 36.857823521000057 ], [ -76.179650593999952, 36.857823142000029 ], [ -76.179644781999968, 36.857820164000032 ], [ -76.179627811999978, 36.857811469000069 ], [ -76.179624116999946, 36.857809576000079 ], [ -76.179598622999947, 36.857796513000039 ], [ -76.179595795999944, 36.857795064000072 ], [ -76.179572094999969, 36.857782920000034 ], [ -76.179568987999971, 36.857781328000044 ], [ -76.17954475099998, 36.857768910000061 ], [ -76.179541936999954, 36.857767468000077 ], [ -76.179521314999988, 36.857756901000073 ], [ -76.179511564999984, 36.857751905000043 ], [ -76.179494635999959, 36.85774323000004 ], [ -76.179487677999987, 36.857739666000043 ], [ -76.179470211999956, 36.857730716000049 ], [ -76.179467140999975, 36.857729143000029 ], [ -76.17944840499996, 36.85771954300003 ], [ -76.17944444799997, 36.857717516000037 ], [ -76.179425170999934, 36.857707638000079 ], [ -76.179422602999978, 36.85770632100008 ], [ -76.179404274999968, 36.857696931000078 ], [ -76.179400151999971, 36.857694818000027 ], [ -76.179392321999956, 36.85769080700004 ], [ -76.179375870999934, 36.85768237700006 ], [ -76.179364537999959, 36.857676569000034 ], [ -76.179363467999963, 36.857676021000032 ], [ -76.179360310999982, 36.857674404000079 ], [ -76.179359200999954, 36.85767383600006 ], [ -76.17935829399994, 36.857673371000033 ], [ -76.179353901999946, 36.857671120000077 ], [ -76.179352501999972, 36.857670403000043 ], [ -76.179349145999936, 36.857668683000043 ], [ -76.17934872099994, 36.857668465000074 ], [ -76.179344230999959, 36.857666165000069 ], [ -76.179343309999979, 36.857665693000058 ], [ -76.179339208999977, 36.857663592000051 ], [ -76.179338336999933, 36.85766314500006 ], [ -76.179334528999959, 36.857661194000059 ], [ -76.17933358099998, 36.857660708000026 ], [ -76.179331403999981, 36.857659592000061 ], [ -76.179329717999963, 36.857658729000036 ], [ -76.179327026999943, 36.857657350000068 ], [ -76.179301528999986, 36.857644285000049 ], [ -76.179298632999974, 36.857642800000065 ], [ -76.179295627999977, 36.857641261000026 ], [ -76.179265915999963, 36.857626036000056 ], [ -76.179261953999969, 36.857624007000027 ], [ -76.179229573999976, 36.857607415000075 ], [ -76.179225282999937, 36.857605216000024 ], [ -76.17919336999995, 36.857588864000036 ], [ -76.179188537999948, 36.857586389000062 ], [ -76.17915888899995, 36.857571196000038 ], [ -76.179154189999963, 36.857568789000027 ], [ -76.179122882999934, 36.857552747000057 ], [ -76.179117672999951, 36.857550078000031 ], [ -76.179086439999935, 36.857534074000057 ], [ -76.17908164499994, 36.857531617000063 ], [ -76.179052536999961, 36.857516702000055 ], [ -76.179044562999934, 36.857512616000065 ], [ -76.179016837999939, 36.857498411000051 ], [ -76.179011076999984, 36.857495457000027 ], [ -76.178982471999973, 36.857480801000065 ], [ -76.178976349999971, 36.857477664000044 ], [ -76.178947067999957, 36.857462660000067 ], [ -76.178945342999953, 36.857461776000036 ], [ -76.178918572999976, 36.857448059000035 ], [ -76.17891222999998, 36.857444808000025 ], [ -76.178890126999988, 36.857433484000069 ], [ -76.178882620999957, 36.857429637000052 ], [ -76.178880591999985, 36.85742859700008 ], [ -76.17888026199995, 36.857428428000048 ], [ -76.178878706999967, 36.857427631000064 ], [ -76.178878177999934, 36.857427360000031 ], [ -76.178862095999989, 36.857419120000031 ], [ -76.178850104999981, 36.857412976000035 ], [ -76.178803519999974, 36.857389106000028 ], [ -76.178803174999985, 36.857388929000024 ], [ -76.178740480999977, 36.857356804000062 ], [ -76.178736609999987, 36.857354820000069 ], [ -76.178680084999939, 36.857325857000035 ], [ -76.17867403799994, 36.857322759000056 ], [ -76.178616334999958, 36.857293191000053 ], [ -76.178614975999949, 36.857292496000071 ], [ -76.178557465999972, 36.857263027000045 ], [ -76.178551557999981, 36.857259999000064 ], [ -76.178499253999973, 36.857233198000074 ], [ -76.178498732999969, 36.857232931000055 ], [ -76.178494734999958, 36.857230883000057 ], [ -76.178490473999943, 36.857228700000064 ], [ -76.178468567999971, 36.857217475000027 ], [ -76.17846402899994, 36.857215149000069 ], [ -76.178440572999989, 36.857203130000073 ], [ -76.178434590999984, 36.85720006400004 ], [ -76.178410453999959, 36.857187697000029 ], [ -76.178405959999964, 36.857185395000045 ], [ -76.178380345999983, 36.857172269000046 ], [ -76.17837560199996, 36.857169838000061 ], [ -76.178350298999987, 36.857156874000054 ], [ -76.178348169999936, 36.857155782000063 ], [ -76.178319955999939, 36.857141325000043 ], [ -76.178316338999934, 36.857139472000028 ], [ -76.178290402999949, 36.857126182000059 ], [ -76.178286989999947, 36.857124433000024 ], [ -76.17826032399995, 36.85711076900003 ], [ -76.178255688999968, 36.857108393000033 ], [ -76.178231754999956, 36.857096130000059 ], [ -76.178225554999983, 36.857092953000063 ], [ -76.178203543999985, 36.857081675000074 ], [ -76.178197795999949, 36.857078729000079 ], [ -76.178174526999953, 36.857066806000034 ], [ -76.178169268999966, 36.857064111000057 ], [ -76.178144518999943, 36.85705142900008 ], [ -76.178140486999951, 36.857049363000044 ], [ -76.178114779999987, 36.857036190000031 ], [ -76.178110427999968, 36.857033960000024 ], [ -76.178087910999977, 36.857022423000046 ], [ -76.178081864999967, 36.857019324000078 ], [ -76.178063772999963, 36.857010054000057 ], [ -76.178055524999934, 36.857005828000069 ], [ -76.178042379999965, 36.856999092000024 ], [ -76.178034088999937, 36.856994844000042 ], [ -76.17801751099995, 36.856986348000078 ], [ -76.178011149999975, 36.856983089000039 ], [ -76.178008193999972, 36.856981574000031 ], [ -76.177988415999948, 36.856971440000052 ], [ -76.177950847999966, 36.856952189000026 ], [ -76.177927845999989, 36.856940402000077 ], [ -76.177864420999981, 36.856907902000046 ], [ -76.177851400999941, 36.856901232000041 ], [ -76.177772725999944, 36.856860917000063 ], [ -76.177759227999957, 36.856854 ], [ -76.177690778999988, 36.856818926000074 ], [ -76.177672088999941, 36.85680934800007 ], [ -76.177597612999989, 36.856771185000071 ], [ -76.177591145999941, 36.856767872000034 ], [ -76.177514258999963, 36.856728473000032 ], [ -76.177490010999975, 36.856716049000056 ], [ -76.177449000999957, 36.85669503400004 ], [ -76.177446927999938, 36.856693972000073 ], [ -76.177417311999989, 36.85667879500005 ], [ -76.177386230999957, 36.856662869000047 ], [ -76.17738591799997, 36.856662708000044 ], [ -76.177265531999979, 36.856601020000028 ], [ -76.177249763999953, 36.856592940000041 ], [ -76.177233359999946, 36.856584534000035 ], [ -76.177154948999942, 36.85654435400005 ], [ -76.177132851999943, 36.856533031000026 ], [ -76.177129916999945, 36.856531527000072 ], [ -76.177126276999957, 36.856529662000071 ], [ -76.177120702999957, 36.856526805000044 ], [ -76.177116400999978, 36.856524601000046 ], [ -76.177104393999969, 36.856518449000077 ], [ -76.177101587999971, 36.856517010000061 ], [ -76.17707431599996, 36.85650303500006 ], [ -76.177066168999943, 36.856498861000034 ], [ -76.177066902999968, 36.856496339000046 ], [ -76.177070251999965, 36.856484847000047 ], [ -76.177071698999953, 36.856479882000031 ], [ -76.177073394999979, 36.85647405900005 ], [ -76.177079215999981, 36.856454083000074 ], [ -76.177084880999985, 36.856434638000053 ], [ -76.177095770999983, 36.856397264000066 ], [ -76.177097866999986, 36.856390073000057 ], [ -76.177123673999972, 36.856301502000065 ], [ -76.177135342999975, 36.856261456000027 ], [ -76.177147573999946, 36.85621948000005 ], [ -76.177160934999961, 36.856173624000064 ], [ -76.177189799999951, 36.856074561000071 ], [ -76.177225770999939, 36.855951109000046 ], [ -76.177361216999941, 36.855486253000038 ], [ -76.17738191799998, 36.855415202000074 ], [ -76.177412954999966, 36.855308680000064 ], [ -76.177417581999975, 36.855292804000044 ], [ -76.177455102999943, 36.855164029000036 ], [ -76.177468442999952, 36.855128697000055 ], [ -76.177477505999946, 36.855104694000033 ], [ -76.177480078999963, 36.855097879000027 ], [ -76.177502889999971, 36.855037465000066 ], [ -76.177506106999942, 36.855028943000036 ], [ -76.177532678999967, 36.85495856700004 ], [ -76.177536004999979, 36.854949758000032 ], [ -76.177547449999963, 36.854919447000043 ], [ -76.177556773999981, 36.854894750000028 ], [ -76.177559539999947, 36.85488742800004 ], [ -76.177564215999951, 36.85487504200006 ], [ -76.177565054999945, 36.854872818000047 ], [ -76.177565232999939, 36.854872349000061 ], [ -76.17756641699998, 36.85486921200004 ], [ -76.177573280999979, 36.854851031000067 ], [ -76.177574902999936, 36.854846735000024 ], [ -76.177582003999987, 36.854827930000056 ], [ -76.17758321599996, 36.854824720000067 ], [ -76.177591702999962, 36.854802242000062 ], [ -76.177593816999945, 36.854796641000064 ], [ -76.177594880999948, 36.854793826000048 ], [ -76.177605856999946, 36.854764757000055 ], [ -76.177606820999983, 36.854762200000039 ], [ -76.17761767199994, 36.854733464000049 ], [ -76.177619101999937, 36.854729674000055 ], [ -76.177628807999952, 36.85470397000006 ], [ -76.177630721999947, 36.854698899000027 ], [ -76.177639903999989, 36.85467458100004 ], [ -76.177641589999951, 36.854670114000044 ], [ -76.177650785999958, 36.854645758000061 ], [ -76.177652816999966, 36.854640381000024 ], [ -76.177661961999945, 36.854616157000066 ], [ -76.177663666999933, 36.854611642000066 ], [ -76.177673197999979, 36.854586400000073 ], [ -76.177675178999948, 36.854581152000037 ], [ -76.177685896999947, 36.85455276600004 ], [ -76.177686351999967, 36.854551561000051 ], [ -76.177697814999988, 36.854521200000079 ], [ -76.177698757999963, 36.854518703000053 ], [ -76.17770035999996, 36.85451445800004 ], [ -76.177703279999946, 36.854506727000057 ], [ -76.177704530999961, 36.854503411000053 ], [ -76.17770737799998, 36.85449587200003 ], [ -76.177708299999949, 36.854493430000048 ], [ -76.177709193999988, 36.854491062000079 ], [ -76.177709875999938, 36.854487729000027 ], [ -76.177710820999948, 36.854483103000064 ], [ -76.177711027999976, 36.854482094000048 ], [ -76.177713497999946, 36.854470014000071 ], [ -76.177713653999945, 36.854469248000044 ], [ -76.17771589299997, 36.854458300000033 ], [ -76.177716140999962, 36.854457086000025 ], [ -76.177718250999988, 36.854446770000038 ], [ -76.177718411999933, 36.854445977000069 ], [ -76.177718681999977, 36.85444465900008 ], [ -76.177718930999959, 36.854443460000027 ], [ -76.177719094999986, 36.854442635000055 ], [ -76.177719463999949, 36.854440941000064 ], [ -76.177719742999955, 36.85443949200004 ], [ -76.17772000399998, 36.854438193000078 ], [ -76.177720275999945, 36.854436866000071 ], [ -76.177728972999944, 36.854394318000061 ], [ -76.177742894999938, 36.854326227000058 ], [ -76.177758080999979, 36.854251952000027 ], [ -76.177759442999957, 36.854245287000026 ], [ -76.177760536999983, 36.854239939000024 ], [ -76.177784551999935, 36.854122483000026 ], [ -76.177790742999946, 36.854092200000025 ], [ -76.177801981999949, 36.854037232000053 ], [ -76.17781135599995, 36.85399138300005 ], [ -76.177811547999966, 36.853990438000039 ], [ -76.177830143999984, 36.853899487000035 ], [ -76.177851530999988, 36.853794881000056 ], [ -76.177852676999976, 36.853789271000039 ], [ -76.177856614999939, 36.853770009000073 ], [ -76.177868780999972, 36.853710505000038 ], [ -76.177877075999959, 36.853669934000038 ], [ -76.177879786999938, 36.853656673000046 ], [ -76.177886829999977, 36.853622231000031 ], [ -76.177897683999959, 36.853569135000043 ], [ -76.17790408999997, 36.853537804000041 ], [ -76.177909154999952, 36.853513107000026 ], [ -76.177911589999951, 36.853501119000043 ], [ -76.17791945099998, 36.853462670000056 ], [ -76.177922486999989, 36.853447825000046 ], [ -76.177946230999964, 36.853331686000047 ], [ -76.177971170999967, 36.853209698000057 ], [ -76.177996343999951, 36.853086571000063 ], [ -76.178027746999987, 36.852932972000076 ], [ -76.178048084999944, 36.852833494000038 ], [ -76.178091241999937, 36.852622397000061 ], [ -76.178102320999983, 36.85256821300004 ], [ -76.178122240999983, 36.852470771000071 ], [ -76.178152552999961, 36.852322511000068 ], [ -76.17815442899996, 36.852313333000041 ], [ -76.178199930999938, 36.852221372000031 ], [ -76.178208563999988, 36.852203922000058 ], [ -76.178321727999958, 36.851975215000039 ], [ -76.178355425999939, 36.851907107000045 ], [ -76.178355480999983, 36.851906997000071 ], [ -76.178321420999964, 36.851898671000072 ], [ -76.178294541999946, 36.851892099000054 ], [ -76.178277112999979, 36.851887839000028 ], [ -76.178261328999952, 36.851883980000025 ], [ -76.179555648999951, 36.849244702000078 ], [ -76.179633284999966, 36.849277144000041 ], [ -76.180055848999984, 36.848426916000051 ], [ -76.181041022999977, 36.847847431000048 ], [ -76.183527238999943, 36.845242470000073 ], [ -76.185124418999976, 36.843536895000057 ], [ -76.185776059999966, 36.842896324000037 ], [ -76.185977234999939, 36.842698563000056 ], [ -76.186659432999988, 36.842414983000026 ], [ -76.187166572999956, 36.842204644000049 ], [ -76.187526200999969, 36.842055483000024 ], [ -76.187611241999946, 36.84195963500008 ], [ -76.187630963999936, 36.841937815000051 ], [ -76.18943786899996, 36.840972628000031 ], [ -76.189529449999952, 36.840883765000058 ], [ -76.190371289999973, 36.840291081000032 ], [ -76.191024183999957, 36.83972902000005 ], [ -76.191387806999956, 36.83934946800008 ], [ -76.191688629999987, 36.838899307000077 ], [ -76.191907700999934, 36.838327339000045 ], [ -76.19206300899998, 36.838053588000037 ], [ -76.193286272999956, 36.836043836000044 ], [ -76.193574878999982, 36.835554843000068 ], [ -76.193586192999987, 36.835535674000027 ], [ -76.194167211999968, 36.834552691000056 ], [ -76.194379767999976, 36.834193077000066 ], [ -76.194638281999971, 36.833755703000065 ], [ -76.194714794999982, 36.833626251000055 ], [ -76.19483706699998, 36.833398458000033 ], [ -76.194878295999956, 36.833282285000053 ], [ -76.194883593999975, 36.833267357000068 ], [ -76.194912733999956, 36.833185248000063 ], [ -76.194955511999979, 36.832966214000066 ], [ -76.194958478999979, 36.832895146000055 ], [ -76.194964762999973, 36.832744622000064 ], [ -76.194946203999962, 36.832574341000054 ], [ -76.194902633999959, 36.832174560000055 ], [ -76.194822635999969, 36.831440516000043 ], [ -76.194815652999978, 36.831396010000049 ], [ -76.194801153999947, 36.831303596000055 ], [ -76.194794634999937, 36.831262042000048 ], [ -76.194792268999947, 36.831246963000069 ], [ -76.194758458999956, 36.831031456000062 ], [ -76.194737960999987, 36.830900805000056 ], [ -76.194730186999948, 36.830851249000034 ], [ -76.194714206999947, 36.830749396000044 ], [ -76.194709431999968, 36.83071896000007 ], [ -76.194677986999977, 36.830518528000027 ], [ -76.194585035999978, 36.829926046000026 ], [ -76.195038143999966, 36.829815207000024 ], [ -76.19529109399997, 36.829735018000065 ], [ -76.195328362999987, 36.829719012000055 ], [ -76.195562553999935, 36.829618431000029 ], [ -76.19581431499995, 36.82947611600008 ], [ -76.195995980999953, 36.829347293000069 ], [ -76.19611615599996, 36.829262074000042 ], [ -76.196372828999984, 36.829057699000032 ], [ -76.196379456999978, 36.829051517000039 ], [ -76.196436750999965, 36.828998076000062 ], [ -76.196595224999953, 36.828850263000049 ], [ -76.196899059999964, 36.82856686100007 ], [ -76.197012346999941, 36.828461191000031 ], [ -76.197068840999975, 36.828412287000049 ], [ -76.197374679999939, 36.828147536000074 ], [ -76.197520118999989, 36.828021635000027 ], [ -76.19760656699998, 36.827963339000064 ], [ -76.197712155999966, 36.82789213600006 ], [ -76.197799509999982, 36.827833228000031 ], [ -76.198054626999976, 36.827690114000063 ], [ -76.198492214999987, 36.827499842000066 ], [ -76.198832122999988, 36.827405622000072 ], [ -76.199029221999979, 36.827375852000046 ], [ -76.199229113999934, 36.827362808000032 ], [ -76.199429605999967, 36.827366631000075 ], [ -76.199628501999939, 36.827387280000039 ], [ -76.199923329999933, 36.827458407000051 ], [ -76.200187896999978, 36.82758878900006 ], [ -76.200590560999956, 36.827899333000062 ], [ -76.200807771999962, 36.828101798000034 ], [ -76.201151014999937, 36.828456459000051 ], [ -76.201313539999944, 36.82859671500006 ], [ -76.201533157999961, 36.828758663000031 ], [ -76.201855501999944, 36.828965072000074 ], [ -76.201981080999985, 36.829037205000077 ], [ -76.202170620999937, 36.829146080000044 ], [ -76.202192809999985, 36.829158825000036 ], [ -76.203365279999957, 36.829749861000039 ], [ -76.203677260999939, 36.82993039400003 ], [ -76.203912007999975, 36.830090133000056 ], [ -76.204353323999953, 36.830419575000064 ], [ -76.205582108999977, 36.831336835000059 ], [ -76.205669493999949, 36.831398424000042 ], [ -76.206368596999937, 36.831891135000035 ], [ -76.206962895999936, 36.832255150000037 ], [ -76.207066664999957, 36.832318709000049 ], [ -76.207329357999981, 36.832458060000079 ], [ -76.207575444999975, 36.832562378000034 ], [ -76.208011347999957, 36.832688559000076 ], [ -76.208421696999949, 36.83274853000006 ], [ -76.208653184999946, 36.832759272000033 ], [ -76.208986678999963, 36.832754353000041 ], [ -76.209523074999936, 36.832709745000045 ], [ -76.209618377999959, 36.832693592000055 ], [ -76.210050731999956, 36.83262030800006 ], [ -76.21019150099994, 36.832584832000066 ], [ -76.210390441999948, 36.832534695000049 ], [ -76.210416072999976, 36.832914050000056 ], [ -76.210440278999954, 36.832910249000065 ], [ -76.210451198999976, 36.832908534000069 ], [ -76.210534920999976, 36.832895388000054 ], [ -76.210655920999955, 36.832876388000045 ], [ -76.211720921999984, 36.832707388000074 ], [ -76.212308921999977, 36.832615387000033 ], [ -76.21349692299998, 36.832427387000052 ], [ -76.213960922999945, 36.832354387000066 ], [ -76.216703923999944, 36.83335138800004 ], [ -76.217261923999956, 36.833554387000049 ], [ -76.218730234999953, 36.835120586000073 ], [ -76.218761923999978, 36.835154388000035 ], [ -76.219759924999948, 36.835757388000047 ], [ -76.220609269999954, 36.836271078000038 ], [ -76.223061925999957, 36.837754388000064 ], [ -76.226061925999943, 36.839954388000024 ], [ -76.226161925999975, 36.839254389000075 ], [ -76.225787003999983, 36.838429575000077 ], [ -76.226576270999942, 36.838716774000034 ], [ -76.229686053999956, 36.838772557000027 ], [ -76.229934761999971, 36.838777014000073 ], [ -76.231582542999945, 36.838445172000036 ], [ -76.236452051999947, 36.837464364000027 ], [ -76.239348951999943, 36.836880768000071 ], [ -76.239640387999941, 36.83682205100007 ], [ -76.24186389099998, 36.836868203000051 ], [ -76.242700142999979, 36.836885549000044 ], [ -76.243144920999953, 36.83689477300004 ], [ -76.243551993999972, 36.836903213000028 ], [ -76.243752020999978, 36.836907360000055 ], [ -76.243858084999943, 36.836909558000059 ], [ -76.243980310999973, 36.836912092000034 ], [ -76.243995934999987, 36.836876048000079 ], [ -76.24400927399995, 36.836845274000041 ], [ -76.244008182999949, 36.836845046000064 ], [ -76.244126758999982, 36.836571800000058 ], [ -76.244158371999958, 36.836498952000056 ], [ -76.244308094999951, 36.836153927000055 ], [ -76.244458479999935, 36.835807374000069 ], [ -76.244516572999942, 36.835673500000041 ], [ -76.24459881699994, 36.835483970000041 ], [ -76.244940959999951, 36.834695502000045 ], [ -76.244980932999965, 36.834603384000047 ], [ -76.24507893699996, 36.834377528000061 ], [ -76.245227570999987, 36.834034612000039 ], [ -76.245412984999973, 36.833643617000064 ], [ -76.245516524999971, 36.833455499000024 ], [ -76.245623249999937, 36.833260654000071 ], [ -76.245710800999973, 36.833122586000059 ], [ -76.245753735999983, 36.83305445700006 ], [ -76.245858836999957, 36.832887681000045 ], [ -76.245968766999965, 36.832733794000035 ], [ -76.245971552999947, 36.832729863000054 ], [ -76.246118051999986, 36.832524813000077 ], [ -76.246400535999953, 36.832173346000047 ], [ -76.246812026999976, 36.831724121000036 ], [ -76.248942445999944, 36.829566106000073 ], [ -76.249125753999976, 36.829380416000049 ], [ -76.249430265999933, 36.829071945000067 ], [ -76.249683024999968, 36.828815896000037 ], [ -76.249720689999947, 36.828777740000078 ], [ -76.249887678999983, 36.828602745000069 ], [ -76.250165366999965, 36.828311113000041 ], [ -76.254886799999952, 36.823633394000069 ], [ -76.25765983499997, 36.82080643900008 ] ] ] ] } }
]
}
